{"camera_uuid": "8541", "obliqueness_angle": 1.4685674905776978, "nonfixated_points_in_view": [], "camera_rotation_original": [1.5707963705062866, 0.13089275360107422, -0.5062086582183838], "point_location": [5.518570899963379, 1.8022818565368652, -0.9034366607666016], "skybox_img_path": "./img/high/8541_skybox4.jpg", "resolution": 512, "camera_distance": 0.9276089432900567, "view_id": 62, "point_pitch": 0.2449661056187491, "camera_rotation_from_original_to_final": [0.15688484907150269, -0.0994812622666359, -0.49534040689468384], "camera_location": [4.755007743835449, 1.3040273189544678, -1.0742350816726685], "point_normal": [-0.3810344636440277, 0.07813670486211777, 0.9212532639503479], "camera_rotation_final_quaternion": [0.542518675327301, 0.6972408890724182, -0.3254518508911133, -0.3370603919029236], "skybox_img": 4, "point_uuid": "103", "field_of_view_rads": 2.058242179128823, "camera_rotation_final": [1.75727379322052, 0.11716503649950027, -0.9705871343612671]}