{"camera_uuid": "12696", "obliqueness_angle": 0.649052619934082, "nonfixated_points_in_view": [], "camera_rotation_original": [1.5707963705062866, 0.007143368478864431, 2.034989833831787], "point_location": [2.8856472969055176, -0.07985954731702805, -0.8925162553787231], "skybox_img_path": "./img/high/12696_skybox4.jpg", "resolution": 512, "camera_distance": 0.9830167104324803, "view_id": 1, "point_pitch": -0.1740109165522714, "camera_rotation_from_original_to_final": [0.0813218280673027, -0.1584663838148117, -0.59084153175354], "camera_location": [3.846149206161499, -0.1959543079137802, -0.7185049057006836], "point_normal": [0.9069681167602539, 0.21763847768306732, -0.36061400175094604], "camera_rotation_final_quaternion": [0.5756127238273621, 0.4787463843822479, 0.4269578754901886, 0.5071280598640442], "skybox_img": 4, "point_uuid": "127", "field_of_view_rads": 1.6316217442386929, "camera_rotation_final": [1.392837643623352, 0.005953325890004635, 1.449440360069275]}