{"camera_uuid": "4276", "obliqueness_angle": 1.2885907888412476, "nonfixated_points_in_view": [], "camera_rotation_original": [1.5707963705062866, -0.14644142985343933, -1.9936143159866333], "point_location": [0.7851385474205017, 1.2789015769958496, -1.4171496629714966], "skybox_img_path": "./img/high/4276_skybox4.jpg", "resolution": 512, "camera_distance": 0.8740487888857846, "view_id": 50, "point_pitch": -0.30815009673568206, "camera_rotation_from_original_to_final": [0.11244164407253265, 0.19920267164707184, -0.5897237062454224], "camera_location": [0.34060803055763245, 2.005176067352295, -1.2199714183807373], "point_normal": [0.012679249048233032, 0.07213246822357178, 0.9973145127296448], "camera_rotation_final_quaternion": [0.25961142778396606, 0.13044975697994232, -0.6084299087524414, -0.7385105490684509], "skybox_img": 4, "point_uuid": "187", "field_of_view_rads": 1.5023104524077913, "camera_rotation_final": [1.3414669036865234, -0.12354773283004761, -2.563586473464966]}