{"camera_uuid": "7836", "obliqueness_angle": 0.8814325928688049, "nonfixated_points_in_view": [], "camera_rotation_original": [1.5707963705062866, -0.09197886288166046, 0.4381926953792572], "point_location": [1.8005895614624023, 0.6414239406585693, -0.9798945188522339], "skybox_img_path": "./img/high/7836_skybox4.jpg", "resolution": 512, "camera_distance": 0.7851830900169077, "view_id": 94, "point_pitch": -0.6819109161708017, "camera_rotation_from_original_to_final": [-0.638954222202301, -0.29378679394721985, 0.20317983627319336], "camera_location": [2.107818841934204, 0.12200043350458145, -0.47757798433303833], "point_normal": [-0.012308535166084766, -0.0017647614004090428, 0.9999226927757263], "camera_rotation_final_quaternion": [0.8577534556388855, 0.41526246070861816, 0.08766306191682816, 0.2900538742542267], "skybox_img": 4, "point_uuid": "193", "field_of_view_rads": 0.8245130623956848, "camera_rotation_final": [0.8731950521469116, -0.09063443541526794, 0.6098526120185852]}