{"camera_uuid": "2414", "obliqueness_angle": 1.1045645475387573, "nonfixated_points_in_view": [], "camera_rotation_original": [1.5707963705062866, 0.1282464563846588, -0.828639566898346], "point_location": [2.066779375076294, 2.579990863800049, -1.4030261039733887], "skybox_img_path": "./img/high/2414_skybox4.jpg", "resolution": 512, "camera_distance": 0.8880786272741816, "view_id": 9, "point_pitch": -0.3870524605128427, "camera_rotation_from_original_to_final": [-0.3421218693256378, 0.3269221782684326, -0.7154688835144043], "camera_location": [1.2768110036849976, 2.5173895359039307, -1.0021337270736694], "point_normal": [0.0033442084677517414, -0.016241353005170822, 0.9998626112937927], "camera_rotation_final_quaternion": [0.5932758450508118, 0.4034813344478607, -0.3339088261127472, -0.611335813999176], "skybox_img": 4, "point_uuid": "51", "field_of_view_rads": 1.1263039557204935, "camera_rotation_final": [1.1000407934188843, 0.09727847576141357, -1.541104793548584]}