{"camera_uuid": "4754", "obliqueness_angle": 0.9124915599822998, "nonfixated_points_in_view": [77], "camera_rotation_original": [1.5707963705062866, 0.16559694707393646, 2.4962596893310547], "point_location": [-0.4054321348667145, 1.2653040885925293, -0.6841932535171509], "skybox_img_path": "./img/high/4754_skybox4.jpg", "resolution": 512, "camera_distance": 0.7038204145014465, "view_id": 44, "point_pitch": -0.5359598835322519, "camera_rotation_from_original_to_final": [0.5173925161361694, -0.3605097532272339, -0.5893927812576294], "camera_location": [0.11393262445926666, 1.505889654159546, -0.2746300995349884], "point_normal": [0.040700461715459824, 0.0009101604809984565, 0.9991709589958191], "camera_rotation_final_quaternion": [0.540640115737915, 0.21258234977722168, 0.4047858715057373, 0.7061624526977539], "skybox_img": 4, "point_uuid": "104", "field_of_view_rads": 2.173302890718354, "camera_rotation_final": [0.9428421258926392, 0.13788814842700958, 1.9051393270492554]}