{"camera_uuid": "7728", "obliqueness_angle": 0.7600159645080566, "nonfixated_points_in_view": [99], "camera_rotation_original": [1.5707963705062866, 0.02347378619015217, 2.5606260299682617], "point_location": [2.624671697616577, -0.7024632096290588, -0.5636605024337769], "skybox_img_path": "./img/high/7728_skybox4.jpg", "resolution": 512, "camera_distance": 0.9260259940570099, "view_id": 30, "point_pitch": -0.2649018009516855, "camera_rotation_from_original_to_final": [0.21738581359386444, -0.14046090841293335, 0.2766461968421936], "camera_location": [2.8798270225524902, 0.1557355523109436, -0.3271973729133606], "point_normal": [-0.34883588552474976, 0.9258549809455872, -0.14528000354766846], "camera_rotation_final_quaternion": [0.12320317327976227, 0.08082421869039536, 0.604806661605835, 0.7826220393180847], "skybox_img": 4, "point_uuid": "60", "field_of_view_rads": 1.1498058012590282, "camera_rotation_final": [1.3125169277191162, 0.02252046950161457, 2.8466522693634033]}