{"camera_uuid": "6775", "obliqueness_angle": 1.1301628351211548, "nonfixated_points_in_view": [], "camera_rotation_original": [1.5707963705062866, 0.07435298711061478, 0.48723652958869934], "point_location": [-0.4168107807636261, 2.6449878215789795, -1.3910259008407593], "skybox_img_path": "./img/high/6775_skybox4.jpg", "resolution": 512, "camera_distance": 0.6911835500395781, "view_id": 28, "point_pitch": -0.3416394432398935, "camera_rotation_from_original_to_final": [-0.30066758394241333, -0.15120674669742584, 0.11804918944835663], "camera_location": [-0.05747922882437706, 2.1001646518707275, -1.1634665727615356], "point_normal": [0.9926148056983948, 0.12025166302919388, 0.015980595722794533], "camera_rotation_final_quaternion": [0.789440929889679, 0.547724187374115, 0.18810231983661652, 0.20346671342849731], "skybox_img": 4, "point_uuid": "109", "field_of_view_rads": 0.6025778511851491, "camera_rotation_final": [1.2343453168869019, 0.07417205721139908, 0.5571390986442566]}