{"camera_uuid": "9717", "obliqueness_angle": 1.174187421798706, "nonfixated_points_in_view": [], "camera_rotation_original": [1.5707963705062866, -0.03630497679114342, 2.3558106422424316], "point_location": [5.518570899963379, 1.8022818565368652, -0.9034366607666016], "skybox_img_path": "./img/high/9717_skybox4.jpg", "resolution": 512, "camera_distance": 0.7835437237401219, "view_id": 13, "point_pitch": -0.385566039881434, "camera_rotation_from_original_to_final": [0.2929472029209137, -0.2875044047832489, 0.5991379022598267], "camera_location": [5.621034145355225, 2.5143277645111084, -0.5929005742073059], "point_normal": [-0.3810344636440277, 0.07813670486211777, 0.9212532639503479], "camera_rotation_final_quaternion": [0.04658336192369461, 0.04781315475702286, 0.5473140478134155, 0.834260880947113], "skybox_img": 4, "point_uuid": "103", "field_of_view_rads": 1.7927549318813307, "camera_rotation_final": [1.163109540939331, -0.028789807111024857, 3.01110577583313]}