{"camera_uuid": "11410", "obliqueness_angle": 1.0142574310302734, "nonfixated_points_in_view": [], "camera_rotation_original": [1.5707963705062866, 0.14943058788776398, -0.6322621703147888], "point_location": [4.966612815856934, 0.5080769658088684, -1.3585069179534912], "skybox_img_path": "./img/high/11410_skybox4.jpg", "resolution": 512, "camera_distance": 0.6312351240840205, "view_id": 1, "point_pitch": 0.003049449124608472, "camera_rotation_from_original_to_final": [-0.08317700028419495, 0.02719683013856411, -0.6116394996643066], "camera_location": [4.370871067047119, 0.3060864806175232, -1.3060722351074219], "point_normal": [-0.30664733052253723, -0.5435833930969238, 0.7813350558280945], "camera_rotation_final_quaternion": [0.5707952976226807, 0.5733694434165955, -0.3601585328578949, -0.4644632041454315], "skybox_img": 4, "point_uuid": "115", "field_of_view_rads": 1.1263039557204935, "camera_rotation_final": [1.4870120286941528, 0.12176508456468582, -1.254103660583496]}