{"camera_uuid": "8429", "obliqueness_angle": 1.1090872287750244, "nonfixated_points_in_view": [], "camera_rotation_original": [1.5707963705062866, 0.012691202573478222, -2.289766788482666], "point_location": [2.9207348823547363, -0.5152132511138916, -0.5628843903541565], "skybox_img_path": "./img/high/8429_skybox4.jpg", "resolution": 512, "camera_distance": 0.2851039453932476, "view_id": 33, "point_pitch": -0.4010423858973642, "camera_rotation_from_original_to_final": [0.27677592635154724, 0.30602574348449707, -0.7023404836654663], "camera_location": [2.89306640625, -0.2551691234111786, -0.4493248462677002], "point_normal": [-0.26315274834632874, 0.039460260421037674, 0.9639468193054199], "camera_rotation_final_quaternion": [0.04006778076291084, 0.03182929754257202, -0.5475693941116333, -0.8351941108703613], "skybox_img": 4, "point_uuid": "152", "field_of_view_rads": 1.1399099232606629, "camera_rotation_final": [1.161104679107666, 0.0092876385897398, -3.039625406265259]}