{"camera_uuid": "0982", "obliqueness_angle": 1.1243220567703247, "nonfixated_points_in_view": [112, 30], "camera_rotation_original": [1.5707963705062866, 0.036142852157354355, -2.833397626876831], "point_location": [2.295008659362793, 2.27626895904541, -1.3962150812149048], "skybox_img_path": "./img/high/0982_skybox4.jpg", "resolution": 512, "camera_distance": 0.5869024834149196, "view_id": 15, "point_pitch": -0.18239276011916594, "camera_rotation_from_original_to_final": [0.15995164215564728, 0.05302318185567856, 0.40416550636291504], "camera_location": [1.9187740087509155, 2.7158403396606445, -1.2978330850601196], "point_normal": [-0.9679071307182312, -0.2512916922569275, -0.0028668304439634085], "camera_rotation_final_quaternion": [0.25267037749290466, 0.23381945490837097, -0.601260244846344, -0.7210910320281982], "skybox_img": 4, "point_uuid": "18", "field_of_view_rads": 0.9239011772765595, "camera_rotation_final": [1.4022772312164307, 0.03337513282895088, -2.4393529891967773]}