{"camera_uuid": "2809", "obliqueness_angle": 1.0944445133209229, "nonfixated_points_in_view": [], "camera_rotation_original": [1.5707963705062866, 0.06821627169847488, 0.2856598496437073], "point_location": [1.1355481147766113, 2.277404546737671, -1.37511146068573], "skybox_img_path": "./img/high/2809_skybox4.jpg", "resolution": 512, "camera_distance": 0.48546786996683705, "view_id": 0, "point_pitch": -0.47125498851272063, "camera_rotation_from_original_to_final": [-0.4208357334136963, -0.12176419049501419, 0.5655585527420044], "camera_location": [1.4585121870040894, 1.9788330793380737, -1.1696161031723022], "point_normal": [-0.34670761227607727, -0.666063666343689, 0.6604189276695251], "camera_rotation_final_quaternion": [0.7835826277732849, 0.48465079069137573, 0.23122912645339966, 0.31248193979263306], "skybox_img": 4, "point_uuid": "162", "field_of_view_rads": 0.9322372163182677, "camera_rotation_final": [1.132889986038208, 0.05952015519142151, 0.7967784404754639]}