{"camera_uuid": "13995", "obliqueness_angle": 1.2952033281326294, "nonfixated_points_in_view": [65], "camera_rotation_original": [1.5707963705062866, -0.007906024344265461, -0.19821175932884216], "point_location": [0.14699065685272217, -0.1122998520731926, -1.4476916790008545], "skybox_img_path": "./img/high/13995_skybox4.jpg", "resolution": 512, "camera_distance": 0.9846676909803751, "view_id": 38, "point_pitch": -0.5371615131709238, "camera_rotation_from_original_to_final": [-0.5283250212669373, 0.09978149086236954, -0.07667138427495956], "camera_location": [-0.06090344861149788, -0.9325456023216248, -0.9441567659378052], "point_normal": [0.0340309739112854, 0.2575204074382782, 0.9656734466552734], "camera_rotation_final_quaternion": [0.8631015419960022, 0.49019119143486023, -0.06344246119260788, -0.10365012288093567], "skybox_img": 4, "point_uuid": "178", "field_of_view_rads": 1.2654133589566097, "camera_rotation_final": [1.0339933633804321, -0.007897898554801941, -0.24352648854255676]}