{"camera_uuid": "7087", "obliqueness_angle": 1.1400573253631592, "nonfixated_points_in_view": [], "camera_rotation_original": [1.5707963705062866, -0.04314100742340088, 1.501682162284851], "point_location": [1.8005895614624023, 0.6414239406585693, -0.9798945188522339], "skybox_img_path": "./img/high/7087_skybox4.jpg", "resolution": 512, "camera_distance": 0.6936294457833022, "view_id": 72, "point_pitch": -0.4434830387446542, "camera_rotation_from_original_to_final": [-0.028146328404545784, -0.4420144557952881, -0.018050478771328926], "camera_location": [2.424515962600708, 0.5822702646255493, -0.6826766133308411], "point_normal": [-0.012308535166084766, -0.0017647614004090428, 0.9999226927757263], "camera_rotation_final_quaternion": [0.6114108562469482, 0.40389981865882874, 0.35016658902168274, 0.5834595561027527], "skybox_img": 4, "point_uuid": "193", "field_of_view_rads": 1.3645242602316867, "camera_rotation_final": [1.1275264024734497, -0.04314045608043671, 1.4967432022094727]}