{"camera_uuid": "15113", "obliqueness_angle": 0.6747974157333374, "nonfixated_points_in_view": [], "camera_rotation_original": [1.5707963705062866, -0.05566825717687607, 1.6836496591567993], "point_location": [6.080295085906982, 1.5599316358566284, -1.4123303890228271], "skybox_img_path": "./img/high/15113_skybox4.jpg", "resolution": 512, "camera_distance": 0.6132470352201879, "view_id": 3, "point_pitch": -0.5404442985865732, "camera_rotation_from_original_to_final": [0.06751418858766556, -0.5141476988792419, -0.4435470402240753], "camera_location": [6.587019920349121, 1.3954604864120483, -1.108601689338684], "point_normal": [0.9878883361816406, 0.1546885371208191, 0.012175889685750008], "camera_rotation_final_quaternion": [0.6841214299201965, 0.4149168133735657, 0.2832036316394806, 0.5287888050079346], "skybox_img": 4, "point_uuid": "94", "field_of_view_rads": 1.82720328702949, "camera_rotation_final": [1.0518875122070312, -0.051337938755750656, 1.2862458229064941]}