{"camera_uuid": "6731", "obliqueness_angle": 1.1450707912445068, "nonfixated_points_in_view": [120, 77], "camera_rotation_original": [1.5707963705062866, -0.009525425732135773, 1.3810045719146729], "point_location": [-0.4054321348667145, 1.2653040885925293, -0.6841932535171509], "skybox_img_path": "./img/high/6731_skybox4.jpg", "resolution": 512, "camera_distance": 0.9564860055814998, "view_id": 30, "point_pitch": -0.3916717012736459, "camera_rotation_from_original_to_final": [-0.07679679989814758, -0.3820676803588867, -0.2345532476902008], "camera_location": [0.39545130729675293, 0.8889533877372742, -0.3211348354816437], "point_normal": [0.040700461715459824, 0.0009101604809984565, 0.9991709589958191], "camera_rotation_final_quaternion": [0.6988941431045532, 0.47166907787323, 0.2962105870246887, 0.44870319962501526], "skybox_img": 4, "point_uuid": "104", "field_of_view_rads": 1.1498058012590282, "camera_rotation_final": [1.1814417839050293, -0.0092393197119236, 1.1352922916412354]}