{"camera_uuid": "0816", "obliqueness_angle": 1.1266107559204102, "nonfixated_points_in_view": [], "camera_rotation_original": [1.5707963705062866, 0.02105143666267395, 2.6698951721191406], "point_location": [2.066779375076294, 2.579990863800049, -1.4030261039733887], "skybox_img_path": "./img/high/0816_skybox4.jpg", "resolution": 512, "camera_distance": 0.6231074737209511, "view_id": 20, "point_pitch": -0.46243612369033293, "camera_rotation_from_original_to_final": [0.4137120842933655, -0.20432761311531067, 0.13574953377246857], "camera_location": [2.2278363704681396, 3.114943742752075, -1.1270750761032104], "point_normal": [0.0033442084677517414, -0.016241353005170822, 0.9998626112937927], "camera_rotation_final_quaternion": [0.13346745073795319, 0.07085074484348297, 0.5230189561843872, 0.8388192653656006], "skybox_img": 4, "point_uuid": "51", "field_of_view_rads": 1.7927549318813307, "camera_rotation_final": [1.1119009256362915, 0.020751554518938065, 2.838904857635498]}