{"camera_uuid": "8893", "obliqueness_angle": 1.0225056409835815, "nonfixated_points_in_view": [], "camera_rotation_original": [1.5707963705062866, -0.10052800923585892, -2.1055593490600586], "point_location": [4.966612815856934, 0.5080769658088684, -1.3585069179534912], "skybox_img_path": "./img/high/8893_skybox4.jpg", "resolution": 512, "camera_distance": 0.911604698781545, "view_id": 26, "point_pitch": -0.7599579532954355, "camera_rotation_from_original_to_final": [0.4265264868736267, 0.6542733907699585, 0.14196395874023438], "camera_location": [4.406463146209717, 0.8552800416946411, -0.728661298751831], "point_normal": [-0.30664733052253723, -0.5435833930969238, 0.7813350558280945], "camera_rotation_final_quaternion": [0.5018950700759888, 0.16691821813583374, -0.3559191823005676, -0.7704291939735413], "skybox_img": 4, "point_uuid": "115", "field_of_view_rads": 1.6403442297244761, "camera_rotation_final": [0.8032031059265137, -0.1002386137843132, -2.0294055938720703]}