{"camera_uuid": "9714", "obliqueness_angle": 1.4454784393310547, "nonfixated_points_in_view": [34, 118, 127], "camera_rotation_original": [1.5707963705062866, 0.1705460101366043, -2.953568935394287], "point_location": [0.2828949987888336, -0.2686469852924347, -1.422070026397705], "skybox_img_path": "./img/high/9714_skybox4.jpg", "resolution": 512, "camera_distance": 0.9804331613442099, "view_id": 23, "point_pitch": -0.3965000351283212, "camera_rotation_from_original_to_final": [0.3875705599784851, 0.05854196101427078, 0.07342641800642014], "camera_location": [0.05626634880900383, 0.6088081002235413, -1.0479562282562256], "point_normal": [0.3723050653934479, -0.15438079833984375, 0.9151805639266968], "camera_rotation_final_quaternion": [0.028293585404753685, 0.12064919620752335, -0.5428204536437988, -0.8306559324264526], "skybox_img": 4, "point_uuid": "105", "field_of_view_rads": 2.056502920039658, "camera_rotation_final": [1.1732070446014404, 0.1705447882413864, -2.9599897861480713]}