{"camera_uuid": "8733", "obliqueness_angle": 1.3136742115020752, "nonfixated_points_in_view": [34], "camera_rotation_original": [1.5707963705062866, -0.1133287325501442, -2.756983757019043], "point_location": [0.2828949987888336, -0.2686469852924347, -1.422070026397705], "skybox_img_path": "./img/high/8733_skybox4.jpg", "resolution": 512, "camera_distance": 0.9249288018475779, "view_id": 41, "point_pitch": -0.20112077792617278, "camera_rotation_from_original_to_final": [0.12906046211719513, 0.026019183918833733, -0.6921185851097107], "camera_location": [0.5606074929237366, 0.6054971814155579, -1.3027344942092896], "point_normal": [0.2531956732273102, 0.05679197609424591, 0.9657466411590576], "camera_rotation_final_quaternion": [-0.08197546750307083, -0.1299985945224762, -0.6469852328300476, -0.7468537092208862], "skybox_img": 4, "point_uuid": "105", "field_of_view_rads": 2.0028936213055424, "camera_rotation_final": [1.4409067630767822, -0.08822043240070343, -3.437697172164917]}