{"camera_uuid": "10373", "obliqueness_angle": 1.0830601453781128, "nonfixated_points_in_view": [118], "camera_rotation_original": [1.5707963705062866, -0.07747140526771545, -2.4907331466674805], "point_location": [-0.11395721882581711, -0.04560520127415657, -1.4123445749282837], "skybox_img_path": "./img/high/10373_skybox4.jpg", "resolution": 512, "camera_distance": 0.5517114975361632, "view_id": 67, "point_pitch": -0.5486342151972909, "camera_rotation_from_original_to_final": [0.416739284992218, 0.2966513931751251, -0.5319119095802307], "camera_location": [-0.1411365121603012, 0.4360864460468292, -1.1447254419326782], "point_normal": [0.004181658383458853, -0.01849798485636711, 0.9998201131820679], "camera_rotation_final_quaternion": [0.05665028095245361, -0.0047820028848946095, -0.5073872208595276, -0.8598406910896301], "skybox_img": 4, "point_uuid": "192", "field_of_view_rads": 1.1173938933188836, "camera_rotation_final": [1.0631505250930786, -0.06575816124677658, -3.0486907958984375]}