{"camera_uuid": "10379", "obliqueness_angle": 0.738154411315918, "nonfixated_points_in_view": [], "camera_rotation_original": [1.5707963705062866, -0.0131094204261899, -2.036283493041992], "point_location": [0.580907940864563, -0.050188999623060226, -1.4085019826889038], "skybox_img_path": "./img/high/10379_skybox4.jpg", "resolution": 512, "camera_distance": 0.8253535463207372, "view_id": 57, "point_pitch": -0.5078665455195566, "camera_rotation_from_original_to_final": [0.24155646562576294, 0.4463231861591339, -0.27968743443489075], "camera_location": [0.07753746956586838, 0.46864065527915955, -1.0102025270462036], "point_normal": [-0.16356271505355835, 0.2954562306404114, 0.941250741481781], "camera_rotation_final_quaternion": [0.32910439372062683, 0.1877433806657791, -0.47271794080734253, -0.7956007122993469], "skybox_img": 4, "point_uuid": "57", "field_of_view_rads": 1.7804764599127723, "camera_rotation_final": [1.0671554803848267, -0.012409885413944721, -2.364478826522827]}