{"camera_uuid": "13995", "obliqueness_angle": 1.0833812952041626, "nonfixated_points_in_view": [118], "camera_rotation_original": [1.5707963705062866, -0.007906024344265461, -0.19821175932884216], "point_location": [0.2828949987888336, -0.2686469852924347, -1.422070026397705], "skybox_img_path": "./img/high/13995_skybox4.jpg", "resolution": 512, "camera_distance": 0.8873329640072336, "view_id": 1, "point_pitch": -0.5709323128077646, "camera_rotation_from_original_to_final": [-0.5599923729896545, 0.1053231954574585, -0.3095945119857788], "camera_location": [-0.06090344861149788, -0.9325456023216248, -0.9441567659378052], "point_normal": [0.3668515384197235, -0.15571540594100952, 0.9171546697616577], "camera_rotation_final_quaternion": [0.8531116843223572, 0.4661540687084198, -0.11577059328556061, -0.2037106156349182], "skybox_img": 4, "point_uuid": "105", "field_of_view_rads": 1.6316217442386929, "camera_rotation_final": [1.0020090341567993, -0.007609504275023937, -0.4729594588279724]}