{"camera_uuid": "6513", "obliqueness_angle": 0.7838171720504761, "nonfixated_points_in_view": [], "camera_rotation_original": [1.5707963705062866, -0.05275484919548035, -2.690371513366699], "point_location": [-0.34234288334846497, 0.8369564414024353, -0.7921566963195801], "skybox_img_path": "./img/high/6513_skybox4.jpg", "resolution": 512, "camera_distance": 0.9293350695729898, "view_id": 44, "point_pitch": -0.7363270958277841, "camera_rotation_from_original_to_final": [0.6697129011154175, 0.30553117394447327, -0.10556675493717194], "camera_location": [-0.5022913217544556, 1.5132522583007812, -0.17514440417289734], "point_normal": [0.04777548089623451, 0.07583989202976227, 0.9959748387336731], "camera_rotation_final_quaternion": [0.13710039854049683, 0.03331362083554268, -0.40856561064720154, -0.9017581939697266], "skybox_img": 4, "point_uuid": "121", "field_of_view_rads": 2.173302890718354, "camera_rotation_final": [0.8435350656509399, -0.05197075381875038, -2.8631532192230225]}