{"camera_uuid": "6568", "obliqueness_angle": 0.9454278349876404, "nonfixated_points_in_view": [], "camera_rotation_original": [1.5707963705062866, -0.07129616290330887, -2.858004570007324], "point_location": [2.9207348823547363, -0.5152132511138916, -0.5628843903541565], "skybox_img_path": "./img/high/6568_skybox4.jpg", "resolution": 512, "camera_distance": 0.9304641396819082, "view_id": 65, "point_pitch": -0.5307442386958261, "camera_rotation_from_original_to_final": [0.5122393369674683, 0.1520112007856369, 0.04350990429520607], "camera_location": [2.6960034370422363, 0.25438371300697327, -0.09067695587873459], "point_normal": [-0.26315274834632874, 0.039460260421037674, 0.9639468193054199], "camera_rotation_final_quaternion": [0.15833662450313568, 0.049891453236341476, -0.4937231242656708, -0.8536263108253479], "skybox_img": 4, "point_uuid": "152", "field_of_view_rads": 0.7907185303916441, "camera_rotation_final": [1.037021279335022, -0.07123181223869324, -2.8154428005218506]}