{"camera_uuid": "10360", "obliqueness_angle": 1.1889867782592773, "nonfixated_points_in_view": [], "camera_rotation_original": [-1.570796251296997, 3.004636526107788, -0.04598537087440491], "point_location": [1.1332991123199463, -0.8327366709709167, -1.4375404119491577], "skybox_img_path": "./img/high/10360_skybox4.jpg", "resolution": 512, "camera_distance": 0.6675743756933935, "view_id": 16, "point_pitch": -0.2877155979487558, "camera_rotation_from_original_to_final": [0.35757899284362793, -0.004294693004339933, -0.5116832256317139], "camera_location": [1.4650574922561646, -0.3025936186313629, -1.204001784324646], "point_normal": [-0.5603585243225098, 0.8280418515205383, -0.018577322363853455], "camera_rotation_final_quaternion": [0.275336354970932, 0.12298092246055603, 0.5567404627799988, 0.7740191221237183], "skybox_img": 4, "point_uuid": "147", "field_of_view_rads": 0.7376648996792496, "camera_rotation_final": [-1.9307358264923096, 3.0251269340515137, -0.6028705835342407]}