{"camera_uuid": "7423", "obliqueness_angle": 0.5395271182060242, "nonfixated_points_in_view": [], "camera_rotation_original": [1.5707963705062866, -0.12190963327884674, 0.3827034831047058], "point_location": [-0.0037994040176272392, 1.4926419258117676, -1.4197502136230469], "skybox_img_path": "./img/high/7423_skybox4.jpg", "resolution": 512, "camera_distance": 0.7549014860264145, "view_id": 1, "point_pitch": -0.38774554332229094, "camera_rotation_from_original_to_final": [-0.402534157037735, -0.15866845846176147, 0.37104347348213196], "camera_location": [0.4488445222377777, 0.9773843288421631, -1.1043150424957275], "point_normal": [0.5946656465530396, -0.7973978519439697, -0.10261386632919312], "camera_rotation_final_quaternion": [0.7679319381713867, 0.5156911611557007, 0.15854936838150024, 0.34526124596595764], "skybox_img": 4, "point_uuid": "70", "field_of_view_rads": 1.6316217442386929, "camera_rotation_final": [1.1367744207382202, -0.11282531172037125, 0.7729341387748718]}