{"camera_uuid": "0801", "obliqueness_angle": 1.2154508829116821, "nonfixated_points_in_view": [5], "camera_rotation_original": [1.5707963705062866, 0.0567198246717453, -0.5733799934387207], "point_location": [2.772310256958008, 3.1618707180023193, -1.40426504611969], "skybox_img_path": "./img/high/0801_skybox4.jpg", "resolution": 512, "camera_distance": 0.9423362522778902, "view_id": 4, "point_pitch": -0.31085185607406096, "camera_rotation_from_original_to_final": [-0.3049628436565399, 0.17624203860759735, -0.7936041951179504], "camera_location": [1.9102972745895386, 2.9613993167877197, -1.0806256532669067], "point_normal": [-0.01028609462082386, 0.022713176906108856, 0.9996891021728516], "camera_rotation_final_quaternion": [0.6307700872421265, 0.4562089145183563, -0.3466290235519409, -0.5233076214790344], "skybox_img": 4, "point_uuid": "32", "field_of_view_rads": 1.7779022957772381, "camera_rotation_final": [1.2199196815490723, 0.040199581533670425, -1.3570051193237305]}