{"camera_uuid": "2886", "obliqueness_angle": 1.227372407913208, "nonfixated_points_in_view": [], "camera_rotation_original": [1.5707963705062866, 0.1328848898410797, 0.6077804565429688], "point_location": [2.155930757522583, 2.4535746574401855, -1.421875], "skybox_img_path": "./img/high/2886_skybox4.jpg", "resolution": 512, "camera_distance": 0.7005027556222722, "view_id": 10, "point_pitch": -0.27743272384139495, "camera_rotation_from_original_to_final": [-0.2842923402786255, -0.21260756254196167, -0.5510213375091553], "camera_location": [2.17108416557312, 1.7964003086090088, -1.1798081398010254], "point_normal": [0.01849367655813694, 0.009777815081179142, 0.9997811913490295], "camera_rotation_final_quaternion": [0.8193630576133728, 0.5706660747528076, 0.03949104994535446, -0.03774786368012428], "skybox_img": 4, "point_uuid": "168", "field_of_view_rads": 1.794124606241639, "camera_rotation_final": [1.2158000469207764, 0.10800773650407791, -0.016885200515389442]}