{"camera_uuid": "2083", "obliqueness_angle": 0.8644004464149475, "nonfixated_points_in_view": [], "camera_rotation_original": [1.5707963705062866, 0.12244240939617157, 2.50260853767395], "point_location": [0.32991182804107666, 2.4133899211883545, -1.3794349431991577], "skybox_img_path": "./img/high/2083_skybox4.jpg", "resolution": 512, "camera_distance": 0.8725262026173832, "view_id": 46, "point_pitch": -0.5853602131220956, "camera_rotation_from_original_to_final": [0.42880529165267944, -0.2946473956108093, 0.5784347057342529], "camera_location": [0.327791690826416, 3.1727285385131836, -0.949664831161499], "point_normal": [0.7323230504989624, 0.6650322675704956, 0.14640741050243378], "camera_rotation_final_quaternion": [0.04958271607756615, -0.030315004289150238, 0.502794086933136, 0.862450361251831], "skybox_img": 4, "point_uuid": "151", "field_of_view_rads": 1.7804764599127723, "camera_rotation_final": [1.0527907609939575, 0.10232865810394287, 3.0862340927124023]}