{"camera_uuid": "2845", "obliqueness_angle": 1.2287321090698242, "nonfixated_points_in_view": [1], "camera_rotation_original": [1.5707963705062866, 0.11641786247491837, -1.6208800077438354], "point_location": [1.5920188426971436, 2.1285598278045654, -1.4049173593521118], "skybox_img_path": "./img/high/2845_skybox4.jpg", "resolution": 512, "camera_distance": 0.31252225558186164, "view_id": 25, "point_pitch": -0.6554264267298837, "camera_rotation_from_original_to_final": [0.0668073371052742, 0.6883760094642639, -0.2480234056711197], "camera_location": [1.362818956375122, 2.2027053833007812, -1.2058193683624268], "point_normal": [0.3241092562675476, -0.10795459151268005, 0.9398399591445923], "camera_rotation_final_quaternion": [0.47903111577033997, 0.2744103670120239, -0.32582947611808777, -0.7675045728683472], "skybox_img": 4, "point_uuid": "107", "field_of_view_rads": 1.5766701541034631, "camera_rotation_final": [0.8751381039619446, 0.10927487909793854, -1.974469780921936]}