{"camera_uuid": "2633", "obliqueness_angle": 0.856728732585907, "nonfixated_points_in_view": [], "camera_rotation_original": [1.5707963705062866, -0.07988353073596954, 2.588843584060669], "point_location": [0.7851385474205017, 1.2789015769958496, -1.4171496629714966], "skybox_img_path": "./img/high/2633_skybox4.jpg", "resolution": 512, "camera_distance": 0.7765021056977538, "view_id": 52, "point_pitch": -0.6365658481928964, "camera_rotation_from_original_to_final": [0.5762491822242737, -0.3071073591709137, -0.01608734019100666], "camera_location": [1.0737700462341309, 1.8284761905670166, -0.950657308101654], "point_normal": [0.012679249048233032, 0.07213246822357178, 0.9973145127296448], "camera_rotation_final_quaternion": [0.17090916633605957, 0.12834987044334412, 0.4279552698135376, 0.87816321849823], "skybox_img": 4, "point_uuid": "187", "field_of_view_rads": 1.0801451845514387, "camera_rotation_final": [0.9239767789840698, -0.07922416180372238, 2.7176926136016846]}