{"camera_uuid": "7632", "obliqueness_angle": 1.3912690877914429, "nonfixated_points_in_view": [], "camera_rotation_original": [1.5707963705062866, -0.07363022863864899, 2.2551159858703613], "point_location": [-0.34234288334846497, 0.8369564414024353, -0.7921566963195801], "skybox_img_path": "./img/high/7632_skybox4.jpg", "resolution": 512, "camera_distance": 0.7894863427925263, "view_id": 50, "point_pitch": -0.18578962882491545, "camera_rotation_from_original_to_final": [0.0724790170788765, -0.1170903742313385, -0.7448446154594421], "camera_location": [0.43862617015838623, 0.7939399480819702, -0.6847991943359375], "point_normal": [0.04777548089623451, 0.07583989202976227, 0.9959748387336731], "camera_rotation_final_quaternion": [0.5328296422958374, 0.48968803882598877, 0.4384217858314514, 0.5329958200454712], "skybox_img": 4, "point_uuid": "121", "field_of_view_rads": 0.950131287597413, "camera_rotation_final": [1.4341832399368286, -0.05482251197099686, 1.523303508758545]}