{"camera_uuid": "15001", "obliqueness_angle": 1.3997256755828857, "nonfixated_points_in_view": [23], "camera_rotation_original": [1.5707963705062866, 0.11027832329273224, 2.6003341674804688], "point_location": [5.022676944732666, -0.4345104992389679, -1.360304355621338], "skybox_img_path": "./img/high/15001_skybox4.jpg", "resolution": 512, "camera_distance": 0.9803651203049912, "view_id": 26, "point_pitch": -0.06579200824233489, "camera_rotation_from_original_to_final": [0.11280080676078796, -0.04999321699142456, -0.5360526442527771], "camera_location": [5.878738880157471, 0.02803184650838375, -1.2406034469604492], "point_normal": [0.020464561879634857, 0.0647537112236023, 0.9976915121078491], "camera_rotation_final_quaternion": [0.4137687087059021, 0.3119070529937744, 0.5845210552215576, 0.6243753433227539], "skybox_img": 4, "point_uuid": "62", "field_of_view_rads": 1.6071546237233685, "camera_rotation_final": [1.4478429555892944, 0.09435886144638062, 2.054530143737793]}