{"camera_uuid": "8433", "obliqueness_angle": 1.462687373161316, "nonfixated_points_in_view": [111], "camera_rotation_original": [1.5707963705062866, 0.1201535165309906, -0.9413586854934692], "point_location": [0.417374849319458, 2.3124659061431885, -1.4506763219833374], "skybox_img_path": "./img/high/8433_skybox4.jpg", "resolution": 512, "camera_distance": 0.9318485487830324, "view_id": 2, "point_pitch": -0.2662069042536874, "camera_rotation_from_original_to_final": [-0.13226428627967834, 0.1458638310432434, 0.6318103075027466], "camera_location": [0.14561766386032104, 1.4397079944610596, -1.2696144580841064], "point_normal": [-0.9782938361167908, 0.16282261908054352, -0.12818016111850739], "camera_rotation_final_quaternion": [0.7572202682495117, 0.6314683556556702, -0.06399784237146378, -0.15417352318763733], "skybox_img": 4, "point_uuid": "174", "field_of_view_rads": 1.1393301111905725, "camera_rotation_final": [1.374294400215149, 0.09794701635837555, -0.32132667303085327]}