{"camera_uuid": "3935", "obliqueness_angle": 1.2305641174316406, "nonfixated_points_in_view": [64], "camera_rotation_original": [1.5707963705062866, -0.16649526357650757, 2.449007034301758], "point_location": [-0.30368760228157043, 1.3439174890518188, -0.7665223479270935], "skybox_img_path": "./img/high/3935_skybox4.jpg", "resolution": 512, "camera_distance": 0.5390349762047347, "view_id": 76, "point_pitch": -0.07856897910567717, "camera_rotation_from_original_to_final": [0.11695139855146408, -0.13494184613227844, 0.6032035946846008], "camera_location": [-0.2619040608406067, 1.872997760772705, -0.6722519993782043], "point_normal": [0.9422652125358582, 0.29410141706466675, -0.16012726724147797], "camera_rotation_final_quaternion": [-0.022035537287592888, 0.0689564123749733, 0.638593316078186, 0.7661318182945251], "skybox_img": 4, "point_uuid": "180", "field_of_view_rads": 1.5023104524077913, "camera_rotation_final": [1.3933932781219482, -0.1342054009437561, 3.086766481399536]}