{"camera_uuid": "6377", "obliqueness_angle": 0.2829186022281647, "nonfixated_points_in_view": [44], "camera_rotation_original": [1.5707963705062866, 0.08010257035493851, 1.8084882497787476], "point_location": [-0.30368760228157043, 1.3439174890518188, -0.7665223479270935], "skybox_img_path": "./img/high/6377_skybox4.jpg", "resolution": 512, "camera_distance": 0.9911937449049445, "view_id": 51, "point_pitch": 0.40906532207993074, "camera_rotation_from_original_to_final": [-0.10680421441793442, 0.38988104462623596, -0.10680264234542847], "camera_location": [0.5976022481918335, 1.4806760549545288, -1.1556737422943115], "point_normal": [0.9422652125358582, 0.29410141706466675, -0.16012726724147797], "camera_rotation_final_quaternion": [0.37709060311317444, 0.515959620475769, 0.6558125615119934, 0.40186846256256104], "skybox_img": 4, "point_uuid": "180", "field_of_view_rads": 2.0816637958161985, "camera_rotation_final": [1.9756325483322144, 0.07999098300933838, 1.7556109428405762]}