{"camera_uuid": "4889", "obliqueness_angle": 1.3619451522827148, "nonfixated_points_in_view": [97, 2], "camera_rotation_original": [1.5707963705062866, 0.09228682518005371, -1.0832881927490234], "point_location": [0.3078916072845459, 2.7992374897003174, -1.4269014596939087], "skybox_img_path": "./img/high/4889_skybox4.jpg", "resolution": 512, "camera_distance": 0.866481404806088, "view_id": 10, "point_pitch": -0.48256437381240325, "camera_rotation_from_original_to_final": [-0.261898398399353, 0.45818886160850525, -0.4935486316680908], "camera_location": [-0.4415431022644043, 2.757230281829834, -0.9940353631973267], "point_normal": [-0.2804282307624817, 0.9596080183982849, 0.022641496732831], "camera_rotation_final_quaternion": [0.6003390550613403, 0.37931835651397705, -0.3260886073112488, -0.6240006685256958], "skybox_img": 4, "point_uuid": "66", "field_of_view_rads": 1.957036885090066, "camera_rotation_final": [1.0457535982131958, 0.08195406943559647, -1.5621885061264038]}