{"camera_uuid": "8247", "obliqueness_angle": 0.7510831356048584, "nonfixated_points_in_view": [], "camera_rotation_original": [1.5707963705062866, 0.14826911687850952, 1.4627023935317993], "point_location": [0.580907940864563, -0.050188999623060226, -1.4085019826889038], "skybox_img_path": "./img/high/8247_skybox4.jpg", "resolution": 512, "camera_distance": 0.9129959592497384, "view_id": 30, "point_pitch": -0.7484490116450448, "camera_rotation_from_original_to_final": [-0.11932225525379181, -0.6793919801712036, 0.511987566947937], "camera_location": [1.2379769086837769, 0.20688311755657196, -0.8290747404098511], "point_normal": [0.11274728178977966, 0.07453673332929611, 0.9908240437507629], "camera_rotation_final_quaternion": [0.5746150612831116, 0.20830975472927094, 0.3732093274593353, 0.6979537010192871], "skybox_img": 4, "point_uuid": "57", "field_of_view_rads": 1.1498058012590282, "camera_rotation_final": [0.8752753138542175, 0.13856524229049683, 1.82895028591156]}