{"camera_uuid": "1681", "obliqueness_angle": 0.4990514814853668, "nonfixated_points_in_view": [], "camera_rotation_original": [1.5707963705062866, 0.05572010576725006, 0.4427531063556671], "point_location": [1.3862135410308838, 3.035576343536377, -1.442712426185608], "skybox_img_path": "./img/high/1681_skybox4.jpg", "resolution": 512, "camera_distance": 0.4702690980535027, "view_id": 12, "point_pitch": -0.7018727501246591, "camera_rotation_from_original_to_final": [-0.6412868499755859, -0.26487571001052856, 0.38471633195877075], "camera_location": [1.6325570344924927, 2.7679643630981445, -1.144632339477539], "point_normal": [0.849090039730072, -0.445937842130661, 0.28317058086395264], "camera_rotation_final_quaternion": [0.8529481887817383, 0.39294278621673584, 0.16932500898838043, 0.2990057170391083], "skybox_img": 4, "point_uuid": "179", "field_of_view_rads": 0.6720038838202558, "camera_rotation_final": [0.8830834031105042, 0.053892724215984344, 0.6998172998428345]}