{"camera_uuid": "9500", "obliqueness_angle": 0.9161772727966309, "nonfixated_points_in_view": [], "camera_rotation_original": [1.5707963705062866, -0.11056666076183319, 2.6646735668182373], "point_location": [2.624671697616577, -0.7024632096290588, -0.5636605024337769], "skybox_img_path": "./img/high/9500_skybox4.jpg", "resolution": 512, "camera_distance": 0.685229212911427, "view_id": 5, "point_pitch": 0.19200761715439363, "camera_rotation_from_original_to_final": [-0.18055842816829681, 0.0942748486995697, -0.1011890172958374], "camera_location": [2.986480951309204, -0.13725022971630096, -0.7021070122718811], "point_normal": [-0.34883588552474976, 0.9258549809455872, -0.14528000354766846], "camera_rotation_final_quaternion": [0.14315330982208252, 0.25911036133766174, 0.730673611164093, 0.6152113676071167], "skybox_img": 4, "point_uuid": "60", "field_of_view_rads": 2.119048415795751, "camera_rotation_final": [1.7754919528961182, -0.10983933508396149, 2.5494346618652344]}