{"camera_uuid": "12007", "obliqueness_angle": 1.430451512336731, "nonfixated_points_in_view": [], "camera_rotation_original": [1.5707963705062866, 0.0007333785761147738, -1.2669705152511597], "point_location": [5.4932861328125, 0.18884922564029694, -0.9166303277015686], "skybox_img_path": "./img/high/12007_skybox4.jpg", "resolution": 512, "camera_distance": 0.9944205583236674, "view_id": 23, "point_pitch": 0.3985653678562979, "camera_rotation_from_original_to_final": [0.1251935064792633, -0.3790554702281952, -0.4786721169948578], "camera_location": [4.587087154388428, 0.32654595375061035, -1.3022664785385132], "point_normal": [-0.48851633071899414, 0.18398629128932953, 0.8529366254806519], "camera_rotation_final_quaternion": [0.3604855537414551, 0.5432075262069702, -0.6315262913703918, -0.41970258951187134], "skybox_img": 4, "point_uuid": "142", "field_of_view_rads": 0.950131287597413, "camera_rotation_final": [1.969039797782898, 0.0006590133998543024, -1.7213155031204224]}