{"camera_uuid": "2402", "obliqueness_angle": 1.1857216358184814, "nonfixated_points_in_view": [97, 67], "camera_rotation_original": [1.5707963705062866, -0.1574907898902893, 1.0124120712280273], "point_location": [-0.014790859073400497, 3.0187888145446777, -1.4541010856628418], "skybox_img_path": "./img/high/2402_skybox4.jpg", "resolution": 512, "camera_distance": 0.7113484672474102, "view_id": 37, "point_pitch": -0.39276055892440276, "camera_rotation_from_original_to_final": [-0.2022956758737564, -0.3322819471359253, -0.03325759246945381], "camera_location": [0.5182330012321472, 2.6316521167755127, -1.1857218742370605], "point_normal": [-0.0014163268497213721, 0.001087893615476787, 0.9999983906745911], "camera_rotation_final_quaternion": [0.7046699523925781, 0.5168910622596741, 0.21019630134105682, 0.4382709562778473], "skybox_img": 4, "point_uuid": "3", "field_of_view_rads": 1.3001655876812834, "camera_rotation_final": [1.178826093673706, -0.1574888825416565, 1.0073750019073486]}