{"camera_uuid": "8844", "obliqueness_angle": 1.237969160079956, "nonfixated_points_in_view": [110], "camera_rotation_original": [1.5707963705062866, 0.11907847970724106, -2.9511032104492188], "point_location": [4.528530120849609, 1.0438001155853271, -1.4141380786895752], "skybox_img_path": "./img/high/8844_skybox4.jpg", "resolution": 512, "camera_distance": 0.6591471212591161, "view_id": 10, "point_pitch": -0.2817086418482919, "camera_rotation_from_original_to_final": [0.30042627453804016, 0.05419064685702324, -0.1721808761358261], "camera_location": [4.521896839141846, 1.6724677085876465, -1.2161279916763306], "point_normal": [0.012244894169270992, 0.0278637632727623, 0.9995367527008057], "camera_rotation_final_quaternion": [-0.04490106925368309, 0.03916194662451744, -0.5901395082473755, -0.8050997257232666], "skybox_img": 4, "point_uuid": "140", "field_of_view_rads": 1.957036885090066, "camera_rotation_final": [1.2635374069213867, 0.11631644517183304, -3.1678507328033447]}