{"camera_uuid": "13696", "obliqueness_angle": 1.0165706872940063, "nonfixated_points_in_view": [], "camera_rotation_original": [1.5707963705062866, -0.15429414808750153, 0.08760292828083038], "point_location": [0.580907940864563, -0.050188999623060226, -1.4085019826889038], "skybox_img_path": "./img/high/13696_skybox4.jpg", "resolution": 512, "camera_distance": 0.7546824242340215, "view_id": 60, "point_pitch": -0.5638112266871591, "camera_rotation_from_original_to_final": [-0.5974012613296509, -0.07021855562925339, 0.21964508295059204], "camera_location": [0.7516655325889587, -0.6489478349685669, -0.9820336103439331], "point_normal": [0.11274728178977966, 0.07453673332929611, 0.9908240437507629], "camera_rotation_final_quaternion": [0.8615918755531311, 0.4657541513442993, 0.02291101962327957, 0.20051820576190948], "skybox_img": 4, "point_uuid": "57", "field_of_view_rads": 1.4743485341217646, "camera_rotation_final": [0.9626722931861877, -0.14784246683120728, 0.3799971342086792]}