{"camera_uuid": "9012", "obliqueness_angle": 1.0751930475234985, "nonfixated_points_in_view": [], "camera_rotation_original": [1.5707963705062866, 0.07634297758340836, 1.8984023332595825], "point_location": [4.803556442260742, 3.171010732650757, -1.406982421875], "skybox_img_path": "./img/high/9012_skybox4.jpg", "resolution": 512, "camera_distance": 0.22757504472013412, "view_id": 0, "point_pitch": -0.5901393135401864, "camera_rotation_from_original_to_final": [0.21241720020771027, -0.5805313587188721, -0.35805830359458923], "camera_location": [4.989457130432129, 3.1778788566589355, -1.275894045829773], "point_normal": [-0.10725513845682144, 0.2384926676750183, 0.9652034044265747], "camera_rotation_final_quaternion": [0.643538773059845, 0.3045997619628906, 0.3452646732330322, 0.6114484071731567], "skybox_img": 4, "point_uuid": "145", "field_of_view_rads": 1.1263039557204935, "camera_rotation_final": [0.955112636089325, 0.07195042073726654, 1.5569136142730713]}