{"camera_uuid": "13440", "obliqueness_angle": 1.3770396709442139, "nonfixated_points_in_view": [], "camera_rotation_original": [1.5707963705062866, 0.15436893701553345, 2.4926486015319824], "point_location": [2.745572328567505, -0.016294807195663452, -0.9296797513961792], "skybox_img_path": "./img/high/13440_skybox4.jpg", "resolution": 512, "camera_distance": 0.8923321057259422, "view_id": 62, "point_pitch": 0.31269510189560457, "camera_rotation_from_original_to_final": [-0.2451445609331131, 0.1738658845424652, -0.1304992437362671], "camera_location": [3.3323559761047363, 0.6022928357124329, -1.1929113864898682], "point_normal": [-0.5854119062423706, 0.6019739508628845, -0.5430656671524048], "camera_rotation_final_quaternion": [0.26366931200027466, 0.23691479861736298, 0.7690044641494751, 0.5319604873657227], "skybox_img": 4, "point_uuid": "102", "field_of_view_rads": 1.5023104524077913, "camera_rotation_final": [1.8739478588104248, 0.15407602488994598, 2.430540084838867]}