{"camera_uuid": "8861", "obliqueness_angle": 1.312492847442627, "nonfixated_points_in_view": [], "camera_rotation_original": [1.5707963705062866, -0.0758160799741745, -2.133352041244507], "point_location": [5.518570899963379, 1.8022818565368652, -0.9034366607666016], "skybox_img_path": "./img/high/8861_skybox4.jpg", "resolution": 512, "camera_distance": 0.554094531132643, "view_id": 83, "point_pitch": 0.1719835559513907, "camera_rotation_from_original_to_final": [-0.06962914019823074, -0.12153316289186478, 0.44771361351013184], "camera_location": [4.973799705505371, 1.8677057027816772, -0.9806687831878662], "point_normal": [-0.3810344636440277, 0.07813670486211777, 0.9212532639503479], "camera_rotation_final_quaternion": [0.45210450887680054, 0.4809582531452179, -0.5816969871520996, -0.4752991795539856], "skybox_img": 4, "point_uuid": "103", "field_of_view_rads": 1.8936590958975879, "camera_rotation_final": [1.710970163345337, -0.06883186846971512, -1.7000222206115723]}