{"camera_uuid": "7177", "obliqueness_angle": 1.1213369369506836, "nonfixated_points_in_view": [64, 77], "camera_rotation_original": [1.5707963705062866, -0.06990685313940048, 1.4680330753326416], "point_location": [-0.30368760228157043, 1.3439174890518188, -0.7665223479270935], "skybox_img_path": "./img/high/7177_skybox4.jpg", "resolution": 512, "camera_distance": 0.8380079698533579, "view_id": 80, "point_pitch": -0.44546858867141204, "camera_rotation_from_original_to_final": [-0.049512747675180435, -0.4048936665058136, -0.5746231079101562], "camera_location": [0.2913742661476135, 0.856321394443512, -0.43424421548843384], "point_normal": [0.9422652125358582, 0.29410141706466675, -0.16012726724147797], "camera_rotation_final_quaternion": [0.7433045506477356, 0.5038194060325623, 0.21888643503189087, 0.3817761540412903], "skybox_img": 4, "point_uuid": "180", "field_of_view_rads": 1.3012303617095222, "camera_rotation_final": [1.1623234748840332, -0.059328727424144745, 0.909993052482605]}