{"camera_uuid": "6492", "obliqueness_angle": 0.7948606014251709, "nonfixated_points_in_view": [], "camera_rotation_original": [-1.570796251296997, 3.030287981033325, 0.11073412746191025], "point_location": [2.745572328567505, -0.016294807195663452, -0.9296797513961792], "skybox_img_path": "./img/high/6492_skybox4.jpg", "resolution": 512, "camera_distance": 0.996690799089419, "view_id": 36, "point_pitch": 0.02463097969559236, "camera_rotation_from_original_to_final": [-0.02943483367562294, -0.0032036160118877888, 0.043227143585681915], "camera_location": [2.592836380004883, 0.9681815505027771, -0.9591863751411438], "point_normal": [-0.5854119062423706, 0.6019739508628845, -0.5430656671524048], "camera_rotation_final_quaternion": [-0.014863076619803905, -0.09484429657459259, 0.7112008929252625, 0.6964028477668762], "skybox_img": 4, "point_uuid": "102", "field_of_view_rads": 0.950131287597413, "camera_rotation_final": [-1.541003704071045, 3.030405282974243, 0.15722183883190155]}