{"camera_uuid": "14699", "obliqueness_angle": 0.6673754453659058, "nonfixated_points_in_view": [], "camera_rotation_original": [1.5707963705062866, 0.16739191114902496, 2.54195499420166], "point_location": [6.586917400360107, 2.625067710876465, -1.3898545503616333], "skybox_img_path": "./img/high/14699_skybox4.jpg", "resolution": 512, "camera_distance": 0.27916182949469737, "view_id": 0, "point_pitch": -0.42517606814834075, "camera_rotation_from_original_to_final": [0.28345856070518494, -0.16278240084648132, 0.647322416305542], "camera_location": [6.5691633224487305, 2.8890206813812256, -1.3007200956344604], "point_normal": [-0.5904265642166138, 0.8058854937553406, -0.04410218074917793], "camera_rotation_final_quaternion": [0.03128459304571152, -0.06154543161392212, 0.5801427960395813, 0.8115835189819336], "skybox_img": 4, "point_uuid": "15", "field_of_view_rads": 2.078591559549699, "camera_rotation_final": [1.2426421642303467, 0.13662220537662506, 3.1624183654785156]}