{"camera_uuid": "5722", "obliqueness_angle": 1.321203589439392, "nonfixated_points_in_view": [], "camera_rotation_original": [-1.570796251296997, -2.998966693878174, 0.05923357605934143], "point_location": [-0.4054321348667145, 1.2653040885925293, -0.6841932535171509], "skybox_img_path": "./img/high/5722_skybox4.jpg", "resolution": 512, "camera_distance": 0.9206307908170303, "view_id": 16, "point_pitch": -0.24273793300124602, "camera_rotation_from_original_to_final": [0.25303834676742554, 0.018804408609867096, 0.061577875167131424], "camera_location": [-0.5102559924125671, 2.1502819061279297, -0.4531363546848297], "point_normal": [0.040700461715459824, 0.0009101604809984565, 0.9991709589958191], "camera_rotation_final_quaternion": [0.104331374168396, -0.008815353736281395, -0.6119101643562317, -0.7839663624763489], "skybox_img": 4, "point_uuid": "104", "field_of_view_rads": 1.6924921945557647, "camera_rotation_final": [-1.827121615409851, -2.9996113777160645, 0.15496881306171417]}