{"camera_uuid": "11561", "obliqueness_angle": 1.3976341485977173, "nonfixated_points_in_view": [], "camera_rotation_original": [1.5707963705062866, 0.13538213074207306, 1.928451657295227], "point_location": [2.9207348823547363, -0.5152132511138916, -0.5628843903541565], "skybox_img_path": "./img/high/11561_skybox4.jpg", "resolution": 512, "camera_distance": 0.991359983006038, "view_id": 5, "point_pitch": -0.39587704738112883, "camera_rotation_from_original_to_final": [0.15593262016773224, -0.4084749221801758, -0.3024664521217346], "camera_location": [3.815962076187134, -0.4354135990142822, -0.14456045627593994], "point_normal": [-0.26315274834632874, 0.039460260421037674, 0.9639468193054199], "camera_rotation_final_quaternion": [0.6117045283317566, 0.33392488956451416, 0.4213186204433441, 0.5803468227386475], "skybox_img": 4, "point_uuid": "152", "field_of_view_rads": 0.9904486154446002, "camera_rotation_final": [1.131324291229248, 0.12821148335933685, 1.5996607542037964]}