{"camera_uuid": "6260", "obliqueness_angle": 0.7061141729354858, "nonfixated_points_in_view": [78], "camera_rotation_original": [1.5707963705062866, -0.052761536091566086, -2.878972053527832], "point_location": [2.745572328567505, -0.016294807195663452, -0.9296797513961792], "skybox_img_path": "./img/high/6260_skybox4.jpg", "resolution": 512, "camera_distance": 0.8720682975536448, "view_id": 63, "point_pitch": 0.22521408001450105, "camera_rotation_from_original_to_final": [-0.22693222761154175, -0.05983738228678703, -0.16513171792030334], "camera_location": [2.6687169075012207, 0.8284049034118652, -1.1323585510253906], "point_normal": [-0.5854119062423706, 0.6019739508628845, -0.5430656671524048], "camera_rotation_final_quaternion": [0.044586844742298126, 0.014679920859634876, -0.784850537776947, -0.6179046630859375], "skybox_img": 4, "point_uuid": "102", "field_of_view_rads": 1.3476975839402114, "camera_rotation_final": [1.80567467212677, -0.05186968669295311, -3.063263416290283]}