{"camera_uuid": "1442", "obliqueness_angle": 1.4457345008850098, "nonfixated_points_in_view": [66], "camera_rotation_original": [1.5707963705062866, -0.0842449888586998, -2.6841695308685303], "point_location": [1.1355481147766113, 2.277404546737671, -1.37511146068573], "skybox_img_path": "./img/high/1442_skybox4.jpg", "resolution": 512, "camera_distance": 0.4625611802824399, "view_id": 4, "point_pitch": -0.6991223533961435, "camera_rotation_from_original_to_final": [0.6479461193084717, 0.3096010982990265, 0.18402084708213806], "camera_location": [0.9587395191192627, 2.5810739994049072, -1.074301838874817], "point_normal": [-0.34670761227607727, -0.666063666343689, 0.6604189276695251], "camera_rotation_final_quaternion": [0.28451603651046753, 0.08662812411785126, -0.40907084941864014, -0.8626744747161865], "skybox_img": 4, "point_uuid": "162", "field_of_view_rads": 1.5082571856068028, "camera_rotation_final": [0.8598094582557678, -0.08340734988451004, -2.54270601272583]}