{"camera_uuid": "5569", "obliqueness_angle": 1.1820273399353027, "nonfixated_points_in_view": [32], "camera_rotation_original": [1.5707963705062866, 0.07241781800985336, 0.4527847468852997], "point_location": [0.32991182804107666, 2.4133899211883545, -1.3794349431991577], "skybox_img_path": "./img/high/5569_skybox4.jpg", "resolution": 512, "camera_distance": 0.45849908374790505, "view_id": 44, "point_pitch": -0.5593473156306406, "camera_rotation_from_original_to_final": [-0.47071754932403564, -0.22127902507781982, 0.7035540342330933], "camera_location": [0.6855595111846924, 2.233234405517578, -1.1529837846755981], "point_normal": [0.7323230504989624, 0.6650322675704956, 0.14640741050243378], "camera_rotation_final_quaternion": [0.751336932182312, 0.4193965494632721, 0.27777379751205444, 0.42713120579719543], "skybox_img": 4, "point_uuid": "151", "field_of_view_rads": 2.1403354343109027, "camera_rotation_final": [1.0532351732254028, 0.05916323885321617, 1.0682666301727295]}