{"camera_uuid": "10260", "obliqueness_angle": 1.563768744468689, "nonfixated_points_in_view": [34, 118, 127], "camera_rotation_original": [1.5707963705062866, -0.1570802628993988, -2.9674477577209473], "point_location": [0.2828949987888336, -0.2686469852924347, -1.422070026397705], "skybox_img_path": "./img/high/10260_skybox4.jpg", "resolution": 512, "camera_distance": 0.8692255428706392, "view_id": 9, "point_pitch": -0.2671149214121957, "camera_rotation_from_original_to_final": [0.2946668863296509, 0.05399910733103752, 0.1927044689655304], "camera_location": [-0.0084231523796916, 0.5091390013694763, -1.1656802892684937], "point_normal": [0.3723050653934479, -0.15438079833984375, 0.9151805639266968], "camera_rotation_final_quaternion": [0.2062796652317047, 0.0587569996714592, -0.5908180475234985, -0.7777726650238037], "skybox_img": 4, "point_uuid": "105", "field_of_view_rads": 1.1263039557204935, "camera_rotation_final": [1.2677311897277832, -0.1529439091682434, -2.7356154918670654]}