{"camera_uuid": "10800", "obliqueness_angle": 1.0509700775146484, "nonfixated_points_in_view": [127], "camera_rotation_original": [1.5707963705062866, 0.143881157040596, 1.1009039878845215], "point_location": [-0.1822434514760971, 0.2831597626209259, -1.431676983833313], "skybox_img_path": "./img/high/10800_skybox4.jpg", "resolution": 512, "camera_distance": 0.8691564622786258, "view_id": 2, "point_pitch": -0.2854850729319711, "camera_rotation_from_original_to_final": [-0.13426387310028076, -0.2458016276359558, 0.07912086695432663], "camera_location": [0.585112988948822, -0.047227054834365845, -1.192007303237915], "point_normal": [0.12324375659227371, -0.9915743470191956, 0.03989033028483391], "camera_rotation_final_quaternion": [0.6980972290039062, 0.47651082277297974, 0.3675086200237274, 0.3879885673522949], "skybox_img": 4, "point_uuid": "188", "field_of_view_rads": 1.0039714359666843, "camera_rotation_final": [1.2884316444396973, 0.14384756982326508, 1.1226677894592285]}