{"camera_uuid": "9728", "obliqueness_angle": 0.8242250084877014, "nonfixated_points_in_view": [], "camera_rotation_original": [1.5707963705062866, 0.02338510751724243, 0.7034826278686523], "point_location": [0.9227169156074524, 0.6807072758674622, -1.4383314847946167], "skybox_img_path": "./img/high/9728_skybox4.jpg", "resolution": 512, "camera_distance": 0.8925992683560858, "view_id": 17, "point_pitch": -0.5578045090052743, "camera_rotation_from_original_to_final": [-0.4468405842781067, -0.34698304533958435, 0.058180008083581924], "camera_location": [1.4006267786026, 0.09364466369152069, -0.9653694033622742], "point_normal": [0.9748377203941345, -0.22190459072589874, 0.021208828315138817], "camera_rotation_final_quaternion": [0.8280210494995117, 0.4545345604419708, 0.16871026158332825, 0.2816315293312073], "skybox_img": 4, "point_uuid": "59", "field_of_view_rads": 1.0039714359666843, "camera_rotation_final": [1.0121779441833496, 0.02337089739739895, 0.6686563491821289]}