{"camera_uuid": "5794", "obliqueness_angle": 1.3406120538711548, "nonfixated_points_in_view": [], "camera_rotation_original": [1.5707963705062866, 0.13951629400253296, -2.210772752761841], "point_location": [1.8005895614624023, 0.6414239406585693, -0.9798945188522339], "skybox_img_path": "./img/high/5794_skybox4.jpg", "resolution": 512, "camera_distance": 0.7353079910845303, "view_id": 78, "point_pitch": -0.2372574051234384, "camera_rotation_from_original_to_final": [0.1350126415491104, 0.17456702888011932, 0.14969050884246826], "camera_location": [1.1715123653411865, 0.9865806698799133, -0.8192503452301025], "point_normal": [-0.012308535166084766, -0.0017647614004090428, 0.9999226927757263], "camera_rotation_final_quaternion": [0.3488883972167969, 0.35583800077438354, -0.5139488577842712, -0.6982211470603943], "skybox_img": 4, "point_uuid": "193", "field_of_view_rads": 2.1650390648962783, "camera_rotation_final": [1.3483757972717285, 0.1387302577495575, -2.103883981704712]}