{"camera_uuid": "10963", "obliqueness_angle": 1.068795084953308, "nonfixated_points_in_view": [], "camera_rotation_original": [1.5707963705062866, -0.16774019598960876, -0.996003270149231], "point_location": [5.437486171722412, 0.3159542977809906, -0.8787023425102234], "skybox_img_path": "./img/high/10963_skybox4.jpg", "resolution": 512, "camera_distance": 0.9390927331561421, "view_id": 10, "point_pitch": -0.3130078752848764, "camera_rotation_from_original_to_final": [-0.09896200150251389, 0.19546844065189362, -0.6363485455513], "camera_location": [4.521607875823975, 0.36099132895469666, -0.6761343479156494], "point_normal": [-0.5941973924636841, 0.5574745535850525, -0.5797858834266663], "camera_rotation_final_quaternion": [0.5765275955200195, 0.39830994606018066, -0.48321443796157837, -0.524851381778717], "skybox_img": 4, "point_uuid": "4", "field_of_view_rads": 1.957036885090066, "camera_rotation_final": [1.3512134552001953, -0.13951803743839264, -1.588903546333313]}