{"camera_uuid": "9523", "obliqueness_angle": 0.8830391764640808, "nonfixated_points_in_view": [], "camera_rotation_original": [1.5707963705062866, 0.15149521827697754, 1.7839287519454956], "point_location": [1.8005895614624023, 0.6414239406585693, -0.9798945188522339], "skybox_img_path": "./img/high/9523_skybox4.jpg", "resolution": 512, "camera_distance": 0.9577389805567347, "view_id": 88, "point_pitch": -0.600915594896998, "camera_rotation_from_original_to_final": [0.18082310259342194, -0.6782036423683167, -0.713024377822876], "camera_location": [2.464998245239258, 0.3303060531616211, -0.3642398416996002], "point_normal": [-0.012308535166084766, -0.0017647614004090428, 0.9999226927757263], "camera_rotation_final_quaternion": [0.7982183694839478, 0.3391009569168091, 0.25219056010246277, 0.4292527139186859], "skybox_img": 4, "point_uuid": "193", "field_of_view_rads": 1.7596634117949264, "camera_rotation_final": [0.8673451542854309, 0.11171851307153702, 1.038576364517212]}