{"camera_uuid": "4503", "obliqueness_angle": 1.1472086906433105, "nonfixated_points_in_view": [], "camera_rotation_original": [1.5707963705062866, 0.05472879856824875, -0.5280134677886963], "point_location": [0.22651520371437073, 2.849133014678955, -1.442795991897583], "skybox_img_path": "./img/high/4503_skybox4.jpg", "resolution": 512, "camera_distance": 0.6165570527893209, "view_id": 9, "point_pitch": -0.4233448942515512, "camera_rotation_from_original_to_final": [-0.3760228753089905, 0.21594436466693878, -0.1706101894378662], "camera_location": [-0.11530640721321106, 2.405348300933838, -1.1851999759674072], "point_normal": [0.024610353633761406, -0.009762244299054146, 0.9996494650840759], "camera_rotation_final_quaternion": [0.7885995507240295, 0.5156955718994141, -0.1586170494556427, -0.2949737012386322], "skybox_img": 4, "point_uuid": "150", "field_of_view_rads": 0.5318174447997766, "camera_rotation_final": [1.1391030550003052, 0.05408896505832672, -0.6812306046485901]}