{"camera_uuid": "11666", "obliqueness_angle": 1.170971393585205, "nonfixated_points_in_view": [124, 118], "camera_rotation_original": [1.5707963705062866, 0.0927419662475586, 1.6285994052886963], "point_location": [-0.11395721882581711, -0.04560520127415657, -1.4123445749282837], "skybox_img_path": "./img/high/11666_skybox4.jpg", "resolution": 512, "camera_distance": 0.7754758360425799, "view_id": 27, "point_pitch": -0.3546289642665048, "camera_rotation_from_original_to_final": [0.024495795369148254, -0.38939541578292847, -0.38038843870162964], "camera_location": [0.567313551902771, -0.26978597044944763, -1.1174278259277344], "point_normal": [0.004181658383458853, -0.01849798485636711, 0.9998201131820679], "camera_rotation_final_quaternion": [0.6946899890899658, 0.4354599714279175, 0.3467312157154083, 0.455585241317749], "skybox_img": 4, "point_uuid": "192", "field_of_view_rads": 0.6025778511851491, "camera_rotation_final": [1.1791784763336182, 0.08506568521261215, 1.2178232669830322]}