{"camera_uuid": "9707", "obliqueness_angle": 1.1282689571380615, "nonfixated_points_in_view": [], "camera_rotation_original": [1.5707963705062866, -0.0018563332268968225, -0.6524567604064941], "point_location": [2.745572328567505, -0.016294807195663452, -0.9296797513961792], "skybox_img_path": "./img/high/9707_skybox4.jpg", "resolution": 512, "camera_distance": 0.9556537709699408, "view_id": 32, "point_pitch": 0.033027486005101636, "camera_rotation_from_original_to_final": [0.02738194726407528, -0.020431822165846825, -0.6571595668792725], "camera_location": [1.8229347467422485, -0.26317259669303894, -0.9623196125030518], "point_normal": [-0.5854119062423706, 0.6019739508628845, -0.5430656671524048], "camera_rotation_final_quaternion": [0.5515600442886353, 0.570087194442749, -0.438266783952713, -0.4227343499660492], "skybox_img": 4, "point_uuid": "102", "field_of_view_rads": 0.8278892494736719, "camera_rotation_final": [1.6049574613571167, -0.0014699986204504967, -1.3093934059143066]}