{"camera_uuid": "11750", "obliqueness_angle": 0.8397209048271179, "nonfixated_points_in_view": [], "camera_rotation_original": [1.5707963705062866, -0.01976039446890354, -2.2916769981384277], "point_location": [4.896637916564941, 0.275483638048172, -1.4008036851882935], "skybox_img_path": "./img/high/11750_skybox4.jpg", "resolution": 512, "camera_distance": 0.7011635963806605, "view_id": 24, "point_pitch": -0.10195343097182707, "camera_rotation_from_original_to_final": [0.0739036351442337, 0.08146950602531433, 0.4174138605594635], "camera_location": [4.23216438293457, 0.4856933653354645, -1.3238804340362549], "point_normal": [-0.7319196462631226, 0.15615351498126984, -0.6632569432258606], "camera_rotation_final_quaternion": [0.44561368227005005, 0.38934969902038574, -0.5418051481246948, -0.5968939661979675], "skybox_img": 4, "point_uuid": "93", "field_of_view_rads": 0.5256461677815203, "camera_rotation_final": [1.4608490467071533, -0.01807156577706337, -1.8751949071884155]}