{"camera_uuid": "1196", "obliqueness_angle": 0.675285816192627, "nonfixated_points_in_view": [], "camera_rotation_original": [1.5707963705062866, -0.07648984342813492, 0.4746365249156952], "point_location": [1.3862135410308838, 3.035576343536377, -1.442712426185608], "skybox_img_path": "./img/high/1196_skybox4.jpg", "resolution": 512, "camera_distance": 0.9895021639545328, "view_id": 5, "point_pitch": -0.7630211551997323, "camera_rotation_from_original_to_final": [-0.7040256857872009, -0.3435128331184387, 0.19165879487991333], "camera_location": [1.7436481714248657, 2.4215540885925293, -0.7539950013160706], "point_normal": [0.849090039730072, -0.445937842130661, 0.28317058086395264], "camera_rotation_final_quaternion": [0.8751437664031982, 0.38123494386672974, 0.08153422176837921, 0.28659287095069885], "skybox_img": 4, "point_uuid": "179", "field_of_view_rads": 2.1403354343109027, "camera_rotation_final": [0.798149585723877, -0.0758829116821289, 0.6009356379508972]}