{"camera_uuid": "13016", "obliqueness_angle": 1.1106454133987427, "nonfixated_points_in_view": [106], "camera_rotation_original": [1.5707963705062866, 0.14212274551391602, 1.082711935043335], "point_location": [4.528530120849609, 1.0438001155853271, -1.4141380786895752], "skybox_img_path": "./img/high/13016_skybox4.jpg", "resolution": 512, "camera_distance": 0.9052335366156066, "view_id": 34, "point_pitch": -0.38579504092666106, "camera_rotation_from_original_to_final": [-0.21827463805675507, -0.43393242359161377, -0.662532389163971], "camera_location": [4.815096855163574, 0.29460278153419495, -0.9945781230926514], "point_normal": [0.012244894169270992, 0.0278637632727623, 0.9995367527008057], "camera_rotation_final_quaternion": [0.8487513661384583, 0.5030434727668762, 0.12331251800060272, 0.10659448057413101], "skybox_img": 4, "point_uuid": "140", "field_of_view_rads": 1.6403442297244761, "camera_rotation_final": [1.0861263275146484, 0.10225813835859299, 0.3116286098957062]}