{"camera_uuid": "10347", "obliqueness_angle": 0.996630072593689, "nonfixated_points_in_view": [], "camera_rotation_original": [-1.570796251296997, 3.0189151763916016, 0.07295551896095276], "point_location": [1.1332991123199463, -0.8327366709709167, -1.4375404119491577], "skybox_img_path": "./img/high/10347_skybox4.jpg", "resolution": 512, "camera_distance": 0.8708955043102556, "view_id": 9, "point_pitch": -0.43554989894362883, "camera_rotation_from_original_to_final": [0.4828967750072479, 0.03107510134577751, -0.36884528398513794], "camera_location": [1.3631532192230225, -0.09685584902763367, -1.0324411392211914], "point_normal": [-0.5603585243225098, 0.8280418515205383, -0.018577322363853455], "camera_rotation_final_quaternion": [0.18203648924827576, 0.04567062854766846, 0.515109658241272, 0.8363246917724609], "skybox_img": 4, "point_uuid": "147", "field_of_view_rads": 1.274054123740192, "camera_rotation_final": [-2.057882070541382, 3.0302159786224365, -0.36155128479003906]}