{"camera_uuid": "3066", "obliqueness_angle": 1.1806803941726685, "nonfixated_points_in_view": [], "camera_rotation_original": [1.5707963705062866, -0.08065615594387054, -2.608020067214966], "point_location": [1.6843894720077515, 1.1254421472549438, -1.4068831205368042], "skybox_img_path": "./img/high/3066_skybox4.jpg", "resolution": 512, "camera_distance": 0.8029696915519495, "view_id": 31, "point_pitch": -0.23660616477462248, "camera_rotation_from_original_to_final": [0.24067333340644836, 0.13237810134887695, 0.48725688457489014], "camera_location": [1.031530499458313, 1.5393707752227783, -1.1896307468414307], "point_normal": [-0.13031253218650818, 0.011851518414914608, 0.9914022088050842], "camera_rotation_final_quaternion": [0.4096563756465912, 0.2713124454021454, -0.5395451784133911, -0.6837120652198792], "skybox_img": 4, "point_uuid": "111", "field_of_view_rads": 1.6719092344888167, "camera_rotation_final": [1.2961082458496094, -0.07111696898937225, -2.1158370971679688]}