{"camera_uuid": "8147", "obliqueness_angle": 1.2240179777145386, "nonfixated_points_in_view": [], "camera_rotation_original": [1.5707963705062866, 0.01985357142984867, 2.4522957801818848], "point_location": [-0.11395721882581711, -0.04560520127415657, -1.4123445749282837], "skybox_img_path": "./img/high/8147_skybox4.jpg", "resolution": 512, "camera_distance": 0.8876687435123045, "view_id": 17, "point_pitch": -0.36825542052718596, "camera_rotation_from_original_to_final": [0.2843557298183441, -0.22774505615234375, 0.271505206823349], "camera_location": [0.19774232804775238, 0.7236664891242981, -1.0976697206497192], "point_normal": [0.004181658383458853, -0.01849798485636711, 0.9998201131820679], "camera_rotation_final_quaternion": [0.16562092304229736, 0.10301323980093002, 0.5586952567100525, 0.8061126470565796], "skybox_img": 4, "point_uuid": "192", "field_of_view_rads": 1.9554518605800617, "camera_rotation_final": [1.2083532810211182, 0.01898384466767311, 2.7494242191314697]}