{"camera_uuid": "10840", "obliqueness_angle": 1.3867425918579102, "nonfixated_points_in_view": [], "camera_rotation_original": [1.5707963705062866, 0.11202539503574371, 2.120614528656006], "point_location": [0.21094807982444763, -0.7717931270599365, -1.4030389785766602], "skybox_img_path": "./img/high/10840_skybox4.jpg", "resolution": 512, "camera_distance": 0.7935117896331823, "view_id": 0, "point_pitch": -0.24858610232802825, "camera_rotation_from_original_to_final": [0.12337566912174225, -0.20329467952251434, 0.10130342841148376], "camera_location": [0.8183193206787109, -0.2964489161968231, -1.2164671421051025], "point_normal": [-0.4527430534362793, 0.8914400339126587, -0.018931794911623], "camera_rotation_final_quaternion": [0.38417473435401917, 0.23851469159126282, 0.5705698728561401, 0.6855440139770508], "skybox_img": 4, "point_uuid": "202", "field_of_view_rads": 1.0910236528484336, "camera_rotation_final": [1.3319380283355713, 0.11160396784543991, 2.20773983001709]}