{"camera_uuid": "8257", "obliqueness_angle": 0.8865962624549866, "nonfixated_points_in_view": [99], "camera_rotation_original": [1.5707963705062866, 0.021780069917440414, 2.5268197059631348], "point_location": [2.624671697616577, -0.7024632096290588, -0.5636605024337769], "skybox_img_path": "./img/high/8257_skybox4.jpg", "resolution": 512, "camera_distance": 0.8893841718417245, "view_id": 31, "point_pitch": -0.15636674960586028, "camera_rotation_from_original_to_final": [0.1256227195262909, -0.08830644190311432, 0.13177523016929626], "camera_location": [3.028546094894409, 0.07818818837404251, -0.4277448356151581], "point_normal": [-0.34883588552474976, 0.9258549809455872, -0.14528000354766846], "camera_rotation_final_quaternion": [0.18756717443466187, 0.1469801515340805, 0.6340243816375732, 0.7356823086738586], "skybox_img": 4, "point_uuid": "60", "field_of_view_rads": 1.792492522379571, "camera_rotation_final": [1.4173393249511719, 0.02158459834754467, 2.6608188152313232]}