{"camera_uuid": "2621", "obliqueness_angle": 1.3348356485366821, "nonfixated_points_in_view": [], "camera_rotation_original": [1.5707963705062866, -0.1038651093840599, -2.7309112548828125], "point_location": [0.32991182804107666, 2.4133899211883545, -1.3794349431991577], "skybox_img_path": "./img/high/2621_skybox4.jpg", "resolution": 512, "camera_distance": 0.9664696264802937, "view_id": 12, "point_pitch": -0.6388658722254892, "camera_rotation_from_original_to_final": [0.6096353530883789, 0.26473551988601685, 0.23328296840190887], "camera_location": [-0.07119277119636536, 3.064790725708008, -0.7887949347496033], "point_normal": [0.7323230504989624, 0.6650322675704956, 0.14640741050243378], "camera_rotation_final_quaternion": [0.2993749976158142, 0.09271951764822006, -0.4310885965824127, -0.8461325764656067], "skybox_img": 4, "point_uuid": "151", "field_of_view_rads": 2.056502920039658, "camera_rotation_final": [0.9093160033226013, -0.10138185322284698, -2.5110416412353516]}