{"camera_uuid": "11636", "obliqueness_angle": 0.6792134642601013, "nonfixated_points_in_view": [], "camera_rotation_original": [1.5707963705062866, -0.09762638062238693, -1.5364099740982056], "point_location": [1.1332991123199463, -0.8327366709709167, -1.4375404119491577], "skybox_img_path": "./img/high/11636_skybox4.jpg", "resolution": 512, "camera_distance": 0.8181598483824233, "view_id": 42, "point_pitch": -0.6242598732325693, "camera_rotation_from_original_to_final": [-0.020292967557907104, 0.567171573638916, -0.6532573103904724], "camera_location": [0.5687956213951111, -0.43610361218452454, -0.9977636933326721], "point_normal": [-0.5603585243225098, 0.8280418515205383, -0.018577322363853455], "camera_rotation_final_quaternion": [0.4410954713821411, 0.20096635818481445, -0.4368670880794525, -0.7577561736106873], "skybox_img": 4, "point_uuid": "147", "field_of_view_rads": 0.9320269806742028, "camera_rotation_final": [1.0012096166610718, -0.080921471118927, -2.1315622329711914]}