{"camera_uuid": "8747", "obliqueness_angle": 0.7738814949989319, "nonfixated_points_in_view": [], "camera_rotation_original": [1.5707963705062866, -0.11628559976816177, -1.5938258171081543], "point_location": [2.9207348823547363, -0.5152132511138916, -0.5628843903541565], "skybox_img_path": "./img/high/8747_skybox4.jpg", "resolution": 512, "camera_distance": 0.8608827196198555, "view_id": 27, "point_pitch": -0.5849823196742197, "camera_rotation_from_original_to_final": [0.0025701746344566345, 0.5415368676185608, -0.4134540259838104], "camera_location": [2.253357410430908, -0.20075766742229462, -0.11921326816082001], "point_normal": [-0.26315274834632874, 0.039460260421037674, 0.9639468193054199], "camera_rotation_final_quaternion": [0.5121301412582397, 0.23662662506103516, -0.431652694940567, -0.7038511633872986], "skybox_img": 4, "point_uuid": "152", "field_of_view_rads": 1.6403442297244761, "camera_rotation_final": [1.0257495641708374, -0.1092420145869255, -1.9451173543930054]}