{"camera_uuid": "4151", "obliqueness_angle": 1.0395139455795288, "nonfixated_points_in_view": [], "camera_rotation_original": [1.5707963705062866, -0.08975446969270706, -2.0466933250427246], "point_location": [2.813992500305176, 1.206691026687622, -1.412956953048706], "skybox_img_path": "./img/high/4151_skybox4.jpg", "resolution": 512, "camera_distance": 0.6053300175620854, "view_id": 11, "point_pitch": -0.3900152881953378, "camera_rotation_from_original_to_final": [0.18614152073860168, 0.3575270473957062, 0.14100822806358337], "camera_location": [2.29443359375, 1.408204436302185, -1.1765773296356201], "point_normal": [-0.8119872808456421, -0.5835861563682556, 0.010192384012043476], "camera_rotation_final_quaternion": [0.5037246942520142, 0.2895534932613373, -0.4700108766555786, -0.664462149143219], "skybox_img": 4, "point_uuid": "163", "field_of_view_rads": 0.7352830670651015, "camera_rotation_final": [1.1679450273513794, -0.08883432298898697, -1.9029992818832397]}