{"camera_uuid": "1958", "obliqueness_angle": 1.0729825496673584, "nonfixated_points_in_view": [], "camera_rotation_original": [1.5707963705062866, -0.16859164834022522, -1.652346134185791], "point_location": [2.133356809616089, 1.9143738746643066, -1.4239013195037842], "skybox_img_path": "./img/high/1958_skybox4.jpg", "resolution": 512, "camera_distance": 0.5849228466031471, "view_id": 9, "point_pitch": -0.6237990101191659, "camera_rotation_from_original_to_final": [0.03660505637526512, 0.5485697984695435, -0.4911174476146698], "camera_location": [1.7179696559906006, 2.190530776977539, -1.1184089183807373], "point_normal": [0.056367747485637665, -0.008248048834502697, 0.9983760714530945], "camera_rotation_final_quaternion": [0.48029467463493347, 0.19080959260463715, -0.4499473571777344, -0.7283241748809814], "skybox_img": 4, "point_uuid": "2", "field_of_view_rads": 1.1263039557204935, "camera_rotation_final": [1.013838291168213, -0.1548907458782196, -2.06174373626709]}