{"camera_uuid": "3037", "obliqueness_angle": 0.7692095041275024, "nonfixated_points_in_view": [], "camera_rotation_original": [1.5707963705062866, -0.013194614090025425, 1.307803988456726], "point_location": [3.2623050212860107, 2.5903799533843994, -0.9091960191726685], "skybox_img_path": "./img/high/3037_skybox4.jpg", "resolution": 512, "camera_distance": 0.877066004418921, "view_id": 2, "point_pitch": -0.7407790859553476, "camera_rotation_from_original_to_final": [-0.2328256517648697, -0.7155176997184753, 0.4918869733810425], "camera_location": [3.900092601776123, 2.680415153503418, -0.31391003727912903], "point_normal": [0.9650903344154358, 0.26148784160614014, -0.014998132362961769], "camera_rotation_final_quaternion": [0.5951393842697144, 0.26533228158950806, 0.30039408802986145, 0.6965423822402954], "skybox_img": 4, "point_uuid": "43", "field_of_view_rads": 1.0910236528484336, "camera_rotation_final": [0.8247047066688538, -0.01207794714719057, 1.722200870513916]}