{"camera_uuid": "10126", "obliqueness_angle": 1.3243283033370972, "nonfixated_points_in_view": [], "camera_rotation_original": [-1.570796251296997, 3.0309934616088867, 0.008184345439076424], "point_location": [4.810020923614502, 1.166747808456421, -1.332459807395935], "skybox_img_path": "./img/high/10126_skybox4.jpg", "resolution": 512, "camera_distance": 0.893474812924319, "view_id": 15, "point_pitch": -0.6698285778376718, "camera_rotation_from_original_to_final": [0.6360154151916504, -0.012781941331923008, 0.3410510718822479], "camera_location": [4.556332111358643, 1.83938467502594, -0.8018951416015625], "point_normal": [0.7864901423454285, 0.6175901889801025, 0.003958132583647966], "camera_rotation_final_quaternion": [-0.101605623960495, -0.11000550538301468, 0.43702173233032227, 0.8868974447250366], "skybox_img": 4, "point_uuid": "166", "field_of_view_rads": 0.6025778511851491, "camera_rotation_final": [-2.2108101844787598, 3.035071849822998, 0.2816620171070099]}