{"camera_uuid": "14221", "obliqueness_angle": 1.3438050746917725, "nonfixated_points_in_view": [], "camera_rotation_original": [1.5707963705062866, 0.059537194669246674, -2.3272929191589355], "point_location": [6.481565952301025, 0.8570258617401123, -1.4156475067138672], "skybox_img_path": "./img/high/14221_skybox4.jpg", "resolution": 512, "camera_distance": 0.4749416730387169, "view_id": 12, "point_pitch": -0.24624769290420012, "camera_rotation_from_original_to_final": [0.14605537056922913, 0.16155989468097687, 0.5266224145889282], "camera_location": [6.03134822845459, 0.9683396220207214, -1.3132617473602295], "point_normal": [-0.010680751875042915, -0.002730970038101077, 0.9999393224716187], "camera_rotation_final_quaternion": [0.46400249004364014, 0.3990922272205353, -0.4826361835002899, -0.6264897584915161], "skybox_img": 4, "point_uuid": "134", "field_of_view_rads": 1.5082571856068028, "camera_rotation_final": [1.3532142639160156, 0.052189260721206665, -1.8247121572494507]}