{"camera_uuid": "9380", "obliqueness_angle": 1.3999202251434326, "nonfixated_points_in_view": [], "camera_rotation_original": [1.5707963705062866, -0.020160160958766937, 1.0012730360031128], "point_location": [0.42542582750320435, 0.7923682928085327, -1.4128706455230713], "skybox_img_path": "./img/high/9380_skybox4.jpg", "resolution": 512, "camera_distance": 0.9992723947162426, "view_id": 0, "point_pitch": -0.6192695339533945, "camera_rotation_from_original_to_final": [-0.3597661852836609, -0.5066403150558472, -0.27167752385139465], "camera_location": [0.9102537631988525, 0.13376833498477936, -0.8386465907096863], "point_normal": [0.20031511783599854, -0.7043237090110779, -0.6810300946235657], "camera_rotation_final_quaternion": [0.8397654891014099, 0.4397852122783661, 0.13880886137485504, 0.2865571677684784], "skybox_img": 4, "point_uuid": "16", "field_of_view_rads": 2.078591559549699, "camera_rotation_final": [0.9585039019584656, -0.01891455613076687, 0.6478604078292847]}