{"camera_uuid": "1357", "obliqueness_angle": 0.9734974503517151, "nonfixated_points_in_view": [], "camera_rotation_original": [1.5707963705062866, -0.014867745339870453, 1.279624104499817], "point_location": [0.22651520371437073, 2.849133014678955, -1.442795991897583], "skybox_img_path": "./img/high/1357_skybox4.jpg", "resolution": 512, "camera_distance": 0.9178005282496673, "view_id": 45, "point_pitch": -0.5680753429743906, "camera_rotation_from_original_to_final": [-0.18280921876430511, -0.5478411316871643, 0.49947136640548706], "camera_location": [0.9875266551971436, 2.969209671020508, -0.9439964890480042], "point_normal": [0.024610353633761406, -0.009762244299054146, 0.9996494650840759], "camera_rotation_final_quaternion": [0.5653982758522034, 0.3132702112197876, 0.36072906851768494, 0.6723549365997314], "skybox_img": 4, "point_uuid": "150", "field_of_view_rads": 1.484026425663521, "camera_rotation_final": [0.996170163154602, -0.013346783816814423, 1.7359336614608765]}