{"camera_uuid": "12787", "obliqueness_angle": 1.1766314506530762, "nonfixated_points_in_view": [99], "camera_rotation_original": [1.5707963705062866, 0.02602607198059559, -2.4545650482177734], "point_location": [2.624671697616577, -0.7024632096290588, -0.5636605024337769], "skybox_img_path": "./img/high/12787_skybox4.jpg", "resolution": 512, "camera_distance": 0.49333895235537256, "view_id": 25, "point_pitch": -0.4409758289668222, "camera_rotation_from_original_to_final": [0.35640090703964233, 0.2766742706298828, -0.19880379736423492], "camera_location": [2.4358339309692383, -0.2997885048389435, -0.3501734733581543], "point_normal": [-0.48822447657585144, 0.5849313735961914, -0.6476821303367615], "camera_rotation_final_quaternion": [0.1725497990846634, 0.12307348847389221, -0.5181539058685303, -0.828610897064209], "skybox_img": 4, "point_uuid": "60", "field_of_view_rads": 1.5766701541034631, "camera_rotation_final": [1.12311589717865, 0.025147991254925728, -2.7151594161987305]}