{"camera_uuid": "11888", "obliqueness_angle": 1.1654415130615234, "nonfixated_points_in_view": [], "camera_rotation_original": [1.5707963705062866, 0.11597692221403122, 1.7758830785751343], "point_location": [2.9207348823547363, -0.5152132511138916, -0.5628843903541565], "skybox_img_path": "./img/high/11888_skybox4.jpg", "resolution": 512, "camera_distance": 0.6232307366084603, "view_id": 42, "point_pitch": -0.6577409942958017, "camera_rotation_from_original_to_final": [0.12347337603569031, -0.6242430210113525, 0.1977715641260147], "camera_location": [3.3724725246429443, -0.2962290644645691, -0.1935666799545288], "point_normal": [-0.26315274834632874, 0.039460260421037674, 0.9639468193054199], "camera_rotation_final_quaternion": [0.5263392925262451, 0.21183925867080688, 0.3985363245010376, 0.7205969095230103], "skybox_img": 4, "point_uuid": "152", "field_of_view_rads": 0.9791046545667723, "camera_rotation_final": [0.9316752552986145, 0.11447907984256744, 1.9374879598617554]}