{"camera_uuid": "11939", "obliqueness_angle": 1.344680666923523, "nonfixated_points_in_view": [], "camera_rotation_original": [1.5707963705062866, -0.03899484872817993, 1.0724687576293945], "point_location": [4.301836967468262, 1.017685055732727, -0.9298179745674133], "skybox_img_path": "./img/high/11939_skybox4.jpg", "resolution": 512, "camera_distance": 0.8013265892788413, "view_id": 33, "point_pitch": 0.312712506451879, "camera_rotation_from_original_to_final": [0.1594253033399582, 0.28330346941947937, -0.2654125690460205], "camera_location": [4.838396072387695, 0.47997036576271057, -1.1849483251571655], "point_normal": [0.8697540760040283, 0.39081519842147827, 0.30131638050079346], "camera_rotation_final_quaternion": [0.5349818468093872, 0.756222128868103, 0.29550066590309143, 0.23367048799991608], "skybox_img": 4, "point_uuid": "143", "field_of_view_rads": 1.1399099232606629, "camera_rotation_final": [1.895054817199707, -0.03724721446633339, 0.7718064188957214]}