{"camera_uuid": "9389", "obliqueness_angle": 1.2245020866394043, "nonfixated_points_in_view": [], "camera_rotation_original": [1.5707963705062866, -0.1374797821044922, 0.43491753935813904], "point_location": [-0.34234288334846497, 0.8369564414024353, -0.7921566963195801], "skybox_img_path": "./img/high/9389_skybox4.jpg", "resolution": 512, "camera_distance": 0.8447240355349103, "view_id": 49, "point_pitch": -0.3403876264903207, "camera_rotation_from_original_to_final": [-0.3430427312850952, -0.15918007493019104, 0.2712855637073517], "camera_location": [0.15019425749778748, 0.22511622309684753, -0.48132336139678955], "point_normal": [0.04777548089623451, 0.07583989202976227, 0.9959748387336731], "camera_rotation_final_quaternion": [0.7585916519165039, 0.5420702695846558, 0.14891229569911957, 0.3294292986392975], "skybox_img": 4, "point_uuid": "121", "field_of_view_rads": 0.9791046545667723, "camera_rotation_final": [1.1905174255371094, -0.13159990310668945, 0.7301937341690063]}