{"camera_uuid": "13597", "obliqueness_angle": 1.4809941053390503, "nonfixated_points_in_view": [], "camera_rotation_original": [1.5707963705062866, -0.08702486753463745, -0.5417373180389404], "point_location": [1.8005895614624023, 0.6414239406585693, -0.9798945188522339], "skybox_img_path": "./img/high/13597_skybox4.jpg", "resolution": 512, "camera_distance": 0.6646673303870481, "view_id": 59, "point_pitch": -0.11814252932998137, "camera_rotation_from_original_to_final": [-0.06246906891465187, 0.04828079789876938, -0.4797831177711487], "camera_location": [1.2360820770263672, 0.29443031549453735, -0.9278427362442017], "point_normal": [-0.012308535166084766, -0.0017647614004090428, 0.9999226927757263], "camera_rotation_final_quaternion": [0.6543457508087158, 0.5791928768157959, -0.3540895879268646, -0.3331482708454132], "skybox_img": 4, "point_uuid": "193", "field_of_view_rads": 0.8621725352763273, "camera_rotation_final": [1.4921668767929077, -0.07755756378173828, -1.013545036315918]}