{"camera_uuid": "9457", "obliqueness_angle": 1.3177220821380615, "nonfixated_points_in_view": [], "camera_rotation_original": [1.5707963705062866, -0.09306593239307404, 0.009025391191244125], "point_location": [1.8005895614624023, 0.6414239406585693, -0.9798945188522339], "skybox_img_path": "./img/high/9457_skybox4.jpg", "resolution": 512, "camera_distance": 0.728057699510878, "view_id": 2, "point_pitch": -0.2773609598490854, "camera_rotation_from_original_to_final": [-0.247437983751297, -0.00045151219819672406, -0.33917784690856934], "camera_location": [1.5718640089035034, -0.026376482099294662, -0.801582396030426], "point_normal": [-0.012308535166084766, -0.0017647614004090428, 0.9999226927757263], "camera_rotation_final_quaternion": [0.7833457589149475, 0.600866973400116, -0.12845809757709503, -0.09395121037960052], "skybox_img": 4, "point_uuid": "193", "field_of_view_rads": 0.9342833371495716, "camera_rotation_final": [1.3223726749420166, -0.08846519887447357, -0.30757561326026917]}