{"camera_uuid": "4733", "obliqueness_angle": 1.0021932125091553, "nonfixated_points_in_view": [], "camera_rotation_original": [1.5707963705062866, 0.12249717861413956, 0.9638521671295166], "point_location": [-0.4168107807636261, 2.6449878215789795, -1.3910259008407593], "skybox_img_path": "./img/high/4733_skybox4.jpg", "resolution": 512, "camera_distance": 0.5187792372651008, "view_id": 2, "point_pitch": -0.305543108782496, "camera_rotation_from_original_to_final": [-0.198158398270607, -0.27177107334136963, -0.19505102932453156], "camera_location": [-0.08567828685045242, 2.283860445022583, -1.220526099205017], "point_normal": [0.9920056462287903, 0.12320997565984726, -0.027280181646347046], "camera_rotation_final_quaternion": [0.7766112089157104, 0.5257307887077332, 0.2434733659029007, 0.24739229679107666], "skybox_img": 4, "point_uuid": "109", "field_of_view_rads": 1.0910236528484336, "camera_rotation_final": [1.2334651947021484, 0.11832068115472794, 0.7007173299789429]}