{"camera_uuid": "10816", "obliqueness_angle": 0.7355055809020996, "nonfixated_points_in_view": [], "camera_rotation_original": [1.5707963705062866, 0.16963087022304535, 0.7826346755027771], "point_location": [4.301836967468262, 1.017685055732727, -0.9298179745674133], "skybox_img_path": "./img/high/10816_skybox4.jpg", "resolution": 512, "camera_distance": 0.7695592037681178, "view_id": 27, "point_pitch": -0.5315038402888437, "camera_rotation_from_original_to_final": [-0.3407236337661743, -0.3146965503692627, 0.5315585136413574], "camera_location": [4.95867395401001, 0.8072973489761353, -0.5884625315666199], "point_normal": [0.41032981872558594, 0.04652121290564537, 0.9107499122619629], "camera_rotation_final_quaternion": [0.7273651957511902, 0.3973158597946167, 0.3469204008579254, 0.43900591135025024], "skybox_img": 4, "point_uuid": "143", "field_of_view_rads": 1.6403442297244761, "camera_rotation_final": [1.1050852537155151, 0.15646526217460632, 1.1826608180999756]}