{"camera_uuid": "15496", "obliqueness_angle": 0.9681286215782166, "nonfixated_points_in_view": [], "camera_rotation_original": [1.5707963705062866, 0.1294572502374649, -2.542786121368408], "point_location": [6.403560161590576, -0.3128143846988678, -1.373155951499939], "skybox_img_path": "./img/high/15496_skybox4.jpg", "resolution": 512, "camera_distance": 0.6527473991163071, "view_id": 13, "point_pitch": -0.4591616829249521, "camera_rotation_from_original_to_final": [0.3076012432575226, 0.2244596928358078, 0.7354992628097534], "camera_location": [5.8197479248046875, -0.14807382225990295, -1.132110357284546], "point_normal": [-0.4072767198085785, 0.9103356599807739, -0.07358577847480774], "camera_rotation_final_quaternion": [0.46210551261901855, 0.3631501793861389, -0.4283488988876343, -0.68636554479599], "skybox_img": 4, "point_uuid": "113", "field_of_view_rads": 0.9239011772765595, "camera_rotation_final": [1.1904540061950684, 0.1028037741780281, -1.8868328332901]}