{"camera_uuid": "11434", "obliqueness_angle": 1.2365615367889404, "nonfixated_points_in_view": [], "camera_rotation_original": [1.5707963705062866, -0.041767943650484085, -1.5998300313949585], "point_location": [2.9207348823547363, -0.5152132511138916, -0.5628843903541565], "skybox_img_path": "./img/high/11434_skybox4.jpg", "resolution": 512, "camera_distance": 0.9605408172971004, "view_id": 8, "point_pitch": -0.06779949267837004, "camera_rotation_from_original_to_final": [0.001876635244116187, 0.0654020681977272, -0.0581025592982769], "camera_location": [1.9658910036087036, -0.4317406415939331, -0.5000818967819214], "point_normal": [-0.26315274834632874, 0.039460260421037674, 0.9639468193054199], "camera_rotation_final_quaternion": [0.5042383074760437, 0.4512188136577606, -0.5135274529457092, -0.5276692509651184], "skybox_img": 4, "point_uuid": "152", "field_of_view_rads": 0.9239011772765595, "camera_rotation_final": [1.5053104162216187, -0.041703928261995316, -1.655260682106018]}