{"camera_uuid": "12626", "obliqueness_angle": 1.3083174228668213, "nonfixated_points_in_view": [], "camera_rotation_original": [1.5707963705062866, 0.0414557047188282, 2.929290533065796], "point_location": [4.896637916564941, 0.275483638048172, -1.4008036851882935], "skybox_img_path": "./img/high/12626_skybox4.jpg", "resolution": 512, "camera_distance": 0.5549033846292719, "view_id": 7, "point_pitch": -0.35509006579848723, "camera_rotation_from_original_to_final": [0.32231542468070984, -0.05987086892127991, 0.7243570685386658], "camera_location": [4.635405540466309, 0.7313430309295654, -1.2222886085510254], "point_normal": [-0.7319196462631226, 0.15615351498126984, -0.6632569432258606], "camera_rotation_final_quaternion": [-0.1961974948644638, -0.15904571115970612, 0.5602250099182129, 0.7888972759246826], "skybox_img": 4, "point_uuid": "93", "field_of_view_rads": 0.5961933550608073, "camera_rotation_final": [1.2431023120880127, 0.03111700899899006, 3.6513876914978027]}