{"camera_uuid": "7522", "obliqueness_angle": 1.0473012924194336, "nonfixated_points_in_view": [], "camera_rotation_original": [1.5707963705062866, 0.09198379516601562, -2.7508304119110107], "point_location": [5.518570899963379, 1.8022818565368652, -0.9034366607666016], "skybox_img_path": "./img/high/7522_skybox4.jpg", "resolution": 512, "camera_distance": 0.969717576022733, "view_id": 77, "point_pitch": -0.196845336756434, "camera_rotation_from_original_to_final": [0.11225496977567673, 0.07397813349962234, 0.7959581613540649], "camera_location": [4.629434585571289, 2.167715549468994, -0.7759729623794556], "point_normal": [-0.3810344636440277, 0.07813670486211777, 0.9212532639503479], "camera_rotation_final_quaternion": [0.39789560437202454, 0.3847251832485199, -0.5350369811058044, -0.6382797956466675], "skybox_img": 4, "point_uuid": "103", "field_of_view_rads": 2.0654331783647693, "camera_rotation_final": [1.4386868476867676, 0.06539348512887955, -1.9694315195083618]}