{"camera_uuid": "14478", "obliqueness_angle": 1.3679550886154175, "nonfixated_points_in_view": [124, 84, 127], "camera_rotation_original": [1.5707963705062866, 0.01894199661910534, 0.264761358499527], "point_location": [0.14699065685272217, -0.1122998520731926, -1.4476916790008545], "skybox_img_path": "./img/high/14478_skybox4.jpg", "resolution": 512, "camera_distance": 0.4680781500451311, "view_id": 10, "point_pitch": -0.44420592387649016, "camera_rotation_from_original_to_final": [-0.43632960319519043, -0.11304685473442078, -0.2718302607536316], "camera_location": [0.1335466206073761, -0.5336012840270996, -1.2441688776016235], "point_normal": [0.33598119020462036, 0.20910274982452393, 0.9183641672134399], "camera_rotation_final_quaternion": [0.8467103838920593, 0.5315896272659302, -0.0031465855427086353, -0.022003140300512314], "skybox_img": 4, "point_uuid": "178", "field_of_view_rads": 1.7513250082996996, "camera_rotation_final": [1.1208956241607666, 0.018065771088004112, -0.04062375798821449]}