{"camera_uuid": "1600", "obliqueness_angle": 1.1883211135864258, "nonfixated_points_in_view": [5, 22, 31], "camera_rotation_original": [1.5707963705062866, -0.02242867834866047, -1.2155482769012451], "point_location": [2.2359414100646973, 3.1619937419891357, -1.4091827869415283], "skybox_img_path": "./img/high/1600_skybox4.jpg", "resolution": 512, "camera_distance": 0.3212545819897381, "view_id": 8, "point_pitch": -0.32424227794143157, "camera_rotation_from_original_to_final": [-0.11860587447881699, 0.3160398602485657, 0.5744337439537048], "camera_location": [2.0593488216400146, 2.9155280590057373, -1.3030025959014893], "point_normal": [0.1874009370803833, -0.20707298815250397, 0.9602092504501343], "camera_rotation_final_quaternion": [0.7789508104324341, 0.5490769743919373, -0.182361900806427, -0.24185574054718018], "skybox_img": 4, "point_uuid": "91", "field_of_view_rads": 1.4604219695947274, "camera_rotation_final": [1.2338848114013672, -0.018508119508624077, -0.6152316927909851]}