{"camera_uuid": "9360", "obliqueness_angle": 0.450968474149704, "nonfixated_points_in_view": [], "camera_rotation_original": [1.5707963705062866, 0.08806973695755005, 2.195354461669922], "point_location": [4.301836967468262, 1.017685055732727, -0.9298179745674133], "skybox_img_path": "./img/high/9360_skybox4.jpg", "resolution": 512, "camera_distance": 0.9638783030076759, "view_id": 52, "point_pitch": -0.6086851795527597, "camera_rotation_from_original_to_final": [0.36690160632133484, -0.4848749339580536, 0.044684890657663345], "camera_location": [4.87529182434082, 1.5699571371078491, -0.3864889144897461], "point_normal": [0.8843962550163269, 0.35868605971336365, 0.2986428737640381], "camera_rotation_final_quaternion": [0.3887976109981537, 0.15969249606132507, 0.43892258405685425, 0.794154703617096], "skybox_img": 4, "point_uuid": "143", "field_of_view_rads": 1.9352794957620667, "camera_rotation_final": [0.9693094491958618, 0.08777569234371185, 2.277287244796753]}