{"camera_uuid": "8090", "obliqueness_angle": 1.0071816444396973, "nonfixated_points_in_view": [], "camera_rotation_original": [1.5707963705062866, -0.13155540823936462, 2.2275099754333496], "point_location": [0.580907940864563, -0.050188999623060226, -1.4085019826889038], "skybox_img_path": "./img/high/8090_skybox4.jpg", "resolution": 512, "camera_distance": 0.9832090405667759, "view_id": 42, "point_pitch": -0.4261335571620126, "camera_rotation_from_original_to_final": [0.28138282895088196, -0.3275441825389862, -0.05756466090679169], "camera_location": [1.2966316938400269, 0.4861808717250824, -1.0001554489135742], "point_normal": [0.11274728178977966, 0.07453673332929611, 0.9908240437507629], "camera_rotation_final_quaternion": [0.32103922963142395, 0.2761799097061157, 0.4648274779319763, 0.7775563597679138], "skybox_img": 4, "point_uuid": "57", "field_of_view_rads": 1.5082571856068028, "camera_rotation_final": [1.1385271549224854, -0.13141310214996338, 2.274301528930664]}