{"camera_uuid": "11310", "obliqueness_angle": 1.2523269653320312, "nonfixated_points_in_view": [], "camera_rotation_original": [1.5707963705062866, 0.0073654064908623695, -0.13096800446510315], "point_location": [-0.34234288334846497, 0.8369564414024353, -0.7921566963195801], "skybox_img_path": "./img/high/11310_skybox4.jpg", "resolution": 512, "camera_distance": 0.705848336568884, "view_id": 48, "point_pitch": -0.40421919425460295, "camera_rotation_from_original_to_final": [-0.4024069309234619, 0.05201456695795059, -0.1939518004655838], "camera_location": [-0.5427945852279663, 0.2201218158006668, -0.5136678814888], "point_normal": [0.04777548089623451, 0.07583989202976227, 0.9959748387336731], "camera_rotation_final_quaternion": [0.8242239952087402, 0.5437658429145813, -0.08394233882427216, -0.13389255106449127], "skybox_img": 4, "point_uuid": "121", "field_of_view_rads": 1.689463874588242, "camera_rotation_final": [1.1652127504348755, 0.007237887941300869, -0.3173111081123352]}