{"camera_uuid": "9016", "obliqueness_angle": 1.1423265933990479, "nonfixated_points_in_view": [4], "camera_rotation_original": [1.5707963705062866, -0.06409304589033127, 1.241614818572998], "point_location": [2.7213988304138184, 0.7782269716262817, -1.3615648746490479], "skybox_img_path": "./img/high/9016_skybox4.jpg", "resolution": 512, "camera_distance": 0.9841130538234382, "view_id": 13, "point_pitch": -0.10830919345351653, "camera_rotation_from_original_to_final": [-0.03610355034470558, -0.10612767189741135, 0.057214170694351196], "camera_location": [3.6628828048706055, 0.5137053728103638, -1.251497745513916], "point_normal": [0.6617732048034668, 0.7121241688728333, -0.2343832552433014], "camera_rotation_final_quaternion": [0.5794621706008911, 0.543805718421936, 0.3851667046546936, 0.46919670701026917], "skybox_img": 4, "point_uuid": "12", "field_of_view_rads": 0.6651429173367224, "camera_rotation_final": [1.4584872722625732, -0.06396828591823578, 1.3041050434112549]}