{"camera_uuid": "2863", "obliqueness_angle": 0.8621777892112732, "nonfixated_points_in_view": [], "camera_rotation_original": [-1.570796251296997, 3.133945941925049, 0.003959568217396736], "point_location": [0.32991182804107666, 2.4133899211883545, -1.3794349431991577], "skybox_img_path": "./img/high/2863_skybox4.jpg", "resolution": 512, "camera_distance": 0.6055302785630702, "view_id": 25, "point_pitch": -0.442322893938746, "camera_rotation_from_original_to_final": [0.44221869111061096, 0.0009593626018613577, 0.01543654315173626], "camera_location": [0.3193153440952301, 2.9605681896209717, -1.1203006505966187], "point_normal": [0.7323230504989624, 0.6650322675704956, 0.14640741050243378], "camera_rotation_final_quaternion": [-0.004606419242918491, -0.0074399360455572605, 0.5347631573677063, 0.8449566960334778], "skybox_img": 4, "point_uuid": "151", "field_of_view_rads": 0.9476384761560841, "camera_rotation_final": [-2.013029098510742, 3.133946418762207, 0.015742767602205276]}