{"camera_uuid": "4215", "obliqueness_angle": 0.8779001235961914, "nonfixated_points_in_view": [], "camera_rotation_original": [1.5707963705062866, -0.16656062006950378, 1.6883854866027832], "point_location": [0.7851385474205017, 1.2789015769958496, -1.4171496629714966], "skybox_img_path": "./img/high/4215_skybox4.jpg", "resolution": 512, "camera_distance": 0.6956705928609292, "view_id": 32, "point_pitch": -0.5839781006190439, "camera_rotation_from_original_to_final": [0.11026214063167572, -0.640141487121582, 0.3088446259498596], "camera_location": [1.2832376956939697, 1.522970199584961, -0.9972862005233765], "point_normal": [0.04163115471601486, 0.017202280461788177, 0.9989850521087646], "camera_rotation_final_quaternion": [0.400157630443573, 0.27011680603027344, 0.35393229126930237, 0.8010260462760925], "skybox_img": 4, "point_uuid": "187", "field_of_view_rads": 1.6719092344888167, "camera_rotation_final": [0.9142358899116516, -0.15004616975784302, 2.1410999298095703]}