{"camera_uuid": "10242", "obliqueness_angle": 1.2335236072540283, "nonfixated_points_in_view": [69], "camera_rotation_original": [1.5707963705062866, -0.036145832389593124, -1.5848830938339233], "point_location": [5.88560152053833, 2.9037883281707764, -1.379170298576355], "skybox_img_path": "./img/high/10242_skybox4.jpg", "resolution": 512, "camera_distance": 0.40006169554890686, "view_id": 2, "point_pitch": -0.5082980831477304, "camera_rotation_from_original_to_final": [0.01307753287255764, 0.4839085638523102, -0.7410504817962646], "camera_location": [5.628195285797119, 3.1469573974609375, -1.1929978132247925], "point_normal": [0.37723758816719055, 0.9258206486701965, 0.023412004113197327], "camera_rotation_final_quaternion": [0.3507111370563507, 0.19737176597118378, -0.4778751730918884, -0.7808209657669067], "skybox_img": 4, "point_uuid": "191", "field_of_view_rads": 1.7779022957772381, "camera_rotation_final": [1.0865644216537476, -0.026971546933054924, -2.3135762214660645]}