{"camera_uuid": "2194", "obliqueness_angle": 1.0762304067611694, "nonfixated_points_in_view": [66], "camera_rotation_original": [1.5707963705062866, -0.12458090484142303, 0.9601542353630066], "point_location": [2.066779375076294, 2.579990863800049, -1.4030261039733887], "skybox_img_path": "./img/high/2194_skybox4.jpg", "resolution": 512, "camera_distance": 0.6696878975525716, "view_id": 10, "point_pitch": -0.5499769886347909, "camera_rotation_from_original_to_final": [-0.2945865988731384, -0.3822798430919647, -0.5874203443527222], "camera_location": [2.2522385120391846, 2.015054941177368, -1.0949121713638306], "point_normal": [0.0033442084677517414, -0.016241353005170822, 0.9998626112937927], "camera_rotation_final_quaternion": [0.8343767523765564, 0.5169708728790283, 0.051944077014923096, 0.18400631844997406], "skybox_img": 4, "point_uuid": "51", "field_of_view_rads": 1.957036885090066, "camera_rotation_final": [1.0899006128311157, -0.10375601798295975, 0.37118393182754517]}