{"camera_uuid": "14360", "obliqueness_angle": 1.0427130460739136, "nonfixated_points_in_view": [34, 75, 13], "camera_rotation_original": [1.5707963705062866, 0.012454148381948471, 0.5182605385780334], "point_location": [0.2828949987888336, -0.2686469852924347, -1.422070026397705], "skybox_img_path": "./img/high/14360_skybox4.jpg", "resolution": 512, "camera_distance": 0.6885457065031411, "view_id": 8, "point_pitch": -0.30385391314956145, "camera_rotation_from_original_to_final": [-0.2690463364124298, -0.1503344029188156, -0.2586645185947418], "camera_location": [0.43840327858924866, -0.9062453508377075, -1.2137898206710815], "point_normal": [0.3723050653934479, -0.15438079833984375, 0.9151805639266968], "camera_rotation_final_quaternion": [0.8018206357955933, 0.5858803987503052, 0.07414671778678894, 0.09126916527748108], "skybox_img": 4, "point_uuid": "105", "field_of_view_rads": 1.6816280418618088, "camera_rotation_final": [1.263466715812683, 0.01195938978344202, 0.2354307770729065]}