{"camera_uuid": "14084", "obliqueness_angle": 1.2796194553375244, "nonfixated_points_in_view": [127], "camera_rotation_original": [1.5707963705062866, -0.056424885988235474, -1.848453164100647], "point_location": [0.14699065685272217, -0.1122998520731926, -1.4476916790008545], "skybox_img_path": "./img/high/14084_skybox4.jpg", "resolution": 512, "camera_distance": 0.9622331457950813, "view_id": 42, "point_pitch": -0.35775785048934416, "camera_rotation_from_original_to_final": [0.11235152930021286, 0.3671814203262329, 0.4789125919342041], "camera_location": [-0.7308900356292725, -0.27280980348587036, -1.0878936052322388], "point_normal": [0.0340309739112854, 0.2575204074382782, 0.9656734466552734], "camera_rotation_final_quaternion": [0.6506985425949097, 0.41990190744400024, -0.36976003646850586, -0.513372540473938], "skybox_img": 4, "point_uuid": "178", "field_of_view_rads": 0.8526318947095067, "camera_rotation_final": [1.1870580911636353, -0.050093360245227814, -1.369741678237915]}