{"camera_uuid": "14165", "obliqueness_angle": 1.0777508020401, "nonfixated_points_in_view": [], "camera_rotation_original": [1.5707963705062866, 0.17031224071979523, -0.7391889691352844], "point_location": [-0.11395721882581711, -0.04560520127415657, -1.4123445749282837], "skybox_img_path": "./img/high/14165_skybox4.jpg", "resolution": 512, "camera_distance": 0.8549073872684679, "view_id": 44, "point_pitch": -0.4557046135279794, "camera_rotation_from_original_to_final": [-0.34747961163520813, 0.32337987422943115, -0.10191387683153152], "camera_location": [-0.6496356725692749, -0.5879506468772888, -1.0253347158432007], "point_normal": [-0.009451550431549549, -0.023393457755446434, 0.9996817111968994], "camera_rotation_final_quaternion": [0.7541808485984802, 0.5005615949630737, -0.15196064114570618, -0.39693495631217957], "skybox_img": 4, "point_uuid": "192", "field_of_view_rads": 2.081073338083007, "camera_rotation_final": [1.093665361404419, 0.16897210478782654, -0.8659340739250183]}