{"camera_uuid": "4228", "obliqueness_angle": 0.9102143049240112, "nonfixated_points_in_view": [97, 42], "camera_rotation_original": [1.5707963705062866, 0.12050407379865646, -1.614880919456482], "point_location": [-0.014790859073400497, 3.0187888145446777, -1.4541010856628418], "skybox_img_path": "./img/high/4228_skybox4.jpg", "resolution": 512, "camera_distance": 0.5030236723216599, "view_id": 16, "point_pitch": -0.6594361503932138, "camera_rotation_from_original_to_final": [0.06605289876461029, 0.6570100784301758, 0.0605328232049942], "camera_location": [-0.41242632269859314, 3.016849994659424, -1.146018147468567], "point_normal": [-0.0014163268497213721, 0.001087893615476787, 0.9999983906745911], "camera_rotation_final_quaternion": [0.5863593816757202, 0.33476853370666504, -0.28583040833473206, -0.6800100803375244], "skybox_img": 4, "point_uuid": "3", "field_of_view_rads": 1.6924921945557647, "camera_rotation_final": [0.9059642553329468, 0.12038382142782211, -1.6597822904586792]}