{"camera_uuid": "10186", "obliqueness_angle": 1.1533197164535522, "nonfixated_points_in_view": [], "camera_rotation_original": [1.5707963705062866, -0.07145451754331589, -0.3375481367111206], "point_location": [3.4670467376708984, 1.0758438110351562, -0.6993377804756165], "skybox_img_path": "./img/high/10186_skybox4.jpg", "resolution": 512, "camera_distance": 0.9528743947460023, "view_id": 91, "point_pitch": -0.06929783423873381, "camera_rotation_from_original_to_final": [-0.06803660839796066, 0.023723600432276726, 0.03515207767486572], "camera_location": [3.18473744392395, 0.16833843290805817, -0.6307443976402283], "point_normal": [-0.728654682636261, -0.24732623994350433, -0.6386642456054688], "camera_rotation_final_quaternion": [0.7272789478302002, 0.6693575978279114, -0.1263631284236908, -0.0840124785900116], "skybox_img": 4, "point_uuid": "78", "field_of_view_rads": 0.6308923629985653, "camera_rotation_final": [1.4985641241073608, -0.07139433920383453, -0.29643169045448303]}