{"camera_uuid": "8021", "obliqueness_angle": 1.5370290279388428, "nonfixated_points_in_view": [], "camera_rotation_original": [1.5707963705062866, 0.12207216024398804, 1.4570368528366089], "point_location": [-0.4054321348667145, 1.2653040885925293, -0.6841932535171509], "skybox_img_path": "./img/high/8021_skybox4.jpg", "resolution": 512, "camera_distance": 0.4915380296566249, "view_id": 3, "point_pitch": 0.07305748859909578, "camera_rotation_from_original_to_final": [0.028821496292948723, -0.010291841812431812, -0.7157295346260071], "camera_location": [-0.07351157069206238, 0.9027758836746216, -0.6807750463485718], "point_normal": [0.040700461715459824, 0.0009101604809984565, 0.9991709589958191], "camera_rotation_final_quaternion": [0.6725199818611145, 0.6443156599998474, 0.2852723300457001, 0.22626076638698578], "skybox_img": 4, "point_uuid": "104", "field_of_view_rads": 1.0386947080855735, "camera_rotation_final": [1.563812494277954, 0.09226681292057037, 0.7407085299491882]}