{"camera_uuid": "10306", "obliqueness_angle": 1.4116203784942627, "nonfixated_points_in_view": [59], "camera_rotation_original": [1.5707963705062866, -0.1250387728214264, -2.2813496589660645], "point_location": [4.966612815856934, 0.5080769658088684, -1.3585069179534912], "skybox_img_path": "./img/high/10306_skybox4.jpg", "resolution": 512, "camera_distance": 0.6529579868511282, "view_id": 21, "point_pitch": -0.5495018204066415, "camera_rotation_from_original_to_final": [0.3485112488269806, 0.39910218119621277, -0.17084810137748718], "camera_location": [4.640958309173584, 0.9704661965370178, -1.0321643352508545], "point_normal": [-0.30664733052253723, -0.5435833930969238, 0.7813350558280945], "camera_rotation_final_quaternion": [0.3195522129535675, 0.11676208674907684, -0.48628297448158264, -0.8048489689826965], "skybox_img": 4, "point_uuid": "115", "field_of_view_rads": 2.0062308946333633, "camera_rotation_final": [1.0430302619934082, -0.12314491719007492, -2.456515312194824]}