{"camera_uuid": "2486", "obliqueness_angle": 1.2020772695541382, "nonfixated_points_in_view": [], "camera_rotation_original": [1.5707963705062866, 0.016297250986099243, -2.035538673400879], "point_location": [3.4670467376708984, 1.0758438110351562, -0.6993377804756165], "skybox_img_path": "./img/high/2486_skybox4.jpg", "resolution": 512, "camera_distance": 0.9566370716706558, "view_id": 8, "point_pitch": 0.3113162080433707, "camera_rotation_from_original_to_final": [-0.14061474800109863, -0.26917463541030884, -0.5265428423881531], "camera_location": [2.981490135192871, 1.8491261005401611, -0.9846863150596619], "point_normal": [-0.728654682636261, -0.24732623994350433, -0.6386642456054688], "camera_rotation_final_quaternion": [0.1597219854593277, 0.22858653962612152, -0.7725864052772522, -0.5703922510147095], "skybox_img": 4, "point_uuid": "78", "field_of_view_rads": 1.6816280418618088, "camera_rotation_final": [1.8737201690673828, 0.01397036761045456, -2.5765328407287598]}