{"camera_uuid": "4619", "obliqueness_angle": 1.0000094175338745, "nonfixated_points_in_view": [49, 102], "camera_rotation_original": [1.5707963705062866, 0.09913118183612823, -1.2847317457199097], "point_location": [3.365755796432495, 1.3757675886154175, -0.9474144577980042], "skybox_img_path": "./img/high/4619_skybox4.jpg", "resolution": 512, "camera_distance": 0.5497935840906707, "view_id": 5, "point_pitch": 0.25263531605270906, "camera_rotation_from_original_to_final": [0.0669819638133049, -0.2216804474592209, -0.23485636711120605], "camera_location": [2.8315370082855225, 1.34442937374115, -1.0735143423080444], "point_normal": [-0.6433119773864746, 0.7428977489471436, 0.18507462739944458], "camera_rotation_final_quaternion": [0.42980730533599854, 0.5964903831481934, -0.5088011026382446, -0.44786858558654785], "skybox_img": 4, "point_uuid": "9", "field_of_view_rads": 2.119048415795751, "camera_rotation_final": [1.8033300638198853, 0.09707814455032349, -1.4892522096633911]}