{"camera_uuid": "5004", "obliqueness_angle": 0.9196175932884216, "nonfixated_points_in_view": [], "camera_rotation_original": [1.5707963705062866, -0.11763359606266022, -2.4351954460144043], "point_location": [0.7851385474205017, 1.2789015769958496, -1.4171496629714966], "skybox_img_path": "./img/high/5004_skybox4.jpg", "resolution": 512, "camera_distance": 0.9771504043964946, "view_id": 68, "point_pitch": -0.5834864815089364, "camera_rotation_from_original_to_final": [0.49874985218048096, 0.40154093503952026, 0.47033217549324036], "camera_location": [0.09276352822780609, 1.6591951847076416, -0.8419831395149231], "point_normal": [0.012679249048233032, 0.07213246822357178, 0.9973145127296448], "camera_rotation_final_quaternion": [0.5033838152885437, 0.20471709966659546, -0.40470099449157715, -0.7354676723480225], "skybox_img": 4, "point_uuid": "187", "field_of_view_rads": 1.7038416286700269, "camera_rotation_final": [0.9372941851615906, -0.1065155416727066, -1.9951421022415161]}