{"camera_uuid": "16330", "obliqueness_angle": 1.3823318481445312, "nonfixated_points_in_view": [], "camera_rotation_original": [1.5707963705062866, -0.03516858071088791, 1.8157073259353638], "point_location": [5.327018737792969, -0.6150552034378052, -1.3985912799835205], "skybox_img_path": "./img/high/16330_skybox4.jpg", "resolution": 512, "camera_distance": 0.8887129365426458, "view_id": 3, "point_pitch": -0.19393305381270842, "camera_rotation_from_original_to_final": [0.04790208116173744, -0.18672890961170197, -0.04279012233018875], "camera_location": [6.180741786956787, -0.4361719787120819, -1.228390097618103], "point_normal": [-0.004159807693213224, -0.0008233638945966959, 0.9999910593032837], "camera_rotation_final_quaternion": [0.47580423951148987, 0.4096102714538574, 0.4862738847732544, 0.6077560782432556], "skybox_img": 4, "point_uuid": "39", "field_of_view_rads": 1.0386947080855735, "camera_rotation_final": [1.3779709339141846, -0.03515114635229111, 1.7842028141021729]}