{"camera_uuid": "3618", "obliqueness_angle": 1.2499499320983887, "nonfixated_points_in_view": [], "camera_rotation_original": [1.5707963705062866, -0.11791305243968964, -2.2072393894195557], "point_location": [3.3059499263763428, 1.507105827331543, -1.4197665452957153], "skybox_img_path": "./img/high/3618_skybox4.jpg", "resolution": 512, "camera_distance": 0.8685932664686306, "view_id": 2, "point_pitch": -0.2405143221232553, "camera_rotation_from_original_to_final": [0.17798329889774323, 0.22631701827049255, 0.4088451862335205], "camera_location": [2.498162031173706, 1.7108453512191772, -1.1739553213119507], "point_normal": [-0.034560561180114746, 0.0017010869923979044, 0.9994011521339417], "camera_rotation_final_quaternion": [0.5269278287887573, 0.34089893102645874, -0.4922279119491577, -0.6031970381736755], "skybox_img": 4, "point_uuid": "155", "field_of_view_rads": 2.0654331783647693, "camera_rotation_final": [1.282157063484192, -0.10768672823905945, -1.7859593629837036]}