{"camera_uuid": "3440", "obliqueness_angle": 1.1010147333145142, "nonfixated_points_in_view": [44], "camera_rotation_original": [1.5707963705062866, -0.06109561771154404, 1.7723698616027832], "point_location": [0.4283650815486908, 1.0628477334976196, -1.424589991569519], "skybox_img_path": "./img/high/3440_skybox4.jpg", "resolution": 512, "camera_distance": 0.8112755636748645, "view_id": 0, "point_pitch": -0.11922530730697112, "camera_rotation_from_original_to_final": [0.018222179263830185, -0.15844064950942993, 0.6997925639152527], "camera_location": [0.9238375425338745, 1.6922965049743652, -1.2962571382522583], "point_normal": [-0.4235262870788574, 0.9035281538963318, 0.06528736650943756], "camera_rotation_final_quaternion": [0.23210833966732025, 0.22666728496551514, 0.6078887581825256, 0.7247198820114136], "skybox_img": 4, "point_uuid": "84", "field_of_view_rads": 1.9554518605800617, "camera_rotation_final": [1.4117703437805176, -0.04636506736278534, 2.4821677207946777]}