{"camera_uuid": "8248", "obliqueness_angle": 1.1208539009094238, "nonfixated_points_in_view": [], "camera_rotation_original": [1.5707963705062866, -0.04808128997683525, 0.15794111788272858], "point_location": [1.8005895614624023, 0.6414239406585693, -0.9798945188522339], "skybox_img_path": "./img/high/8248_skybox4.jpg", "resolution": 512, "camera_distance": 0.6918322064657353, "view_id": 55, "point_pitch": -0.4349374016139169, "camera_rotation_from_original_to_final": [-0.4503440856933594, -0.06938011199235916, 0.4426414370536804], "camera_location": [2.143516778945923, 0.12326899915933609, -0.6756771802902222], "point_normal": [-0.012308535166084766, -0.0017647614004090428, 0.9999226927757263], "camera_rotation_final_quaternion": [0.8063182234764099, 0.5103586912155151, 0.1402515023946762, 0.2640349566936493], "skybox_img": 4, "point_uuid": "193", "field_of_view_rads": 1.632176241732775, "camera_rotation_final": [1.1150412559509277, -0.04334395378828049, 0.605878472328186]}