{"camera_uuid": "12218", "obliqueness_angle": 1.3349418640136719, "nonfixated_points_in_view": [], "camera_rotation_original": [1.5707963705062866, 0.11639197915792465, 0.23130623996257782], "point_location": [5.518570899963379, 1.8022818565368652, -0.9034366607666016], "skybox_img_path": "./img/high/12218_skybox4.jpg", "resolution": 512, "camera_distance": 0.5934037701747137, "view_id": 47, "point_pitch": -0.423605008921351, "camera_rotation_from_original_to_final": [-0.419109970331192, -0.08499401062726974, 0.01288782712072134], "camera_location": [5.640953063964844, 1.2762056589126587, -0.657683789730072], "point_normal": [-0.3810344636440277, 0.07813670486211777, 0.9212532639503479], "camera_rotation_final_quaternion": [0.8398064970970154, 0.5326635241508484, 0.0959114208817482, 0.042375270277261734], "skybox_img": 4, "point_uuid": "103", "field_of_view_rads": 1.7513250082996996, "camera_rotation_final": [1.1407053470611572, 0.11621194332838058, 0.1754266768693924]}