{"camera_uuid": "4003", "obliqueness_angle": 0.8997283577919006, "nonfixated_points_in_view": [], "camera_rotation_original": [1.5707963705062866, 0.05062214285135269, 2.161407470703125], "point_location": [-0.4054321348667145, 1.2653040885925293, -0.6841932535171509], "skybox_img_path": "./img/high/4003_skybox4.jpg", "resolution": 512, "camera_distance": 0.9301313414683673, "view_id": 39, "point_pitch": -0.6411432464930673, "camera_rotation_from_original_to_final": [0.3831844627857208, -0.5243262052536011, -0.038604240864515305], "camera_location": [0.18451601266860962, 1.7232743501663208, -0.12978485226631165], "point_normal": [0.040700461715459824, 0.0009101604809984565, 0.9991709589958191], "camera_rotation_final_quaternion": [0.4179401397705078, 0.1848222017288208, 0.4096508324146271, 0.7895270586013794], "skybox_img": 4, "point_uuid": "104", "field_of_view_rads": 2.1797545326211765, "camera_rotation_final": [0.931267261505127, 0.05059640109539032, 2.1933107376098633]}