{"camera_uuid": "11905", "obliqueness_angle": 1.2789990901947021, "nonfixated_points_in_view": [], "camera_rotation_original": [1.5707963705062866, 0.151365727186203, -1.3075295686721802], "point_location": [0.580907940864563, -0.050188999623060226, -1.4085019826889038], "skybox_img_path": "./img/high/11905_skybox4.jpg", "resolution": 512, "camera_distance": 0.4520035896877411, "view_id": 8, "point_pitch": -0.42464105685683684, "camera_rotation_from_original_to_final": [-0.0990779772400856, 0.35578256845474243, 0.3888327479362488], "camera_location": [0.2504734694957733, -0.31205832958221436, -1.2455763816833496], "point_normal": [-0.16356271505355835, 0.2954562306404114, 0.941250741481781], "camera_rotation_final_quaternion": [0.7130181789398193, 0.5263873934745789, -0.2066163569688797, -0.41452503204345703], "skybox_img": 4, "point_uuid": "57", "field_of_view_rads": 1.6816280418618088, "camera_rotation_final": [1.1980986595153809, 0.14223821461200714, -0.9560122489929199]}