{"camera_uuid": "11230", "obliqueness_angle": 1.2057008743286133, "nonfixated_points_in_view": [], "camera_rotation_original": [1.5707963705062866, 0.07080906629562378, 1.9959100484848022], "point_location": [0.9536174535751343, -0.7778398990631104, -1.5063177347183228], "skybox_img_path": "./img/high/11230_skybox4.jpg", "resolution": 512, "camera_distance": 0.8352562811443204, "view_id": 21, "point_pitch": -0.36865489085647063, "camera_rotation_from_original_to_final": [0.15596559643745422, -0.341152161359787, -0.08693814277648926], "camera_location": [1.6796818971633911, -0.49953314661979675, -1.201311469078064], "point_normal": [-0.008941924199461937, -0.0010165447602048516, 0.9999595284461975], "camera_rotation_final_quaternion": [0.4935755729675293, 0.3014085292816162, 0.47599416971206665, 0.6625447869300842], "skybox_img": 4, "point_uuid": "89", "field_of_view_rads": 2.173302890718354, "camera_rotation_final": [1.1960082054138184, 0.07054338604211807, 1.9091107845306396]}