{"camera_uuid": "6597", "obliqueness_angle": 0.8294611573219299, "nonfixated_points_in_view": [6], "camera_rotation_original": [1.5707963705062866, -0.04194542393088341, -1.867902398109436], "point_location": [3.4670467376708984, 1.0758438110351562, -0.6993377804756165], "skybox_img_path": "./img/high/6597_skybox4.jpg", "resolution": 512, "camera_distance": 0.9863415563431334, "view_id": 95, "point_pitch": -0.05994097789260344, "camera_rotation_from_original_to_final": [0.02233581617474556, 0.06776221096515656, 0.27425190806388855], "camera_location": [2.4834861755371094, 1.099018931388855, -0.6290440559387207], "point_normal": [-0.728654682636261, -0.24732623994350433, -0.6386642456054688], "camera_rotation_final_quaternion": [0.5218644738197327, 0.46618661284446716, -0.4970276355743408, -0.5131189227104187], "skybox_img": 4, "point_uuid": "78", "field_of_view_rads": 1.3435070464124403, "camera_rotation_final": [1.4994105100631714, -0.040354762226343155, -1.591469645500183]}