{"camera_uuid": "12933", "obliqueness_angle": 1.0623407363891602, "nonfixated_points_in_view": [34, 124, 118], "camera_rotation_original": [1.5707963705062866, 0.10633504390716553, -0.8253418803215027], "point_location": [-0.11395721882581711, -0.04560520127415657, -1.4123445749282837], "skybox_img_path": "./img/high/12933_skybox4.jpg", "resolution": 512, "camera_distance": 0.31293142757520065, "view_id": 18, "point_pitch": -0.4745768745753427, "camera_rotation_from_original_to_final": [-0.33626434206962585, 0.35901570320129395, -0.15131184458732605], "camera_location": [-0.3326495587825775, -0.21495066583156586, -1.2659825086593628], "point_normal": [-0.009451550431549549, -0.023393457755446434, 0.9996817111968994], "camera_rotation_final_quaternion": [0.745319128036499, 0.47589391469955444, -0.19916953146457672, -0.42232197523117065], "skybox_img": 4, "point_uuid": "192", "field_of_view_rads": 1.8083336999188173, "camera_rotation_final": [1.0811471939086914, 0.10526547580957413, -0.9678274393081665]}