{"camera_uuid": "9403", "obliqueness_angle": 0.9228224754333496, "nonfixated_points_in_view": [], "camera_rotation_original": [1.5707963705062866, -0.026313556358218193, 1.5023547410964966], "point_location": [4.439915180206299, 3.184283494949341, -1.3906426429748535], "skybox_img_path": "./img/high/9403_skybox4.jpg", "resolution": 512, "camera_distance": 0.7378335571737789, "view_id": 3, "point_pitch": -0.1577952345225473, "camera_rotation_from_original_to_final": [-0.01076904684305191, -0.15188367664813995, -0.21305866539478302], "camera_location": [5.140345096588135, 2.9811275005340576, -1.2787322998046875], "point_normal": [0.32773926854133606, -0.7354298233985901, 0.5930683016777039], "camera_rotation_final_quaternion": [0.6007461547851562, 0.5257781147956848, 0.3843440115451813, 0.4636174440383911], "skybox_img": 4, "point_uuid": "92", "field_of_view_rads": 0.9904486154446002, "camera_rotation_final": [1.4184837341308594, -0.02573627047240734, 1.292447805404663]}