{"camera_uuid": "12620", "obliqueness_angle": 1.4157495498657227, "nonfixated_points_in_view": [], "camera_rotation_original": [1.5707963705062866, -0.04145347699522972, -2.051450252532959], "point_location": [3.9741721153259277, -0.9291063547134399, -0.6485407948493958], "skybox_img_path": "./img/high/12620_skybox4.jpg", "resolution": 512, "camera_distance": 0.8840244085237362, "view_id": 4, "point_pitch": -0.1970708807322641, "camera_rotation_from_original_to_final": [0.08877720683813095, 0.1690375655889511, -0.14989686012268066], "camera_location": [3.276977777481079, -0.41206514835357666, -0.4809471666812897], "point_normal": [0.019443031400442123, 0.5589542388916016, -0.8289705514907837], "camera_rotation_final_quaternion": [0.3610660135746002, 0.2742833197116852, -0.5744375586509705, -0.6814848184585571], "skybox_img": 4, "point_uuid": "189", "field_of_view_rads": 0.7352830670651015, "camera_rotation_final": [1.379899263381958, -0.04099141061306, -2.2009823322296143]}