{"camera_uuid": "8198", "obliqueness_angle": 0.5113637447357178, "nonfixated_points_in_view": [], "camera_rotation_original": [1.5707963705062866, 0.09112873673439026, -0.2951487600803375], "point_location": [2.448582887649536, 0.7421338558197021, -1.3952909708023071], "skybox_img_path": "./img/high/8198_skybox4.jpg", "resolution": 512, "camera_distance": 0.8127844569301262, "view_id": 6, "point_pitch": -0.5867425640437265, "camera_rotation_from_original_to_final": [-0.6267125606536865, 0.17088167369365692, -0.743760347366333], "camera_location": [1.9077508449554443, 0.3838372826576233, -0.905655562877655], "point_normal": [-0.7041676044464111, -0.69074547290802, 0.16437388956546783], "camera_rotation_final_quaternion": [0.7700208425521851, 0.4013429880142212, -0.19420401751995087, -0.4563731551170349], "skybox_img": 4, "point_uuid": "158", "field_of_view_rads": 1.794124606241639, "camera_rotation_final": [0.9225571155548096, 0.06729281693696976, -1.0365772247314453]}