{"camera_uuid": "15723", "obliqueness_angle": 0.8011589646339417, "nonfixated_points_in_view": [], "camera_rotation_original": [1.5707963705062866, 0.13755999505519867, 0.6626700758934021], "point_location": [6.080295085906982, 1.5599316358566284, -1.4123303890228271], "skybox_img_path": "./img/high/15723_skybox4.jpg", "resolution": 512, "camera_distance": 0.6869490702680897, "view_id": 0, "point_pitch": -0.572287722429957, "camera_rotation_from_original_to_final": [-0.43202343583106995, -0.3028563857078552, 0.4766346216201782], "camera_location": [6.604269504547119, 1.2769914865493774, -1.0698472261428833], "point_normal": [0.9878883361816406, 0.1546885371208191, 0.012175889685750008], "camera_rotation_final_quaternion": [0.7745307683944702, 0.4096052050590515, 0.2880021929740906, 0.3864976465702057], "skybox_img": 4, "point_uuid": "94", "field_of_view_rads": 1.1498058012590282, "camera_rotation_final": [1.0439716577529907, 0.1298750340938568, 1.0004832744598389]}