{"camera_uuid": "9939", "obliqueness_angle": 1.430777907371521, "nonfixated_points_in_view": [], "camera_rotation_original": [1.5707963705062866, -0.03748580068349838, -2.5076470375061035], "point_location": [2.4280853271484375, -0.49214041233062744, -0.8174121379852295], "skybox_img_path": "./img/high/9939_skybox4.jpg", "resolution": 512, "camera_distance": 0.8654777881958222, "view_id": 13, "point_pitch": -0.39684097369643645, "camera_rotation_from_original_to_final": [0.35247257351875305, 0.23935972154140472, 0.8134258985519409], "camera_location": [1.6495921611785889, -0.36295077204704285, -0.4620106518268585], "point_normal": [-0.53856360912323, -0.546765923500061, -0.641089916229248], "camera_rotation_final_quaternion": [0.5523373484611511, 0.34496164321899414, -0.41914263367652893, -0.6326487064361572], "skybox_img": 4, "point_uuid": "141", "field_of_view_rads": 1.6924921945557647, "camera_rotation_final": [1.147479772567749, -0.026540342718362808, -1.723289966583252]}