{"camera_uuid": "10370", "obliqueness_angle": 1.1964690685272217, "nonfixated_points_in_view": [], "camera_rotation_original": [1.5707963705062866, 0.1667744666337967, -1.9416598081588745], "point_location": [2.4280853271484375, -0.49214041233062744, -0.8174121379852295], "skybox_img_path": "./img/high/10370_skybox4.jpg", "resolution": 512, "camera_distance": 0.9363029725663518, "view_id": 9, "point_pitch": 0.14226754108933015, "camera_rotation_from_original_to_final": [-0.04899999871850014, -0.1296948790550232, -0.030549386516213417], "camera_location": [1.5756709575653076, -0.12700532376766205, -0.9467542767524719], "point_normal": [-0.53856360912323, -0.546765923500061, -0.641089916229248], "camera_rotation_final_quaternion": [0.3140551447868347, 0.4668191373348236, -0.5925796031951904, -0.5764535069465637], "skybox_img": 4, "point_uuid": "141", "field_of_view_rads": 0.9904486154446002, "camera_rotation_final": [1.7113434076309204, 0.16676566004753113, -1.9520238637924194]}