{"camera_uuid": "4819", "obliqueness_angle": 0.2825348675251007, "nonfixated_points_in_view": [], "camera_rotation_original": [1.5707963705062866, 0.055082350969314575, 0.999735951423645], "point_location": [-0.30368760228157043, 1.3439174890518188, -0.7665223479270935], "skybox_img_path": "./img/high/4819_skybox4.jpg", "resolution": 512, "camera_distance": 0.9172501972927826, "view_id": 19, "point_pitch": -0.11705247958632903, "camera_rotation_from_original_to_final": [-0.032164040952920914, -0.07510878145694733, 0.7280272245407104], "camera_location": [0.5995980501174927, 1.4852523803710938, -0.6927156448364258], "point_normal": [0.9422652125358582, 0.29410141706466675, -0.16012726724147797], "camera_rotation_final_quaternion": [0.48934268951416016, 0.4300745725631714, 0.5242168307304382, 0.5484307408332825], "skybox_img": 4, "point_uuid": "180", "field_of_view_rads": 1.8083336999188173, "camera_rotation_final": [1.4901751279830933, 0.041322845965623856, 1.7226678133010864]}