{"camera_uuid": "7142", "obliqueness_angle": 1.1354942321777344, "nonfixated_points_in_view": [], "camera_rotation_original": [1.5707963705062866, 0.02204696275293827, 0.6570581793785095], "point_location": [0.48665541410446167, 2.050424337387085, -1.4244725704193115], "skybox_img_path": "./img/high/7142_skybox4.jpg", "resolution": 512, "camera_distance": 0.9007644976098655, "view_id": 3, "point_pitch": -0.6301085193965097, "camera_rotation_from_original_to_final": [-0.5351327657699585, -0.3740317225456238, -0.47496020793914795], "camera_location": [0.5433666706085205, 1.3313895463943481, -0.8848899006843567], "point_normal": [-0.7508701086044312, -0.09726908802986145, 0.6532478928565979], "camera_rotation_final_quaternion": [0.8938065767288208, 0.44717979431152344, 0.022726844996213913, 0.024970082566142082], "skybox_img": 4, "point_uuid": "167", "field_of_view_rads": 1.1263039557204935, "camera_rotation_final": [0.9283851385116577, 0.018295597285032272, 0.06501949578523636]}