{"camera_uuid": "10908", "obliqueness_angle": 0.7882601618766785, "nonfixated_points_in_view": [96, 33, 126], "camera_rotation_original": [1.5707963705062866, -0.06688706576824188, -2.997316837310791], "point_location": [5.828517913818359, 2.564039945602417, -1.4026315212249756], "skybox_img_path": "./img/high/10908_skybox4.jpg", "resolution": 512, "camera_distance": 0.5542284662662647, "view_id": 0, "point_pitch": -0.18964521487685637, "camera_rotation_from_original_to_final": [0.18294215202331543, 0.027440862730145454, -0.07373961806297302], "camera_location": [5.791543006896973, 3.1075587272644043, -1.3007031679153442], "point_normal": [-0.688854455947876, 0.704293966293335, -0.1716088503599167], "camera_rotation_final_quaternion": [0.05221446976065636, 4.3178711166547146e-06, -0.638783872127533, -0.7676123976707458], "skybox_img": 4, "point_uuid": "169", "field_of_view_rads": 2.078591559549699, "camera_rotation_final": [1.3854155540466309, -0.06675045192241669, -3.0611605644226074]}