{"camera_uuid": "13396", "obliqueness_angle": 0.8221467733383179, "nonfixated_points_in_view": [], "camera_rotation_original": [1.5707963705062866, -0.104048952460289, 1.0406807661056519], "point_location": [5.601480484008789, 2.1461212635040283, -1.4044468402862549], "skybox_img_path": "./img/high/13396_skybox4.jpg", "resolution": 512, "camera_distance": 0.6986644415111789, "view_id": 0, "point_pitch": -0.6335727413508554, "camera_rotation_from_original_to_final": [-0.36408641934394836, -0.5722973942756653, 0.40367335081100464], "camera_location": [6.134493350982666, 2.014824151992798, -0.9722543358802795], "point_normal": [0.8320084810256958, 0.5058020949363708, 0.2278733104467392], "camera_rotation_final_quaternion": [0.6724219918251038, 0.35974958539009094, 0.2475503832101822, 0.5976183414459229], "skybox_img": 4, "point_uuid": "56", "field_of_view_rads": 2.078591559549699, "camera_rotation_final": [0.9000980257987976, -0.09722236543893814, 1.4061369895935059]}