{"camera_uuid": "3641", "obliqueness_angle": 1.084559679031372, "nonfixated_points_in_view": [], "camera_rotation_original": [-1.570796251296997, 3.126338243484497, 0.006183298770338297], "point_location": [1.8005895614624023, 0.6414239406585693, -0.9798945188522339], "skybox_img_path": "./img/high/3641_skybox4.jpg", "resolution": 512, "camera_distance": 0.7766980995455827, "view_id": 23, "point_pitch": -0.4881765087458749, "camera_rotation_from_original_to_final": [0.48678919672966003, 0.0011792725417762995, 0.09506717324256897], "camera_location": [1.7310727834701538, 1.3243722915649414, -0.6165642142295837], "point_normal": [-0.012308535166084766, -0.0017647614004090428, 0.9999226927757263], "camera_rotation_final_quaternion": [-0.036075178533792496, -0.030580416321754456, 0.5149471759796143, 0.8559163808822632], "skybox_img": 4, "point_uuid": "193", "field_of_view_rads": 2.0576205968287535, "camera_rotation_final": [-2.0576443672180176, 3.126397132873535, 0.09339575469493866]}