{"camera_uuid": "7728", "obliqueness_angle": 1.1904667615890503, "nonfixated_points_in_view": [36], "camera_rotation_original": [1.5707963705062866, 0.02347378619015217, 2.5606260299682617], "point_location": [2.9207348823547363, -0.5152132511138916, -0.5628843903541565], "skybox_img_path": "./img/high/7728_skybox4.jpg", "resolution": 512, "camera_distance": 0.7123160309956545, "view_id": 13, "point_pitch": -0.3512201746318002, "camera_rotation_from_original_to_final": [0.2868568003177643, -0.17984040081501007, 0.6164073944091797], "camera_location": [2.8798270225524902, 0.1557355523109436, -0.3271973729133606], "point_normal": [-0.26315274834632874, 0.039460260421037674, 0.9639468193054199], "camera_rotation_final_quaternion": [-0.016669122502207756, -0.02339564822614193, 0.5779407620429993, 0.81557297706604], "skybox_img": 4, "point_uuid": "152", "field_of_view_rads": 1.7927549318813307, "camera_rotation_final": [1.233503818511963, 0.018895311281085014, 3.195861339569092]}