{"camera_uuid": "1831", "obliqueness_angle": 0.7898725867271423, "nonfixated_points_in_view": [], "camera_rotation_original": [1.5707963705062866, 0.14266033470630646, -0.9436740875244141], "point_location": [2.772310256958008, 3.1618707180023193, -1.40426504611969], "skybox_img_path": "./img/high/1831_skybox4.jpg", "resolution": 512, "camera_distance": 0.6708007946894632, "view_id": 2, "point_pitch": -0.7291053970667978, "camera_rotation_from_original_to_final": [-0.5002787113189697, 0.6260371208190918, -0.474593847990036], "camera_location": [2.3213720321655273, 3.00523042678833, -0.9329984188079834], "point_normal": [-0.01028609462082386, 0.022713176906108856, 0.9996891021728516], "camera_rotation_final_quaternion": [0.6996887922286987, 0.33343321084976196, -0.193779855966568, -0.601421058177948], "skybox_img": 4, "point_uuid": "32", "field_of_view_rads": 1.0910236528484336, "camera_rotation_final": [0.7833601236343384, 0.13026441633701324, -1.3661653995513916]}