{"camera_uuid": "5658", "obliqueness_angle": 1.436397671699524, "nonfixated_points_in_view": [], "camera_rotation_original": [1.5707963705062866, 0.11823663115501404, 2.8458642959594727], "point_location": [4.301836967468262, 1.017685055732727, -0.9298179745674133], "skybox_img_path": "./img/high/5658_skybox4.jpg", "resolution": 512, "camera_distance": 0.7757548286418021, "view_id": 36, "point_pitch": -0.4272326668116708, "camera_rotation_from_original_to_final": [0.3471955955028534, -0.0889577642083168, 0.6351412534713745], "camera_location": [4.051055431365967, 1.6996996402740479, -0.6582295298576355], "point_normal": [0.8843962550163269, 0.35868605971336365, 0.2986428737640381], "camera_rotation_final_quaternion": [-0.10196395218372345, -0.1288132220506668, 0.5553011298179626, 0.8152614235877991], "skybox_img": 4, "point_uuid": "143", "field_of_view_rads": 0.9196569054818151, "camera_rotation_final": [1.2113593816757202, 0.09694327414035797, 3.4575998783111572]}