{"camera_uuid": "15625", "obliqueness_angle": 0.885370135307312, "nonfixated_points_in_view": [], "camera_rotation_original": [1.5707963705062866, -0.02264590933918953, 2.0595293045043945], "point_location": [5.022676944732666, -0.4345104992389679, -1.360304355621338], "skybox_img_path": "./img/high/15625_skybox4.jpg", "resolution": 512, "camera_distance": 0.9174519999694696, "view_id": 5, "point_pitch": -0.6770889004084726, "camera_rotation_from_original_to_final": [0.3561864495277405, -0.5761898756027222, -0.5940119028091431], "camera_location": [5.743716716766357, -0.4343234598636627, -0.7930127382278442], "point_normal": [0.020464561879634857, 0.0647537112236023, 0.9976915121078491], "camera_rotation_final_quaternion": [0.627772867679596, 0.312793493270874, 0.3049481213092804, 0.6442577838897705], "skybox_img": 4, "point_uuid": "62", "field_of_view_rads": 2.119048415795751, "camera_rotation_final": [0.9040155410766602, -0.020164376124739647, 1.5869232416152954]}