{"camera_uuid": "2424", "obliqueness_angle": 0.8340332508087158, "nonfixated_points_in_view": [], "camera_rotation_original": [1.5707963705062866, 0.14006072282791138, -0.3012988269329071], "point_location": [0.8357325792312622, 3.0001583099365234, -1.4500991106033325], "skybox_img_path": "./img/high/2424_skybox4.jpg", "resolution": 512, "camera_distance": 0.7708730520935463, "view_id": 15, "point_pitch": -0.7312559326502939, "camera_rotation_from_original_to_final": [-0.7527720928192139, 0.23827427625656128, -0.41602885723114014], "camera_location": [0.5239329934120178, 2.5505805015563965, -0.9070465564727783], "point_normal": [0.02106740139424801, 0.04000088572502136, 0.998977541923523], "camera_rotation_final_quaternion": [0.8527441024780273, 0.3756977915763855, -0.08135741949081421, -0.3536377549171448], "skybox_img": 4, "point_uuid": "133", "field_of_view_rads": 1.6071546237233685, "camera_rotation_final": [0.7809968590736389, 0.12731137871742249, -0.7337729930877686]}