{"camera_uuid": "4723", "obliqueness_angle": 1.309828281402588, "nonfixated_points_in_view": [64], "camera_rotation_original": [1.5707963705062866, -0.17211106419563293, -2.764726400375366], "point_location": [-0.30368760228157043, 1.3439174890518188, -0.7665223479270935], "skybox_img_path": "./img/high/4723_skybox4.jpg", "resolution": 512, "camera_distance": 0.7449995706168222, "view_id": 5, "point_pitch": -0.3508780439707895, "camera_rotation_from_original_to_final": [0.26976796984672546, 0.10161842405796051, -0.38740384578704834], "camera_location": [-0.286652535200119, 2.0580692291259766, -0.5550478100776672], "point_normal": [0.9422652125358582, 0.29410141706466675, -0.16012726724147797], "camera_rotation_final_quaternion": [0.05798698589205742, -0.05752825736999512, -0.5956183075904846, -0.7991037964820862], "skybox_img": 4, "point_uuid": "180", "field_of_view_rads": 2.119048415795751, "camera_rotation_final": [1.2790641784667969, -0.1617223471403122, -3.1171255111694336]}