{"camera_uuid": "5149", "obliqueness_angle": 0.7512193918228149, "nonfixated_points_in_view": [4], "camera_rotation_original": [1.5707963705062866, 0.12474261969327927, -2.9125356674194336], "point_location": [2.7213988304138184, 0.7782269716262817, -1.3615648746490479], "skybox_img_path": "./img/high/5149_skybox4.jpg", "resolution": 512, "camera_distance": 0.7671462923936073, "view_id": 2, "point_pitch": -0.3876036842677255, "camera_rotation_from_original_to_final": [0.4571378231048584, 0.12402104586362839, -0.6862130165100098], "camera_location": [3.0440032482147217, 1.3805522918701172, -1.0127898454666138], "point_normal": [0.6617732048034668, 0.7121241688728333, -0.2343832552433014], "camera_rotation_final_quaternion": [-0.24911709129810333, -0.101331427693367, -0.5122618079185486, -0.8156349658966064], "skybox_img": 4, "point_uuid": "12", "field_of_view_rads": 1.0910236528484336, "camera_rotation_final": [1.0967512130737305, 0.09004908055067062, -3.679417610168457]}