{"camera_uuid": "4805", "obliqueness_angle": 1.0521116256713867, "nonfixated_points_in_view": [], "camera_rotation_original": [1.5707963705062866, -0.14848965406417847, 1.4179925918579102], "point_location": [-0.014790859073400497, 3.0187888145446777, -1.4541010856628418], "skybox_img_path": "./img/high/4805_skybox4.jpg", "resolution": 512, "camera_distance": 0.7961607518325431, "view_id": 2, "point_pitch": -0.5851663788172861, "camera_rotation_from_original_to_final": [-0.07852577418088913, -0.5151183605194092, -0.4680163860321045], "camera_location": [0.5376666188240051, 2.6041698455810547, -1.0581796169281006], "point_normal": [-0.0014163268497213721, 0.001087893615476787, 0.9999983906745911], "camera_rotation_final_quaternion": [0.7412064075469971, 0.4646705389022827, 0.18824739754199982, 0.4463823735713959], "skybox_img": 4, "point_uuid": "3", "field_of_view_rads": 1.0910236528484336, "camera_rotation_final": [1.044959545135498, -0.13620184361934662, 1.0056121349334717]}