{"camera_uuid": "3021", "obliqueness_angle": 1.3831214904785156, "nonfixated_points_in_view": [], "camera_rotation_original": [1.5707963705062866, -0.10266225039958954, -1.9248393774032593], "point_location": [0.32991182804107666, 2.4133899211883545, -1.3794349431991577], "skybox_img_path": "./img/high/3021_skybox4.jpg", "resolution": 512, "camera_distance": 0.8409805322422547, "view_id": 11, "point_pitch": -0.6561702926966806, "camera_rotation_from_original_to_final": [0.2296351194381714, 0.5596199631690979, -0.5396562814712524], "camera_location": [-0.06746985763311386, 2.982346296310425, -0.9044352769851685], "point_normal": [0.7323230504989624, 0.6650322675704956, 0.14640741050243378], "camera_rotation_final_quaternion": [0.3099892735481262, 0.11613926291465759, -0.4517781436443329, -0.8284412026405334], "skybox_img": 4, "point_uuid": "151", "field_of_view_rads": 1.384811670309553, "camera_rotation_final": [0.9679380059242249, -0.0877763107419014, -2.4716453552246094]}