{"camera_uuid": "10184", "obliqueness_angle": 1.2904787063598633, "nonfixated_points_in_view": [], "camera_rotation_original": [1.5707963705062866, 0.012209487147629261, -0.4448370635509491], "point_location": [1.8005895614624023, 0.6414239406585693, -0.9798945188522339], "skybox_img_path": "./img/high/10184_skybox4.jpg", "resolution": 512, "camera_distance": 0.721999478238583, "view_id": 35, "point_pitch": -0.26117460330459075, "camera_rotation_from_original_to_final": [-0.24437707662582397, 0.11255550384521484, -0.663123607635498], "camera_location": [1.1819790601730347, 0.3222077488899231, -0.7883082032203674], "point_normal": [-0.012308535166084766, -0.0017647614004090428, 0.9999226927757263], "camera_rotation_final_quaternion": [0.6771740913391113, 0.5191537141799927, -0.3127330243587494, -0.41726815700531006], "skybox_img": 4, "point_uuid": "193", "field_of_view_rads": 1.1757349260572838, "camera_rotation_final": [1.3022112846374512, 0.009703343734145164, -1.097084879875183]}