{"camera_uuid": "1576", "obliqueness_angle": 0.37470555305480957, "nonfixated_points_in_view": [], "camera_rotation_original": [1.5707963705062866, -0.10469914227724075, 1.8301976919174194], "point_location": [0.32991182804107666, 2.4133899211883545, -1.3794349431991577], "skybox_img_path": "./img/high/1576_skybox4.jpg", "resolution": 512, "camera_distance": 0.8767066367024172, "view_id": 39, "point_pitch": -0.1289369304988046, "camera_rotation_from_original_to_final": [0.03649204969406128, -0.13525398075580597, 0.09685066342353821], "camera_location": [1.1427812576293945, 2.718149185180664, -1.257043719291687], "point_normal": [0.7323230504989624, 0.6650322675704956, 0.14640741050243378], "camera_rotation_final_quaternion": [0.39681458473205566, 0.40140262246131897, 0.5187236666679382, 0.6421369314193726], "skybox_img": 4, "point_uuid": "151", "field_of_view_rads": 0.950131287597413, "camera_rotation_final": [1.4299691915512085, -0.10402417182922363, 1.9442145824432373]}