{"camera_uuid": "14766", "obliqueness_angle": 1.2895809412002563, "nonfixated_points_in_view": [], "camera_rotation_original": [1.5707963705062866, 0.10837561637163162, 2.7938191890716553], "point_location": [5.327018737792969, -0.6150552034378052, -1.3985912799835205], "skybox_img_path": "./img/high/14766_skybox4.jpg", "resolution": 512, "camera_distance": 0.70705316836278, "view_id": 13, "point_pitch": -0.27387325366469817, "camera_rotation_from_original_to_final": [0.2662810981273651, -0.09906387329101562, -0.08883437514305115], "camera_location": [5.605522155761719, 0.003974722698330879, -1.200697422027588], "point_normal": [-0.004159807693213224, -0.0008233638945966959, 0.9999910593032837], "camera_rotation_final_quaternion": [0.21146433055400848, 0.09278437495231628, 0.5928308367729187, 0.7715085744857788], "skybox_img": 4, "point_uuid": "39", "field_of_view_rads": 0.6651429173367224, "camera_rotation_final": [1.2854201793670654, 0.10776574164628983, 2.68727445602417]}