{"camera_uuid": "12484", "obliqueness_angle": 0.9555199146270752, "nonfixated_points_in_view": [72], "camera_rotation_original": [1.5707963705062866, -0.15765002369880676, -1.5690280199050903], "point_location": [4.896637916564941, 0.275483638048172, -1.4008036851882935], "skybox_img_path": "./img/high/12484_skybox4.jpg", "resolution": 512, "camera_distance": 0.5753486215263877, "view_id": 5, "point_pitch": -0.273236676058497, "camera_rotation_from_original_to_final": [0.0035964748822152615, 0.22158949077129364, -0.352009117603302], "camera_location": [4.369422912597656, 0.4680494964122772, -1.2743569612503052], "point_normal": [-0.7319196462631226, 0.15615351498126984, -0.6632569432258606], "camera_rotation_final_quaternion": [0.4953731894493103, 0.31762054562568665, -0.5378012657165527, -0.6037320494651794], "skybox_img": 4, "point_uuid": "93", "field_of_view_rads": 2.119048415795751, "camera_rotation_final": [1.3466589450836182, -0.14986971020698547, -1.8869682550430298]}