{"camera_uuid": "14980", "obliqueness_angle": 0.9697191119194031, "nonfixated_points_in_view": [38], "camera_rotation_original": [-1.570796251296997, 3.052729606628418, 0.023253589868545532], "point_location": [5.327018737792969, -0.6150552034378052, -1.3985912799835205], "skybox_img_path": "./img/high/14980_skybox4.jpg", "resolution": 512, "camera_distance": 0.6203650152043556, "view_id": 10, "point_pitch": -0.6153127392146249, "camera_rotation_from_original_to_final": [0.6012333035469055, -0.0017099574906751513, 0.1860457956790924], "camera_location": [5.217650890350342, -0.1152212843298912, -1.0477957725524902], "point_normal": [-0.004159807693213224, -0.0008233638945966959, 0.9999910593032837], "camera_rotation_final_quaternion": [-0.04798606410622597, -0.07478975504636765, 0.46007972955703735, 0.8834197521209717], "skybox_img": 4, "point_uuid": "39", "field_of_view_rads": 1.957036885090066, "camera_rotation_final": [-2.174466609954834, 3.0534920692443848, 0.15481793880462646]}