{"camera_uuid": "2509", "obliqueness_angle": 1.167382001876831, "nonfixated_points_in_view": [97, 42, 86], "camera_rotation_original": [1.5707963705062866, -0.08298152685165405, -2.3732619285583496], "point_location": [0.32991182804107666, 2.4133899211883545, -1.3794349431991577], "skybox_img_path": "./img/high/2509_skybox4.jpg", "resolution": 512, "camera_distance": 0.9316380058907535, "view_id": 18, "point_pitch": -0.40438215335341887, "camera_rotation_from_original_to_final": [0.2740931808948517, 0.25568661093711853, -0.37272387742996216], "camera_location": [0.02409529872238636, 3.2254159450531006, -1.0402604341506958], "point_normal": [0.7323230504989624, 0.6650322675704956, 0.14640741050243378], "camera_rotation_final_quaternion": [0.18144501745700836, 0.07794222980737686, -0.5584744811058044, -0.8056730031967163], "skybox_img": 4, "point_uuid": "151", "field_of_view_rads": 2.0062308946333633, "camera_rotation_final": [1.1970038414001465, -0.07714945077896118, -2.751190662384033]}