{"camera_uuid": "12435", "obliqueness_angle": 1.1451612710952759, "nonfixated_points_in_view": [], "camera_rotation_original": [1.5707963705062866, 0.13399448990821838, -0.9983814358711243], "point_location": [1.46160089969635, 0.19978925585746765, -1.450141191482544], "skybox_img_path": "./img/high/12435_skybox4.jpg", "resolution": 512, "camera_distance": 0.842311300341887, "view_id": 23, "point_pitch": -0.21995501121016936, "camera_rotation_from_original_to_final": [-0.10522718727588654, 0.16163556277751923, 0.21034303307533264], "camera_location": [0.8804672360420227, -0.38823485374450684, -1.2888972759246826], "point_normal": [-0.5807929635047913, 0.19898450374603271, 0.7893571853637695], "camera_rotation_final_quaternion": [0.6927010416984558, 0.6030060648918152, -0.20166443288326263, -0.34041208028793335], "skybox_img": 4, "point_uuid": "100", "field_of_view_rads": 2.056502920039658, "camera_rotation_final": [1.3764774799346924, 0.13153372704982758, -0.8053104877471924]}