{"camera_uuid": "10472", "obliqueness_angle": 0.9948039650917053, "nonfixated_points_in_view": [], "camera_rotation_original": [1.5707963705062866, 0.09725572913885117, -0.4110391139984131], "point_location": [0.42542582750320435, 0.7923682928085327, -1.4128706455230713], "skybox_img_path": "./img/high/10472_skybox4.jpg", "resolution": 512, "camera_distance": 0.7659540320868639, "view_id": 3, "point_pitch": -0.29027943213912444, "camera_rotation_from_original_to_final": [-0.2242852747440338, 0.08447692543268204, 0.55633544921875], "camera_location": [0.5391542911529541, 0.05695433169603348, -1.2314382791519165], "point_normal": [0.20031511783599854, -0.7043237090110779, -0.6810300946235657], "camera_rotation_final_quaternion": [0.785956084728241, 0.6132981181144714, 0.07368863373994827, 0.0266162920743227], "skybox_img": 4, "point_uuid": "16", "field_of_view_rads": 1.0386947080855735, "camera_rotation_final": [1.3308045864105225, 0.08328085392713547, 0.1330769807100296]}