{"camera_uuid": "12904", "obliqueness_angle": 1.2836567163467407, "nonfixated_points_in_view": [], "camera_rotation_original": [1.5707963705062866, 0.08536750823259354, -0.7322453260421753], "point_location": [2.9207348823547363, -0.5152132511138916, -0.5628843903541565], "skybox_img_path": "./img/high/12904_skybox4.jpg", "resolution": 512, "camera_distance": 0.36851233269373923, "view_id": 59, "point_pitch": -0.38373951514693694, "camera_rotation_from_original_to_final": [-0.2584923207759857, 0.20743456482887268, 0.6735854148864746], "camera_location": [2.9088551998138428, -0.863680899143219, -0.44359269738197327], "point_normal": [-0.26315274834632874, 0.039460260421037674, 0.9639468193054199], "camera_rotation_final_quaternion": [0.8124333620071411, 0.5814053416252136, 0.010587718337774277, -0.042518097907304764], "skybox_img": 4, "point_uuid": "152", "field_of_view_rads": 0.63963352615166, "camera_rotation_final": [1.2403843402862549, 0.06669355928897858, -0.056931979954242706]}