{"camera_uuid": "8283", "obliqueness_angle": 1.242235779762268, "nonfixated_points_in_view": [65, 118], "camera_rotation_original": [1.5707963705062866, 0.04652518406510353, 2.3194005489349365], "point_location": [-0.11395721882581711, -0.04560520127415657, -1.4123445749282837], "skybox_img_path": "./img/high/8283_skybox4.jpg", "resolution": 512, "camera_distance": 0.884628803208614, "view_id": 7, "point_pitch": -0.3405131538722177, "camera_rotation_from_original_to_final": [0.23349520564079285, -0.24784743785858154, 0.014376998879015446], "camera_location": [0.4716939926147461, 0.5486304759979248, -1.118295669555664], "point_normal": [0.004181658383458853, -0.01849798485636711, 0.9998201131820679], "camera_rotation_final_quaternion": [0.32812994718551636, 0.205907940864563, 0.5398175120353699, 0.747348427772522], "skybox_img": 4, "point_uuid": "192", "field_of_view_rads": 1.6816280418618088, "camera_rotation_final": [1.2315698862075806, 0.04650738835334778, 2.3470664024353027]}