{"camera_uuid": "3293", "obliqueness_angle": 1.341223120689392, "nonfixated_points_in_view": [], "camera_rotation_original": [1.5707963705062866, -0.03700614720582962, 3.0910871028900146], "point_location": [3.3059499263763428, 1.507105827331543, -1.4197665452957153], "skybox_img_path": "./img/high/3293_skybox4.jpg", "resolution": 512, "camera_distance": 0.5632503458717053, "view_id": 17, "point_pitch": -0.18209259112807707, "camera_rotation_from_original_to_final": [0.20604395866394043, -0.019017281010746956, 0.7225041389465332], "camera_location": [2.9615204334259033, 1.9375174045562744, -1.3041588068008423], "point_normal": [-0.034560561180114746, 0.0017010869923979044, 0.9994011521339417], "camera_rotation_final_quaternion": [-0.2672944962978363, -0.20030800998210907, 0.5977048277854919, 0.7288205027580261], "skybox_img": 4, "point_uuid": "155", "field_of_view_rads": 1.3089185547613287, "camera_rotation_final": [1.3639962673187256, -0.027552736923098564, 3.8222556114196777]}