{"camera_uuid": "9307", "obliqueness_angle": 1.5053083896636963, "nonfixated_points_in_view": [99], "camera_rotation_original": [1.5707963705062866, 0.16887453198432922, 2.4213316440582275], "point_location": [2.624671697616577, -0.7024632096290588, -0.5636605024337769], "skybox_img_path": "./img/high/9307_skybox4.jpg", "resolution": 512, "camera_distance": 0.8248479100581494, "view_id": 28, "point_pitch": -0.1800904711100717, "camera_rotation_from_original_to_final": [0.12621718645095825, -0.11296047270298004, 0.07212486863136292], "camera_location": [3.1107563972473145, -0.05068882182240486, -0.4247869551181793], "point_normal": [-0.48822447657585144, 0.5849313735961914, -0.6476821303367615], "camera_rotation_final_quaternion": [0.3018331527709961, 0.15004247426986694, 0.6271411180496216, 0.7021951675415039], "skybox_img": 4, "point_uuid": "60", "field_of_view_rads": 0.6025778511851491, "camera_rotation_final": [1.3991689682006836, 0.16866430640220642, 2.471705198287964]}