{"camera_uuid": "10108", "obliqueness_angle": 0.7815930247306824, "nonfixated_points_in_view": [], "camera_rotation_original": [1.5707963705062866, -0.06934863328933716, 0.3082776367664337], "point_location": [0.9227169156074524, 0.6807072758674622, -1.4383314847946167], "skybox_img_path": "./img/high/10108_skybox4.jpg", "resolution": 512, "camera_distance": 0.5107190580947731, "view_id": 10, "point_pitch": -0.635290308794703, "camera_rotation_from_original_to_final": [-0.6499173641204834, -0.19296734035015106, 0.635242223739624], "camera_location": [1.2295700311660767, 0.42558589577674866, -1.1196024417877197], "point_normal": [0.9748377203941345, -0.22190459072589874, 0.021208828315138817], "camera_rotation_final_quaternion": [0.8014146089553833, 0.39893123507499695, 0.16974809765815735, 0.41203656792640686], "skybox_img": 4, "point_uuid": "59", "field_of_view_rads": 1.957036885090066, "camera_rotation_final": [0.8955578207969666, -0.05670166015625, 0.9225451350212097]}