{"camera_uuid": "5432", "obliqueness_angle": 1.097022533416748, "nonfixated_points_in_view": [], "camera_rotation_original": [1.5707963705062866, -0.13881640136241913, -1.7006752490997314], "point_location": [3.4670467376708984, 1.0758438110351562, -0.6993377804756165], "skybox_img_path": "./img/high/5432_skybox4.jpg", "resolution": 512, "camera_distance": 0.2300493872089558, "view_id": 42, "point_pitch": -0.3285081823680063, "camera_rotation_from_original_to_final": [0.0674777626991272, 0.39671090245246887, 0.5447864532470703], "camera_location": [3.272366523742676, 0.9926349520683289, -0.6093454360961914], "point_normal": [-0.728654682636261, -0.24732623994350433, -0.6386642456054688], "camera_rotation_final_quaternion": [0.7236360907554626, 0.4403780996799469, -0.33237579464912415, -0.4146616756916046], "skybox_img": 4, "point_uuid": "78", "field_of_view_rads": 1.5082571856068028, "camera_rotation_final": [1.165993571281433, -0.11608291417360306, -1.1172983646392822]}