{"camera_uuid": "11420", "obliqueness_angle": 1.4355279207229614, "nonfixated_points_in_view": [118, 127], "camera_rotation_original": [1.5707963705062866, -0.05035984888672829, 1.9093886613845825], "point_location": [-0.1822434514760971, 0.2831597626209259, -1.431676983833313], "skybox_img_path": "./img/high/11420_skybox4.jpg", "resolution": 512, "camera_distance": 0.8419660346411243, "view_id": 4, "point_pitch": -0.378847404322352, "camera_rotation_from_original_to_final": [0.12584251165390015, -0.340624064207077, -0.3660479187965393], "camera_location": [0.6050594449043274, 0.2785094380378723, -1.1332824230194092], "point_normal": [0.12324375659227371, -0.9915743470191956, 0.03989033028483391], "camera_rotation_final_quaternion": [0.5686215758323669, 0.41301611065864563, 0.3901495933532715, 0.5948701500892639], "skybox_img": 4, "point_uuid": "188", "field_of_view_rads": 1.8083336999188173, "camera_rotation_final": [1.2080901861190796, -0.04770510271191597, 1.5829849243164062]}