{"camera_uuid": "8055", "obliqueness_angle": 0.8464434146881104, "nonfixated_points_in_view": [48], "camera_rotation_original": [1.5707963705062866, 0.014410796575248241, 2.5906822681427], "point_location": [4.810020923614502, 1.166747808456421, -1.332459807395935], "skybox_img_path": "./img/high/8055_skybox4.jpg", "resolution": 512, "camera_distance": 0.9653418631624585, "view_id": 10, "point_pitch": -0.42701797088118987, "camera_rotation_from_original_to_final": [0.36473989486694336, -0.21587251126766205, 0.36644235253334045], "camera_location": [4.936851501464844, 2.0384762287139893, -0.93763267993927], "point_normal": [0.7864901423454285, 0.6175901889801025, 0.003958132583647966], "camera_rotation_final_quaternion": [0.06666649878025055, 0.03529186546802521, 0.5424512028694153, 0.8366939425468445], "skybox_img": 4, "point_uuid": "166", "field_of_view_rads": 2.056502920039658, "camera_rotation_final": [1.149396300315857, 0.013270054943859577, 2.9911656379699707]}