{"camera_uuid": "2948", "obliqueness_angle": 0.9410215020179749, "nonfixated_points_in_view": [], "camera_rotation_original": [1.5707963705062866, -0.023752642795443535, -1.6285728216171265], "point_location": [1.1355481147766113, 2.277404546737671, -1.37511146068573], "skybox_img_path": "./img/high/2948_skybox4.jpg", "resolution": 512, "camera_distance": 0.6300191118200112, "view_id": 50, "point_pitch": -0.3031756122920175, "camera_rotation_from_original_to_final": [0.01745453104376793, 0.30640533566474915, 0.15594911575317383], "camera_location": [0.5376919507980347, 2.2202274799346924, -1.1847883462905884], "point_normal": [-0.34670761227607727, -0.666063666343689, 0.6604189276695251], "camera_rotation_final_quaternion": [0.6037164330482483, 0.43221667408943176, -0.4026701748371124, -0.5353241562843323], "skybox_img": 4, "point_uuid": "162", "field_of_view_rads": 0.6570232286300489, "camera_rotation_final": [1.2638238668441772, -0.023447345942258835, -1.4680176973342896]}