{"camera_uuid": "10817", "obliqueness_angle": 1.4119092226028442, "nonfixated_points_in_view": [], "camera_rotation_original": [1.5707963705062866, -0.044320713728666306, -0.6651877760887146], "point_location": [1.8005895614624023, 0.6414239406585693, -0.9798945188522339], "skybox_img_path": "./img/high/10817_skybox4.jpg", "resolution": 512, "camera_distance": 0.9325609339979635, "view_id": 66, "point_pitch": -0.14817838271590666, "camera_rotation_from_original_to_final": [-0.11886703968048096, 0.09219971299171448, 0.03908028453588486], "camera_location": [1.2643591165542603, -0.10866176337003708, -0.8402584195137024], "point_normal": [-0.012308535166084766, -0.0017647614004090428, 0.9999226927757263], "camera_rotation_final_quaternion": [0.7269850373268127, 0.6162659525871277, -0.21295374631881714, -0.21531303226947784], "skybox_img": 4, "point_uuid": "193", "field_of_view_rads": 0.9620873346593017, "camera_rotation_final": [1.4203486442565918, -0.044262662529945374, -0.6139434576034546]}