{"camera_uuid": "6959", "obliqueness_angle": 0.46294835209846497, "nonfixated_points_in_view": [], "camera_rotation_original": [1.5707963705062866, 0.1259385198354721, 1.748504877090454], "point_location": [-0.4168107807636261, 2.6449878215789795, -1.3910259008407593], "skybox_img_path": "./img/high/6959_skybox4.jpg", "resolution": 512, "camera_distance": 0.8821460478540448, "view_id": 33, "point_pitch": -0.42391244967910247, "camera_rotation_from_original_to_final": [0.07032424211502075, -0.4303729236125946, -0.08180491626262665], "camera_location": [0.37778276205062866, 2.7359182834625244, -1.0188238620758057], "point_normal": [0.9920056462287903, 0.12320997565984726, -0.027280181646347046], "camera_rotation_final_quaternion": [0.6033403873443604, 0.32938966155052185, 0.42489826679229736, 0.589019775390625], "skybox_img": 4, "point_uuid": "109", "field_of_view_rads": 1.82720328702949, "camera_rotation_final": [1.1315624713897705, 0.12500785291194916, 1.6262226104736328]}