{"camera_uuid": "13911", "obliqueness_angle": 0.45219555497169495, "nonfixated_points_in_view": [], "camera_rotation_original": [1.5707963705062866, -0.02544347755610943, -0.8503636121749878], "point_location": [4.966612815856934, 0.5080769658088684, -1.3585069179534912], "skybox_img_path": "./img/high/13911_skybox4.jpg", "resolution": 512, "camera_distance": 0.42431541416416585, "view_id": 15, "point_pitch": -0.5963687141749521, "camera_rotation_from_original_to_final": [-0.42179074883461, 0.43062078952789307, -0.21975526213645935], "camera_location": [4.674826145172119, 0.31156614422798157, -1.1212568283081055], "point_normal": [-0.30664733052253723, -0.5435833930969238, 0.7813350558280945], "camera_rotation_final_quaternion": [0.7856699824333191, 0.4110550880432129, -0.2268604338169098, -0.40285319089889526], "skybox_img": 4, "point_uuid": "115", "field_of_view_rads": 2.056502920039658, "camera_rotation_final": [0.9772371649742126, -0.02528788149356842, -0.961036741733551]}