{"camera_uuid": "8311", "obliqueness_angle": 0.8661335706710815, "nonfixated_points_in_view": [], "camera_rotation_original": [1.5707963705062866, -0.08297155052423477, -0.3587002158164978], "point_location": [1.6843894720077515, 1.1254421472549438, -1.4068831205368042], "skybox_img_path": "./img/high/8311_skybox4.jpg", "resolution": 512, "camera_distance": 0.5656363812771575, "view_id": 26, "point_pitch": -0.6559988697383066, "camera_rotation_from_original_to_final": [-0.5933147668838501, 0.19729064404964447, -0.514569878578186], "camera_location": [1.3492980003356934, 0.8104546666145325, -1.077579140663147], "point_normal": [-0.13031253218650818, 0.011851518414914608, 0.9914022088050842], "camera_rotation_final_quaternion": [0.8320486545562744, 0.4105360507965088, -0.20091934502124786, -0.31430330872535706], "skybox_img": 4, "point_uuid": "111", "field_of_view_rads": 1.7197523314966958, "camera_rotation_final": [0.9472910165786743, -0.07635784149169922, -0.7615044713020325]}