{"camera_uuid": "4727", "obliqueness_angle": 1.041277527809143, "nonfixated_points_in_view": [], "camera_rotation_original": [1.5707963705062866, -0.08962594717741013, -1.8137564659118652], "point_location": [3.4670467376708984, 1.0758438110351562, -0.6993377804756165], "skybox_img_path": "./img/high/4727_skybox4.jpg", "resolution": 512, "camera_distance": 0.3684184868789068, "view_id": 1, "point_pitch": -0.025102301439966723, "camera_rotation_from_original_to_final": [0.00347413239069283, -0.0008895942592062056, -0.28455716371536255], "camera_location": [3.1487109661102295, 1.2613013982772827, -0.699347972869873], "point_normal": [-0.728654682636261, -0.24732623994350433, -0.6386642456054688], "camera_rotation_final_quaternion": [0.3783879280090332, 0.32566606998443604, -0.6276587247848511, -0.5973346829414368], "skybox_img": 4, "point_uuid": "78", "field_of_view_rads": 1.6316217442386929, "camera_rotation_final": [1.570824146270752, -0.08603982627391815, -2.0983145236968994]}