{"camera_uuid": "3596", "obliqueness_angle": 1.2488737106323242, "nonfixated_points_in_view": [97, 2], "camera_rotation_original": [1.5707963705062866, -0.012508025392889977, 1.770687222480774], "point_location": [0.3078916072845459, 2.7992374897003174, -1.4269014596939087], "skybox_img_path": "./img/high/3596_skybox4.jpg", "resolution": 512, "camera_distance": 0.44315304765592684, "view_id": 8, "point_pitch": -0.5060917576167245, "camera_rotation_from_original_to_final": [0.11139955371618271, -0.5002564191818237, 0.41383668780326843], "camera_location": [0.6173656582832336, 3.0306692123413086, -1.2099918127059937], "point_normal": [-0.2804282307624817, 0.9596080183982849, 0.022641496732831], "camera_rotation_final_quaternion": [0.3814800977706909, 0.22917911410331726, 0.45026934146881104, 0.7740848660469055], "skybox_img": 4, "point_uuid": "66", "field_of_view_rads": 1.6816280418618088, "camera_rotation_final": [1.0592800378799438, -0.011270846240222454, 2.219229221343994]}