{"camera_uuid": "11967", "obliqueness_angle": 1.5286939144134521, "nonfixated_points_in_view": [], "camera_rotation_original": [1.5707963705062866, -0.13483966886997223, 2.672786235809326], "point_location": [5.518570899963379, 1.8022818565368652, -0.9034366607666016], "skybox_img_path": "./img/high/11967_skybox4.jpg", "resolution": 512, "camera_distance": 0.963078207813901, "view_id": 64, "point_pitch": -0.24872343142959075, "camera_rotation_from_original_to_final": [0.20346111059188843, -0.09983392804861069, -0.19273480772972107], "camera_location": [6.087718963623047, 2.548530340194702, -0.6873271465301514], "point_normal": [-0.3810344636440277, 0.07813670486211777, 0.9212532639503479], "camera_rotation_final_quaternion": [0.19916211068630219, 0.2391696721315384, 0.5749788880348206, 0.7566581964492798], "skybox_img": 4, "point_uuid": "103", "field_of_view_rads": 0.9342833371495716, "camera_rotation_final": [1.3424131870269775, -0.13330580294132233, 2.5209105014801025]}