{"camera_uuid": "12915", "obliqueness_angle": 1.1109066009521484, "nonfixated_points_in_view": [65, 127], "camera_rotation_original": [1.5707963705062866, 0.04660709947347641, 0.85435950756073], "point_location": [0.14699065685272217, -0.1122998520731926, -1.4476916790008545], "skybox_img_path": "./img/high/12915_skybox4.jpg", "resolution": 512, "camera_distance": 0.7747324737521807, "view_id": 0, "point_pitch": -0.5945018967005868, "camera_rotation_from_original_to_final": [-0.41882622241973877, -0.42651283740997314, 0.23322755098342896], "camera_location": [0.6886536478996277, -0.4613555669784546, -1.0176082849502563], "point_normal": [0.0340309739112854, 0.2575204074382782, 0.9656734466552734], "camera_rotation_final_quaternion": [0.7856495976448059, 0.4076305031776428, 0.23720966279506683, 0.40040433406829834], "skybox_img": 4, "point_uuid": "178", "field_of_view_rads": 2.173302890718354, "camera_rotation_final": [0.9815511107444763, 0.04630986601114273, 0.9674219489097595]}