{"camera_uuid": "10512", "obliqueness_angle": 1.2228853702545166, "nonfixated_points_in_view": [110], "camera_rotation_original": [1.5707963705062866, -0.06519865989685059, 1.8064345121383667], "point_location": [4.562438011169434, 1.4008369445800781, -1.4019603729248047], "skybox_img_path": "./img/high/10512_skybox4.jpg", "resolution": 512, "camera_distance": 0.9555989797397848, "view_id": 8, "point_pitch": -0.6009747227046152, "camera_rotation_from_original_to_final": [0.17396079003810883, -0.5858917236328125, 0.039144352078437805], "camera_location": [5.306130886077881, 1.6498618125915527, -0.8559961318969727], "point_normal": [0.223052978515625, 0.9637098908424377, -0.14666493237018585], "camera_rotation_final_quaternion": [0.48905426263809204, 0.2850289046764374, 0.36481863260269165, 0.7392508387565613], "skybox_img": 4, "point_uuid": "75", "field_of_view_rads": 0.9904486154446002, "camera_rotation_final": [0.9612115621566772, -0.0646284744143486, 1.9389787912368774]}