{"camera_uuid": "6193", "obliqueness_angle": 1.105574369430542, "nonfixated_points_in_view": [], "camera_rotation_original": [1.5707963705062866, -0.022093772888183594, -2.674790859222412], "point_location": [-0.4054321348667145, 1.2653040885925293, -0.6841932535171509], "skybox_img_path": "./img/high/6193_skybox4.jpg", "resolution": 512, "camera_distance": 0.9799090531903335, "view_id": 51, "point_pitch": -0.4816114147517343, "camera_rotation_from_original_to_final": [0.4339712858200073, 0.211471825838089, -0.0410703681409359], "camera_location": [-0.7264701128005981, 2.0731210708618164, -0.2318791151046753], "point_normal": [0.040700461715459824, 0.0009101604809984565, 0.9991709589958191], "camera_rotation_final_quaternion": [0.17113707959651947, 0.09121547639369965, -0.510769784450531, -0.8375595808029175], "skybox_img": 4, "point_uuid": "104", "field_of_view_rads": 2.0816637958161985, "camera_rotation_final": [1.0908856391906738, -0.022028276696801186, -2.7518532276153564]}