{"camera_uuid": "4557", "obliqueness_angle": 0.7013788223266602, "nonfixated_points_in_view": [], "camera_rotation_original": [1.5707963705062866, -0.17412079870700836, -1.1159943342208862], "point_location": [1.1355481147766113, 2.277404546737671, -1.37511146068573], "skybox_img_path": "./img/high/4557_skybox4.jpg", "resolution": 512, "camera_distance": 0.904406346271837, "view_id": 43, "point_pitch": -0.16874985297652678, "camera_rotation_from_original_to_final": [-0.0860317274928093, 0.1708526611328125, 0.10537587851285934], "camera_location": [0.38675203919410706, 1.8001759052276611, -1.2033323049545288], "point_normal": [-0.34670761227607727, -0.666063666343689, 0.6604189276695251], "camera_rotation_final_quaternion": [0.7062003016471863, 0.5290219187736511, -0.35379084944725037, -0.3102402687072754], "skybox_img": 4, "point_uuid": "162", "field_of_view_rads": 0.8384684589002184, "camera_rotation_final": [1.3767913579940796, -0.17229783535003662, -0.9697088003158569]}