{"camera_uuid": "10921", "obliqueness_angle": 0.9868691563606262, "nonfixated_points_in_view": [], "camera_rotation_original": [1.5707963705062866, -0.029360242187976837, -1.5908434391021729], "point_location": [6.416158676147461, 2.537578821182251, -1.2911784648895264], "skybox_img_path": "./img/high/10921_skybox4.jpg", "resolution": 512, "camera_distance": 0.7402777344578613, "view_id": 16, "point_pitch": -0.5710417469355722, "camera_rotation_from_original_to_final": [0.013027344830334187, 0.5544468760490417, -0.5991278886795044], "camera_location": [5.904956817626953, 2.9046242237091064, -0.9013561010360718], "point_normal": [-0.00751654664054513, 0.040270037949085236, 0.9991605877876282], "camera_rotation_final_quaternion": [0.40995097160339355, 0.21584729850292206, -0.43602216243743896, -0.7715146541595459], "skybox_img": 4, "point_uuid": "148", "field_of_view_rads": 0.9476384761560841, "camera_rotation_final": [1.016027808189392, -0.024439144879579544, -2.1783623695373535]}