{"camera_uuid": "4708", "obliqueness_angle": 1.4115900993347168, "nonfixated_points_in_view": [], "camera_rotation_original": [1.5707963705062866, 0.08224992454051971, -1.5126384496688843], "point_location": [0.7851385474205017, 1.2789015769958496, -1.4171496629714966], "skybox_img_path": "./img/high/4708_skybox4.jpg", "resolution": 512, "camera_distance": 0.7729690173294965, "view_id": 73, "point_pitch": -0.07389955123397307, "camera_rotation_from_original_to_final": [-0.0263026412576437, 0.12546679377555847, -0.695347011089325], "camera_location": [0.16862918436527252, 1.7348016500473022, -1.319413185119629], "point_normal": [0.012679249048233032, 0.07213246822357178, 0.9973145127296448], "camera_rotation_final_quaternion": [0.3165109157562256, 0.31608846783638, -0.580402135848999, -0.6804721355438232], "skybox_img": 4, "point_uuid": "187", "field_of_view_rads": 1.3089185547613287, "camera_rotation_final": [1.443762183189392, 0.06281287223100662, -2.2155518531799316]}