{"camera_uuid": "6619", "obliqueness_angle": 1.5409002304077148, "nonfixated_points_in_view": [62], "camera_rotation_original": [1.5707963705062866, -0.10208767652511597, 2.7432162761688232], "point_location": [2.3317840099334717, 0.14568398892879486, -1.3473780155181885], "skybox_img_path": "./img/high/6619_skybox4.jpg", "resolution": 512, "camera_distance": 0.9716123011240266, "view_id": 2, "point_pitch": -0.5118266781184335, "camera_rotation_from_original_to_final": [0.4199603497982025, -0.1770186871290207, -0.6674882173538208], "camera_location": [3.078852891921997, 0.598030686378479, -0.9215834140777588], "point_normal": [0.2968771159648895, 0.3930782675743103, -0.8702605962753296], "camera_rotation_final_quaternion": [0.38087794184684753, 0.2817617654800415, 0.4488794803619385, 0.7576605677604675], "skybox_img": 4, "point_uuid": "123", "field_of_view_rads": 1.0910236528484336, "camera_rotation_final": [1.1153895854949951, -0.08512573689222336, 2.1568617820739746]}