{"camera_uuid": "9338", "obliqueness_angle": 0.8581379652023315, "nonfixated_points_in_view": [36], "camera_rotation_original": [1.5707963705062866, -0.019606096670031548, -1.8127020597457886], "point_location": [2.9207348823547363, -0.5152132511138916, -0.5628843903541565], "skybox_img_path": "./img/high/9338_skybox4.jpg", "resolution": 512, "camera_distance": 0.6894257745369904, "view_id": 18, "point_pitch": -0.44421951373549895, "camera_rotation_from_original_to_final": [0.11157654970884323, 0.43114742636680603, 0.032919298857450485], "camera_location": [2.3152458667755127, -0.3709365427494049, -0.26644688844680786], "point_normal": [-0.26315274834632874, 0.039460260421037674, 0.9639468193054199], "camera_rotation_final_quaternion": [0.5312249064445496, 0.32630059123039246, -0.422539085149765, -0.6578668355941772], "skybox_img": 4, "point_uuid": "152", "field_of_view_rads": 1.5766701541034631, "camera_rotation_final": [1.126237154006958, -0.019603129476308823, -1.79537832736969]}