{"camera_uuid": "10924", "obliqueness_angle": 1.1952102184295654, "nonfixated_points_in_view": [], "camera_rotation_original": [1.5707963705062866, 0.11827469617128372, -2.310422897338867], "point_location": [5.4932861328125, 0.18884922564029694, -0.9166303277015686], "skybox_img_path": "./img/high/10924_skybox4.jpg", "resolution": 512, "camera_distance": 0.7525497837476155, "view_id": 50, "point_pitch": 0.14038319984940095, "camera_rotation_from_original_to_final": [-0.10837971419095993, -0.1176108792424202, 0.16193100810050964], "camera_location": [4.873481273651123, 0.5985327363014221, -1.036348819732666], "point_normal": [-0.48851633071899414, 0.18398629128932953, 0.8529366254806519], "camera_rotation_final_quaternion": [0.27288031578063965, 0.39944708347320557, -0.6480618119239807, -0.588212788105011], "skybox_img": 4, "point_uuid": "142", "field_of_view_rads": 1.3476975839402114, "camera_rotation_final": [1.731658935546875, 0.1164964810013771, -2.1359989643096924]}