{"camera_uuid": "10254", "obliqueness_angle": 1.0391156673431396, "nonfixated_points_in_view": [], "camera_rotation_original": [1.5707963705062866, -0.06903600692749023, 0.11554548889398575], "point_location": [4.301836967468262, 1.017685055732727, -0.9298179745674133], "skybox_img_path": "./img/high/10254_skybox4.jpg", "resolution": 512, "camera_distance": 0.8725403675466307, "view_id": 63, "point_pitch": -0.5402661999079843, "camera_rotation_from_original_to_final": [-0.544010579586029, -0.06957408785820007, 0.11245402693748474], "camera_location": [4.4537858963012695, 0.28852877020835876, -0.47531893849372864], "point_normal": [0.41032981872558594, 0.04652121290564537, 0.9107499122619629], "camera_rotation_final_quaternion": [0.863156259059906, 0.48848336935043335, 0.030631570145487785, 0.1241249069571495], "skybox_img": 4, "point_uuid": "143", "field_of_view_rads": 1.188507872007912, "camera_rotation_final": [1.0214688777923584, -0.06843965500593185, 0.24729014933109283]}