{"camera_uuid": "4004", "obliqueness_angle": 0.999208390712738, "nonfixated_points_in_view": [112], "camera_rotation_original": [1.5707963705062866, 0.15522345900535583, 0.3263801038265228], "point_location": [2.196098566055298, 2.2025678157806396, -1.3980869054794312], "skybox_img_path": "./img/high/4004_skybox4.jpg", "resolution": 512, "camera_distance": 0.7482745419255548, "view_id": 0, "point_pitch": -0.4476930340144296, "camera_rotation_from_original_to_final": [-0.3593772351741791, -0.12178854644298553, 0.5137079358100891], "camera_location": [2.703167200088501, 1.7268517017364502, -1.1215180158615112], "point_normal": [0.9356234073638916, 0.2750264108181, 0.22129014134407043], "camera_rotation_final_quaternion": [0.7821429371833801, 0.4967917501926422, 0.26152172684669495, 0.27029022574424744], "skybox_img": 4, "point_uuid": "165", "field_of_view_rads": 1.6816280418618088, "camera_rotation_final": [1.1882178783416748, 0.14100560545921326, 0.7607957124710083]}