{"camera_uuid": "1988", "obliqueness_angle": 1.4760558605194092, "nonfixated_points_in_view": [], "camera_rotation_original": [1.5707963705062866, -0.0392649844288826, -2.844970226287842], "point_location": [1.1355481147766113, 2.277404546737671, -1.37511146068573], "skybox_img_path": "./img/high/1988_skybox4.jpg", "resolution": 512, "camera_distance": 0.8239985393298845, "view_id": 8, "point_pitch": -0.38343016704055266, "camera_rotation_from_original_to_final": [0.3891853094100952, 0.11237045377492905, 0.5741376280784607], "camera_location": [0.5667711496353149, 2.7778160572052, -1.050990104675293], "point_normal": [-0.34670761227607727, -0.666063666343689, 0.6604189276695251], "camera_rotation_final_quaternion": [0.3575149178504944, 0.21781927347183228, -0.5058447122573853, -0.7542273998260498], "skybox_img": 4, "point_uuid": "162", "field_of_view_rads": 0.8278892494736719, "camera_rotation_final": [1.1662869453430176, -0.03312956541776657, -2.2781600952148438]}