{"camera_uuid": "3760", "obliqueness_angle": 0.6865449547767639, "nonfixated_points_in_view": [], "camera_rotation_original": [1.5707963705062866, 0.15047100186347961, 1.9583173990249634], "point_location": [-0.30368760228157043, 1.3439174890518188, -0.7665223479270935], "skybox_img_path": "./img/high/3760_skybox4.jpg", "resolution": 512, "camera_distance": 0.9936313861258266, "view_id": 36, "point_pitch": -0.47712080081435637, "camera_rotation_from_original_to_final": [0.16617220640182495, -0.41595458984375, 0.20678715407848358], "camera_location": [0.4193003475666046, 1.8739666938781738, -0.3379904329776764], "point_normal": [0.9422652125358582, 0.29410141706466675, -0.16012726724147797], "camera_rotation_final_quaternion": [0.44311460852622986, 0.2011898010969162, 0.49384552240371704, 0.72061687707901], "skybox_img": 4, "point_uuid": "180", "field_of_view_rads": 0.9476384761560841, "camera_rotation_final": [1.1195793151855469, 0.14824113249778748, 2.1319708824157715]}