{"camera_uuid": "12176", "obliqueness_angle": 1.335323691368103, "nonfixated_points_in_view": [], "camera_rotation_original": [1.5707963705062866, -0.03018939308822155, -2.3374123573303223], "point_location": [6.416158676147461, 2.537578821182251, -1.2911784648895264], "skybox_img_path": "./img/high/12176_skybox4.jpg", "resolution": 512, "camera_distance": 0.5641423065916978, "view_id": 38, "point_pitch": -0.2030638893458505, "camera_rotation_from_original_to_final": [0.15399447083473206, 0.15385733544826508, 0.4972500205039978], "camera_location": [5.886872291564941, 2.6903159618377686, -1.169589638710022], "point_normal": [-0.00751654664054513, 0.040270037949085236, 0.9991605877876282], "camera_rotation_final_quaternion": [0.47709205746650696, 0.36963120102882385, -0.5055774450302124, -0.6165609359741211], "skybox_img": 4, "point_uuid": "148", "field_of_view_rads": 1.6719092344888167, "camera_rotation_final": [1.353485107421875, -0.02661677822470665, -1.8458598852157593]}