{"camera_uuid": "3684", "obliqueness_angle": 0.6850926876068115, "nonfixated_points_in_view": [], "camera_rotation_original": [1.5707963705062866, -0.15441609919071198, -1.5435221195220947], "point_location": [2.295008659362793, 2.27626895904541, -1.3962150812149048], "skybox_img_path": "./img/high/3684_skybox4.jpg", "resolution": 512, "camera_distance": 0.7967083981206733, "view_id": 3, "point_pitch": -0.4914704998347421, "camera_rotation_from_original_to_final": [-0.007783118169754744, 0.5839112401008606, 0.5976556539535522], "camera_location": [1.7580335140228271, 1.884467363357544, -0.9570186734199524], "point_normal": [-0.9679071307182312, -0.2512916922569275, -0.0028668304439634085], "camera_rotation_final_quaternion": [0.811815619468689, 0.40571099519729614, -0.2444726824760437, -0.3414485454559326], "skybox_img": 4, "point_uuid": "18", "field_of_view_rads": 1.0386947080855735, "camera_rotation_final": [0.9821118712425232, -0.12016359716653824, -0.8605856895446777]}