{"camera_uuid": "3453", "obliqueness_angle": 0.7865360975265503, "nonfixated_points_in_view": [], "camera_rotation_original": [1.5707963705062866, -0.05988497659564018, -2.044491767883301], "point_location": [3.3059499263763428, 1.507105827331543, -1.4197665452957153], "skybox_img_path": "./img/high/3453_skybox4.jpg", "resolution": 512, "camera_distance": 0.8602989778242343, "view_id": 1, "point_pitch": -0.7494453628871103, "camera_rotation_from_original_to_final": [0.38710957765579224, 0.6630317568778992, 0.1663617640733719], "camera_location": [2.74066424369812, 1.7806841135025024, -0.8317857980728149], "point_normal": [-0.034560561180114746, 0.0017010869923979044, 0.9994011521339417], "camera_rotation_final_quaternion": [0.5187487602233887, 0.1973697692155838, -0.34541961550712585, -0.7567233443260193], "skybox_img": 4, "point_uuid": "155", "field_of_view_rads": 2.1466993855908125, "camera_rotation_final": [0.8166308999061584, -0.059698835015296936, -1.9655436277389526]}