{"camera_uuid": "12217", "obliqueness_angle": 1.1045619249343872, "nonfixated_points_in_view": [], "camera_rotation_original": [1.5707963705062866, -0.0035498766228556633, 0.090379998087883], "point_location": [6.319373607635498, 3.116034984588623, -1.4095163345336914], "skybox_img_path": "./img/high/12217_skybox4.jpg", "resolution": 512, "camera_distance": 0.9887528670048773, "view_id": 9, "point_pitch": -0.394676729044642, "camera_rotation_from_original_to_final": [-0.3916706144809723, -0.03448749706149101, -0.4515976309776306], "camera_location": [5.990767955780029, 2.2638630867004395, -1.0307636260986328], "point_normal": [0.11794652789831161, -0.12946823239326477, 0.9845438599586487], "camera_rotation_final_quaternion": [0.8178039193153381, 0.5458469390869141, -0.10257013887166977, -0.15075571835041046], "skybox_img": 4, "point_uuid": "112", "field_of_view_rads": 1.1263039557204935, "camera_rotation_final": [1.1776864528656006, -0.003185437759384513, -0.36671867966651917]}