{"camera_uuid": "5426", "obliqueness_angle": 1.2479393482208252, "nonfixated_points_in_view": [], "camera_rotation_original": [1.5707963705062866, -0.0036881552077829838, 0.47458961606025696], "point_location": [3.778554677963257, 2.2078869342803955, -0.9307063221931458], "skybox_img_path": "./img/high/5426_skybox4.jpg", "resolution": 512, "camera_distance": 0.39481385479481446, "view_id": 1, "point_pitch": 0.38891156116989656, "camera_rotation_from_original_to_final": [0.35051649808883667, 0.1744692325592041, -0.24692600965499878], "camera_location": [3.849930763244629, 1.8497521877288818, -1.0807827711105347], "point_normal": [0.23373255133628845, 0.10200545191764832, -0.966935396194458], "camera_rotation_final_quaternion": [0.5539259910583496, 0.826837956905365, 0.07999216020107269, 0.05573321878910065], "skybox_img": 4, "point_uuid": "128", "field_of_view_rads": 0.5256461677815203, "camera_rotation_final": [1.9607244729995728, -0.0035452148877084255, 0.19526498019695282]}