{"camera_uuid": "2439", "obliqueness_angle": 0.9827129244804382, "nonfixated_points_in_view": [], "camera_rotation_original": [1.5707963705062866, 0.0037379038985818624, -2.595808982849121], "point_location": [3.3059499263763428, 1.507105827331543, -1.4197665452957153], "skybox_img_path": "./img/high/2439_skybox4.jpg", "resolution": 512, "camera_distance": 0.7503377531410232, "view_id": 5, "point_pitch": -0.5619770725581308, "camera_rotation_from_original_to_final": [0.49285760521888733, 0.2793773114681244, 0.3901998698711395], "camera_location": [2.8221771717071533, 1.919057846069336, -1.020684838294983], "point_normal": [-0.034560561180114746, 0.0017010869923979044, 0.9994011521339417], "camera_rotation_final_quaternion": [0.3653188943862915, 0.20379237830638885, -0.43878692388534546, -0.7952840924263], "skybox_img": 4, "point_uuid": "155", "field_of_view_rads": 1.6097076868571798, "camera_rotation_final": [1.0099858045578003, 0.00355136813595891, -2.278414487838745]}