{"camera_uuid": "15559", "obliqueness_angle": 1.5225893259048462, "nonfixated_points_in_view": [], "camera_rotation_original": [1.5707963705062866, 0.019343944266438484, 1.2317630052566528], "point_location": [5.4932861328125, 0.18884922564029694, -0.9166303277015686], "skybox_img_path": "./img/high/15559_skybox4.jpg", "resolution": 512, "camera_distance": 0.7208648877435899, "view_id": 53, "point_pitch": -0.5955230434748788, "camera_rotation_from_original_to_final": [-0.2258678376674652, -0.5574641823768616, -0.003826072672381997], "camera_location": [6.040887832641602, -0.046900320798158646, -0.5114134550094604], "point_normal": [-0.48851633071899414, 0.18398629128932953, 0.8529366254806519], "camera_rotation_final_quaternion": [0.7438262701034546, 0.38781365752220154, 0.26179683208465576, 0.4772688150405884], "skybox_img": 4, "point_uuid": "142", "field_of_view_rads": 1.3012303617095222, "camera_rotation_final": [0.9737158417701721, 0.019281167536973953, 1.1511586904525757]}