{"camera_uuid": "9496", "obliqueness_angle": 0.9817571043968201, "nonfixated_points_in_view": [], "camera_rotation_original": [1.5707963705062866, -0.07688751816749573, -2.2475359439849854], "point_location": [4.966612815856934, 0.5080769658088684, -1.3585069179534912], "skybox_img_path": "./img/high/9496_skybox4.jpg", "resolution": 512, "camera_distance": 0.93119446249623, "view_id": 20, "point_pitch": -0.6509429653498788, "camera_rotation_from_original_to_final": [0.45570874214172363, 0.5181083083152771, 0.4289368689060211], "camera_location": [4.2908501625061035, 0.774843692779541, -0.7760093212127686], "point_normal": [-0.30664733052253723, -0.5435833930969238, 0.7813350558280945], "camera_rotation_final_quaternion": [0.540981113910675, 0.22662107646465302, -0.3686107099056244, -0.7211854457855225], "skybox_img": 4, "point_uuid": "115", "field_of_view_rads": 0.6025778511851491, "camera_rotation_final": [0.8928900957107544, -0.07201344519853592, -1.8889098167419434]}