{"camera_uuid": "3047", "obliqueness_angle": 0.8831930756568909, "nonfixated_points_in_view": [], "camera_rotation_original": [1.5707963705062866, 0.008110389113426208, 0.5992727279663086], "point_location": [1.1355481147766113, 2.277404546737671, -1.37511146068573], "skybox_img_path": "./img/high/3047_skybox4.jpg", "resolution": 512, "camera_distance": 0.5114941213159033, "view_id": 1, "point_pitch": -0.7704068859431406, "camera_rotation_from_original_to_final": [-0.6753790974617004, -0.40116870403289795, 0.3018708825111389], "camera_location": [1.388690710067749, 2.0109755992889404, -1.0193578004837036], "point_normal": [-0.34670761227607727, -0.666063666343689, 0.6604189276695251], "camera_rotation_final_quaternion": [0.8569772839546204, 0.3615460991859436, 0.1467144936323166, 0.336673766374588], "skybox_img": 4, "point_uuid": "162", "field_of_view_rads": 2.1797545326211765, "camera_rotation_final": [0.8016238808631897, 0.008015889674425125, 0.7520723342895508]}