{"camera_uuid": "14894", "obliqueness_angle": 1.017099380493164, "nonfixated_points_in_view": [], "camera_rotation_original": [1.5707963705062866, 0.14055001735687256, -0.44666242599487305], "point_location": [5.327018737792969, -0.6150552034378052, -1.3985912799835205], "skybox_img_path": "./img/high/14894_skybox4.jpg", "resolution": 512, "camera_distance": 0.4775091368614941, "view_id": 12, "point_pitch": -0.48382870753737883, "camera_rotation_from_original_to_final": [-0.5043119788169861, 0.22945696115493774, -0.5132469534873962], "camera_location": [5.0081400871276855, -0.8681399822235107, -1.149032711982727], "point_normal": [-0.004159807693213224, -0.0008233638945966959, 0.9999910593032837], "camera_rotation_final_quaternion": [0.7566181421279907, 0.4539608061313629, -0.18057335913181305, -0.43455934524536133], "skybox_img": 4, "point_uuid": "39", "field_of_view_rads": 0.9904486154446002, "camera_rotation_final": [1.016302227973938, 0.12159507721662521, -0.9749047756195068]}