{"camera_uuid": "3929", "obliqueness_angle": 1.2563984394073486, "nonfixated_points_in_view": [], "camera_rotation_original": [1.5707963705062866, 0.08673190325498581, 2.6226866245269775], "point_location": [1.8005895614624023, 0.6414239406585693, -0.9798945188522339], "skybox_img_path": "./img/high/3929_skybox4.jpg", "resolution": 512, "camera_distance": 0.8807095360029795, "view_id": 85, "point_pitch": -0.2953776558253427, "camera_rotation_from_original_to_final": [0.284982830286026, -0.15805909037590027, -0.3557294011116028], "camera_location": [2.4287960529327393, 1.1909701824188232, -0.6988165378570557], "point_normal": [-0.012308535166084766, -0.0017647614004090428, 0.9999226927757263], "camera_rotation_final_quaternion": [0.36699575185775757, 0.21815474331378937, 0.5411412715911865, 0.724492073059082], "skybox_img": 4, "point_uuid": "193", "field_of_view_rads": 0.6546882771960264, "camera_rotation_final": [1.2448517084121704, 0.08117946237325668, 2.26210355758667]}