{"camera_uuid": "8741", "obliqueness_angle": 0.33050376176834106, "nonfixated_points_in_view": [], "camera_rotation_original": [1.5707963705062866, 0.07424576580524445, -2.3674778938293457], "point_location": [2.745572328567505, -0.016294807195663452, -0.9296797513961792], "skybox_img_path": "./img/high/8741_skybox4.jpg", "resolution": 512, "camera_distance": 0.31060151902960403, "view_id": 57, "point_pitch": 0.24210210243729158, "camera_rotation_from_original_to_final": [-0.1747399866580963, -0.17133702337741852, 0.033029552549123764], "camera_location": [2.5310890674591064, 0.1954481601715088, -1.0047473907470703], "point_normal": [-0.5854119062423706, 0.6019739508628845, -0.5430656671524048], "camera_rotation_final_quaternion": [0.21557767689228058, 0.3314351737499237, -0.7148377895355225, -0.576787531375885], "skybox_img": 4, "point_uuid": "102", "field_of_view_rads": 0.9342833371495716, "camera_rotation_final": [1.8155852556228638, 0.07419727742671967, -2.3312501907348633]}