{"camera_uuid": "10567", "obliqueness_angle": 1.3486143350601196, "nonfixated_points_in_view": [], "camera_rotation_original": [1.5707963705062866, 0.10939480364322662, 1.3630036115646362], "point_location": [3.54880690574646, 0.15072500705718994, -1.4055030345916748], "skybox_img_path": "./img/high/10567_skybox4.jpg", "resolution": 512, "camera_distance": 0.7723548131447905, "view_id": 7, "point_pitch": -0.6225649555537363, "camera_rotation_from_original_to_final": [-0.12292897701263428, -0.5437958836555481, 0.7166000604629517], "camera_location": [4.1327104568481445, 0.4496302902698517, -0.9977724552154541], "point_normal": [0.6510329842567444, 0.2669019401073456, -0.7105768918991089], "camera_rotation_final_quaternion": [0.4943438470363617, 0.23144567012786865, 0.4271768033504486, 0.720816969871521], "skybox_img": 4, "point_uuid": "83", "field_of_view_rads": 0.7907185303916441, "camera_rotation_final": [1.0122027397155762, 0.08880117535591125, 1.988554835319519]}