{"camera_uuid": "8361", "obliqueness_angle": 1.4273779392242432, "nonfixated_points_in_view": [], "camera_rotation_original": [1.5707963705062866, 0.08171325922012329, -2.090345621109009], "point_location": [1.8005895614624023, 0.6414239406585693, -0.9798945188522339], "skybox_img_path": "./img/high/8361_skybox4.jpg", "resolution": 512, "camera_distance": 0.36045700981806633, "view_id": 45, "point_pitch": -0.12315980990859465, "camera_rotation_from_original_to_final": [0.06708095222711563, 0.11695554852485657, -0.13307340443134308], "camera_location": [1.5176613330841064, 0.859451174736023, -0.9314693212509155], "point_normal": [-0.012308535166084766, -0.0017647614004090428, 0.9999226927757263], "camera_rotation_final_quaternion": [0.30456534028053284, 0.3141993582248688, -0.5780197978019714, -0.6887755990028381], "skybox_img": 4, "point_uuid": "193", "field_of_view_rads": 1.3609219594277338, "camera_rotation_final": [1.4356011152267456, 0.08082403242588043, -2.238339424133301]}