{"camera_uuid": "5938", "obliqueness_angle": 1.5202131271362305, "nonfixated_points_in_view": [], "camera_rotation_original": [1.5707963705062866, -0.01603727601468563, -3.0596764087677], "point_location": [2.745572328567505, -0.016294807195663452, -0.9296797513961792], "skybox_img_path": "./img/high/5938_skybox4.jpg", "resolution": 512, "camera_distance": 0.9998215911086112, "view_id": 76, "point_pitch": -0.5386583050105234, "camera_rotation_from_original_to_final": [0.5307443141937256, 0.04245786741375923, -0.4017651379108429], "camera_location": [3.0261056423187256, 0.7982501983642578, -0.4222739338874817], "point_normal": [-0.5854119062423706, 0.6019739508628845, -0.5430656671524048], "camera_rotation_final_quaternion": [-0.13599206507205963, -0.08610323071479797, -0.48871052265167236, -0.8574697971343994], "skybox_img": 4, "point_uuid": "102", "field_of_view_rads": 1.8936590958975879, "camera_rotation_final": [1.0384554862976074, -0.014740866608917713, -3.4645915031433105]}