{"camera_uuid": "4081", "obliqueness_angle": 1.0022156238555908, "nonfixated_points_in_view": [], "camera_rotation_original": [1.5707963705062866, 0.1246039867401123, -1.7938355207443237], "point_location": [2.133356809616089, 1.9143738746643066, -1.4239013195037842], "skybox_img_path": "./img/high/4081_skybox4.jpg", "resolution": 512, "camera_distance": 0.9114064681390766, "view_id": 19, "point_pitch": -0.6408354481074472, "camera_rotation_from_original_to_final": [0.18571209907531738, 0.6012976765632629, 0.21818523108959198], "camera_location": [1.3954733610153198, 1.9537173509597778, -0.8903829455375671], "point_normal": [0.056367747485637665, -0.008248048834502697, 0.9983760714530945], "camera_rotation_final_quaternion": [0.5612562894821167, 0.3376663029193878, -0.3054371774196625, -0.6911446452140808], "skybox_img": 4, "point_uuid": "2", "field_of_view_rads": 1.8083336999188173, "camera_rotation_final": [0.9398311376571655, 0.12421461194753647, -1.7143365144729614]}