{"camera_uuid": "4603", "obliqueness_angle": 1.2337827682495117, "nonfixated_points_in_view": [], "camera_rotation_original": [1.5707963705062866, -0.09957239776849747, 1.3882746696472168], "point_location": [1.6843894720077515, 1.1254421472549438, -1.4068831205368042], "skybox_img_path": "./img/high/4603_skybox4.jpg", "resolution": 512, "camera_distance": 0.8237217086932203, "view_id": 28, "point_pitch": -0.4266069372508188, "camera_rotation_from_original_to_final": [-0.08782250434160233, -0.4560118317604065, 0.3814088702201843], "camera_location": [2.4094736576080322, 1.2557666301727295, -1.0383917093276978], "point_normal": [-0.13031253218650818, 0.011851518414914608, 0.9914022088050842], "camera_rotation_final_quaternion": [0.5116373896598816, 0.35741323232650757, 0.38546222448349, 0.679633617401123], "skybox_img": 4, "point_uuid": "111", "field_of_view_rads": 2.1403354343109027, "camera_rotation_final": [1.1048940420150757, -0.09151404350996017, 1.794553279876709]}