{"camera_uuid": "7409", "obliqueness_angle": 0.8642849326133728, "nonfixated_points_in_view": [37], "camera_rotation_original": [1.5707963705062866, 0.11217512935400009, 0.7932189106941223], "point_location": [3.765934944152832, 1.8845245838165283, -1.4114539623260498], "skybox_img_path": "./img/high/7409_skybox4.jpg", "resolution": 512, "camera_distance": 0.4838869266143876, "view_id": 8, "point_pitch": -0.4080751379344125, "camera_rotation_from_original_to_final": [-0.3341464102268219, -0.32671302556991577, -0.4314729571342468], "camera_location": [3.8960137367248535, 1.471581220626831, -1.195343255996704], "point_normal": [-0.0554204061627388, -0.27599287033081055, 0.9595605731010437], "camera_rotation_final_quaternion": [0.8463420867919922, 0.5148359537124634, 0.1078750267624855, 0.08373768627643585], "skybox_img": 4, "point_uuid": "154", "field_of_view_rads": 1.949514490688795, "camera_rotation_final": [1.1054832935333252, 0.09652583301067352, 0.2568133473396301]}