{"camera_uuid": "11093", "obliqueness_angle": 0.9062917232513428, "nonfixated_points_in_view": [], "camera_rotation_original": [1.5707963705062866, -0.05525273457169533, 0.21784847974777222], "point_location": [5.518570899963379, 1.8022818565368652, -0.9034366607666016], "skybox_img_path": "./img/high/11093_skybox4.jpg", "resolution": 512, "camera_distance": 0.3952035110051562, "view_id": 0, "point_pitch": -0.6161061962458749, "camera_rotation_from_original_to_final": [-0.5681362152099609, -0.11265444755554199, -0.7446920871734619], "camera_location": [5.343382835388184, 1.5214253664016724, -0.6875325441360474], "point_normal": [-0.3810344636440277, 0.07813670486211777, 0.9212532639503479], "camera_rotation_final_quaternion": [0.8509284853935242, 0.45458200573921204, -0.14212535321712494, -0.22153174877166748], "skybox_img": 4, "point_uuid": "103", "field_of_view_rads": 0.5961933550608073, "camera_rotation_final": [0.9923077821731567, -0.0404793843626976, -0.5312896370887756]}