{"camera_uuid": "8260", "obliqueness_angle": 1.2194249629974365, "nonfixated_points_in_view": [120], "camera_rotation_original": [1.5707963705062866, -0.08698352426290512, 0.7725796103477478], "point_location": [-0.4054321348667145, 1.2653040885925293, -0.6841932535171509], "skybox_img_path": "./img/high/8260_skybox4.jpg", "resolution": 512, "camera_distance": 0.8803076485841081, "view_id": 21, "point_pitch": -0.3323828419062753, "camera_rotation_from_original_to_final": [-0.2346908003091812, -0.22898629307746887, -0.05597362294793129], "camera_location": [0.12450923770666122, 0.6215307712554932, -0.40195292234420776], "point_normal": [0.040700461715459824, 0.0009101604809984565, 0.9991709589958191], "camera_rotation_final_quaternion": [0.7515090107917786, 0.5570571422576904, 0.17140495777130127, 0.30909857153892517], "skybox_img": 4, "point_uuid": "104", "field_of_view_rads": 0.7376648996792496, "camera_rotation_final": [1.2431361675262451, -0.08685554563999176, 0.7181940674781799]}