{"camera_uuid": "10310", "obliqueness_angle": 0.8391740918159485, "nonfixated_points_in_view": [], "camera_rotation_original": [1.5707963705062866, 0.016812682151794434, -2.644211769104004], "point_location": [5.601480484008789, 2.1461212635040283, -1.4044468402862549], "skybox_img_path": "./img/high/10310_skybox4.jpg", "resolution": 512, "camera_distance": 0.7750713882714902, "view_id": 11, "point_pitch": -0.16827981074782805, "camera_rotation_from_original_to_final": [0.15582402050495148, 0.08784676343202591, -0.6581183671951294], "camera_location": [5.728945732116699, 2.898127555847168, -1.266697883605957], "point_normal": [0.8320084810256958, 0.5058020949363708, 0.2278733104467392], "camera_rotation_final_quaternion": [-0.06947516649961472, -0.049479544162750244, -0.6392884254455566, -0.7642220258712769], "skybox_img": 4, "point_uuid": "56", "field_of_view_rads": 0.7352830670651015, "camera_rotation_final": [1.3921072483062744, 0.013203006237745285, -3.3118815422058105]}