{"camera_uuid": "8260", "obliqueness_angle": 1.425396203994751, "nonfixated_points_in_view": [64], "camera_rotation_original": [1.5707963705062866, -0.08698352426290512, 0.7725796103477478], "point_location": [-0.30368760228157043, 1.3439174890518188, -0.7665223479270935], "skybox_img_path": "./img/high/8260_skybox4.jpg", "resolution": 512, "camera_distance": 0.9154812976701905, "view_id": 88, "point_pitch": -0.42846004565688567, "camera_rotation_from_original_to_final": [-0.29761436581611633, -0.2857552468776703, -0.19313828647136688], "camera_location": [0.12450923770666122, 0.6215307712554932, -0.40195292234420776], "point_normal": [0.9422652125358582, 0.29410141706466675, -0.16012726724147797], "camera_rotation_final_quaternion": [0.7952437996864319, 0.5351833701133728, 0.12027149647474289, 0.25826507806777954], "skybox_img": 4, "point_uuid": "180", "field_of_view_rads": 0.6570232286300489, "camera_rotation_final": [1.1596301794052124, -0.08525125682353973, 0.5721827745437622]}