{"camera_uuid": "6828", "obliqueness_angle": 1.0081309080123901, "nonfixated_points_in_view": [], "camera_rotation_original": [1.5707963705062866, -0.06078518182039261, 0.007354899775236845], "point_location": [3.4670467376708984, 1.0758438110351562, -0.6993377804756165], "skybox_img_path": "./img/high/6828_skybox4.jpg", "resolution": 512, "camera_distance": 0.28835855290107876, "view_id": 77, "point_pitch": 0.10167558590439363, "camera_rotation_from_original_to_final": [0.12098877131938934, 0.0036646355874836445, -0.32001906633377075], "camera_location": [3.3788912296295166, 0.80350661277771, -0.7341474294662476], "point_normal": [-0.728654682636261, -0.24732623994350433, -0.6386642456054688], "camera_rotation_final_quaternion": [0.6576698422431946, 0.7357255220413208, -0.1380808800458908, -0.08433288335800171], "skybox_img": 4, "point_uuid": "78", "field_of_view_rads": 1.3476975839402114, "camera_rotation_final": [1.6920099258422852, -0.05756333842873573, -0.32006341218948364]}