{"camera_uuid": "15482", "obliqueness_angle": 1.5267072916030884, "nonfixated_points_in_view": [], "camera_rotation_original": [1.5707963705062866, 0.006050843745470047, -0.16747844219207764], "point_location": [5.4932861328125, 0.18884922564029694, -0.9166303277015686], "skybox_img_path": "./img/high/15482_skybox4.jpg", "resolution": 512, "camera_distance": 0.8853217986300559, "view_id": 16, "point_pitch": -0.12876026233169036, "camera_rotation_from_original_to_final": [-0.12736377120018005, 0.021508626639842987, -0.06666889786720276], "camera_location": [5.290763854980469, -0.665420651435852, -0.8026021122932434], "point_normal": [-0.48851633071899414, 0.18398629128932953, 0.8529366254806519], "camera_rotation_final_quaternion": [0.745913565158844, 0.6557657122612, -0.07464603334665298, -0.08951106667518616], "skybox_img": 4, "point_uuid": "142", "field_of_view_rads": 0.9196569054818151, "camera_rotation_final": [1.441636562347412, 0.006037635263055563, -0.23355747759342194]}