{"camera_uuid": "9580", "obliqueness_angle": 1.3073837757110596, "nonfixated_points_in_view": [54], "camera_rotation_original": [1.5707963705062866, 0.04306752234697342, -0.9075700640678406], "point_location": [2.3592991828918457, 0.36116912961006165, -1.4106029272079468], "skybox_img_path": "./img/high/9580_skybox4.jpg", "resolution": 512, "camera_distance": 0.6931674073655337, "view_id": 7, "point_pitch": -0.3452247818324228, "camera_rotation_from_original_to_final": [-0.22287601232528687, 0.2781623899936676, -0.2437703162431717], "camera_location": [1.7742806673049927, 0.07779135555028915, -1.169913411140442], "point_normal": [-0.7301523685455322, 0.6114823222160339, -0.3049046993255615], "camera_rotation_final_quaternion": [0.6855151653289795, 0.49074649810791016, -0.2924930155277252, -0.4513143301010132], "skybox_img": 4, "point_uuid": "28", "field_of_view_rads": 0.5961933550608073, "camera_rotation_final": [1.215852975845337, 0.04195735976099968, -1.1352589130401611]}