{"camera_uuid": "3369", "obliqueness_angle": 1.0979115962982178, "nonfixated_points_in_view": [], "camera_rotation_original": [1.5707963705062866, -0.0035737408325076103, 0.5082553029060364], "point_location": [0.8357325792312622, 3.0001583099365234, -1.4500991106033325], "skybox_img_path": "./img/high/3369_skybox4.jpg", "resolution": 512, "camera_distance": 0.5402566538690144, "view_id": 23, "point_pitch": -0.5187617977473398, "camera_rotation_from_original_to_final": [-0.4606591463088989, -0.24230387806892395, -0.6584495306015015], "camera_location": [0.7391060590744019, 2.5403993129730225, -1.183336615562439], "point_normal": [0.02106740139424801, 0.04000088572502136, 0.998977541923523], "camera_rotation_final_quaternion": [0.8597311973571777, 0.5003278255462646, -0.05279388278722763, -0.08801824599504471], "skybox_img": 4, "point_uuid": "133", "field_of_view_rads": 1.6403442297244761, "camera_rotation_final": [1.0543746948242188, -0.002701147925108671, -0.20561914145946503]}