{"camera_uuid": "7158", "obliqueness_angle": 1.5597671270370483, "nonfixated_points_in_view": [], "camera_rotation_original": [1.5707963705062866, 0.11318594217300415, 2.4722681045532227], "point_location": [3.6669938564300537, 1.5509448051452637, -1.3941354751586914], "skybox_img_path": "./img/high/7158_skybox4.jpg", "resolution": 512, "camera_distance": 0.9284447770939349, "view_id": 4, "point_pitch": -0.3900727470729013, "camera_rotation_from_original_to_final": [0.3589573800563812, -0.2665467858314514, -0.517723560333252], "camera_location": [4.428720951080322, 1.9016389846801758, -0.9956443905830383], "point_normal": [0.3106723129749298, -0.9194551110267639, 0.24100880324840546], "camera_rotation_final_quaternion": [0.49406662583351135, 0.2631814777851105, 0.4649023115634918, 0.6859296560287476], "skybox_img": 4, "point_uuid": "61", "field_of_view_rads": 1.7779022957772381, "camera_rotation_final": [1.124870777130127, 0.09849666804075241, 1.9552851915359497]}