{"camera_uuid": "4423", "obliqueness_angle": 0.9228137731552124, "nonfixated_points_in_view": [], "camera_rotation_original": [1.5707963705062866, -0.07715382426977158, -2.566662549972534], "point_location": [1.8005895614624023, 0.6414239406585693, -0.9798945188522339], "skybox_img_path": "./img/high/4423_skybox4.jpg", "resolution": 512, "camera_distance": 0.6578154200264823, "view_id": 37, "point_pitch": -0.6703688343379159, "camera_rotation_from_original_to_final": [0.5588419437408447, 0.34510788321495056, -0.23253174126148224], "camera_location": [1.677255392074585, 1.1516512632369995, -0.5834378600120544], "point_normal": [-0.012308535166084766, -0.0017647614004090428, 0.9999226927757263], "camera_rotation_final_quaternion": [0.14708560705184937, 0.03211537003517151, -0.44455063343048096, -0.8830114006996155], "skybox_img": 4, "point_uuid": "193", "field_of_view_rads": 0.5318174447997766, "camera_rotation_final": [0.9218512773513794, -0.07412538677453995, -2.848301649093628]}