{"camera_uuid": "10019", "obliqueness_angle": 0.9156282544136047, "nonfixated_points_in_view": [127], "camera_rotation_original": [1.5707963705062866, 0.019720446318387985, 1.0070302486419678], "point_location": [-0.1822434514760971, 0.2831597626209259, -1.431676983833313], "skybox_img_path": "./img/high/10019_skybox4.jpg", "resolution": 512, "camera_distance": 0.7112481936983258, "view_id": 11, "point_pitch": -0.5557467182490488, "camera_rotation_from_original_to_final": [-0.3241540789604187, -0.4618310034275055, -0.003274790709838271], "camera_location": [0.3008338212966919, -0.07870221883058548, -1.0554240942001343], "point_normal": [0.12324375659227371, -0.9915743470191956, 0.03989033028483391], "camera_rotation_final_quaternion": [0.7864086627960205, 0.4314432144165039, 0.22215977311134338, 0.38218218088150024], "skybox_img": 4, "point_uuid": "188", "field_of_view_rads": 1.6071546237233685, "camera_rotation_final": [1.0132501125335693, 0.01963821053504944, 0.9156426191329956]}