{"camera_uuid": "15785", "obliqueness_angle": 1.0112595558166504, "nonfixated_points_in_view": [], "camera_rotation_original": [1.5707963705062866, -0.09096195548772812, -2.3483057022094727], "point_location": [6.496413230895996, -0.9186689257621765, -1.3843356370925903], "skybox_img_path": "./img/high/15785_skybox4.jpg", "resolution": 512, "camera_distance": 0.821605272235293, "view_id": 1, "point_pitch": -0.5447951992365976, "camera_rotation_from_original_to_final": [0.39540979266166687, 0.3904949128627777, 0.09312867373228073], "camera_location": [5.991987228393555, -0.4315780997276306, -0.9561625719070435], "point_normal": [-0.002619897248223424, 0.013651745393872261, 0.9999033808708191], "camera_rotation_final_quaternion": [0.3829793930053711, 0.16697382926940918, -0.45994433760643005, -0.7835162878036499], "skybox_img": 4, "point_uuid": "21", "field_of_view_rads": 1.6316217442386929, "camera_rotation_final": [1.020081877708435, -0.09076958894729614, -2.2831060886383057]}