{"camera_uuid": "12123", "obliqueness_angle": 1.130255103111267, "nonfixated_points_in_view": [115], "camera_rotation_original": [1.5707963705062866, -0.08197087794542313, -0.20469032227993011], "point_location": [1.9191844463348389, 0.03978348895907402, -1.4310652017593384], "skybox_img_path": "./img/high/12123_skybox4.jpg", "resolution": 512, "camera_distance": 0.8320608749748631, "view_id": 10, "point_pitch": -0.38593308528396086, "camera_rotation_from_original_to_final": [-0.39928868412971497, 0.07666703313589096, 0.2180519700050354], "camera_location": [1.9406073093414307, -0.7242799401283264, -1.1023199558258057], "point_normal": [-0.03025132790207863, -0.0354352742433548, 0.9989140033721924], "camera_rotation_final_quaternion": [0.8338342308998108, 0.5497238636016846, -0.01596647873520851, 0.047636233270168304], "skybox_img": 4, "point_uuid": "175", "field_of_view_rads": 0.8546880344112765, "camera_rotation_final": [1.163273572921753, -0.07908274978399277, 0.062121111899614334]}