{"camera_uuid": "11045", "obliqueness_angle": 0.4249648153781891, "nonfixated_points_in_view": [110], "camera_rotation_original": [1.5707963705062866, 0.010360888205468655, -3.014293909072876], "point_location": [4.562438011169434, 1.4008369445800781, -1.4019603729248047], "skybox_img_path": "./img/high/11045_skybox4.jpg", "resolution": 512, "camera_distance": 0.69367062204761, "view_id": 5, "point_pitch": -0.2508088787409921, "camera_rotation_from_original_to_final": [0.25361359119415283, 0.033008236438035965, -0.4867047667503357], "camera_location": [4.801198482513428, 2.028045177459717, -1.226511836051941], "point_normal": [0.223052978515625, 0.9637098908424377, -0.14666493237018585], "camera_rotation_final_quaternion": [-0.14682398736476898, -0.10770519077777863, -0.6016110181808472, -0.7777573466300964], "skybox_img": 4, "point_uuid": "75", "field_of_view_rads": 1.1263039557204935, "camera_rotation_final": [1.3150804042816162, 0.009124965406954288, -3.5077123641967773]}