{"camera_uuid": "8877", "obliqueness_angle": 1.20502507686615, "nonfixated_points_in_view": [], "camera_rotation_original": [1.5707963705062866, -0.11106537282466888, 2.2704684734344482], "point_location": [0.580907940864563, -0.050188999623060226, -1.4085019826889038], "skybox_img_path": "./img/high/8877_skybox4.jpg", "resolution": 512, "camera_distance": 0.8859610134785483, "view_id": 76, "point_pitch": -0.20548336108657317, "camera_rotation_from_original_to_final": [0.15650692582130432, -0.19027748703956604, 0.34291720390319824], "camera_location": [1.0024033784866333, 0.69869065284729, -1.1929845809936523], "point_normal": [0.11274728178977966, 0.07453673332929611, 0.9908240437507629], "camera_rotation_final_quaternion": [0.15911832451820374, 0.1873147040605545, 0.5859044790267944, 0.7722114324569702], "skybox_img": 4, "point_uuid": "57", "field_of_view_rads": 1.5023104524077913, "camera_rotation_final": [1.3237357139587402, -0.10301896929740906, 2.6548800468444824]}