{"camera_uuid": "10457", "obliqueness_angle": 1.2690849304199219, "nonfixated_points_in_view": [], "camera_rotation_original": [1.5707963705062866, 0.11185552924871445, -1.1152997016906738], "point_location": [6.319373607635498, 3.116034984588623, -1.4095163345336914], "skybox_img_path": "./img/high/10457_skybox4.jpg", "resolution": 512, "camera_distance": 0.5889982954132386, "view_id": 1, "point_pitch": -0.3737947185847421, "camera_rotation_from_original_to_final": [-0.20650705695152283, 0.38175278902053833, -0.5598010420799255], "camera_location": [5.785536289215088, 3.1512937545776367, -1.1631557941436768], "point_normal": [0.11794652789831161, -0.12946823239326477, 0.9845438599586487], "camera_rotation_final_quaternion": [0.5427187085151672, 0.3885704576969147, -0.37400245666503906, -0.6438878774642944], "skybox_img": 4, "point_uuid": "112", "field_of_view_rads": 1.6316217442386929, "camera_rotation_final": [1.1371879577636719, 0.09457623213529587, -1.6804437637329102]}