{"camera_uuid": "15255", "obliqueness_angle": 0.9483667016029358, "nonfixated_points_in_view": [], "camera_rotation_original": [1.5707963705062866, 0.00275009055621922, 1.5671874284744263], "point_location": [5.022676944732666, -0.4345104992389679, -1.360304355621338], "skybox_img_path": "./img/high/15255_skybox4.jpg", "resolution": 512, "camera_distance": 0.9749687393270947, "view_id": 21, "point_pitch": -0.5944027145716806, "camera_rotation_from_original_to_final": [-0.00296909362077713, -0.5939863920211792, 0.1512020081281662], "camera_location": [5.8219499588012695, -0.3162885010242462, -0.8146393895149231], "point_normal": [0.020464561879634857, 0.0647537112236023, 0.9976915121078491], "camera_rotation_final_quaternion": [0.5780414342880249, 0.3059689700603485, 0.35573282837867737, 0.6676115989685059], "skybox_img": 4, "point_uuid": "62", "field_of_view_rads": 0.7376648996792496, "camera_rotation_final": [0.9768011569976807, 0.0027197652962058783, 1.7158067226409912]}