{"camera_uuid": "1723", "obliqueness_angle": 1.1435153484344482, "nonfixated_points_in_view": [], "camera_rotation_original": [1.5707963705062866, -0.14567148685455322, -0.6192890405654907], "point_location": [2.066779375076294, 2.579990863800049, -1.4030261039733887], "skybox_img_path": "./img/high/1723_skybox4.jpg", "resolution": 512, "camera_distance": 0.7471502473240552, "view_id": 18, "point_pitch": -0.4846026142451425, "camera_rotation_from_original_to_final": [-0.35175207257270813, 0.23959699273109436, -0.5121778845787048], "camera_location": [1.4629977941513062, 2.2642247676849365, -1.0964758396148682], "point_normal": [0.0033442084677517414, -0.016241353005170822, 0.9998626112937927], "camera_rotation_final_quaternion": [0.7482724189758301, 0.44260984659194946, -0.31456348299980164, -0.3810967206954956], "skybox_img": 4, "point_uuid": "51", "field_of_view_rads": 1.9554518605800617, "camera_rotation_final": [1.1439599990844727, -0.13380292057991028, -1.0283361673355103]}