{"camera_uuid": "8634", "obliqueness_angle": 1.0717917680740356, "nonfixated_points_in_view": [], "camera_rotation_original": [1.5707963705062866, -0.1459939181804657, 0.7447441816329956], "point_location": [-0.4054321348667145, 1.2653040885925293, -0.6841932535171509], "skybox_img_path": "./img/high/8634_skybox4.jpg", "resolution": 512, "camera_distance": 0.7142391768557361, "view_id": 19, "point_pitch": -0.5649043758723398, "camera_rotation_from_original_to_final": [-0.37529802322387695, -0.3269948661327362, -0.4911159574985504], "camera_location": [-0.2861197590827942, 0.6474025845527649, -0.346406489610672], "point_normal": [0.040700461715459824, 0.0009101604809984565, 0.9991709589958191], "camera_rotation_final_quaternion": [0.8459682464599609, 0.5132327079772949, 0.011227180249989033, 0.14423531293869019], "skybox_img": 4, "point_uuid": "104", "field_of_view_rads": 1.8083336999188173, "camera_rotation_final": [1.073648452758789, -0.12941786646842957, 0.2606581747531891]}