{"camera_uuid": "0973", "obliqueness_angle": 0.6399144530296326, "nonfixated_points_in_view": [], "camera_rotation_original": [1.5707963705062866, 0.031335968524217606, 0.8971921801567078], "point_location": [2.2359414100646973, 3.1619937419891357, -1.4091827869415283], "skybox_img_path": "./img/high/0973_skybox4.jpg", "resolution": 512, "camera_distance": 0.7258570602231453, "view_id": 3, "point_pitch": -0.6650451858851572, "camera_rotation_from_original_to_final": [-0.47062787413597107, -0.5150052309036255, -0.4746325612068176], "camera_location": [2.4007089138031006, 2.62361216545105, -0.951072096824646], "point_normal": [0.1874009370803833, -0.20707298815250397, 0.9602092504501343], "camera_rotation_final_quaternion": [0.8952227234840393, 0.42363089323043823, 0.07050861418247223, 0.11891879141330719], "skybox_img": 4, "point_uuid": "91", "field_of_view_rads": 1.949514490688795, "camera_rotation_final": [0.8875217437744141, 0.025489239022135735, 0.2762455344200134]}