{"camera_uuid": "12245", "obliqueness_angle": 0.8796002268791199, "nonfixated_points_in_view": [8], "camera_rotation_original": [-1.570796251296997, -3.010545492172241, 0.12542644143104553], "point_location": [5.4932861328125, 0.18884922564029694, -0.9166303277015686], "skybox_img_path": "./img/high/12245_skybox4.jpg", "resolution": 512, "camera_distance": 0.9461564560946942, "view_id": 70, "point_pitch": -0.587429209551539, "camera_rotation_from_original_to_final": [0.5758283734321594, 0.09037823230028152, -0.05343500152230263], "camera_location": [5.463696479797363, 0.9789040088653564, -0.39687085151672363], "point_normal": [-0.48851633071899414, 0.18398629128932953, 0.8529366254806519], "camera_rotation_final_quaternion": [0.08544261008501053, -0.028367191553115845, -0.4738421142101288, -0.8759957551956177], "skybox_img": 4, "point_uuid": "142", "field_of_view_rads": 1.1393301111905725, "camera_rotation_final": [-2.158064365386963, -3.0105462074279785, 0.1241927221417427]}