{"camera_uuid": "2293", "obliqueness_angle": 0.9954641461372375, "nonfixated_points_in_view": [112, 14], "camera_rotation_original": [1.5707963705062866, 0.13298332691192627, -0.19305185973644257], "point_location": [2.066779375076294, 2.579990863800049, -1.4030261039733887], "skybox_img_path": "./img/high/2293_skybox4.jpg", "resolution": 512, "camera_distance": 0.9240807266427508, "view_id": 14, "point_pitch": -0.57229487498733, "camera_rotation_from_original_to_final": [-0.5476972460746765, 0.12193182855844498, 0.09862792491912842], "camera_location": [2.02506160736084, 1.797825574874878, -0.9127177596092224], "point_normal": [0.0033442084677517414, -0.016241353005170822, 0.9998626112937927], "camera_rotation_final_quaternion": [0.8699883818626404, 0.4838143289089203, 0.025069838389754295, -0.09173570573329926], "skybox_img": 4, "point_uuid": "51", "field_of_view_rads": 1.274054123740192, "camera_rotation_final": [1.00593101978302, 0.13277682662010193, -0.1369897574186325]}