{"camera_uuid": "7158", "obliqueness_angle": 1.0933557748794556, "nonfixated_points_in_view": [], "camera_rotation_original": [1.5707963705062866, 0.11318594217300415, 2.4722681045532227], "point_location": [4.528530120849609, 1.0438001155853271, -1.4141380786895752], "skybox_img_path": "./img/high/7158_skybox4.jpg", "resolution": 512, "camera_distance": 0.9596803459789292, "view_id": 36, "point_pitch": -0.5295423706385751, "camera_rotation_from_original_to_final": [0.37430310249328613, -0.25899022817611694, 0.7405469417572021], "camera_location": [4.428720951080322, 1.9016389846801758, -0.9956443905830383], "point_normal": [0.012244894169270992, 0.0278637632727623, 0.9995367527008057], "camera_rotation_final_quaternion": [-0.009802046231925488, -0.0552624873816967, 0.5281174182891846, 0.8473145365715027], "skybox_img": 4, "point_uuid": "140", "field_of_view_rads": 0.9476384761560841, "camera_rotation_final": [1.1178721189498901, 0.08339277654886246, 3.2169063091278076]}