{"camera_uuid": "7383", "obliqueness_angle": 1.1315374374389648, "nonfixated_points_in_view": [], "camera_rotation_original": [1.5707963705062866, 0.16384050250053406, -2.2417376041412354], "point_location": [1.8005895614624023, 0.6414239406585693, -0.9798945188522339], "skybox_img_path": "./img/high/7383_skybox4.jpg", "resolution": 512, "camera_distance": 0.902521036179229, "view_id": 44, "point_pitch": -0.5285548408839364, "camera_rotation_from_original_to_final": [0.26181867718696594, 0.3416670560836792, 0.7506877779960632], "camera_location": [0.979442298412323, 0.6166120171546936, -0.6062024831771851], "point_normal": [-0.012308535166084766, -0.0017647614004090428, 0.9999226927757263], "camera_rotation_final_quaternion": [0.5595357418060303, 0.41472503542900085, -0.3478166460990906, -0.627651572227478], "skybox_img": 4, "point_uuid": "193", "field_of_view_rads": 0.8446041756018192, "camera_rotation_final": [1.1399130821228027, 0.1317548304796219, -1.6009076833724976]}