{"camera_uuid": "15950", "obliqueness_angle": 0.4753231406211853, "nonfixated_points_in_view": [], "camera_rotation_original": [1.5707963705062866, 0.015634646639227867, -0.4555368721485138], "point_location": [6.472002983093262, 0.15190300345420837, -1.4097909927368164], "skybox_img_path": "./img/high/15950_skybox4.jpg", "resolution": 512, "camera_distance": 0.854260313998591, "view_id": 1, "point_pitch": -0.60649578174087, "camera_rotation_from_original_to_final": [-0.5554178357124329, 0.25578591227531433, -0.02516055852174759], "camera_location": [6.194432258605957, -0.49314773082733154, -0.9233501553535461], "point_normal": [-0.073713019490242, -0.9694844484329224, 0.23380839824676514], "camera_rotation_final_quaternion": [0.8658816814422607, 0.455313503742218, -0.08930283039808273, -0.1869853138923645], "skybox_img": 4, "point_uuid": "86", "field_of_view_rads": 1.7779022957772381, "camera_rotation_final": [0.9649004340171814, 0.015623144805431366, -0.4171815514564514]}