{"camera_uuid": "1060", "obliqueness_angle": 1.253715991973877, "nonfixated_points_in_view": [], "camera_rotation_original": [1.5707963705062866, -0.033764876425266266, 1.7433029413223267], "point_location": [0.8357325792312622, 3.0001583099365234, -1.4500991106033325], "skybox_img_path": "./img/high/1060_skybox4.jpg", "resolution": 512, "camera_distance": 0.6937994312705522, "view_id": 6, "point_pitch": -0.2845502336833139, "camera_rotation_from_original_to_final": [0.05194661021232605, -0.2825264036655426, 0.06443276256322861], "camera_location": [1.481396198272705, 3.160996675491333, -1.2536120414733887], "point_normal": [0.02106740139424801, 0.04000088572502136, 0.998977541923523], "camera_rotation_final_quaternion": [0.48206254839897156, 0.3768424093723297, 0.4651748239994049, 0.6397013664245605], "skybox_img": 4, "point_uuid": "133", "field_of_view_rads": 1.0039714359666843, "camera_rotation_final": [1.2834954261779785, -0.03365286812186241, 1.8248745203018188]}