{"camera_uuid": "5148", "obliqueness_angle": 1.0649747848510742, "nonfixated_points_in_view": [2], "camera_rotation_original": [1.5707963705062866, 0.00433780113235116, 0.04840695858001709], "point_location": [0.22651520371437073, 2.849133014678955, -1.442795991897583], "skybox_img_path": "./img/high/5148_skybox4.jpg", "resolution": 512, "camera_distance": 0.9345509558001474, "view_id": 19, "point_pitch": -0.5108744343135019, "camera_rotation_from_original_to_final": [-0.5132229328155518, -0.02431204356253147, -0.7163743376731873], "camera_location": [-0.28178107738494873, 2.2134578227996826, -0.9835166931152344], "point_normal": [0.024610353633761406, -0.009762244299054146, 0.9996494650840759], "camera_rotation_final_quaternion": [0.8143712878227234, 0.4761638045310974, -0.16597038507461548, -0.28726521134376526], "skybox_img": 4, "point_uuid": "150", "field_of_view_rads": 1.2129322280560322, "camera_rotation_final": [1.05704665184021, 0.003247572109103203, -0.6763395667076111]}