{"camera_uuid": "2560", "obliqueness_angle": 1.0224196910858154, "nonfixated_points_in_view": [], "camera_rotation_original": [1.5707963705062866, -0.05013386905193329, 0.7831810712814331], "point_location": [2.155930757522583, 2.4535746574401855, -1.421875], "skybox_img_path": "./img/high/2560_skybox4.jpg", "resolution": 512, "camera_distance": 0.5036015175366788, "view_id": 9, "point_pitch": -0.5944759090754648, "camera_rotation_from_original_to_final": [-0.4218907952308655, -0.3779597580432892, -0.7268445491790771], "camera_location": [2.1460413932800293, 2.026658535003662, -1.154930591583252], "point_normal": [0.01849367655813694, 0.009777815081179142, 0.9997811913490295], "camera_rotation_final_quaternion": [0.8746246695518494, 0.4844752252101898, -0.01576089859008789, 0.00818665511906147], "skybox_img": 4, "point_uuid": "168", "field_of_view_rads": 1.6403442297244761, "camera_rotation_final": [1.0117180347442627, -0.03550966829061508, -0.0009516297141090035]}