{"camera_uuid": "13450", "obliqueness_angle": 1.538171648979187, "nonfixated_points_in_view": [92], "camera_rotation_original": [1.5707963705062866, 0.02189682610332966, -1.3772366046905518], "point_location": [5.577847957611084, 0.5073602795600891, -0.8285789489746094], "skybox_img_path": "./img/high/13450_skybox4.jpg", "resolution": 512, "camera_distance": 0.47397080551620185, "view_id": 20, "point_pitch": -0.06574408610793547, "camera_rotation_from_original_to_final": [-0.013151462189853191, 0.05396677181124687, 0.48776400089263916], "camera_location": [5.210347652435303, 0.2091977447271347, -0.8022928833961487], "point_normal": [0.047805894166231155, -0.0227388683706522, 0.9985978007316589], "camera_rotation_final_quaternion": [0.652769923210144, 0.6232467889785767, -0.28954076766967773, -0.3187805414199829], "skybox_img": 4, "point_uuid": "11", "field_of_view_rads": 1.7927549318813307, "camera_rotation_final": [1.5152982473373413, 0.019352061673998833, -0.8902624845504761]}