{"camera_uuid": "2774", "obliqueness_angle": 0.8542236089706421, "nonfixated_points_in_view": [], "camera_rotation_original": [1.5707963705062866, 0.1137729063630104, -1.2984715700149536], "point_location": [1.1355481147766113, 2.277404546737671, -1.37511146068573], "skybox_img_path": "./img/high/2774_skybox4.jpg", "resolution": 512, "camera_distance": 0.6738981649831212, "view_id": 33, "point_pitch": -0.5660421093318124, "camera_rotation_from_original_to_final": [-0.16751626133918762, 0.580289900302887, -0.33219143748283386], "camera_location": [0.5797891616821289, 2.2800698280334473, -0.9939768314361572], "point_normal": [-0.34670761227607727, -0.666063666343689, 0.6604189276695251], "camera_rotation_final_quaternion": [0.5821467638015747, 0.3494892716407776, -0.3083402216434479, -0.6662497520446777], "skybox_img": 4, "point_uuid": "162", "field_of_view_rads": 0.9342833371495716, "camera_rotation_final": [0.9657331109046936, 0.106899194419384, -1.6492489576339722]}