{"camera_uuid": "16144", "obliqueness_angle": 1.003077745437622, "nonfixated_points_in_view": [], "camera_rotation_original": [1.5707963705062866, -0.10814212262630463, -2.843371629714966], "point_location": [6.496413230895996, -0.9186689257621765, -1.3843356370925903], "skybox_img_path": "./img/high/16144_skybox4.jpg", "resolution": 512, "camera_distance": 0.4138189625243346, "view_id": 8, "point_pitch": -0.5419685085627695, "camera_rotation_from_original_to_final": [0.5302619934082031, 0.1698622852563858, 0.13035622239112854], "camera_location": [6.366766929626465, -0.5915118455886841, -1.1666059494018555], "point_normal": [-0.002619897248223424, 0.013651745393872261, 0.9999033808708191], "camera_rotation_final_quaternion": [0.21748025715351105, 0.06101673096418381, -0.4829113185405731, -0.8460354208946228], "skybox_img": 4, "point_uuid": "21", "field_of_view_rads": 1.6816280418618088, "camera_rotation_final": [1.013169527053833, -0.10700681060552597, -2.697787284851074]}