{"camera_uuid": "5102", "obliqueness_angle": 1.0777294635772705, "nonfixated_points_in_view": [], "camera_rotation_original": [1.5707963705062866, -0.06263558566570282, 1.4933894872665405], "point_location": [2.133356809616089, 1.9143738746643066, -1.4239013195037842], "skybox_img_path": "./img/high/5102_skybox4.jpg", "resolution": 512, "camera_distance": 0.9792136407636403, "view_id": 24, "point_pitch": -0.49237839778396086, "camera_rotation_from_original_to_final": [-0.04851094260811806, -0.4473079442977905, -0.7543035745620728], "camera_location": [2.7218735218048096, 1.2575790882110596, -0.9983099102973938], "point_normal": [0.056367747485637665, -0.008248048834502697, 0.9983760714530945], "camera_rotation_final_quaternion": [0.7830231785774231, 0.5013133883476257, 0.17712177336215973, 0.3227808177471161], "skybox_img": 4, "point_uuid": "2", "field_of_view_rads": 0.5256461677815203, "camera_rotation_final": [1.1206568479537964, -0.04626425355672836, 0.7529693841934204]}