{"camera_uuid": "4891", "obliqueness_angle": 1.2535548210144043, "nonfixated_points_in_view": [42, 98], "camera_rotation_original": [1.5707963705062866, -0.13530167937278748, -2.5051803588867188], "point_location": [0.417374849319458, 2.3124659061431885, -1.4506763219833374], "skybox_img_path": "./img/high/4891_skybox4.jpg", "resolution": 512, "camera_distance": 0.9346469162146471, "view_id": 8, "point_pitch": -0.3070961674067636, "camera_rotation_from_original_to_final": [0.20810607075691223, 0.14362776279449463, -0.4208996593952179], "camera_location": [0.23638483881950378, 3.1992695331573486, -1.2174664735794067], "point_normal": [-0.9782938361167908, 0.16282261908054352, -0.12818016111850739], "camera_rotation_final_quaternion": [0.12983080744743347, 0.022245759144425392, -0.6121658682823181, -0.7796807289123535], "skybox_img": 4, "point_uuid": "174", "field_of_view_rads": 0.6382884761446714, "camera_rotation_final": [1.316602349281311, -0.12458885461091995, -2.9079902172088623]}