{"camera_uuid": "3673", "obliqueness_angle": 0.8536067008972168, "nonfixated_points_in_view": [], "camera_rotation_original": [1.5707963705062866, 0.01648988574743271, 2.7277185916900635], "point_location": [0.4283650815486908, 1.0628477334976196, -1.424589991569519], "skybox_img_path": "./img/high/3673_skybox4.jpg", "resolution": 512, "camera_distance": 0.9878385856681439, "view_id": 3, "point_pitch": -0.34436814387771086, "camera_rotation_from_original_to_final": [0.31433412432670593, -0.1357487440109253, 0.15610218048095703], "camera_location": [0.6460873484611511, 1.967820405960083, -1.0937628746032715], "point_normal": [0.870360791683197, 0.48990392684936523, 0.049661390483379364], "camera_rotation_final_quaternion": [0.10320967435836792, 0.0629778504371643, 0.5732224583625793, 0.8104305267333984], "skybox_img": 4, "point_uuid": "84", "field_of_view_rads": 0.7376648996792496, "camera_rotation_final": [1.2292506694793701, 0.016246575862169266, 2.8997204303741455]}