{"camera_uuid": "7566", "obliqueness_angle": 0.4999634623527527, "nonfixated_points_in_view": [], "camera_rotation_original": [1.5707963705062866, -0.10147462040185928, -2.544795274734497], "point_location": [5.518570899963379, 1.8022818565368652, -0.9034366607666016], "skybox_img_path": "./img/high/7566_skybox4.jpg", "resolution": 512, "camera_distance": 0.8629762199105493, "view_id": 29, "point_pitch": -0.6035100658747812, "camera_rotation_from_original_to_final": [0.5856238007545471, 0.3516732454299927, 0.820449948310852], "camera_location": [4.865661144256592, 1.9742836952209473, -0.3659869134426117], "point_normal": [-0.3810344636440277, 0.07813670486211777, 0.9212532639503479], "camera_rotation_final_quaternion": [0.5824039578437805, 0.24884115159511566, -0.35592833161354065, -0.6871671676635742], "skybox_img": 4, "point_uuid": "103", "field_of_view_rads": 0.9476384761560841, "camera_rotation_final": [0.8963897824287415, -0.07266111671924591, -1.7704099416732788]}