{"camera_uuid": "12044", "obliqueness_angle": 1.2758830785751343, "nonfixated_points_in_view": [], "camera_rotation_original": [1.5707963705062866, 0.05868587642908096, -2.6090543270111084], "point_location": [5.577847957611084, 0.5073602795600891, -0.8285789489746094], "skybox_img_path": "./img/high/12044_skybox4.jpg", "resolution": 512, "camera_distance": 0.7509731151888613, "view_id": 44, "point_pitch": -0.2972199161860605, "camera_rotation_from_original_to_final": [0.27885904908180237, 0.16414691507816315, -0.412800669670105], "camera_location": [5.5094685554504395, 1.216332197189331, -0.590579628944397], "point_normal": [0.047805894166231155, -0.0227388683706522, 0.9985978007316589], "camera_rotation_final_quaternion": [0.016442863270640373, 0.04430704936385155, -0.5827318429946899, -0.8112891912460327], "skybox_img": 4, "point_uuid": "11", "field_of_view_rads": 2.173302890718354, "camera_rotation_final": [1.247849464416504, 0.05275256186723709, -3.063084840774536]}