{"camera_uuid": "7640", "obliqueness_angle": 0.8055564165115356, "nonfixated_points_in_view": [], "camera_rotation_original": [1.5707963705062866, 0.08568015694618225, -1.680171251296997], "point_location": [5.518570899963379, 1.8022818565368652, -0.9034366607666016], "skybox_img_path": "./img/high/7640_skybox4.jpg", "resolution": 512, "camera_distance": 0.6934415580506996, "view_id": 73, "point_pitch": -0.3633717735621591, "camera_rotation_from_original_to_final": [0.04202524945139885, 0.40269729495048523, -0.4788089990615845], "camera_location": [4.991675853729248, 2.161001443862915, -0.6303742527961731], "point_normal": [-0.3810344636440277, 0.07813670486211777, 0.9212532639503479], "camera_rotation_final_quaternion": [0.3601446747779846, 0.2768975496292114, -0.4758554697036743, -0.7531169652938843], "skybox_img": 4, "point_uuid": "103", "field_of_view_rads": 1.3012303617095222, "camera_rotation_final": [1.1648693084716797, 0.07438743114471436, -2.20046329498291]}