{"camera_uuid": "16067", "obliqueness_angle": 0.780616044998169, "nonfixated_points_in_view": [], "camera_rotation_original": [1.5707963705062866, -0.09186040610074997, -2.7751858234405518], "point_location": [6.095944881439209, -0.5426977872848511, -1.423715353012085], "skybox_img_path": "./img/high/16067_skybox4.jpg", "resolution": 512, "camera_distance": 0.7633626609421538, "view_id": 2, "point_pitch": -0.6150857647273202, "camera_rotation_from_original_to_final": [0.5231232643127441, 0.1755438894033432, -0.7807998657226562], "camera_location": [6.383371829986572, 0.04162367433309555, -1.025372862815857], "point_normal": [-0.36893877387046814, 0.8434303998947144, 0.3905245363712311], "camera_rotation_final_quaternion": [-0.1650587022304535, -0.12890246510505676, -0.4716684818267822, -0.8565446138381958], "skybox_img": 4, "point_uuid": "20", "field_of_view_rads": 1.0910236528484336, "camera_rotation_final": [1.0205047130584717, -0.06516153365373611, -3.5588107109069824]}