{"camera_uuid": "15449", "obliqueness_angle": 0.9075552821159363, "nonfixated_points_in_view": [70], "camera_rotation_original": [1.5707963705062866, 0.07363331317901611, 2.6583123207092285], "point_location": [6.095944881439209, -0.5426977872848511, -1.423715353012085], "skybox_img_path": "./img/high/15449_skybox4.jpg", "resolution": 512, "camera_distance": 0.9651666131929172, "view_id": 7, "point_pitch": -0.10538010199996428, "camera_rotation_from_original_to_final": [0.09323335438966751, -0.04927915334701538, 0.0010124985128641129], "camera_location": [6.539119243621826, 0.3086707592010498, -1.3221542835235596], "point_normal": [-0.36893877387046814, 0.8434303998947144, 0.3905245363712311], "camera_rotation_final_quaternion": [0.20328979194164276, 0.134817972779274, 0.6551419496536255, 0.7150429487228394], "skybox_img": 4, "point_uuid": "20", "field_of_view_rads": 0.5961933550608073, "camera_rotation_final": [1.4650874137878418, 0.07363258302211761, 2.6538403034210205]}