{"camera_uuid": "8391", "obliqueness_angle": 0.8405698537826538, "nonfixated_points_in_view": [9], "camera_rotation_original": [1.5707963705062866, -0.13252931833267212, 1.3297669887542725], "point_location": [2.8440728187561035, 0.5467994809150696, -1.3693242073059082], "skybox_img_path": "./img/high/8391_skybox4.jpg", "resolution": 512, "camera_distance": 0.7915587091505749, "view_id": 16, "point_pitch": -0.7382830818507333, "camera_rotation_from_original_to_final": [-0.17027415335178375, -0.7230791449546814, 0.020945154130458832], "camera_location": [3.4029974937438965, 0.3722526729106903, -0.8366875648498535], "point_normal": [0.9891408681869507, 0.14696341753005981, 0.0014960329281166196], "camera_rotation_final_quaternion": [0.6853523254394531, 0.34595024585723877, 0.2094528079032898, 0.6055907607078552], "skybox_img": 4, "point_uuid": "6", "field_of_view_rads": 1.6924921945557647, "camera_rotation_final": [0.8246312737464905, -0.13229617476463318, 1.3894492387771606]}