{"camera_uuid": "2111", "obliqueness_angle": 1.0745114088058472, "nonfixated_points_in_view": [], "camera_rotation_original": [1.5707963705062866, -0.15920032560825348, -0.140869140625], "point_location": [2.295008659362793, 2.27626895904541, -1.3962150812149048], "skybox_img_path": "./img/high/2111_skybox4.jpg", "resolution": 512, "camera_distance": 0.8853211963831032, "view_id": 10, "point_pitch": -0.6739095886561532, "camera_rotation_from_original_to_final": [-0.6435880661010742, 0.0536213219165802, -0.25077542662620544], "camera_location": [2.028071403503418, 1.620813012123108, -0.8643169403076172], "point_normal": [-0.9679071307182312, -0.2512916922569275, -0.0028668304439634085], "camera_rotation_final_quaternion": [0.8906718492507935, 0.4278038740158081, -0.1287849247455597, -0.0842728465795517], "skybox_img": 4, "point_uuid": "18", "field_of_view_rads": 1.957036885090066, "camera_rotation_final": [0.9167901277542114, -0.15796180069446564, -0.26674193143844604]}