{"camera_uuid": "3186", "obliqueness_angle": 0.9577258825302124, "nonfixated_points_in_view": [42], "camera_rotation_original": [1.5707963705062866, 0.036666419357061386, -1.9792630672454834], "point_location": [0.22651520371437073, 2.849133014678955, -1.442795991897583], "skybox_img_path": "./img/high/3186_skybox4.jpg", "resolution": 512, "camera_distance": 0.781698720188314, "view_id": 25, "point_pitch": -0.6495327194544931, "camera_rotation_from_original_to_final": [0.29262399673461914, 0.5760225057601929, 0.40433481335639954], "camera_location": [-0.39870551228523254, 2.9049623012542725, -0.976925790309906], "point_normal": [0.024610353633761406, -0.009762244299054146, 0.9996494650840759], "camera_rotation_final_quaternion": [0.5883634090423584, 0.3105299770832062, -0.3249390423297882, -0.6721712946891785], "skybox_img": 4, "point_uuid": "150", "field_of_view_rads": 1.6479889454005774, "camera_rotation_final": [0.9318638443946838, 0.035101357847452164, -1.6859204769134521]}