{"camera_uuid": "3561", "obliqueness_angle": 0.983742356300354, "nonfixated_points_in_view": [97], "camera_rotation_original": [1.5707963705062866, 0.07839043438434601, 0.884086012840271], "point_location": [0.23549170792102814, 2.561976432800293, -1.4406388998031616], "skybox_img_path": "./img/high/3561_skybox4.jpg", "resolution": 512, "camera_distance": 0.7605382232095542, "view_id": 5, "point_pitch": -0.7037438591334482, "camera_rotation_from_original_to_final": [-0.5267020463943481, -0.5297749638557434, -0.15135568380355835], "camera_location": [0.5532829165458679, 2.0918569564819336, -0.9342647194862366], "point_normal": [-0.3735734224319458, -0.8979271650314331, 0.23274387419223785], "camera_rotation_final_quaternion": [0.8847335577011108, 0.38447681069374084, 0.13882525265216827, 0.22394557297229767], "skybox_img": 4, "point_uuid": "55", "field_of_view_rads": 2.119048415795751, "camera_rotation_final": [0.8397980332374573, 0.07350915670394897, 0.5286598801612854]}