{"camera_uuid": "16064", "obliqueness_angle": 1.4569966793060303, "nonfixated_points_in_view": [], "camera_rotation_original": [1.5707963705062866, -0.023128582164645195, -1.436248779296875], "point_location": [6.496413230895996, -0.9186689257621765, -1.3843356370925903], "skybox_img_path": "./img/high/16064_skybox4.jpg", "resolution": 512, "camera_distance": 0.7242722488573671, "view_id": 21, "point_pitch": -0.11605100234481291, "camera_rotation_from_original_to_final": [-0.013537461869418621, 0.10775551199913025, -0.3302810788154602], "camera_location": [5.790045261383057, -0.7791956067085266, -1.3058385848999023], "point_normal": [-0.002619897248223424, 0.013651745393872261, 0.9999033808708191], "camera_rotation_final_quaternion": [0.47897869348526, 0.4182325005531311, -0.5204722285270691, -0.5698856115341187], "skybox_img": 4, "point_uuid": "21", "field_of_view_rads": 0.7376648996792496, "camera_rotation_final": [1.4621764421463013, -0.02190263755619526, -1.7633519172668457]}