{"camera_uuid": "2560", "obliqueness_angle": 0.808703601360321, "nonfixated_points_in_view": [], "camera_rotation_original": [1.5707963705062866, -0.05013386905193329, 0.7831810712814331], "point_location": [1.5920188426971436, 2.1285598278045654, -1.4049173593521118], "skybox_img_path": "./img/high/2560_skybox4.jpg", "resolution": 512, "camera_distance": 0.6162939476711282, "view_id": 42, "point_pitch": -0.38875870307418303, "camera_rotation_from_original_to_final": [-0.30829498171806335, -0.2864610552787781, 0.6493414640426636], "camera_location": [2.1460413932800293, 2.026658535003662, -1.154930591583252], "point_normal": [0.3241092562675476, -0.10795459151268005, 0.9398399591445923], "camera_rotation_final_quaternion": [0.6320805549621582, 0.426558256149292, 0.3394606113433838, 0.5507165193557739], "skybox_img": 4, "point_uuid": "107", "field_of_view_rads": 1.5082571856068028, "camera_rotation_final": [1.152761459350586, -0.04070368781685829, 1.4069738388061523]}