{"camera_uuid": "5368", "obliqueness_angle": 0.8303101062774658, "nonfixated_points_in_view": [], "camera_rotation_original": [1.5707963705062866, 0.11972092092037201, -2.43548583984375], "point_location": [1.6843894720077515, 1.1254421472549438, -1.4068831205368042], "skybox_img_path": "./img/high/5368_skybox4.jpg", "resolution": 512, "camera_distance": 0.8170702825579907, "view_id": 3, "point_pitch": -0.681845827898707, "camera_rotation_from_original_to_final": [0.48878684639930725, 0.38066694140434265, 0.7756628394126892], "camera_location": [1.0260611772537231, 1.2486283779144287, -0.9388736486434937], "point_normal": [-0.13031253218650818, 0.011851518414914608, 0.9914022088050842], "camera_rotation_final_quaternion": [0.5245538353919983, 0.316006064414978, -0.33726149797439575, -0.7150091528892517], "skybox_img": 4, "point_uuid": "111", "field_of_view_rads": 1.1498058012590282, "camera_rotation_final": [0.9575023651123047, 0.09822874516248703, -1.8246930837631226]}