{"camera_uuid": "12077", "obliqueness_angle": 1.0876436233520508, "nonfixated_points_in_view": [], "camera_rotation_original": [1.5707963705062866, 0.1321447640657425, 0.6805779933929443], "point_location": [5.518570899963379, 1.8022818565368652, -0.9034366607666016], "skybox_img_path": "./img/high/12077_skybox4.jpg", "resolution": 512, "camera_distance": 0.9603456907808529, "view_id": 82, "point_pitch": -0.6069807251307626, "camera_rotation_from_original_to_final": [-0.5613019466400146, -0.39891013503074646, -0.3921963572502136], "camera_location": [5.649025917053223, 1.0645383596420288, -0.30262067914009094], "point_normal": [-0.3810344636440277, 0.07813670486211777, 0.9212532639503479], "camera_rotation_final_quaternion": [0.9014291763305664, 0.4272684156894684, 0.06803925335407257, 0.015419568866491318], "skybox_img": 4, "point_uuid": "103", "field_of_view_rads": 1.3892123789584023, "camera_rotation_final": [0.8900042772293091, 0.10970849543809891, 0.08656923472881317]}