{"camera_uuid": "7358", "obliqueness_angle": 1.0890629291534424, "nonfixated_points_in_view": [], "camera_rotation_original": [1.5707963705062866, -0.16741067171096802, -2.8645670413970947], "point_location": [2.9207348823547363, -0.5152132511138916, -0.5628843903541565], "skybox_img_path": "./img/high/7358_skybox4.jpg", "resolution": 512, "camera_distance": 0.8183348892163174, "view_id": 70, "point_pitch": -0.459560557207789, "camera_rotation_from_original_to_final": [0.41661882400512695, 0.12983086705207825, -0.15576161444187164], "camera_location": [2.853898286819458, 0.22390802204608917, -0.21805886924266815], "point_normal": [-0.26315274834632874, 0.039460260421037674, 0.9639468193054199], "camera_rotation_final_quaternion": [0.11508993059396744, -0.02514589950442314, -0.5372898578643799, -0.8351296782493591], "skybox_img": 4, "point_uuid": "152", "field_of_view_rads": 1.3476975839402114, "camera_rotation_final": [1.12931489944458, -0.16644088923931122, -2.9732751846313477]}