{"camera_uuid": "6650", "obliqueness_angle": 1.3893688917160034, "nonfixated_points_in_view": [], "camera_rotation_original": [1.5707963705062866, 0.1549096703529358, 1.4955716133117676], "point_location": [-0.34234288334846497, 0.8369564414024353, -0.7921566963195801], "skybox_img_path": "./img/high/6650_skybox4.jpg", "resolution": 512, "camera_distance": 0.9437105440138318, "view_id": 23, "point_pitch": -0.14756731589766936, "camera_rotation_from_original_to_final": [-0.010450652800500393, -0.1302206665277481, 0.12073914706707001], "camera_location": [0.5923848152160645, 0.8789265751838684, -0.6692246794700623], "point_normal": [0.04777548089623451, 0.07583989202976227, 0.9959748387336731], "camera_rotation_final_quaternion": [0.5601420998573303, 0.4173246920108795, 0.5105956196784973, 0.5013712048530579], "skybox_img": 4, "point_uuid": "121", "field_of_view_rads": 2.056502920039658, "camera_rotation_final": [1.4385838508605957, 0.15415284037590027, 1.5952506065368652]}