{"camera_uuid": "9017", "obliqueness_angle": 1.4161972999572754, "nonfixated_points_in_view": [], "camera_rotation_original": [1.5707963705062866, 0.045571234077215195, 0.733363151550293], "point_location": [0.42542582750320435, 0.7923682928085327, -1.4128706455230713], "skybox_img_path": "./img/high/9017_skybox4.jpg", "resolution": 512, "camera_distance": 0.6387917875592081, "view_id": 4, "point_pitch": -0.6435250480982919, "camera_rotation_from_original_to_final": [-0.5243327617645264, -0.41456538438796997, -0.15377216041088104], "camera_location": [0.6546825170516968, 0.341108500957489, -1.0231772661209106], "point_normal": [0.20031511783599854, -0.7043237090110779, -0.6810300946235657], "camera_rotation_final_quaternion": [0.8779803514480591, 0.4264313280582428, 0.11459755152463913, 0.18486259877681732], "skybox_img": 4, "point_uuid": "16", "field_of_view_rads": 1.7779022957772381, "camera_rotation_final": [0.9139439463615417, 0.04358019307255745, 0.43647637963294983]}