{"camera_uuid": "6179", "obliqueness_angle": 1.1350668668746948, "nonfixated_points_in_view": [], "camera_rotation_original": [1.5707963705062866, -0.1245674416422844, -2.7473692893981934], "point_location": [4.301836967468262, 1.017685055732727, -0.9298179745674133], "skybox_img_path": "./img/high/6179_skybox4.jpg", "resolution": 512, "camera_distance": 0.9445946299885571, "view_id": 37, "point_pitch": -0.46539561351272063, "camera_rotation_from_original_to_final": [0.3877992630004883, 0.15859922766685486, -0.3899786174297333], "camera_location": [4.325594902038574, 1.8808386325836182, -0.5468552112579346], "point_normal": [0.41032981872558594, 0.04652121290564537, 0.9107499122619629], "camera_rotation_final_quaternion": [0.04176004230976105, -0.04213481396436691, -0.5436100959777832, -0.8372387886047363], "skybox_img": 4, "point_uuid": "143", "field_of_view_rads": 2.173302890718354, "camera_rotation_final": [1.150338053703308, -0.11621760576963425, -3.117310047149658]}