{"camera_uuid": "12772", "obliqueness_angle": 1.429071068763733, "nonfixated_points_in_view": [], "camera_rotation_original": [1.5707963705062866, -0.04612099751830101, 0.4961484372615814], "point_location": [5.518570899963379, 1.8022818565368652, -0.9034366607666016], "skybox_img_path": "./img/high/12772_skybox4.jpg", "resolution": 512, "camera_distance": 0.6296963911162407, "view_id": 68, "point_pitch": -0.4299413402888437, "camera_rotation_from_original_to_final": [-0.3849933445453644, -0.20509584248065948, 0.11370417475700378], "camera_location": [5.8263044357299805, 1.3208545446395874, -0.6387758255004883], "point_normal": [-0.3810344636440277, 0.07813670486211777, 0.9212532639503479], "camera_rotation_final_quaternion": [0.8026169538497925, 0.5204110145568848, 0.13792367279529572, 0.25681793689727783], "skybox_img": 4, "point_uuid": "103", "field_of_view_rads": 1.8970819167949853, "camera_rotation_final": [1.1365327835083008, -0.04591812938451767, 0.5900388956069946]}