{"camera_uuid": "12566", "obliqueness_angle": 1.2018355131149292, "nonfixated_points_in_view": [], "camera_rotation_original": [1.5707963705062866, -0.06601948291063309, -1.2484289407730103], "point_location": [0.580907940864563, -0.050188999623060226, -1.4085019826889038], "skybox_img_path": "./img/high/12566_skybox4.jpg", "resolution": 512, "camera_distance": 0.9125610964714457, "view_id": 37, "point_pitch": -0.4935421188685556, "camera_rotation_from_original_to_final": [-0.14733169972896576, 0.43111178278923035, -0.6884169578552246], "camera_location": [-0.19434873759746552, 0.21727991104125977, -1.008245587348938], "point_normal": [0.11274728178977966, 0.07453673332929611, 0.9908240437507629], "camera_rotation_final_quaternion": [0.5126070976257324, 0.29456934332847595, -0.44036921858787537, -0.6756758093833923], "skybox_img": 4, "point_uuid": "57", "field_of_view_rads": 1.3001655876812834, "camera_rotation_final": [1.116049885749817, -0.053431436419487, -1.8769105672836304]}