{"camera_uuid": "14845", "obliqueness_angle": 1.4434814453125, "nonfixated_points_in_view": [], "camera_rotation_original": [1.5707963705062866, -0.034296914935112, -0.5271729230880737], "point_location": [5.4932861328125, 0.18884922564029694, -0.9166303277015686], "skybox_img_path": "./img/high/14845_skybox4.jpg", "resolution": 512, "camera_distance": 0.839892480234908, "view_id": 33, "point_pitch": -0.1142340143534799, "camera_rotation_from_original_to_final": [-0.10233625024557114, 0.05940753594040871, 0.11313462257385254], "camera_location": [5.160075664520264, -0.5757209658622742, -0.8175212144851685], "point_normal": [-0.48851633071899414, 0.18398629128932953, 0.8529366254806519], "camera_rotation_final_quaternion": [0.7344405651092529, 0.6476864218711853, -0.14663296937942505, -0.13999325037002563], "skybox_img": 4, "point_uuid": "142", "field_of_view_rads": 1.4743485341217646, "camera_rotation_final": [1.4524496793746948, -0.03404952958226204, -0.40694671869277954]}