{"camera_uuid": "4404", "obliqueness_angle": 1.094006061553955, "nonfixated_points_in_view": [], "camera_rotation_original": [1.5707963705062866, 0.0967203676700592, -2.7756519317626953], "point_location": [3.3059499263763428, 1.507105827331543, -1.4197665452957153], "skybox_img_path": "./img/high/4404_skybox4.jpg", "resolution": 512, "camera_distance": 0.7669831753583316, "view_id": 12, "point_pitch": -0.5020677288386484, "camera_rotation_from_original_to_final": [0.4187125563621521, 0.16152402758598328, 0.6616132259368896], "camera_location": [2.7271645069122314, 1.8857218027114868, -1.0882238149642944], "point_normal": [-0.034560561180114746, 0.0017010869923979044, 0.9994011521339417], "camera_rotation_final_quaternion": [0.3688814640045166, 0.2741387188434601, -0.4568520188331604, -0.761617124080658], "skybox_img": 4, "point_uuid": "155", "field_of_view_rads": 1.7038416286700269, "camera_rotation_final": [1.1222269535064697, 0.0806163102388382, -2.188826322555542]}