{"camera_uuid": "4228", "obliqueness_angle": 1.1748425960540771, "nonfixated_points_in_view": [2, 42], "camera_rotation_original": [1.5707963705062866, 0.12050407379865646, -1.614880919456482], "point_location": [0.22651520371437073, 2.849133014678955, -1.442795991897583], "skybox_img_path": "./img/high/4228_skybox4.jpg", "resolution": 512, "camera_distance": 0.7241908275855045, "view_id": 27, "point_pitch": -0.3937942226740976, "camera_rotation_from_original_to_final": [0.026873420923948288, 0.42149287462234497, -0.20838584005832672], "camera_location": [-0.41242632269859314, 3.016849994659424, -1.146018147468567], "point_normal": [0.024610353633761406, -0.009762244299054146, 0.9996494650840759], "camera_rotation_final_quaternion": [0.46937882900238037, 0.3585406541824341, -0.4080999195575714, -0.6961225271224976], "skybox_img": 4, "point_uuid": "150", "field_of_view_rads": 1.632176241732775, "camera_rotation_final": [1.1454955339431763, 0.11633174866437912, -1.8800219297409058]}