{"camera_uuid": "12935", "obliqueness_angle": 1.4390013217926025, "nonfixated_points_in_view": [], "camera_rotation_original": [-1.570796251296997, -2.9684481620788574, 0.04581299424171448], "point_location": [3.9741721153259277, -0.9291063547134399, -0.6485407948493958], "skybox_img_path": "./img/high/12935_skybox4.jpg", "resolution": 512, "camera_distance": 0.4143737172197535, "view_id": 3, "point_pitch": -0.4958287914607187, "camera_rotation_from_original_to_final": [0.42358648777008057, 0.021418483927845955, -0.45988836884498596], "camera_location": [4.12792444229126, -0.5841538906097412, -0.4780309796333313], "point_normal": [0.019443031400442123, 0.5589542388916016, -0.8289705514907837], "camera_rotation_final_quaternion": [-0.10195273905992508, -0.1590769737958908, -0.5186043977737427, -0.8338762521743774], "skybox_img": 4, "point_uuid": "189", "field_of_view_rads": 1.957036885090066, "camera_rotation_final": [-2.000749111175537, -2.9813530445098877, -0.3462531268596649]}