{"camera_uuid": "13624", "obliqueness_angle": 0.9375476837158203, "nonfixated_points_in_view": [], "camera_rotation_original": [1.5707963705062866, -0.03611363098025322, -0.1885204166173935], "point_location": [5.892533779144287, 2.487980365753174, -1.4214177131652832], "skybox_img_path": "./img/high/13624_skybox4.jpg", "resolution": 512, "camera_distance": 0.8468721032532984, "view_id": 4, "point_pitch": -0.4918076237055917, "camera_rotation_from_original_to_final": [-0.5042653679847717, 0.09376373142004013, 0.5658843517303467], "camera_location": [6.181419372558594, 1.8086471557617188, -1.0063949823379517], "point_normal": [0.39446601271629333, -0.8215044736862183, -0.41173672676086426], "camera_rotation_final_quaternion": [0.8427133560180664, 0.4964168965816498, 0.09239925444126129, 0.18672673404216766], "skybox_img": 4, "point_uuid": "138", "field_of_view_rads": 2.056502920039658, "camera_rotation_final": [1.0583842992782593, -0.029660789296030998, 0.4187624752521515]}