{"camera_uuid": "2276", "obliqueness_angle": 0.33095988631248474, "nonfixated_points_in_view": [], "camera_rotation_original": [1.5707963705062866, -0.04284873977303505, 1.6228420734405518], "point_location": [1.3862135410308838, 3.035576343536377, -1.442712426185608], "skybox_img_path": "./img/high/2276_skybox4.jpg", "resolution": 512, "camera_distance": 0.3264813653757456, "view_id": 0, "point_pitch": -0.4772037704798837, "camera_rotation_from_original_to_final": [0.030303776264190674, -0.46671316027641296, -0.24273709952831268], "camera_location": [1.6727032661437988, 2.9821250438690186, -1.2955503463745117], "point_normal": [0.849090039730072, -0.445937842130661, 0.28317058086395264], "camera_rotation_final_quaternion": [0.6421993970870972, 0.4108486771583557, 0.3253113925457001, 0.5594245195388794], "skybox_img": 4, "point_uuid": "179", "field_of_view_rads": 0.950131287597413, "camera_rotation_final": [1.1027462482452393, -0.04186026751995087, 1.4074956178665161]}