{"camera_uuid": "2369", "obliqueness_angle": 1.212578535079956, "nonfixated_points_in_view": [107], "camera_rotation_original": [1.5707963705062866, -0.0598926804959774, -2.660709857940674], "point_location": [0.48665541410446167, 2.050424337387085, -1.4244725704193115], "skybox_img_path": "./img/high/2369_skybox4.jpg", "resolution": 512, "camera_distance": 0.7403045432868527, "view_id": 13, "point_pitch": -0.6800905903193613, "camera_rotation_from_original_to_final": [0.5958452820777893, 0.2934795618057251, -0.33792001008987427], "camera_location": [0.4580266773700714, 2.6362876892089844, -0.97281414270401], "point_normal": [-0.7508701086044312, -0.09726908802986145, 0.6532478928565979], "camera_rotation_final_quaternion": [0.053262241184711456, -0.004666795954108238, -0.4415077865123749, -0.8956630229949951], "skybox_img": 4, "point_uuid": "167", "field_of_view_rads": 1.8083336999188173, "camera_rotation_final": [0.9134272933006287, -0.05541950464248657, -3.050035238265991]}