{"camera_uuid": "11410", "obliqueness_angle": 0.7054447531700134, "nonfixated_points_in_view": [90], "camera_rotation_original": [1.5707963705062866, 0.14943058788776398, -0.6322621703147888], "point_location": [4.591547966003418, 0.7892270088195801, -1.4046629667282104], "skybox_img_path": "./img/high/11410_skybox4.jpg", "resolution": 512, "camera_distance": 0.5402251340375007, "view_id": 2, "point_pitch": -0.2116684158656259, "camera_rotation_from_original_to_final": [-0.1484869122505188, 0.10826125741004944, 0.19572162628173828], "camera_location": [4.370871067047119, 0.3060864806175232, -1.3060722351074219], "point_normal": [0.07990668714046478, -0.754950761795044, 0.6508949995040894], "camera_rotation_final_quaternion": [0.7370246052742004, 0.6331350803375244, -0.08882775157690048, -0.2191903293132782], "skybox_img": 4, "point_uuid": "159", "field_of_view_rads": 0.9239011772765595, "camera_rotation_final": [1.3852403163909912, 0.14714813232421875, -0.45597270131111145]}