{"camera_uuid": "13006", "obliqueness_angle": 1.225935935974121, "nonfixated_points_in_view": [118], "camera_rotation_original": [1.5707963705062866, 0.03879515081644058, -1.9922178983688354], "point_location": [0.580907940864563, -0.050188999623060226, -1.4085019826889038], "skybox_img_path": "./img/high/13006_skybox4.jpg", "resolution": 512, "camera_distance": 0.9646010885224893, "view_id": 44, "point_pitch": -0.2999667366358896, "camera_rotation_from_original_to_final": [0.10896153002977371, 0.2540930509567261, 0.6879574656486511], "camera_location": [-0.3179801404476166, -0.28127050399780273, -1.1457154750823975], "point_normal": [-0.16356271505355835, 0.2954562306404114, 0.941250741481781], "camera_rotation_final_quaternion": [0.6224865317344666, 0.4824410378932953, -0.3619883060455322, -0.49872395396232605], "skybox_img": 4, "point_uuid": "57", "field_of_view_rads": 2.173302890718354, "camera_rotation_final": [1.2947462797164917, 0.03054884821176529, -1.3278226852416992]}