{"camera_uuid": "6781", "obliqueness_angle": 0.8472632765769958, "nonfixated_points_in_view": [], "camera_rotation_original": [1.5707963705062866, -0.0177445188164711, -1.2389806509017944], "point_location": [3.4670467376708984, 1.0758438110351562, -0.6993377804756165], "skybox_img_path": "./img/high/6781_skybox4.jpg", "resolution": 512, "camera_distance": 0.7280924267144288, "view_id": 53, "point_pitch": -0.12383095820876555, "camera_rotation_from_original_to_final": [-0.04153988137841225, 0.12087971717119217, 0.2210713028907776], "camera_location": [2.8534462451934814, 0.6950502395629883, -0.6065515875816345], "point_normal": [-0.728654682636261, -0.24732623994350433, -0.6386642456054688], "camera_rotation_final_quaternion": [0.6592700481414795, 0.574384331703186, -0.32613497972488403, -0.3592793643474579], "skybox_img": 4, "point_uuid": "78", "field_of_view_rads": 1.7197523314966958, "camera_rotation_final": [1.4429923295974731, -0.017294032499194145, -1.013153314590454]}