{"camera_uuid": "12117", "obliqueness_angle": 0.6518487334251404, "nonfixated_points_in_view": [], "camera_rotation_original": [1.5707963705062866, 0.011782585643231869, 0.3640248477458954], "point_location": [-0.1822434514760971, 0.2831597626209259, -1.431676983833313], "skybox_img_path": "./img/high/12117_skybox4.jpg", "resolution": 512, "camera_distance": 0.6151895870073351, "view_id": 26, "point_pitch": -0.30627815326186614, "camera_rotation_from_original_to_final": [-0.2832641303539276, -0.10634160041809082, 0.38268178701400757], "camera_location": [0.2100858986377716, -0.1539236605167389, -1.248663306236267], "point_normal": [0.12324375659227371, -0.9915743470191956, 0.03989033028483391], "camera_rotation_final_quaternion": [0.753821611404419, 0.5522350072860718, 0.21515290439128876, 0.28372296690940857], "skybox_img": 4, "point_uuid": "188", "field_of_view_rads": 2.0028936213055424, "camera_rotation_final": [1.268713355064392, 0.011010533198714256, 0.7280607223510742]}