{"camera_uuid": "4276", "obliqueness_angle": 0.8570510745048523, "nonfixated_points_in_view": [], "camera_rotation_original": [1.5707963705062866, -0.14644142985343933, -1.9936143159866333], "point_location": [1.1355481147766113, 2.277404546737671, -1.37511146068573], "skybox_img_path": "./img/high/4276_skybox4.jpg", "resolution": 512, "camera_distance": 0.854462716820544, "view_id": 9, "point_pitch": -0.08161274989577727, "camera_rotation_from_original_to_final": [0.11129627376794815, 0.1502501666545868, 0.7575317025184631], "camera_location": [0.34060803055763245, 2.005176067352295, -1.2199714183807373], "point_normal": [-0.34670761227607727, -0.666063666343689, 0.6604189276695251], "camera_rotation_final_quaternion": [0.648385763168335, 0.4998358190059662, -0.39922675490379333, -0.41276881098747253], "skybox_img": 4, "point_uuid": "162", "field_of_view_rads": 0.9320269806742028, "camera_rotation_final": [1.3871915340423584, -0.10526690632104874, -1.2213528156280518]}