{"camera_uuid": "4232", "obliqueness_angle": 1.001631736755371, "nonfixated_points_in_view": [97, 42], "camera_rotation_original": [1.5707963705062866, -0.007119684014469385, -0.8883348107337952], "point_location": [-0.014790859073400497, 3.0187888145446777, -1.4541010856628418], "skybox_img_path": "./img/high/4232_skybox4.jpg", "resolution": 512, "camera_distance": 0.4169530939542099, "view_id": 19, "point_pitch": -0.5660745342585702, "camera_rotation_from_original_to_final": [-0.38404151797294617, 0.4317706227302551, 0.4452000558376312], "camera_location": [-0.1378050148487091, 2.6899406909942627, -1.229209303855896], "point_normal": [-0.0014163268497213721, 0.001087893615476787, 0.9999983906745911], "camera_rotation_final_quaternion": [0.8638648390769958, 0.471931517124176, -0.08715440332889557, -0.15304328501224518], "skybox_img": 4, "point_uuid": "3", "field_of_view_rads": 1.8083336999188173, "camera_rotation_final": [1.0010961294174194, -0.006127399392426014, -0.3540354073047638]}