{"camera_uuid": "5877", "obliqueness_angle": 1.1607451438903809, "nonfixated_points_in_view": [], "camera_rotation_original": [1.5707963705062866, 0.11430921405553818, -2.124845504760742], "point_location": [2.448582887649536, 0.7421338558197021, -1.3952909708023071], "skybox_img_path": "./img/high/5877_skybox4.jpg", "resolution": 512, "camera_distance": 0.9666236298362821, "view_id": 3, "point_pitch": -0.7814120491358896, "camera_rotation_from_original_to_final": [0.5003935694694519, 0.6113467812538147, 0.3144799470901489], "camera_location": [1.8036190271377563, 1.00157630443573, -0.7236716747283936], "point_normal": [-0.7041676044464111, -0.69074547290802, 0.16437388956546783], "camera_rotation_final_quaternion": [0.45314791798591614, 0.24369755387306213, -0.3052978217601776, -0.8012875318527222], "skybox_img": 4, "point_uuid": "158", "field_of_view_rads": 1.4604219695947274, "camera_rotation_final": [0.7962988018989563, 0.114100880920887, -2.0641889572143555]}