{"camera_uuid": "11265", "obliqueness_angle": 0.8154710531234741, "nonfixated_points_in_view": [], "camera_rotation_original": [1.5707963705062866, -0.06410827487707138, 1.824668049812317], "point_location": [5.39765739440918, 2.037322759628296, -1.4182873964309692], "skybox_img_path": "./img/high/11265_skybox4.jpg", "resolution": 512, "camera_distance": 0.6653625944870539, "view_id": 0, "point_pitch": -0.6947943409297128, "camera_rotation_from_original_to_final": [0.22915524244308472, -0.681847870349884, 0.19084954261779785], "camera_location": [5.834254741668701, 2.2874228954315186, -0.9829254150390625], "point_normal": [0.024665215983986855, 0.042020708322525024, 0.9988122582435608], "camera_rotation_final_quaternion": [0.4240266978740692, 0.22279150784015656, 0.3510020971298218, 0.8045886158943176], "skybox_img": 4, "point_uuid": "50", "field_of_view_rads": 2.078591559549699, "camera_rotation_final": [0.8559023141860962, -0.06088010221719742, 2.1437721252441406]}