{"camera_uuid": "0941", "obliqueness_angle": 1.2378543615341187, "nonfixated_points_in_view": [], "camera_rotation_original": [1.5707963705062866, -0.0014557879185304046, 0.3187481164932251], "point_location": [1.2839659452438354, 2.9057657718658447, -1.431881308555603], "skybox_img_path": "./img/high/0941_skybox4.jpg", "resolution": 512, "camera_distance": 0.7142155393546242, "view_id": 1, "point_pitch": -0.6160432537409921, "camera_rotation_from_original_to_final": [-0.5923603773117065, -0.18237757682800293, 0.42639145255088806], "camera_location": [1.654555082321167, 2.4560904502868652, -1.0188926458358765], "point_normal": [0.8212894797325134, -0.29224738478660583, -0.4899746775627136], "camera_rotation_final_quaternion": [0.8358387351036072, 0.4323418438434601, 0.15479040145874023, 0.30082231760025024], "skybox_img": 4, "point_uuid": "117", "field_of_view_rads": 1.6316217442386929, "camera_rotation_final": [0.954224705696106, -0.0013564997352659702, 0.6902412176132202]}