{"camera_uuid": "3711", "obliqueness_angle": 0.7921344041824341, "nonfixated_points_in_view": [], "camera_rotation_original": [1.5707963705062866, 0.07745692133903503, 2.8377811908721924], "point_location": [-0.30368760228157043, 1.3439174890518188, -0.7665223479270935], "skybox_img_path": "./img/high/3711_skybox4.jpg", "resolution": 512, "camera_distance": 0.9782833882143823, "view_id": 56, "point_pitch": 0.5048039714482169, "camera_rotation_from_original_to_final": [-0.4741552472114563, 0.13364042341709137, -0.2276289314031601], "camera_location": [0.11097536236047745, 2.1003522872924805, -1.2279325723648071], "point_normal": [0.9422652125358582, 0.29410141706466675, -0.16012726724147797], "camera_rotation_final_quaternion": [0.14900094270706177, 0.17657305300235748, 0.8394334316253662, 0.49190670251846313], "skybox_img": 4, "point_uuid": "180", "field_of_view_rads": 1.3499468538769375, "camera_rotation_final": [2.063530921936035, 0.0765124261379242, 2.681164503097534]}