{"camera_uuid": "5812", "obliqueness_angle": 1.2904341220855713, "nonfixated_points_in_view": [], "camera_rotation_original": [1.5707963705062866, 0.1317392885684967, -2.0365519523620605], "point_location": [2.448582887649536, 0.7421338558197021, -1.3952909708023071], "skybox_img_path": "./img/high/5812_skybox4.jpg", "resolution": 512, "camera_distance": 0.8526006110522483, "view_id": 5, "point_pitch": -0.4794789989802499, "camera_rotation_from_original_to_final": [0.2525441348552704, 0.4330534040927887, -0.046739958226680756], "camera_location": [1.815303921699524, 1.1429157257080078, -0.9887698292732239], "point_normal": [-0.7041676044464111, -0.69074547290802, 0.16437388956546783], "camera_rotation_final_quaternion": [0.357704222202301, 0.27910488843917847, -0.4286021590232849, -0.7813119292259216], "skybox_img": 4, "point_uuid": "158", "field_of_view_rads": 1.6403442297244761, "camera_rotation_final": [1.0691713094711304, 0.12987515330314636, -2.205939769744873]}