{"camera_uuid": "7464", "obliqueness_angle": 1.085692048072815, "nonfixated_points_in_view": [], "camera_rotation_original": [1.5707963705062866, -0.11005356162786484, 0.4836179316043854], "point_location": [1.8005895614624023, 0.6414239406585693, -0.9798945188522339], "skybox_img_path": "./img/high/7464_skybox4.jpg", "resolution": 512, "camera_distance": 0.48129347830840313, "view_id": 65, "point_pitch": -0.4481622417781015, "camera_rotation_from_original_to_final": [-0.4434957206249237, -0.2240893542766571, 0.449972927570343], "camera_location": [2.1278812885284424, 0.37209081649780273, -0.7518962621688843], "point_normal": [-0.012308535166084766, -0.0017647614004090428, 0.9999226927757263], "camera_rotation_final_quaternion": [0.7543915510177612, 0.4754514992237091, 0.19257737696170807, 0.4095768332481384], "skybox_img": 4, "point_uuid": "193", "field_of_view_rads": 0.7292684823137142, "camera_rotation_final": [1.074634075164795, -0.09907231479883194, 0.9357304573059082]}