{"camera_uuid": "1149", "obliqueness_angle": 0.7393360137939453, "nonfixated_points_in_view": [], "camera_rotation_original": [1.5707963705062866, -0.1202760636806488, 2.3328428268432617], "point_location": [1.5920188426971436, 2.1285598278045654, -1.4049173593521118], "skybox_img_path": "./img/high/1149_skybox4.jpg", "resolution": 512, "camera_distance": 0.6698937563097056, "view_id": 26, "point_pitch": -0.6270653446528573, "camera_rotation_from_original_to_final": [0.43912941217422485, -0.40041184425354004, -0.4801042973995209], "camera_location": [2.113215208053589, 2.329124689102173, -1.0349366664886475], "point_normal": [0.3241092562675476, -0.10795459151268005, 0.9398399591445923], "camera_rotation_final_quaternion": [0.4477384388446808, 0.29392918944358826, 0.3707517683506012, 0.758735179901123], "skybox_img": 4, "point_uuid": "107", "field_of_view_rads": 1.6071546237233685, "camera_rotation_final": [0.9813226461410522, -0.11427775025367737, 2.0142598152160645]}