{"camera_uuid": "0901", "obliqueness_angle": 0.36744749546051025, "nonfixated_points_in_view": [], "camera_rotation_original": [1.5707963705062866, 0.06565149128437042, 1.6687489748001099], "point_location": [1.3862135410308838, 3.035576343536377, -1.442712426185608], "skybox_img_path": "./img/high/0901_skybox4.jpg", "resolution": 512, "camera_distance": 0.7936539654992706, "view_id": 3, "point_pitch": -0.27397768100234465, "camera_rotation_from_original_to_final": [0.02770690619945526, -0.28620779514312744, -0.20237714052200317], "camera_location": [2.1434693336486816, 2.9594008922576904, -1.2176622152328491], "point_normal": [0.849090039730072, -0.445937842130661, 0.28317058086395264], "camera_rotation_final_quaternion": [0.6117744445800781, 0.4302206039428711, 0.41608795523643494, 0.517216682434082], "skybox_img": 4, "point_uuid": "179", "field_of_view_rads": 1.7197523314966958, "camera_rotation_final": [1.282680869102478, 0.0641133189201355, 1.4515540599822998]}