{"camera_uuid": "6757", "obliqueness_angle": 0.3011285662651062, "nonfixated_points_in_view": [], "camera_rotation_original": [1.5707963705062866, -0.09838999062776566, -1.4731086492538452], "point_location": [3.4670467376708984, 1.0758438110351562, -0.6993377804756165], "skybox_img_path": "./img/high/6757_skybox4.jpg", "resolution": 512, "camera_distance": 0.5032783817978155, "view_id": 85, "point_pitch": 0.46628768841293855, "camera_rotation_from_original_to_final": [0.04175560176372528, -0.4277086853981018, 0.39390450716018677], "camera_location": [3.065798282623291, 0.8559637665748596, -0.908960223197937], "point_normal": [-0.728654682636261, -0.24732623994350433, -0.6386642456054688], "camera_rotation_final_quaternion": [0.4780693054199219, 0.7014480829238892, -0.46500277519226074, -0.25138160586357117], "skybox_img": 4, "point_uuid": "78", "field_of_view_rads": 0.8339714968154048, "camera_rotation_final": [2.0023536682128906, -0.09207488596439362, -1.1118139028549194]}