{"camera_uuid": "10242", "obliqueness_angle": 1.3937993049621582, "nonfixated_points_in_view": [126], "camera_rotation_original": [1.5707963705062866, -0.036145832389593124, -1.5848830938339233], "point_location": [6.319373607635498, 3.116034984588623, -1.4095163345336914], "skybox_img_path": "./img/high/10242_skybox4.jpg", "resolution": 512, "camera_distance": 0.7249578882303122, "view_id": 5, "point_pitch": -0.3041938980433603, "camera_rotation_from_original_to_final": [0.0026860106736421585, 0.3032853305339813, -0.029948364943265915], "camera_location": [5.628195285797119, 3.1469573974609375, -1.1929978132247925], "point_normal": [0.11794652789831161, -0.12946823239326477, 0.9845438599586487], "camera_rotation_final_quaternion": [0.567842423915863, 0.4010884761810303, -0.4356560707092285, -0.5717401504516602], "skybox_img": 4, "point_uuid": "112", "field_of_view_rads": 2.119048415795751, "camera_rotation_final": [1.267299771308899, -0.036139123141765594, -1.6041903495788574]}