{"camera_uuid": "2773", "obliqueness_angle": 1.5185904502868652, "nonfixated_points_in_view": [], "camera_rotation_original": [1.5707963705062866, 0.13944804668426514, -2.8858344554901123], "point_location": [0.32991182804107666, 2.4133899211883545, -1.3794349431991577], "skybox_img_path": "./img/high/2773_skybox4.jpg", "resolution": 512, "camera_distance": 0.7947972080409175, "view_id": 34, "point_pitch": -0.6297387321803232, "camera_rotation_from_original_to_final": [0.5535266995429993, 0.12713690102100372, 0.5460915565490723], "camera_location": [-0.1364450603723526, 2.895413875579834, -0.9529765248298645], "point_normal": [0.7323230504989624, 0.6650322675704956, 0.14640741050243378], "camera_rotation_final_quaternion": [0.26675260066986084, 0.21354955434799194, -0.4314109683036804, -0.8349396586418152], "skybox_img": 4, "point_uuid": "151", "field_of_view_rads": 2.081073338083007, "camera_rotation_final": [0.9992852210998535, 0.12678134441375732, -2.4538497924804688]}