{"camera_uuid": "5642", "obliqueness_angle": 1.3403874635696411, "nonfixated_points_in_view": [], "camera_rotation_original": [1.5707963705062866, -0.13420715928077698, 0.5491693019866943], "point_location": [0.48665541410446167, 2.050424337387085, -1.4244725704193115], "skybox_img_path": "./img/high/5642_skybox4.jpg", "resolution": 512, "camera_distance": 0.8803154456502689, "view_id": 37, "point_pitch": -0.5714422901484628, "camera_rotation_from_original_to_final": [-0.47131699323654175, -0.2920950651168823, -0.1379857212305069], "camera_location": [0.7332509756088257, 1.3407546281814575, -0.965653657913208], "point_normal": [-0.7788903117179871, -0.1622719019651413, 0.6058033108711243], "camera_rotation_final_quaternion": [0.8460280299186707, 0.4873415529727936, 0.043579112738370895, 0.2117442488670349], "skybox_img": 4, "point_uuid": "167", "field_of_view_rads": 0.9196569054818151, "camera_rotation_final": [1.0170884132385254, -0.13303732872009277, 0.4162481427192688]}