{"camera_uuid": "4755", "obliqueness_angle": 1.1278119087219238, "nonfixated_points_in_view": [], "camera_rotation_original": [1.5707963705062866, 0.12176177650690079, -2.5902037620544434], "point_location": [-0.30368760228157043, 1.3439174890518188, -0.7665223479270935], "skybox_img_path": "./img/high/4755_skybox4.jpg", "resolution": 512, "camera_distance": 0.9047099235041915, "view_id": 2, "point_pitch": 0.48971016804245515, "camera_rotation_from_original_to_final": [-0.3667815923690796, -0.20331259071826935, -0.6286683082580566], "camera_location": [-0.2109561562538147, 2.165914297103882, -1.1328858137130737], "point_normal": [0.9422652125358582, 0.29410141706466675, -0.16012726724147797], "camera_rotation_final_quaternion": [-0.060141440480947495, -0.0015535189304500818, -0.8381367921829224, -0.5421321988105774], "skybox_img": 4, "point_uuid": "180", "field_of_view_rads": 1.0910236528484336, "camera_rotation_final": [1.9899152517318726, 0.09929215162992477, -3.209794521331787]}