{"camera_uuid": "14131", "obliqueness_angle": 0.8102735280990601, "nonfixated_points_in_view": [], "camera_rotation_original": [1.5707963705062866, -0.02661183476448059, 1.5159838199615479], "point_location": [0.2828949987888336, -0.2686469852924347, -1.422070026397705], "skybox_img_path": "./img/high/14131_skybox4.jpg", "resolution": 512, "camera_distance": 0.8796959105880633, "view_id": 28, "point_pitch": -0.6234735687586923, "camera_rotation_from_original_to_final": [-0.03970419242978096, -0.6051487922668457, -0.6974722743034363], "camera_location": [0.8048204183578491, -0.7688369750976562, -0.9208029508590698], "point_normal": [0.28670570254325867, 0.045856814831495285, 0.9569205641746521], "camera_rotation_final_quaternion": [0.8104743361473083, 0.42879539728164673, 0.17670667171478271, 0.35782766342163086], "skybox_img": 4, "point_uuid": "105", "field_of_view_rads": 0.6025778511851491, "camera_rotation_final": [0.9643664956092834, -0.02043868601322174, 0.8208348155021667]}