{"camera_uuid": "8012", "obliqueness_angle": 1.2483794689178467, "nonfixated_points_in_view": [], "camera_rotation_original": [1.5707963705062866, -0.12665711343288422, 2.2562332153320312], "point_location": [3.6669938564300537, 1.5509448051452637, -1.3941354751586914], "skybox_img_path": "./img/high/8012_skybox4.jpg", "resolution": 512, "camera_distance": 0.9340271460046438, "view_id": 5, "point_pitch": -0.4858199795100351, "camera_rotation_from_original_to_final": [0.26598480343818665, -0.32376348972320557, -0.6550543308258057], "camera_location": [4.518922805786133, 1.615837574005127, -1.0167593955993652], "point_normal": [0.3106723129749298, -0.9194551110267639, 0.24100880324840546], "camera_rotation_final_quaternion": [0.5324810147285461, 0.3938976228237152, 0.3779272735118866, 0.6468999981880188], "skybox_img": 4, "point_uuid": "61", "field_of_view_rads": 2.119048415795751, "camera_rotation_final": [1.1523178815841675, -0.10735264420509338, 1.6944383382797241]}