{"camera_uuid": "10752", "obliqueness_angle": 1.084571361541748, "nonfixated_points_in_view": [], "camera_rotation_original": [1.5707963705062866, -0.10352738201618195, -2.0146446228027344], "point_location": [4.896637916564941, 0.275483638048172, -1.4008036851882935], "skybox_img_path": "./img/high/10752_skybox4.jpg", "resolution": 512, "camera_distance": 0.9395621768306736, "view_id": 4, "point_pitch": -0.27768044074508147, "camera_rotation_from_original_to_final": [0.15408730506896973, 0.29234814643859863, 0.5287050604820251], "camera_location": [4.009364604949951, 0.21888580918312073, -1.0969618558883667], "point_normal": [-0.7319196462631226, 0.15615351498126984, -0.6632569432258606], "camera_rotation_final_quaternion": [0.6187264323234558, 0.40499451756477356, -0.4174760580062866, -0.5280821323394775], "skybox_img": 4, "point_uuid": "93", "field_of_view_rads": 1.7779022957772381, "camera_rotation_final": [1.2401325702667236, -0.08898357301950455, -1.4765989780426025]}