{"camera_uuid": "11441", "obliqueness_angle": 1.0111392736434937, "nonfixated_points_in_view": [], "camera_rotation_original": [1.5707963705062866, -0.13699185848236084, -1.682179570198059], "point_location": [6.416158676147461, 2.537578821182251, -1.2911784648895264], "skybox_img_path": "./img/high/11441_skybox4.jpg", "resolution": 512, "camera_distance": 0.9704283204422407, "view_id": 4, "point_pitch": -0.48345224460097747, "camera_rotation_from_original_to_final": [0.0928599163889885, 0.5706638097763062, 0.7422049045562744], "camera_location": [5.749416351318359, 2.0718138217926025, -0.7617931962013245], "point_normal": [-0.00751654664054513, 0.040270037949085236, 0.9991605877876282], "camera_rotation_final_quaternion": [0.8017803430557251, 0.4092192053794861, -0.24450185894966125, -0.3604258596897125], "skybox_img": 4, "point_uuid": "148", "field_of_view_rads": 0.5256461677815203, "camera_rotation_final": [0.9906978607177734, -0.0972403734922409, -0.897495448589325]}