{"camera_uuid": "10019", "obliqueness_angle": 0.8563180565834045, "nonfixated_points_in_view": [124], "camera_rotation_original": [1.5707963705062866, 0.019720446318387985, 1.0070302486419678], "point_location": [-0.11395721882581711, -0.04560520127415657, -1.4123445749282837], "skybox_img_path": "./img/high/10019_skybox4.jpg", "resolution": 512, "camera_distance": 0.5482146053439267, "view_id": 33, "point_pitch": -0.7180263241145273, "camera_rotation_from_original_to_final": [-0.4321998059749603, -0.5810543298721313, 0.6139473915100098], "camera_location": [0.3008338212966919, -0.07870221883058548, -1.0554240942001343], "point_normal": [0.004181658383458853, -0.01849798485636711, 0.9998201131820679], "camera_rotation_final_quaternion": [0.6746277213096619, 0.30357298254966736, 0.28690338134765625, 0.608610987663269], "skybox_img": 4, "point_uuid": "192", "field_of_view_rads": 1.6403442297244761, "camera_rotation_final": [0.86168372631073, 0.017591120675206184, 1.4760819673538208]}