{"camera_uuid": "1580", "obliqueness_angle": 0.9906159043312073, "nonfixated_points_in_view": [112], "camera_rotation_original": [1.5707963705062866, -0.10179588198661804, 0.7571963667869568], "point_location": [2.066779375076294, 2.579990863800049, -1.4030261039733887], "skybox_img_path": "./img/high/1580_skybox4.jpg", "resolution": 512, "camera_distance": 0.962018807996621, "view_id": 22, "point_pitch": -0.5557290752741952, "camera_rotation_from_original_to_final": [-0.42323777079582214, -0.3894853889942169, 0.16709716618061066], "camera_location": [2.6680784225463867, 2.034937620162964, -0.8864638209342957], "point_normal": [0.0033442084677517414, -0.016241353005170822, 0.9998626112937927], "camera_rotation_final_quaternion": [0.7787817120552063, 0.45075565576553345, 0.16834817826747894, 0.4024640619754791], "skybox_img": 4, "point_uuid": "51", "field_of_view_rads": 1.384811670309553, "camera_rotation_final": [1.0007214546203613, -0.10078345984220505, 0.8988351225852966]}