{"camera_uuid": "2001", "obliqueness_angle": 1.1743395328521729, "nonfixated_points_in_view": [], "camera_rotation_original": [1.5707963705062866, -0.14739252626895905, 0.8946819305419922], "point_location": [1.1355481147766113, 2.277404546737671, -1.37511146068573], "skybox_img_path": "./img/high/2001_skybox4.jpg", "resolution": 512, "camera_distance": 0.9458116758208484, "view_id": 18, "point_pitch": -0.6128584583613534, "camera_rotation_from_original_to_final": [-0.4280766546726227, -0.5098313689231873, 0.34417393803596497], "camera_location": [1.8105170726776123, 1.9473434686660767, -0.8006235957145691], "point_normal": [-0.34670761227607727, -0.666063666343689, 0.6604189276695251], "camera_rotation_final_quaternion": [0.715835452079773, 0.39502274990081787, 0.20063893496990204, 0.5397042036056519], "skybox_img": 4, "point_uuid": "162", "field_of_view_rads": 1.3499468538769375, "camera_rotation_final": [0.9104775190353394, -0.1395948976278305, 1.223628044128418]}