{"camera_uuid": "2521", "obliqueness_angle": 0.7073107957839966, "nonfixated_points_in_view": [], "camera_rotation_original": [1.5707963705062866, 0.06012153998017311, 1.0332142114639282], "point_location": [-0.4168107807636261, 2.6449878215789795, -1.3910259008407593], "skybox_img_path": "./img/high/2521_skybox4.jpg", "resolution": 512, "camera_distance": 0.8950010610985726, "view_id": 1, "point_pitch": -0.6416346271845956, "camera_rotation_from_original_to_final": [-0.35925498604774475, -0.5189858078956604, 0.4528495967388153], "camera_location": [0.2992902100086212, 2.5162947177886963, -0.8698115944862366], "point_normal": [0.9920056462287903, 0.12320997565984726, -0.027280181646347046], "camera_rotation_final_quaternion": [0.7019419074058533, 0.34002649784088135, 0.305288702249527, 0.546313464641571], "skybox_img": 4, "point_uuid": "109", "field_of_view_rads": 1.6316217442386929, "camera_rotation_final": [0.9479957222938538, 0.05709877237677574, 1.3520207405090332]}