{"camera_uuid": "3050", "obliqueness_angle": 1.532472014427185, "nonfixated_points_in_view": [], "camera_rotation_original": [1.5707963705062866, -0.088219054043293, -1.9755821228027344], "point_location": [3.4670467376708984, 1.0758438110351562, -0.6993377804756165], "skybox_img_path": "./img/high/3050_skybox4.jpg", "resolution": 512, "camera_distance": 0.7487144298304589, "view_id": 10, "point_pitch": -0.11041466792556243, "camera_rotation_from_original_to_final": [0.038539547473192215, 0.04635947197675705, -0.6414690613746643], "camera_location": [3.092961549758911, 1.7229633331298828, -0.6560953855514526], "point_normal": [-0.6784085035324097, -0.30312207341194153, -0.6692376136779785], "camera_rotation_final_quaternion": [0.2132480889558792, 0.1541672646999359, -0.6688458323478699, -0.6952718496322632], "skybox_img": 4, "point_uuid": "78", "field_of_view_rads": 1.957036885090066, "camera_rotation_final": [1.5128629207611084, -0.07094337046146393, -2.613337755203247]}