{"camera_uuid": "15051", "obliqueness_angle": 0.869860053062439, "nonfixated_points_in_view": [], "camera_rotation_original": [1.5707963705062866, -0.05632950738072395, -1.3455767631530762], "point_location": [1.1332991123199463, -0.8327366709709167, -1.4375404119491577], "skybox_img_path": "./img/high/15051_skybox4.jpg", "resolution": 512, "camera_distance": 0.6318754511038267, "view_id": 8, "point_pitch": -0.2820128639552255, "camera_rotation_from_original_to_final": [-0.05827019363641739, 0.2557043731212616, -0.3760323226451874], "camera_location": [0.5292441844940186, -0.7456974983215332, -1.2738076448440552], "point_normal": [-0.5603585243225098, 0.8280418515205383, -0.018577322363853455], "camera_rotation_final_quaternion": [0.5357159376144409, 0.3857697546482086, -0.4707660973072052, -0.585294246673584], "skybox_img": 4, "point_uuid": "147", "field_of_view_rads": 0.6651429173367224, "camera_rotation_final": [1.3083083629608154, -0.05284075066447258, -1.6997127532958984]}