{"camera_uuid": "3604", "obliqueness_angle": 0.6308556199073792, "nonfixated_points_in_view": [], "camera_rotation_original": [1.5707963705062866, 0.1659633219242096, 2.4581503868103027], "point_location": [-0.30368760228157043, 1.3439174890518188, -0.7665223479270935], "skybox_img_path": "./img/high/3604_skybox4.jpg", "resolution": 512, "camera_distance": 0.9483843008420952, "view_id": 47, "point_pitch": 0.2501736442234854, "camera_rotation_from_original_to_final": [-0.2085789144039154, 0.16074341535568237, 0.03662910312414169], "camera_location": [0.23636581003665924, 2.0836329460144043, -1.0126850605010986], "point_normal": [0.9422652125358582, 0.29410141706466675, -0.16012726724147797], "camera_rotation_final_quaternion": [0.23743124306201935, 0.1807364523410797, 0.7727318406105042, 0.5602198243141174], "skybox_img": 4, "point_uuid": "180", "field_of_view_rads": 0.9320269806742028, "camera_rotation_final": [1.8370741605758667, 0.1651872843503952, 2.5557820796966553]}