{"camera_uuid": "13640", "obliqueness_angle": 1.227118730545044, "nonfixated_points_in_view": [], "camera_rotation_original": [1.5707963705062866, -0.16912326216697693, -0.1720939725637436], "point_location": [0.580907940864563, -0.050188999623060226, -1.4085019826889038], "skybox_img_path": "./img/high/13640_skybox4.jpg", "resolution": 512, "camera_distance": 0.7912604118045569, "view_id": 72, "point_pitch": -0.335551186403956, "camera_rotation_from_original_to_final": [-0.39401859045028687, 0.06783221662044525, 0.3427809476852417], "camera_location": [0.714631974697113, -0.7667679190635681, -1.1007267236709595], "point_normal": [0.11274728178977966, 0.07453673332929611, 0.9908240437507629], "camera_rotation_final_quaternion": [0.8204597234725952, 0.5527155995368958, 0.004604017827659845, 0.14604833722114563], "skybox_img": 4, "point_uuid": "57", "field_of_view_rads": 0.7907185303916441, "camera_rotation_final": [1.1661889553070068, -0.15450556576251984, 0.2502989172935486]}