{"camera_uuid": "11462", "obliqueness_angle": 0.6223505735397339, "nonfixated_points_in_view": [8, 3], "camera_rotation_original": [1.5707963705062866, 0.15191558003425598, -1.9382437467575073], "point_location": [5.4932861328125, 0.18884922564029694, -0.9166303277015686], "skybox_img_path": "./img/high/11462_skybox4.jpg", "resolution": 512, "camera_distance": 0.9744483723031762, "view_id": 10, "point_pitch": -0.40237967570754485, "camera_rotation_from_original_to_final": [0.17892444133758545, 0.4313938617706299, -0.3516731858253479], "camera_location": [4.860872745513916, 0.7878215909004211, -0.47978365421295166], "point_normal": [-0.48851633071899414, 0.18398629128932953, 0.8529366254806519], "camera_rotation_final_quaternion": [0.27570635080337524, 0.24374502897262573, -0.46522846817970276, -0.8050694465637207], "skybox_img": 4, "point_uuid": "142", "field_of_view_rads": 1.3001655876812834, "camera_rotation_final": [1.1012277603149414, 0.13635258376598358, -2.397909164428711]}