{"camera_uuid": "4754", "obliqueness_angle": 0.912405252456665, "nonfixated_points_in_view": [], "camera_rotation_original": [1.5707963705062866, 0.16559694707393646, 2.4962596893310547], "point_location": [-0.34234288334846497, 0.8369564414024353, -0.7921566963195801], "skybox_img_path": "./img/high/4754_skybox4.jpg", "resolution": 512, "camera_distance": 0.9609853298410205, "view_id": 11, "point_pitch": -0.5676569183680673, "camera_rotation_from_original_to_final": [0.45740896463394165, -0.3519681990146637, -0.045061927288770676], "camera_location": [0.11393262445926666, 1.505889654159546, -0.2746300995349884], "point_normal": [0.04777548089623451, 0.07583989202976227, 0.9959748387336731], "camera_rotation_final_quaternion": [0.3395950198173523, 0.09591332077980042, 0.47067174315452576, 0.8086680173873901], "skybox_img": 4, "point_uuid": "121", "field_of_view_rads": 0.7352830670651015, "camera_rotation_final": [0.9932379126548767, 0.1653033047914505, 2.4361579418182373]}