{"camera_uuid": "6364", "obliqueness_angle": 0.5986025929450989, "nonfixated_points_in_view": [], "camera_rotation_original": [1.5707963705062866, 0.17229323089122772, -2.0620107650756836], "point_location": [3.4670467376708984, 1.0758438110351562, -0.6993377804756165], "skybox_img_path": "./img/high/6364_skybox4.jpg", "resolution": 512, "camera_distance": 0.6836890842173278, "view_id": 33, "point_pitch": -0.020301981768335864, "camera_rotation_from_original_to_final": [-0.08685220032930374, -0.06408646702766418, 0.7493675351142883], "camera_location": [2.809058666229248, 0.9024744629859924, -0.7658625245094299], "point_normal": [-0.728654682636261, -0.24732623994350433, -0.6386642456054688], "camera_rotation_final_quaternion": [0.5052802562713623, 0.613991916179657, -0.414325088262558, -0.44276461005210876], "skybox_img": 4, "point_uuid": "78", "field_of_view_rads": 1.82720328702949, "camera_rotation_final": [1.669026255607605, 0.12533509731292725, -1.3008493185043335]}