{"camera_uuid": "10373", "obliqueness_angle": 1.3308230638504028, "nonfixated_points_in_view": [], "camera_rotation_original": [1.5707963705062866, -0.07747140526771545, -2.4907331466674805], "point_location": [0.580907940864563, -0.050188999623060226, -1.4085019826889038], "skybox_img_path": "./img/high/10373_skybox4.jpg", "resolution": 512, "camera_distance": 0.9096098639154271, "view_id": 28, "point_pitch": -0.26852671702834563, "camera_rotation_from_original_to_final": [0.23734404146671295, 0.17553943395614624, 0.3480165898799896], "camera_location": [-0.1411365121603012, 0.4360864460468292, -1.1447254419326782], "point_normal": [0.11274728178977966, 0.07453673332929611, 0.9908240437507629], "camera_rotation_final_quaternion": [0.4039843678474426, 0.2597029507160187, -0.5362462997436523, -0.6941115856170654], "skybox_img": 4, "point_uuid": "57", "field_of_view_rads": 0.6025778511851491, "camera_rotation_final": [1.2757763862609863, -0.07280890643596649, -2.1413915157318115]}