{"camera_uuid": "5846", "obliqueness_angle": 1.1219708919525146, "nonfixated_points_in_view": [64, 88, 120], "camera_rotation_original": [1.5707963705062866, 0.03549019619822502, 1.5876312255859375], "point_location": [-0.34234288334846497, 0.8369564414024353, -0.7921566963195801], "skybox_img_path": "./img/high/5846_skybox4.jpg", "resolution": 512, "camera_distance": 0.8159515766593628, "view_id": 56, "point_pitch": -0.3858815868708749, "camera_rotation_from_original_to_final": [0.0140834990888834, -0.36138445138931274, 0.758554220199585], "camera_location": [0.2020707130432129, 1.3718211650848389, -0.5035209655761719], "point_normal": [0.04777548089623451, 0.07583989202976227, 0.9959748387336731], "camera_rotation_final_quaternion": [0.3287051320075989, 0.21255534887313843, 0.5272092223167419, 0.7542039155960083], "skybox_img": 4, "point_uuid": "121", "field_of_view_rads": 1.3499468538769375, "camera_rotation_final": [1.2091007232666016, 0.025975540280342102, 2.3375213146209717]}