{"camera_uuid": "4826", "obliqueness_angle": 1.5540260076522827, "nonfixated_points_in_view": [], "camera_rotation_original": [1.5707963705062866, 0.16305363178253174, -2.2057619094848633], "point_location": [4.301836967468262, 1.017685055732727, -0.9298179745674133], "skybox_img_path": "./img/high/4826_skybox4.jpg", "resolution": 512, "camera_distance": 0.8777088655602536, "view_id": 42, "point_pitch": -0.6950461109492441, "camera_rotation_from_original_to_final": [0.5277179479598999, 0.5549724102020264, -0.1060573011636734], "camera_location": [3.889606237411499, 1.5138990879058838, -0.33466222882270813], "point_normal": [0.8697540760040283, 0.39081519842147827, 0.30131638050079346], "camera_rotation_final_quaternion": [0.22065606713294983, 0.17448118329048157, -0.36127135157585144, -0.8890164494514465], "skybox_img": 4, "point_uuid": "143", "field_of_view_rads": 0.9791046545667723, "camera_rotation_final": [0.8149254322052002, 0.15137732028961182, -2.5895814895629883]}