{"camera_uuid": "6149", "obliqueness_angle": 1.5239336490631104, "nonfixated_points_in_view": [], "camera_rotation_original": [1.5707963705062866, 0.08314065635204315, 3.0523197650909424], "point_location": [-0.30368760228157043, 1.3439174890518188, -0.7665223479270935], "skybox_img_path": "./img/high/6149_skybox4.jpg", "resolution": 512, "camera_distance": 0.8801346664778524, "view_id": 14, "point_pitch": -0.08586101134749846, "camera_rotation_from_original_to_final": [0.05891216918826103, -0.0009279889636673033, 0.3347986042499542], "camera_location": [-0.5171645879745483, 2.196204423904419, -0.7148351669311523], "point_normal": [0.9422652125358582, 0.29410141706466675, -0.16012726724147797], "camera_rotation_final_quaternion": [-0.060543160885572433, -0.11073055118322372, 0.6770344376564026, 0.7250500917434692], "skybox_img": 4, "point_uuid": "180", "field_of_view_rads": 1.274054123740192, "camera_rotation_final": [1.5118536949157715, 0.07867192476987839, 3.382380723953247]}