{"camera_uuid": "7155", "obliqueness_angle": 0.9590697288513184, "nonfixated_points_in_view": [102], "camera_rotation_original": [1.5707963705062866, -0.11459621787071228, 1.8296345472335815], "point_location": [3.6669938564300537, 1.5509448051452637, -1.3941354751586914], "skybox_img_path": "./img/high/7155_skybox4.jpg", "resolution": 512, "camera_distance": 0.5547599325437295, "view_id": 0, "point_pitch": -0.2689987858149667, "camera_rotation_from_original_to_final": [0.04452413693070412, -0.20918682217597961, -0.5232011675834656], "camera_location": [4.1911468505859375, 1.4123643636703491, -1.276586890220642], "point_normal": [0.3106723129749298, -0.9194551110267639, 0.24100880324840546], "camera_rotation_final_quaternion": [0.5914437770843506, 0.5164855718612671, 0.3567873239517212, 0.5061025023460388], "skybox_img": 4, "point_uuid": "61", "field_of_view_rads": 2.078591559549699, "camera_rotation_final": [1.3561779260635376, -0.10092122852802277, 1.33427894115448]}