{"camera_uuid": "16138", "obliqueness_angle": 1.334588646888733, "nonfixated_points_in_view": [], "camera_rotation_original": [1.5707963705062866, -0.11856138706207275, -1.8369537591934204], "point_location": [6.403560161590576, -0.3128143846988678, -1.373155951499939], "skybox_img_path": "./img/high/16138_skybox4.jpg", "resolution": 512, "camera_distance": 0.8899185974859277, "view_id": 19, "point_pitch": -0.547578020891871, "camera_rotation_from_original_to_final": [0.16378025710582733, 0.5716168880462646, 0.3999044895172119], "camera_location": [5.667548656463623, -0.373190313577652, -0.8765707015991211], "point_normal": [-0.4072767198085785, 0.9103356599807739, -0.07358577847480774], "camera_rotation_final_quaternion": [0.6867557168006897, 0.324209064245224, -0.34041520953178406, -0.5544118881225586], "skybox_img": 4, "point_uuid": "113", "field_of_view_rads": 0.7376648996792496, "camera_rotation_final": [0.9748411774635315, -0.10828495770692825, -1.41578209400177]}