{"camera_uuid": "7441", "obliqueness_angle": 0.8582085371017456, "nonfixated_points_in_view": [], "camera_rotation_original": [1.5707963705062866, 0.10464949160814285, 0.28914567828178406], "point_location": [4.350777626037598, 1.8113524913787842, -1.3708267211914062], "skybox_img_path": "./img/high/7441_skybox4.jpg", "resolution": 512, "camera_distance": 0.40191595748018444, "view_id": 0, "point_pitch": -0.48320619662734465, "camera_rotation_from_original_to_final": [-0.49198484420776367, -0.12957029044628143, -0.1747259497642517], "camera_location": [4.38050651550293, 1.4613128900527954, -1.1755707263946533], "point_normal": [0.35098373889923096, -0.21213434636592865, 0.9120358228683472], "camera_rotation_final_quaternion": [0.8618164658546448, 0.5044982433319092, 0.05074438825249672, -0.013376421295106411], "skybox_img": 4, "point_uuid": "88", "field_of_view_rads": 0.9904486154446002, "camera_rotation_final": [1.0606462955474854, 0.10113377124071121, 0.028293190523982048]}