{"camera_uuid": "6380", "obliqueness_angle": 0.7894306778907776, "nonfixated_points_in_view": [107, 116], "camera_rotation_original": [1.5707963705062866, 0.11517636477947235, -1.0233536958694458], "point_location": [0.48665541410446167, 2.050424337387085, -1.4244725704193115], "skybox_img_path": "./img/high/6380_skybox4.jpg", "resolution": 512, "camera_distance": 0.355918213673032, "view_id": 9, "point_pitch": -0.3877572258326669, "camera_rotation_from_original_to_final": [-0.18529868125915527, 0.2919654846191406, 0.3790125250816345], "camera_location": [0.2927675247192383, 1.7772092819213867, -1.3043110370635986], "point_normal": [-0.7508701086044312, -0.09726908802986145, 0.6532478928565979], "camera_rotation_final_quaternion": [0.763717532157898, 0.5573984980583191, -0.1431851089000702, -0.29247310757637024], "skybox_img": 4, "point_uuid": "167", "field_of_view_rads": 0.9239011772765595, "camera_rotation_final": [1.2243345975875854, 0.10754938423633575, -0.6559088826179504]}