{"camera_uuid": "7510", "obliqueness_angle": 1.1705198287963867, "nonfixated_points_in_view": [], "camera_rotation_original": [1.5707963705062866, 0.016405172646045685, 1.250994324684143], "point_location": [3.765934944152832, 1.8845245838165283, -1.4114539623260498], "skybox_img_path": "./img/high/7510_skybox4.jpg", "resolution": 512, "camera_distance": 0.41718701371957534, "view_id": 10, "point_pitch": -0.40949754317733245, "camera_rotation_from_original_to_final": [-0.13642412424087524, -0.3858611285686493, 0.11383108794689178], "camera_location": [4.138565540313721, 1.796343207359314, -1.245877742767334], "point_normal": [-0.0554204061627388, -0.27599287033081055, 0.9595605731010437], "camera_rotation_final_quaternion": [0.6600633859634399, 0.4276456832885742, 0.34449324011802673, 0.5126010775566101], "skybox_img": 4, "point_uuid": "154", "field_of_view_rads": 2.0062308946333633, "camera_rotation_final": [1.1626155376434326, 0.01635224185883999, 1.3313541412353516]}