{"camera_uuid": "9594", "obliqueness_angle": 0.8470278978347778, "nonfixated_points_in_view": [], "camera_rotation_original": [1.5707963705062866, 0.09388885647058487, 2.0661697387695312], "point_location": [0.2828949987888336, -0.2686469852924347, -1.422070026397705], "skybox_img_path": "./img/high/9594_skybox4.jpg", "resolution": 512, "camera_distance": 0.9613898925902457, "view_id": 22, "point_pitch": -0.5270916660639902, "camera_rotation_from_original_to_final": [0.25735023617744446, -0.4644637703895569, -0.02854824997484684], "camera_location": [0.9993376731872559, 0.1530306041240692, -0.939194917678833], "point_normal": [0.22545656561851501, 0.011161365546286106, 0.974189281463623], "camera_rotation_final_quaternion": [0.4703981876373291, 0.22374878823757172, 0.4458729326725006, 0.7279143929481506], "skybox_img": 4, "point_uuid": "105", "field_of_view_rads": 1.384811670309553, "camera_rotation_final": [1.042006492614746, 0.0938735380768776, 2.048055648803711]}