{"camera_uuid": "8844", "obliqueness_angle": 1.4250847101211548, "nonfixated_points_in_view": [90], "camera_rotation_original": [1.5707963705062866, 0.11907847970724106, -2.9511032104492188], "point_location": [4.810020923614502, 1.166747808456421, -1.332459807395935], "skybox_img_path": "./img/high/8844_skybox4.jpg", "resolution": 512, "camera_distance": 0.5935496616558703, "view_id": 6, "point_pitch": -0.23420028289290862, "camera_rotation_from_original_to_final": [0.19321376085281372, 0.040176041424274445, 0.3315834701061249], "camera_location": [4.521896839141846, 1.6724677085876465, -1.2161279916763306], "point_normal": [0.7864901423454285, 0.6175901889801025, 0.003958132583647966], "camera_rotation_final_quaternion": [0.15437424182891846, 0.19757109880447388, -0.6024690866470337, -0.7577369213104248], "skybox_img": 4, "point_uuid": "166", "field_of_view_rads": 1.8083336999188173, "camera_rotation_final": [1.3722281455993652, 0.11364690214395523, -2.646542549133301]}