{"camera_uuid": "9460", "obliqueness_angle": 1.0039461851119995, "nonfixated_points_in_view": [], "camera_rotation_original": [1.5707963705062866, -0.14283673465251923, -1.1788281202316284], "point_location": [5.615777015686035, 2.4743409156799316, -1.4249221086502075], "skybox_img_path": "./img/high/9460_skybox4.jpg", "resolution": 512, "camera_distance": 0.8425090945443464, "view_id": 3, "point_pitch": -0.27081601222487883, "camera_rotation_from_original_to_final": [-0.12264174222946167, 0.3268187642097473, 0.5269018411636353], "camera_location": [5.149944305419922, 1.8337864875793457, -1.1376739740371704], "point_normal": [-0.9627537131309509, -0.11571325361728668, -0.2443682849407196], "camera_rotation_final_quaternion": [0.7931151986122131, 0.533621072769165, -0.21160520613193512, -0.2035682052373886], "skybox_img": 4, "point_uuid": "125", "field_of_view_rads": 1.1263039557204935, "camera_rotation_final": [1.2203056812286377, -0.11867642402648926, -0.585513174533844]}