{"camera_uuid": "3524", "obliqueness_angle": 1.4266610145568848, "nonfixated_points_in_view": [], "camera_rotation_original": [1.5707963705062866, 0.05713857710361481, 1.5996384620666504], "point_location": [0.32991182804107666, 2.4133899211883545, -1.3794349431991577], "skybox_img_path": "./img/high/3524_skybox4.jpg", "resolution": 512, "camera_distance": 0.8493628352461109, "view_id": 40, "point_pitch": -0.278255625567164, "camera_rotation_from_original_to_final": [0.023472178727388382, -0.31726494431495667, -0.7595124244689941], "camera_location": [0.931593656539917, 1.875846266746521, -1.1140239238739014], "point_normal": [0.7323230504989624, 0.6650322675704956, 0.14640741050243378], "camera_rotation_final_quaternion": [0.7463770508766174, 0.5298656821250916, 0.2510002553462982, 0.31490087509155273], "skybox_img": 4, "point_uuid": "151", "field_of_view_rads": 2.0816637958161985, "camera_rotation_final": [1.2527146339416504, 0.040982797741889954, 0.8281490802764893]}