{"camera_uuid": "9230", "obliqueness_angle": 0.2769477963447571, "nonfixated_points_in_view": [], "camera_rotation_original": [1.5707963705062866, 0.03320155665278435, -1.2072720527648926], "point_location": [3.4670467376708984, 1.0758438110351562, -0.6993377804756165], "skybox_img_path": "./img/high/9230_skybox4.jpg", "resolution": 512, "camera_distance": 0.7898190242621329, "view_id": 76, "point_pitch": 0.46521957317856355, "camera_rotation_from_original_to_final": [0.18220114707946777, -0.4366767108440399, 0.12342699617147446], "camera_location": [2.858563184738159, 0.7220519185066223, -1.0576577186584473], "point_normal": [-0.728654682636261, -0.24732623994350433, -0.6386642456054688], "camera_rotation_final_quaternion": [0.4481741786003113, 0.7466459274291992, -0.4115295708179474, -0.2688925266265869], "skybox_img": 4, "point_uuid": "78", "field_of_view_rads": 1.5023104524077913, "camera_rotation_final": [2.0419511795043945, 0.03266695886850357, -1.0275049209594727]}