{"camera_uuid": "6709", "obliqueness_angle": 0.5904217958450317, "nonfixated_points_in_view": [64], "camera_rotation_original": [1.5707963705062866, -0.16382339596748352, 0.8530518412590027], "point_location": [-0.30368760228157043, 1.3439174890518188, -0.7665223479270935], "skybox_img_path": "./img/high/6709_skybox4.jpg", "resolution": 512, "camera_distance": 0.521597678710987, "view_id": 66, "point_pitch": -0.18302206595870452, "camera_rotation_from_original_to_final": [-0.20861682295799255, -0.19186054170131683, 0.6407318115234375], "camera_location": [0.19527752697467804, 1.2973417043685913, -0.6218550801277161], "point_normal": [0.9422652125358582, 0.29410141706466675, -0.16012726724147797], "camera_rotation_final_quaternion": [0.5531458854675293, 0.4706385135650635, 0.37392833828926086, 0.5768072605133057], "skybox_img": 4, "point_uuid": "180", "field_of_view_rads": 0.63963352615166, "camera_rotation_final": [1.2873141765594482, -0.12962430715560913, 1.5153611898422241]}