{"camera_uuid": "6981", "obliqueness_angle": 1.032784104347229, "nonfixated_points_in_view": [], "camera_rotation_original": [1.5707963705062866, 0.1391834169626236, -1.3679046630859375], "point_location": [1.6843894720077515, 1.1254421472549438, -1.4068831205368042], "skybox_img_path": "./img/high/6981_skybox4.jpg", "resolution": 512, "camera_distance": 0.8519864120871807, "view_id": 4, "point_pitch": -0.4972392757746835, "camera_rotation_from_original_to_final": [-0.09096642583608627, 0.43350762128829956, 0.4161974787712097], "camera_location": [1.0668343305587769, 0.6655459403991699, -1.0421887636184692], "point_normal": [-0.13031253218650818, 0.011851518414914608, 0.9914022088050842], "camera_rotation_final_quaternion": [0.7260240316390991, 0.49387437105178833, -0.2050907164812088, -0.4323366582393646], "skybox_img": 4, "point_uuid": "111", "field_of_view_rads": 1.792492522379571, "camera_rotation_final": [1.1244508028030396, 0.1296009123325348, -0.9924619793891907]}