{"camera_uuid": "15853", "obliqueness_angle": 0.9082549810409546, "nonfixated_points_in_view": [28], "camera_rotation_original": [1.5707963705062866, -0.1409117728471756, 1.7618043422698975], "point_location": [5.327018737792969, -0.6150552034378052, -1.3985912799835205], "skybox_img_path": "./img/high/15853_skybox4.jpg", "resolution": 512, "camera_distance": 0.930755823861357, "view_id": 0, "point_pitch": -0.6550854881617685, "camera_rotation_from_original_to_final": [0.18382686376571655, -0.645607054233551, -0.020694732666015625], "camera_location": [6.040933609008789, -0.4560687243938446, -0.8229566216468811], "point_normal": [-0.004159807693213224, -0.0008233638945966959, 0.9999910593032837], "camera_rotation_final_quaternion": [0.49812936782836914, 0.3024263381958008, 0.315132737159729, 0.7490639686584473], "skybox_img": 4, "point_uuid": "39", "field_of_view_rads": 2.078591559549699, "camera_rotation_final": [0.8962634801864624, -0.13957227766513824, 1.900709867477417]}