{"camera_uuid": "0793", "obliqueness_angle": 1.4192593097686768, "nonfixated_points_in_view": [22], "camera_rotation_original": [1.5707963705062866, 0.13663531839847565, -1.7318814992904663], "point_location": [2.5494112968444824, 3.0172948837280273, -1.405600666999817], "skybox_img_path": "./img/high/0793_skybox4.jpg", "resolution": 512, "camera_distance": 0.6017374338879194, "view_id": 1, "point_pitch": -0.615118189654078, "camera_rotation_from_original_to_final": [0.13987547159194946, 0.5927025675773621, 0.14485891163349152], "camera_location": [2.055572986602783, 3.041834592819214, -1.0626583099365234], "point_normal": [-0.03991111367940903, -0.9602947235107422, 0.2761182188987732], "camera_rotation_final_quaternion": [0.5552463531494141, 0.3464917540550232, -0.30819374322891235, -0.690406858921051], "skybox_img": 4, "point_uuid": "54", "field_of_view_rads": 1.6316217442386929, "camera_rotation_final": [0.9578492641448975, 0.1366182565689087, -1.7159430980682373]}