{"camera_uuid": "10521", "obliqueness_angle": 1.2557978630065918, "nonfixated_points_in_view": [], "camera_rotation_original": [1.5707963705062866, -0.1470629870891571, 0.37307557463645935], "point_location": [4.301836967468262, 1.017685055732727, -0.9298179745674133], "skybox_img_path": "./img/high/10521_skybox4.jpg", "resolution": 512, "camera_distance": 0.46806077628447684, "view_id": 45, "point_pitch": -0.5085298260066171, "camera_rotation_from_original_to_final": [-0.41703274846076965, -0.15927881002426147, -0.4477297365665436], "camera_location": [4.255910873413086, 0.5976588726043701, -0.7284484505653381], "point_normal": [0.41032981872558594, 0.04652121290564537, 0.9107499122619629], "camera_rotation_final_quaternion": [0.8454703688621521, 0.5293117761611938, -0.06869244575500488, 0.017036201432347298], "skybox_img": 4, "point_uuid": "143", "field_of_view_rads": 0.6299741311869721, "camera_rotation_final": [1.1217048168182373, -0.13459579646587372, -0.04432753473520279]}