{"camera_uuid": "5030", "obliqueness_angle": 0.450760155916214, "nonfixated_points_in_view": [], "camera_rotation_original": [1.5707963705062866, -0.10872495919466019, 2.3078274726867676], "point_location": [-0.30368760228157043, 1.3439174890518188, -0.7665223479270935], "skybox_img_path": "./img/high/5030_skybox4.jpg", "resolution": 512, "camera_distance": 0.6391094586903658, "view_id": 44, "point_pitch": 0.5069224397328238, "camera_rotation_from_original_to_final": [-0.36343449354171753, 0.3903701603412628, -0.22906367480754852], "camera_location": [0.15709352493286133, 1.648735523223877, -1.087812900543213], "point_normal": [0.9422652125358582, 0.29410141706466675, -0.16012726724147797], "camera_rotation_final_quaternion": [0.2086329311132431, 0.45651954412460327, 0.7368500232696533, 0.4528954327106476], "skybox_img": 4, "point_uuid": "180", "field_of_view_rads": 2.173302890718354, "camera_rotation_final": [2.1008353233337402, -0.1062486544251442, 2.0931692123413086]}