{"camera_uuid": "4460", "obliqueness_angle": 1.125386118888855, "nonfixated_points_in_view": [], "camera_rotation_original": [1.5707963705062866, -0.09770756214857101, -2.5595054626464844], "point_location": [-0.30368760228157043, 1.3439174890518188, -0.7665223479270935], "skybox_img_path": "./img/high/4460_skybox4.jpg", "resolution": 512, "camera_distance": 0.8346263560915681, "view_id": 96, "point_pitch": -0.3058616360041757, "camera_rotation_from_original_to_final": [0.21274977922439575, 0.10856154561042786, -0.7810526490211487], "camera_location": [-0.13654007017612457, 2.137784242630005, -0.570465087890625], "point_normal": [0.9422652125358582, 0.29410141706466675, -0.16012726724147797], "camera_rotation_final_quaternion": [-0.053165942430496216, -0.08618905395269394, -0.6124699115753174, -0.7839804887771606], "skybox_img": 4, "point_uuid": "180", "field_of_view_rads": 1.633880848593436, "camera_rotation_final": [1.333081841468811, -0.07007332891225815, -3.3321471214294434]}