{"camera_uuid": "12621", "obliqueness_angle": 1.1302536725997925, "nonfixated_points_in_view": [], "camera_rotation_original": [1.5707963705062866, -0.13095983862876892, -1.3076856136322021], "point_location": [1.9191844463348389, 0.03978348895907402, -1.4310652017593384], "skybox_img_path": "./img/high/12621_skybox4.jpg", "resolution": 512, "camera_distance": 0.6543928702236147, "view_id": 12, "point_pitch": -0.48845259746047454, "camera_rotation_from_original_to_final": [-0.11147811263799667, 0.40816164016723633, -0.5809848308563232], "camera_location": [1.347827672958374, 0.21258188784122467, -1.1628820896148682], "point_normal": [-0.03025132790207863, -0.0354352742433548, 0.9989140033721924], "camera_rotation_final_quaternion": [0.5418345928192139, 0.29570403695106506, -0.45568549633026123, -0.6413463354110718], "skybox_img": 4, "point_uuid": "175", "field_of_view_rads": 0.6382884761446714, "camera_rotation_final": [1.145562767982483, -0.11476674675941467, -1.8126723766326904]}