{"camera_uuid": "6745", "obliqueness_angle": 1.4580024480819702, "nonfixated_points_in_view": [], "camera_rotation_original": [1.5707963705062866, 0.0917574092745781, -0.583193302154541], "point_location": [1.5920188426971436, 2.1285598278045654, -1.4049173593521118], "skybox_img_path": "./img/high/6745_skybox4.jpg", "resolution": 512, "camera_distance": 0.8615426198691379, "view_id": 49, "point_pitch": -0.15500883658858733, "camera_rotation_from_original_to_final": [-0.11406735330820084, 0.07364987581968307, 0.21445469558238983], "camera_location": [1.2876323461532593, 1.3310495615005493, -1.2883758544921875], "point_normal": [0.3241092562675476, -0.10795459151268005, 0.9398399591445923], "camera_rotation_final_quaternion": [0.7339802980422974, 0.6513856053352356, -0.08978523313999176, -0.17002440989017487], "skybox_img": 4, "point_uuid": "107", "field_of_view_rads": 0.9791046545667723, "camera_rotation_final": [1.4345569610595703, 0.0898224487900734, -0.37690281867980957]}