{"camera_uuid": "11893", "obliqueness_angle": 1.1948572397232056, "nonfixated_points_in_view": [], "camera_rotation_original": [1.5707963705062866, 0.14899654686450958, 0.28100305795669556], "point_location": [4.301836967468262, 1.017685055732727, -0.9298179745674133], "skybox_img_path": "./img/high/11893_skybox4.jpg", "resolution": 512, "camera_distance": 0.6408169330948466, "view_id": 8, "point_pitch": 0.18611402908829255, "camera_rotation_from_original_to_final": [0.2812988758087158, 0.047269273549318314, 0.6980148553848267], "camera_location": [4.811790943145752, 0.673434317111969, -1.1089400053024292], "point_normal": [0.8034110069274902, 0.2184903621673584, 0.553888738155365], "camera_rotation_final_quaternion": [0.5454578399658203, 0.6833124756813049, 0.4157460629940033, 0.2504296898841858], "skybox_img": 4, "point_uuid": "143", "field_of_view_rads": 0.9239011772765595, "camera_rotation_final": [1.8559125661849976, 0.11153154075145721, 1.0096147060394287]}