{"camera_uuid": "4150", "obliqueness_angle": 0.6918518543243408, "nonfixated_points_in_view": [], "camera_rotation_original": [1.5707963705062866, 0.02149369940161705, -2.0384342670440674], "point_location": [1.6843894720077515, 1.1254421472549438, -1.4068831205368042], "skybox_img_path": "./img/high/4150_skybox4.jpg", "resolution": 512, "camera_distance": 0.793767489218085, "view_id": 19, "point_pitch": -0.7688235481593271, "camera_rotation_from_original_to_final": [0.4206094443798065, 0.6704715490341187, -0.0783068984746933], "camera_location": [1.246978998184204, 1.4873954057693481, -0.8521500825881958], "point_normal": [-0.13031253218650818, 0.011851518414914608, 0.9914022088050842], "camera_rotation_final_quaternion": [0.38016197085380554, 0.17029547691345215, -0.3486675024032593, -0.8395875692367554], "skybox_img": 4, "point_uuid": "111", "field_of_view_rads": 0.8278892494736719, "camera_rotation_final": [0.7967801094055176, 0.0208571907132864, -2.2824602127075195]}