{"camera_uuid": "2293", "obliqueness_angle": 0.9333241581916809, "nonfixated_points_in_view": [14, 30], "camera_rotation_original": [1.5707963705062866, 0.13298332691192627, -0.19305185973644257], "point_location": [2.155930757522583, 2.4535746574401855, -1.421875], "skybox_img_path": "./img/high/2293_skybox4.jpg", "resolution": 512, "camera_distance": 0.8404610051111883, "view_id": 6, "point_pitch": -0.6435553272578378, "camera_rotation_from_original_to_final": [-0.6378942131996155, 0.14288939535617828, -0.06250229477882385], "camera_location": [2.02506160736084, 1.797825574874878, -0.9127177596092224], "point_normal": [0.01849367655813694, 0.009777815081179142, 0.9997811913490295], "camera_rotation_final_quaternion": [0.8812901377677917, 0.44390395283699036, -0.006763500161468983, -0.1619606465101242], "skybox_img": 4, "point_uuid": "168", "field_of_view_rads": 1.792492522379571, "camera_rotation_final": [0.9132910966873169, 0.13225392997264862, -0.29845213890075684]}