{"camera_uuid": "3887", "obliqueness_angle": 1.2808537483215332, "nonfixated_points_in_view": [97, 2], "camera_rotation_original": [1.5707963705062866, -0.06790903210639954, -0.8691604137420654], "point_location": [0.3078916072845459, 2.7992374897003174, -1.4269014596939087], "skybox_img_path": "./img/high/3887_skybox4.jpg", "resolution": 512, "camera_distance": 0.792439260798878, "view_id": 1, "point_pitch": -0.4274846752497812, "camera_rotation_from_original_to_final": [-0.24606291949748993, 0.297031968832016, -0.7604804039001465], "camera_location": [-0.4269339442253113, 2.8135995864868164, -1.1306159496307373], "point_normal": [-0.2804282307624817, 0.9596080183982849, 0.022641496732831], "camera_rotation_final_quaternion": [0.5966597199440002, 0.3804067373275757, -0.4102991819381714, -0.5752760171890259], "skybox_img": 4, "point_uuid": "66", "field_of_view_rads": 1.6316217442386929, "camera_rotation_final": [1.1870510578155518, -0.05196361243724823, -1.5693702697753906]}