{"camera_uuid": "11098", "obliqueness_angle": 0.6019932627677917, "nonfixated_points_in_view": [], "camera_rotation_original": [1.5707963705062866, 0.02829771116375923, -2.1657333374023438], "point_location": [1.1332991123199463, -0.8327366709709167, -1.4375404119491577], "skybox_img_path": "./img/high/11098_skybox4.jpg", "resolution": 512, "camera_distance": 0.6720509271062517, "view_id": 25, "point_pitch": -0.4805156429621835, "camera_rotation_from_original_to_final": [0.2934134304523468, 0.4095499813556671, -0.6395968198776245], "camera_location": [0.9736749529838562, -0.26460474729537964, -1.1159837245941162], "point_normal": [-0.5603585243225098, 0.8280418515205383, -0.018577322363853455], "camera_rotation_final_quaternion": [0.10699556022882462, 0.07587333023548126, -0.5049830675125122, -0.8531044721603394], "skybox_img": 4, "point_uuid": "147", "field_of_view_rads": 1.1498058012590282, "camera_rotation_final": [1.0717593431472778, 0.021395497024059296, -2.8793516159057617]}