{"camera_uuid": "6259", "obliqueness_angle": 0.72966468334198, "nonfixated_points_in_view": [64], "camera_rotation_original": [1.5707963705062866, -0.09915390610694885, 1.6722798347473145], "point_location": [-0.30368760228157043, 1.3439174890518188, -0.7665223479270935], "skybox_img_path": "./img/high/6259_skybox4.jpg", "resolution": 512, "camera_distance": 0.920129285399636, "view_id": 22, "point_pitch": -0.46774785121413665, "camera_rotation_from_original_to_final": [0.058270588517189026, -0.44593489170074463, -0.22124852240085602], "camera_location": [0.5201951265335083, 1.2539856433868408, -0.36681312322616577], "point_normal": [0.9422652125358582, 0.29410141706466675, -0.16012726724147797], "camera_rotation_final_quaternion": [0.5988480448722839, 0.41460520029067993, 0.33301621675491333, 0.5988186597824097], "skybox_img": 4, "point_uuid": "180", "field_of_view_rads": 1.384811670309553, "camera_rotation_final": [1.1190987825393677, -0.09785047918558121, 1.5094316005706787]}