{"camera_uuid": "10812", "obliqueness_angle": 0.8576508164405823, "nonfixated_points_in_view": [], "camera_rotation_original": [1.5707963705062866, 0.0016988993156701326, -0.10392884165048599], "point_location": [1.46160089969635, 0.19978925585746765, -1.450141191482544], "skybox_img_path": "./img/high/10812_skybox4.jpg", "resolution": 512, "camera_distance": 0.32984207674231836, "view_id": 20, "point_pitch": -0.5342203815791269, "camera_rotation_from_original_to_final": [-0.5329899787902832, 0.05276026949286461, -0.736998438835144], "camera_location": [1.2529093027114868, 0.007615822833031416, -1.281876564025879], "point_normal": [-0.5807929635047913, 0.19898450374603271, 0.7893571853637695], "camera_rotation_final_quaternion": [0.7955265045166016, 0.4533836543560028, -0.1984308809041977, -0.34957975149154663], "skybox_img": 4, "point_uuid": "100", "field_of_view_rads": 1.7927549318813307, "camera_rotation_final": [1.035451889038086, 0.0012734439224004745, -0.8273364305496216]}