{"camera_uuid": "15440", "obliqueness_angle": 1.2357637882232666, "nonfixated_points_in_view": [], "camera_rotation_original": [1.5707963705062866, 0.046751491725444794, 0.5855003595352173], "point_location": [5.4932861328125, 0.18884922564029694, -0.9166303277015686], "skybox_img_path": "./img/high/15440_skybox4.jpg", "resolution": 512, "camera_distance": 0.8747145174282579, "view_id": 55, "point_pitch": -0.5906075676295419, "camera_rotation_from_original_to_final": [-0.533175528049469, -0.32394811511039734, -0.4624948501586914], "camera_location": [5.517702102661133, -0.5248534679412842, -0.4114988446235657], "point_normal": [-0.48851633071899414, 0.18398629128932953, 0.8529366254806519], "camera_rotation_final_quaternion": [0.8880897760391235, 0.4592418372631073, 0.018872788175940514, -0.006106141023337841], "skybox_img": 4, "point_uuid": "142", "field_of_view_rads": 1.2654133589566097, "camera_rotation_final": [0.9546136260032654, 0.039139844477176666, 0.006493764463812113]}