{"camera_uuid": "1809", "obliqueness_angle": 0.8405941724777222, "nonfixated_points_in_view": [], "camera_rotation_original": [1.5707963705062866, 0.11684652417898178, 2.012086868286133], "point_location": [3.2623050212860107, 2.5903799533843994, -0.9091960191726685], "skybox_img_path": "./img/high/1809_skybox4.jpg", "resolution": 512, "camera_distance": 0.868409730289501, "view_id": 7, "point_pitch": -0.7702967365595956, "camera_rotation_from_original_to_final": [0.3471081852912903, -0.6836082935333252, 0.06296321749687195], "camera_location": [3.768397808074951, 2.9717628955841064, -0.31543463468551636], "point_normal": [0.9650903344154358, 0.26148784160614014, -0.014998132362961769], "camera_rotation_final_quaternion": [0.47359874844551086, 0.14847373962402344, 0.36890166997909546, 0.785857081413269], "skybox_img": 4, "point_uuid": "43", "field_of_view_rads": 0.5961933550608073, "camera_rotation_final": [0.81153404712677, 0.11632664501667023, 2.1068782806396484]}