{"camera_uuid": "5589", "obliqueness_angle": 1.0860353708267212, "nonfixated_points_in_view": [], "camera_rotation_original": [1.5707963705062866, 0.08267020434141159, 2.379533529281616], "point_location": [0.7851385474205017, 1.2789015769958496, -1.4171496629714966], "skybox_img_path": "./img/high/5589_skybox4.jpg", "resolution": 512, "camera_distance": 0.9194958544703031, "view_id": 51, "point_pitch": -0.5154251297328134, "camera_rotation_from_original_to_final": [0.3531682789325714, -0.3085416555404663, 0.6259624361991882], "camera_location": [0.853033185005188, 2.0981295108795166, -1.0051684379577637], "point_normal": [0.04163115471601486, 0.017202280461788177, 0.9989850521087646], "camera_rotation_final_quaternion": [0.06655256450176239, 0.002307552844285965, 0.5253276228904724, 0.8482902646064758], "skybox_img": 4, "point_uuid": "187", "field_of_view_rads": 1.3476975839402114, "camera_rotation_final": [1.105116367340088, 0.06605687737464905, 3.025745391845703]}