{"camera_uuid": "3582", "obliqueness_angle": 0.8670233488082886, "nonfixated_points_in_view": [], "camera_rotation_original": [1.5707963705062866, -0.07027827948331833, -1.710960865020752], "point_location": [3.765934944152832, 1.8845245838165283, -1.4114539623260498], "skybox_img_path": "./img/high/3582_skybox4.jpg", "resolution": 512, "camera_distance": 0.3209238469517225, "view_id": 9, "point_pitch": -0.7430321415278573, "camera_rotation_from_original_to_final": [0.10269748419523239, 0.7355433702468872, -0.011722462251782417], "camera_location": [3.5339372158050537, 1.9318461418151855, -1.1948210000991821], "point_normal": [-0.0554204061627388, -0.27599287033081055, 0.9595605731010437], "camera_rotation_final_quaternion": [0.6119611263275146, 0.23979777097702026, -0.3240099251270294, -0.6804543733596802], "skybox_img": 4, "point_uuid": "154", "field_of_view_rads": 0.6025778511851491, "camera_rotation_final": [0.8275256156921387, -0.07027789950370789, -1.7075600624084473]}