{"camera_uuid": "8768", "obliqueness_angle": 0.671232283115387, "nonfixated_points_in_view": [], "camera_rotation_original": [1.5707963705062866, -0.010172786191105843, 1.7121058702468872], "point_location": [0.9227169156074524, 0.6807072758674622, -1.4383314847946167], "skybox_img_path": "./img/high/8768_skybox4.jpg", "resolution": 512, "camera_distance": 0.9475644023881954, "view_id": 16, "point_pitch": -0.6716722687098642, "camera_rotation_from_original_to_final": [0.11103979498147964, -0.6583116054534912, -0.605129063129425], "camera_location": [1.6010322570800781, 0.3727908134460449, -0.8527086973190308], "point_normal": [0.9748377203941345, -0.22190459072589874, 0.021208828315138817], "camera_rotation_final_quaternion": [0.7534342408180237, 0.36866632103919983, 0.23467084765434265, 0.491275429725647], "skybox_img": 4, "point_uuid": "59", "field_of_view_rads": 1.6924921945557647, "camera_rotation_final": [0.9045334458351135, -0.008615395054221153, 1.1514415740966797]}