{"camera_uuid": "8141", "obliqueness_angle": 0.9072418808937073, "nonfixated_points_in_view": [], "camera_rotation_original": [1.5707963705062866, -0.04185817763209343, 0.03577321022748947], "point_location": [0.7851385474205017, 1.2789015769958496, -1.4171496629714966], "skybox_img_path": "./img/high/8141_skybox4.jpg", "resolution": 512, "camera_distance": 0.7734291769793654, "view_id": 15, "point_pitch": -0.6244196136805673, "camera_rotation_from_original_to_final": [-0.6503335237503052, -0.020690273493528366, 0.6704767346382141], "camera_location": [1.1814602613449097, 0.808073103427887, -0.9487029314041138], "point_normal": [0.04163115471601486, 0.017202280461788177, 0.9989850521087646], "camera_rotation_final_quaternion": [0.8353244066238403, 0.4201391041278839, 0.1436859369277954, 0.32414594292640686], "skybox_img": 4, "point_uuid": "187", "field_of_view_rads": 2.0028936213055424, "camera_rotation_final": [0.919784426689148, -0.03232965245842934, 0.7243068218231201]}