{"camera_uuid": "6383", "obliqueness_angle": 1.4510520696640015, "nonfixated_points_in_view": [], "camera_rotation_original": [1.5707963705062866, -0.014423280023038387, -0.4047669768333435], "point_location": [-0.4168107807636261, 2.6449878215789795, -1.3910259008407593], "skybox_img_path": "./img/high/6383_skybox4.jpg", "resolution": 512, "camera_distance": 0.8635213375670505, "view_id": 23, "point_pitch": -0.23479585250350432, "camera_rotation_from_original_to_final": [-0.22362646460533142, 0.09755883365869522, 0.6473360657691956], "camera_location": [-0.20634765923023224, 1.8338279724121094, -1.182713508605957], "point_normal": [0.9920056462287903, 0.12320997565984726, -0.027280181646347046], "camera_rotation_final_quaternion": [0.7808571457862854, 0.6114314794540405, 0.07438787072896957, 0.10430769622325897], "skybox_img": 4, "point_uuid": "109", "field_of_view_rads": 2.056502920039658, "camera_rotation_final": [1.3271409273147583, -0.011381654068827629, 0.2566910684108734]}