{"camera_uuid": "11610", "obliqueness_angle": 1.0446887016296387, "nonfixated_points_in_view": [], "camera_rotation_original": [1.5707963705062866, 0.0008223944460041821, 3.0534348487854004], "point_location": [5.577847957611084, 0.5073602795600891, -0.8285789489746094], "skybox_img_path": "./img/high/11610_skybox4.jpg", "resolution": 512, "camera_distance": 0.8920895822333593, "view_id": 0, "point_pitch": -0.5570456226679941, "camera_rotation_from_original_to_final": [0.5550904273986816, -0.04664711654186249, 0.23681001365184784], "camera_location": [5.455715179443359, 1.2547672986984253, -0.3571023643016815], "point_normal": [0.047805894166231155, -0.0227388683706522, 0.9985978007316589], "camera_rotation_final_quaternion": [-0.07031524181365967, -0.039507173001766205, 0.48392683267593384, 0.8713838458061218], "skybox_img": 4, "point_uuid": "11", "field_of_view_rads": 2.078591559549699, "camera_rotation_final": [1.0139540433883667, 0.0007969608996063471, 3.3030738830566406]}