{"camera_uuid": "5729", "obliqueness_angle": 1.0044302940368652, "nonfixated_points_in_view": [], "camera_rotation_original": [1.5707963705062866, 0.0031529543921351433, -1.9491735696792603], "point_location": [0.7851385474205017, 1.2789015769958496, -1.4171496629714966], "skybox_img_path": "./img/high/5729_skybox4.jpg", "resolution": 512, "camera_distance": 0.8831169210936013, "view_id": 13, "point_pitch": -0.5768717964503427, "camera_rotation_from_original_to_final": [0.23580099642276764, 0.5304744243621826, 0.3756685256958008], "camera_location": [0.04612762853503227, 1.3284231424331665, -0.9362068772315979], "point_normal": [0.012679249048233032, 0.07213246822357178, 0.9973145127296448], "camera_rotation_final_quaternion": [0.5991256833076477, 0.32656607031822205, -0.3479311466217041, -0.6429206132888794], "skybox_img": 4, "point_uuid": "187", "field_of_view_rads": 2.1797545326211765, "camera_rotation_final": [0.9948848485946655, 0.0030031073838472366, -1.6396570205688477]}