{"camera_uuid": "5969", "obliqueness_angle": 1.3403024673461914, "nonfixated_points_in_view": [39], "camera_rotation_original": [1.5707963705062866, -0.009742159396409988, -2.1164474487304688], "point_location": [1.6843894720077515, 1.1254421472549438, -1.4068831205368042], "skybox_img_path": "./img/high/5969_skybox4.jpg", "resolution": 512, "camera_distance": 0.9771176372037543, "view_id": 27, "point_pitch": -0.09919838508101897, "camera_rotation_from_original_to_final": [0.05317512899637222, 0.0867702066898346, 0.2649531066417694], "camera_location": [0.7509885430335999, 1.3968724012374878, -1.3076499700546265], "point_normal": [-0.13031253218650818, 0.011851518414914608, 0.9914022088050842], "camera_rotation_final_quaternion": [0.4483254849910736, 0.3998204171657562, -0.5379267334938049, -0.5914243459701538], "skybox_img": 4, "point_uuid": "111", "field_of_view_rads": 1.7513250082996996, "camera_rotation_final": [1.4690594673156738, -0.009405643679201603, -1.8528285026550293]}