{"camera_uuid": "4162", "obliqueness_angle": 1.3604304790496826, "nonfixated_points_in_view": [], "camera_rotation_original": [1.5707963705062866, -0.12793907523155212, 2.1980834007263184], "point_location": [1.6843894720077515, 1.1254421472549438, -1.4068831205368042], "skybox_img_path": "./img/high/4162_skybox4.jpg", "resolution": 512, "camera_distance": 0.7640823089995191, "view_id": 30, "point_pitch": -0.39949719508620696, "camera_rotation_from_original_to_final": [0.19860263168811798, -0.27662673592567444, -0.5428503751754761], "camera_location": [2.4003660678863525, 1.206966757774353, -1.1528102159500122], "point_normal": [-0.13031253218650818, 0.011851518414914608, 0.9914022088050842], "camera_rotation_final_quaternion": [0.5057640671730042, 0.4100310206413269, 0.4069575369358063, 0.6406737565994263], "skybox_img": 4, "point_uuid": "111", "field_of_view_rads": 1.7804764599127723, "camera_rotation_final": [1.2295175790786743, -0.11398995667695999, 1.7245498895645142]}