{"camera_uuid": "6150", "obliqueness_angle": 0.5885173678398132, "nonfixated_points_in_view": [], "camera_rotation_original": [1.5707963705062866, -0.0745793879032135, -1.8002656698226929], "point_location": [3.4670467376708984, 1.0758438110351562, -0.6993377804756165], "skybox_img_path": "./img/high/6150_skybox4.jpg", "resolution": 512, "camera_distance": 0.7098386441441167, "view_id": 24, "point_pitch": 0.19314463535812898, "camera_rotation_from_original_to_final": [-0.011945109814405441, -0.14170627295970917, 0.7867480516433716], "camera_location": [2.869701623916626, 0.7055158615112305, -0.7988713383674622], "point_normal": [-0.728654682636261, -0.24732623994350433, -0.6386642456054688], "camera_rotation_final_quaternion": [0.5812533497810364, 0.6496292948722839, -0.3848270773887634, -0.30337175726890564], "skybox_img": 4, "point_uuid": "78", "field_of_view_rads": 0.5256461677815203, "camera_rotation_final": [1.7116810083389282, -0.05323084443807602, -1.0233778953552246]}