{"camera_uuid": "9399", "obliqueness_angle": 0.8562890291213989, "nonfixated_points_in_view": [90], "camera_rotation_original": [1.5707963705062866, 0.015995196998119354, 2.3740363121032715], "point_location": [4.301836967468262, 1.017685055732727, -0.9298179745674133], "skybox_img_path": "./img/high/9399_skybox4.jpg", "resolution": 512, "camera_distance": 0.8174577949796377, "view_id": 41, "point_pitch": 0.3174070874836783, "camera_rotation_from_original_to_final": [-0.23502127826213837, 0.22043195366859436, 0.18624791502952576], "camera_location": [4.710781574249268, 1.6768901348114014, -1.187597393989563], "point_normal": [0.8697540760040283, 0.39081519842147827, 0.30131638050079346], "camera_rotation_final_quaternion": [0.16498319804668427, 0.21584108471870422, 0.7817187309265137, 0.5613457560539246], "skybox_img": 4, "point_uuid": "143", "field_of_view_rads": 1.689463874588242, "camera_rotation_final": [1.8916549682617188, 0.015618594363331795, 2.591527223587036]}