{"camera_uuid": "9278", "obliqueness_angle": 1.3477329015731812, "nonfixated_points_in_view": [62], "camera_rotation_original": [1.5707963705062866, 0.13426491618156433, -1.5500950813293457], "point_location": [2.4280853271484375, -0.49214041233062744, -0.8174121379852295], "skybox_img_path": "./img/high/9278_skybox4.jpg", "resolution": 512, "camera_distance": 0.7013643608510329, "view_id": 19, "point_pitch": 0.06943138042954011, "camera_rotation_from_original_to_final": [-0.016779255121946335, -0.0044458163902163506, -0.5097159147262573], "camera_location": [1.808929681777954, -0.16267114877700806, -0.8202860355377197], "point_normal": [-0.53856360912323, -0.546765923500061, -0.641089916229248], "camera_rotation_final_quaternion": [0.32722800970077515, 0.39983877539634705, -0.5849596261978149, -0.6251984238624573], "skybox_img": 4, "point_uuid": "141", "field_of_view_rads": 1.384811670309553, "camera_rotation_final": [1.5749223232269287, 0.11739625781774521, -2.059330463409424]}