{"camera_uuid": "13117", "obliqueness_angle": 1.3822779655456543, "nonfixated_points_in_view": [], "camera_rotation_original": [1.5707963705062866, 0.09784822165966034, 2.468470335006714], "point_location": [5.518570899963379, 1.8022818565368652, -0.9034366607666016], "skybox_img_path": "./img/high/13117_skybox4.jpg", "resolution": 512, "camera_distance": 0.9516122061176194, "view_id": 49, "point_pitch": -0.47862855990859465, "camera_rotation_from_original_to_final": [0.4271480441093445, -0.318371057510376, -0.5604133605957031], "camera_location": [6.274059772491455, 2.1276800632476807, -0.424982488155365], "point_normal": [-0.3810344636440277, 0.07813670486211777, 0.9212532639503479], "camera_rotation_final_quaternion": [0.5111457705497742, 0.25354188680648804, 0.4293311536312103, 0.7000865936279297], "skybox_img": 4, "point_uuid": "103", "field_of_view_rads": 1.3499468538769375, "camera_rotation_final": [1.0419223308563232, 0.08399777114391327, 1.9285035133361816]}