{"camera_uuid": "2541", "obliqueness_angle": 1.5002071857452393, "nonfixated_points_in_view": [], "camera_rotation_original": [1.5707963705062866, -0.14912690222263336, -1.818563461303711], "point_location": [3.4670467376708984, 1.0758438110351562, -0.6993377804756165], "skybox_img_path": "./img/high/2541_skybox4.jpg", "resolution": 512, "camera_distance": 0.9416184285173972, "view_id": 67, "point_pitch": -0.566290064654078, "camera_rotation_from_original_to_final": [0.12421905249357224, 0.5331601500511169, -0.14407879114151], "camera_location": [2.736321210861206, 1.4134025573730469, -0.21072795987129211], "point_normal": [-0.6784085035324097, -0.30312207341194153, -0.6692376136779785], "camera_rotation_final_quaternion": [0.5315448641777039, 0.227378249168396, -0.43456530570983887, -0.6905882954597473], "skybox_img": 4, "point_uuid": "78", "field_of_view_rads": 1.494443233462961, "camera_rotation_final": [1.0184606313705444, -0.14847736060619354, -1.9126206636428833]}