{"camera_uuid": "7529", "obliqueness_angle": 0.904440701007843, "nonfixated_points_in_view": [124], "camera_rotation_original": [1.5707963705062866, 0.023427989333868027, 1.444040298461914], "point_location": [-0.11395721882581711, -0.04560520127415657, -1.4123445749282837], "skybox_img_path": "./img/high/7529_skybox4.jpg", "resolution": 512, "camera_distance": 0.971009288683993, "view_id": 10, "point_pitch": -0.6849571903559823, "camera_rotation_from_original_to_final": [-0.10133752226829529, -0.6650140285491943, 0.6526854038238525], "camera_location": [0.5562920570373535, 0.3130491077899933, -0.808198869228363], "point_normal": [0.004181658383458853, -0.01849798485636711, 0.9998201131820679], "camera_rotation_final_quaternion": [0.47231391072273254, 0.2187482714653015, 0.375576376914978, 0.7668188214302063], "skybox_img": 4, "point_uuid": "192", "field_of_view_rads": 0.7352830670651015, "camera_rotation_final": [0.8991199731826782, 0.01930049993097782, 2.0467910766601562]}