{"camera_uuid": "0801", "obliqueness_angle": 1.5180270671844482, "nonfixated_points_in_view": [22], "camera_rotation_original": [1.5707963705062866, 0.0567198246717453, -0.5733799934387207], "point_location": [2.6776621341705322, 3.1887404918670654, -1.4092918634414673], "skybox_img_path": "./img/high/0801_skybox4.jpg", "resolution": 512, "camera_distance": 0.8651903347922959, "view_id": 3, "point_pitch": -0.35235457023116545, "camera_rotation_from_original_to_final": [-0.3374810814857483, 0.19893279671669006, -0.7412455677986145], "camera_location": [1.9102972745895386, 2.9613993167877197, -1.0806256532669067], "point_normal": [0.23367324471473694, -0.9722421765327454, 0.01191556267440319], "camera_rotation_final_quaternion": [0.6539872288703918, 0.4536897838115692, -0.3228420317173004, -0.5120930671691895], "skybox_img": 4, "point_uuid": "7", "field_of_view_rads": 1.0386947080855735, "camera_rotation_final": [1.1807632446289062, 0.042406365275382996, -1.3001983165740967]}