{"camera_uuid": "16208", "obliqueness_angle": 1.280200719833374, "nonfixated_points_in_view": [], "camera_rotation_original": [1.5707963705062866, -0.1560220718383789, -0.3191763162612915], "point_location": [6.481565952301025, 0.8570258617401123, -1.4156475067138672], "skybox_img_path": "./img/high/16208_skybox4.jpg", "resolution": 512, "camera_distance": 0.8924161951417298, "view_id": 15, "point_pitch": -0.24388615687819915, "camera_rotation_from_original_to_final": [-0.27328526973724365, 0.08964250981807709, 0.24825385212898254], "camera_location": [6.431535720825195, 0.0026413730811327696, -1.1628021001815796], "point_normal": [-0.010680751875042915, -0.002730970038101077, 0.9999393224716187], "camera_rotation_final_quaternion": [0.8000998497009277, 0.5951941609382629, -0.06387954205274582, 0.03877599537372589], "skybox_img": 4, "point_uuid": "134", "field_of_view_rads": 2.081073338083007, "camera_rotation_final": [1.280226707458496, -0.1489284336566925, -0.014149213209748268]}