{"camera_uuid": "1962", "obliqueness_angle": 0.39417991042137146, "nonfixated_points_in_view": [], "camera_rotation_original": [1.5707963705062866, -0.10237789899110794, 0.6719257831573486], "point_location": [1.904913306236267, 3.043900966644287, -1.3826780319213867], "skybox_img_path": "./img/high/1962_skybox4.jpg", "resolution": 512, "camera_distance": 0.9766223870034576, "view_id": 0, "point_pitch": -0.41896764834853606, "camera_rotation_from_original_to_final": [-0.2982119023799896, -0.2247755378484726, -0.46873295307159424], "camera_location": [2.0589346885681152, 2.1469874382019043, -1.0282561779022217], "point_normal": [-0.06379000097513199, -0.9967313408851624, 0.04957450553774834], "camera_rotation_final_quaternion": [0.8180845975875854, 0.5640358328819275, 0.02026529796421528, 0.11041034013032913], "skybox_img": 4, "point_uuid": "74", "field_of_view_rads": 2.078591559549699, "camera_rotation_final": [1.1977746486663818, -0.09152103215456009, 0.20581600069999695]}