{"camera_uuid": "2194", "obliqueness_angle": 0.7937250137329102, "nonfixated_points_in_view": [], "camera_rotation_original": [1.5707963705062866, -0.12458090484142303, 0.9601542353630066], "point_location": [1.5920188426971436, 2.1285598278045654, -1.4049173593521118], "skybox_img_path": "./img/high/2194_skybox4.jpg", "resolution": 512, "camera_distance": 0.7381575659937226, "view_id": 36, "point_pitch": -0.3775499304148813, "camera_rotation_from_original_to_final": [-0.26194173097610474, -0.34938836097717285, 0.48613452911376953], "camera_location": [2.2522385120391846, 2.015054941177368, -1.0949121713638306], "point_normal": [0.3241092562675476, -0.10795459151268005, 0.9398399591445923], "camera_rotation_final_quaternion": [0.6102414131164551, 0.43206095695495605, 0.32146167755126953, 0.5810259580612183], "skybox_img": 4, "point_uuid": "107", "field_of_view_rads": 0.9476384761560841, "camera_rotation_final": [1.1345688104629517, -0.10996022075414658, 1.451654314994812]}