{"camera_uuid": "4463", "obliqueness_angle": 1.101117730140686, "nonfixated_points_in_view": [], "camera_rotation_original": [-1.570796251296997, -3.0146422386169434, -0.04378857836127281], "point_location": [3.2907848358154297, 0.7151510119438171, -0.953556478023529], "skybox_img_path": "./img/high/4463_skybox4.jpg", "resolution": 512, "camera_distance": 0.8015424090775419, "view_id": 8, "point_pitch": 0.012075022855077222, "camera_rotation_from_original_to_final": [0.03285567834973335, -0.009793775156140327, 0.36372244358062744], "camera_location": [3.0386080741882324, 1.4755239486694336, -0.9269089102745056], "point_normal": [-0.31622445583343506, 0.4023386836051941, -0.8591424822807312], "camera_rotation_final_quaternion": [0.1564464420080185, 0.06997477263212204, -0.691723108291626, -0.7015320062637329], "skybox_img": 4, "point_uuid": "195", "field_of_view_rads": 0.7376648996792496, "camera_rotation_final": [-1.6042828559875488, -3.023059129714966, 0.32419508695602417]}