{"camera_uuid": "5846", "obliqueness_angle": 1.24558424949646, "nonfixated_points_in_view": [88, 120, 77], "camera_rotation_original": [1.5707963705062866, 0.03549019619822502, 1.5876312255859375], "point_location": [-0.4054321348667145, 1.2653040885925293, -0.6841932535171509], "skybox_img_path": "./img/high/5846_skybox4.jpg", "resolution": 512, "camera_distance": 0.6426881403213608, "view_id": 0, "point_pitch": -0.29031912883254485, "camera_rotation_from_original_to_final": [0.003834913484752178, -0.28493764996528625, 0.15602940320968628], "camera_location": [0.2020707130432129, 1.3718211650848389, -0.5035209655761719], "point_normal": [0.040700461715459824, 0.0009101604809984565, 0.9991709589958191], "camera_rotation_final_quaternion": [0.5258740186691284, 0.37713104486465454, 0.46606045961380005, 0.6033377051353455], "skybox_img": 4, "point_uuid": "104", "field_of_view_rads": 2.078591559549699, "camera_rotation_final": [1.2856550216674805, 0.03511062636971474, 1.7340785264968872]}