{"camera_uuid": "13283", "obliqueness_angle": 0.8693757653236389, "nonfixated_points_in_view": [33], "camera_rotation_original": [1.5707963705062866, -0.08455725759267807, 0.4697379767894745], "point_location": [5.892533779144287, 2.487980365753174, -1.4214177131652832], "skybox_img_path": "./img/high/13283_skybox4.jpg", "resolution": 512, "camera_distance": 0.5776586512305985, "view_id": 0, "point_pitch": -0.43108503421279387, "camera_rotation_from_original_to_final": [-0.36736389994621277, -0.18542280793190002, -0.239750474691391], "camera_location": [5.994895935058594, 1.9680804014205933, -1.191383957862854], "point_normal": [0.39446601271629333, -0.8215044736862183, -0.41173672676086426], "camera_rotation_final_quaternion": [0.8277126550674438, 0.5477823615074158, 0.028736166656017303, 0.11832369118928909], "skybox_img": 4, "point_uuid": "138", "field_of_view_rads": 1.8083336999188173, "camera_rotation_final": [1.1597540378570557, -0.0821530669927597, 0.23015430569648743]}