{"camera_uuid": "2757", "obliqueness_angle": 1.2631570100784302, "nonfixated_points_in_view": [], "camera_rotation_original": [1.5707963705062866, -0.08197984099388123, -1.5802245140075684], "point_location": [3.4670467376708984, 1.0758438110351562, -0.6993377804756165], "skybox_img_path": "./img/high/2757_skybox4.jpg", "resolution": 512, "camera_distance": 0.8228134824186794, "view_id": 71, "point_pitch": -0.0564330061289926, "camera_rotation_from_original_to_final": [0.020245876163244247, 0.0022877503652125597, -0.7189817428588867], "camera_location": [2.8530361652374268, 1.6235744953155518, -0.6972983479499817], "point_normal": [-0.6784085035324097, -0.30312207341194153, -0.6692376136779785], "camera_rotation_final_quaternion": [0.3092684745788574, 0.2687068283557892, -0.653113603591919, -0.636861264705658], "skybox_img": 4, "point_uuid": "78", "field_of_view_rads": 0.9342833371495716, "camera_rotation_final": [1.5683131217956543, -0.061756234616041183, -2.29905104637146]}