{"camera_uuid": "12346", "obliqueness_angle": 0.9053590893745422, "nonfixated_points_in_view": [], "camera_rotation_original": [1.5707963705062866, 0.03822463005781174, -1.8791016340255737], "point_location": [0.580907940864563, -0.050188999623060226, -1.4085019826889038], "skybox_img_path": "./img/high/12346_skybox4.jpg", "resolution": 512, "camera_distance": 0.8056483111142234, "view_id": 41, "point_pitch": -0.6615974148127695, "camera_rotation_from_original_to_final": [0.2236301600933075, 0.6049936413764954, 0.6781985759735107], "camera_location": [-0.036317095160484314, -0.24135246872901917, -0.9272962212562561], "point_normal": [-0.16356271505355835, 0.2954562306404114, 0.941250741481781], "camera_rotation_final_quaternion": [0.7086686491966248, 0.36641621589660645, -0.2590252757072449, -0.5444573163986206], "skybox_img": 4, "point_uuid": "57", "field_of_view_rads": 2.0028936213055424, "camera_rotation_final": [0.9302997589111328, 0.03187519311904907, -1.2941999435424805]}