{"camera_uuid": "11881", "obliqueness_angle": 1.205824851989746, "nonfixated_points_in_view": [], "camera_rotation_original": [1.5707963705062866, 0.03166356682777405, 1.6591418981552124], "point_location": [5.518570899963379, 1.8022818565368652, -0.9034366607666016], "skybox_img_path": "./img/high/11881_skybox4.jpg", "resolution": 512, "camera_distance": 0.9221125535070679, "view_id": 80, "point_pitch": -0.7246591289851327, "camera_rotation_from_original_to_final": [0.0677049458026886, -0.7139825820922852, 0.24290645122528076], "camera_location": [6.169347286224365, 2.047171115875244, -0.29778748750686646], "point_normal": [-0.3810344636440277, 0.07813670486211777, 0.9212532639503479], "camera_rotation_final_quaternion": [0.5331366658210754, 0.22876852750778198, 0.3453432023525238, 0.7376776933670044], "skybox_img": 4, "point_uuid": "103", "field_of_view_rads": 1.6097076868571798, "camera_rotation_final": [0.8538098335266113, 0.030720196664333344, 1.9039393663406372]}