{"camera_uuid": "14206", "obliqueness_angle": 1.0442160367965698, "nonfixated_points_in_view": [], "camera_rotation_original": [1.5707963705062866, -0.0419536828994751, -1.8720479011535645], "point_location": [6.481565952301025, 0.8570258617401123, -1.4156475067138672], "skybox_img_path": "./img/high/14206_skybox4.jpg", "resolution": 512, "camera_distance": 0.7472916518293694, "view_id": 6, "point_pitch": -0.5534826954219003, "camera_rotation_from_original_to_final": [0.1764267086982727, 0.4961503744125366, -0.7430146932601929], "camera_location": [6.180708885192871, 1.4298200607299805, -1.0417001247406006], "point_normal": [-0.010680751875042915, -0.002730970038101077, 0.9999393224716187], "camera_rotation_final_quaternion": [0.22203610837459564, 0.11121275275945663, -0.4872679114341736, -0.8371986746788025], "skybox_img": 4, "point_uuid": "134", "field_of_view_rads": 0.9476384761560841, "camera_rotation_final": [1.0464684963226318, -0.030172383412718773, -2.6405091285705566]}