{"camera_uuid": "1544", "obliqueness_angle": 1.3617521524429321, "nonfixated_points_in_view": [30], "camera_rotation_original": [1.5707963705062866, -0.121261365711689, -1.3386164903640747], "point_location": [2.155930757522583, 2.4535746574401855, -1.421875], "skybox_img_path": "./img/high/1544_skybox4.jpg", "resolution": 512, "camera_distance": 0.7688077152037753, "view_id": 14, "point_pitch": -0.25896935065719084, "camera_rotation_from_original_to_final": [-0.05241174250841141, 0.22102925181388855, -0.2863765358924866], "camera_location": [1.4077296257019043, 2.489738702774048, -1.2488069534301758], "point_normal": [0.01849367655813694, 0.009777815081179142, 0.9997811913490295], "camera_rotation_final_quaternion": [0.5730488300323486, 0.40145963430404663, -0.47568264603614807, -0.5330771207809448], "skybox_img": 4, "point_uuid": "168", "field_of_view_rads": 2.1797545326211765, "camera_rotation_final": [1.3421354293823242, -0.11743061244487762, -1.5918331146240234]}