{"camera_uuid": "8160", "obliqueness_angle": 1.2955762147903442, "nonfixated_points_in_view": [], "camera_rotation_original": [1.5707963705062866, 0.036901168525218964, -0.5879563689231873], "point_location": [0.7851385474205017, 1.2789015769958496, -1.4171496629714966], "skybox_img_path": "./img/high/8160_skybox4.jpg", "resolution": 512, "camera_distance": 0.8377452001105267, "view_id": 18, "point_pitch": -0.31370143493148284, "camera_rotation_from_original_to_final": [-0.24994130432605743, 0.15993204712867737, 0.4915129840373993], "camera_location": [0.7236813306808472, 0.479902982711792, -1.1729340553283691], "point_normal": [0.04163115471601486, 0.017202280461788177, 0.9989850521087646], "camera_rotation_final_quaternion": [0.8023620843887329, 0.5950454473495483, -0.01277544628828764, -0.04441610351204872], "skybox_img": 4, "point_uuid": "187", "field_of_view_rads": 2.173302890718354, "camera_rotation_final": [1.274825930595398, 0.032363779842853546, -0.08663317561149597]}