{"camera_uuid": "8629", "obliqueness_angle": 1.4181755781173706, "nonfixated_points_in_view": [120, 44], "camera_rotation_original": [1.5707963705062866, -0.0448603630065918, 0.7045544385910034], "point_location": [-0.5440130829811096, 1.3457797765731812, -0.7867993712425232], "skybox_img_path": "./img/high/8629_skybox4.jpg", "resolution": 512, "camera_distance": 0.8645435873723587, "view_id": 0, "point_pitch": 0.19557698170212312, "camera_rotation_from_original_to_final": [0.14390553534030914, 0.1211225688457489, 0.18667477369308472], "camera_location": [0.11195751279592514, 0.8062626123428345, -0.9482287168502808], "point_normal": [-0.13791655004024506, -0.11702719330787659, -0.9835058450698853], "camera_rotation_final_quaternion": [0.5703296065330505, 0.7037450075149536, 0.3132154941558838, 0.28524231910705566], "skybox_img": 4, "point_uuid": "69", "field_of_view_rads": 2.078591559549699, "camera_rotation_final": [1.758806586265564, -0.04421798139810562, 0.874092698097229]}