{"camera_uuid": "12581", "obliqueness_angle": 1.132313847541809, "nonfixated_points_in_view": [], "camera_rotation_original": [1.5707963705062866, 0.004936344921588898, -0.3299230933189392], "point_location": [6.416158676147461, 2.537578821182251, -1.2911784648895264], "skybox_img_path": "./img/high/12581_skybox4.jpg", "resolution": 512, "camera_distance": 0.8988100772058677, "view_id": 24, "point_pitch": -0.4564673145625253, "camera_rotation_from_original_to_final": [-0.4374212920665741, 0.1438475400209427, -0.572218656539917], "camera_location": [5.800193786621094, 2.018097162246704, -0.8929503560066223], "point_normal": [-0.00751654664054513, 0.040270037949085236, 0.9991605877876282], "camera_rotation_final_quaternion": [0.7694457769393921, 0.479061484336853, -0.22129030525684357, -0.35983872413635254], "skybox_img": 4, "point_uuid": "148", "field_of_view_rads": 2.173302890718354, "camera_rotation_final": [1.1117812395095825, 0.004227977246046066, -0.8722578883171082]}