{"camera_uuid": "6100", "obliqueness_angle": 0.567025363445282, "nonfixated_points_in_view": [], "camera_rotation_original": [1.5707963705062866, 0.05723061412572861, 2.117079734802246], "point_location": [-0.30368760228157043, 1.3439174890518188, -0.7665223479270935], "skybox_img_path": "./img/high/6100_skybox4.jpg", "resolution": 512, "camera_distance": 0.8714483201285668, "view_id": 87, "point_pitch": 0.6155688325550894, "camera_rotation_from_original_to_final": [-0.3276388347148895, 0.4892456531524658, -0.7397903800010681], "camera_location": [0.4201686382293701, 1.2635937929153442, -1.245064377784729], "point_normal": [0.9422652125358582, 0.29410141706466675, -0.16012726724147797], "camera_rotation_final_quaternion": [0.36241474747657776, 0.6391981840133667, 0.6049734354019165, 0.30673834681510925], "skybox_img": 4, "point_uuid": "180", "field_of_view_rads": 1.6097076868571798, "camera_rotation_final": [2.15283203125, 0.04638602212071419, 1.4907875061035156]}