{"camera_uuid": "9552", "obliqueness_angle": 0.9490634799003601, "nonfixated_points_in_view": [], "camera_rotation_original": [1.5707963705062866, 0.02211904339492321, -1.7159347534179688], "point_location": [4.896637916564941, 0.275483638048172, -1.4008036851882935], "skybox_img_path": "./img/high/9552_skybox4.jpg", "resolution": 512, "camera_distance": 0.9819569046690735, "view_id": 18, "point_pitch": -0.21911756595107512, "camera_rotation_from_original_to_final": [0.032986488193273544, 0.21960635483264923, -0.1259995400905609], "camera_location": [3.974708080291748, 0.535341739654541, -1.1845664978027344], "point_normal": [-0.7319196462631226, 0.15615351498126984, -0.6632569432258606], "camera_rotation_final_quaternion": [0.46445432305336, 0.38247740268707275, -0.4935644567012787, -0.6280026435852051], "skybox_img": 4, "point_uuid": "93", "field_of_view_rads": 1.9554518605800617, "camera_rotation_final": [1.3487119674682617, 0.021919116377830505, -1.8504811525344849]}