{"camera_uuid": "4375", "obliqueness_angle": 1.4670186042785645, "nonfixated_points_in_view": [], "camera_rotation_original": [1.5707963705062866, 0.028021343052387238, 2.614346981048584], "point_location": [0.9227169156074524, 0.6807072758674622, -1.4383314847946167], "skybox_img_path": "./img/high/4375_skybox4.jpg", "resolution": 512, "camera_distance": 0.9381463266695848, "view_id": 8, "point_pitch": -0.6445154388758798, "camera_rotation_from_original_to_final": [0.5690054297447205, -0.3096502125263214, 0.09648748487234116], "camera_location": [1.1719181537628174, 1.391018271446228, -0.8784425854682922], "point_normal": [0.9748377203941345, -0.22190459072589874, 0.021208828315138817], "camera_rotation_final_quaternion": [0.1651717722415924, 0.06776132434606552, 0.4438544511795044, 0.8781343102455139], "skybox_img": 4, "point_uuid": "59", "field_of_view_rads": 1.6816280418618088, "camera_rotation_final": [0.9310013651847839, 0.02762087993323803, 2.7836244106292725]}