{"camera_uuid": "11661", "obliqueness_angle": 1.1871404647827148, "nonfixated_points_in_view": [], "camera_rotation_original": [1.5707963705062866, 0.17243270576000214, 0.0013995460467413068], "point_location": [1.46160089969635, 0.19978925585746765, -1.450141191482544], "skybox_img_path": "./img/high/11661_skybox4.jpg", "resolution": 512, "camera_distance": 0.7679862230938406, "view_id": 29, "point_pitch": -0.2665240009638925, "camera_rotation_from_original_to_final": [-0.35406145453453064, -0.015800470486283302, -0.5014145374298096], "camera_location": [1.1126065254211426, -0.43038177490234375, -1.1838890314102173], "point_normal": [-0.5807929635047913, 0.19898450374603271, 0.7893571853637695], "camera_rotation_final_quaternion": [0.7760506272315979, 0.562825620174408, -0.0994131937623024, -0.26662659645080566], "skybox_img": 4, "point_uuid": "100", "field_of_view_rads": 2.0062308946333633, "camera_rotation_final": [1.2127609252929688, 0.14635108411312103, -0.5602724552154541]}