{"camera_uuid": "7847", "obliqueness_angle": 0.7621760964393616, "nonfixated_points_in_view": [], "camera_rotation_original": [1.5707963705062866, 0.12806476652622223, -2.3644790649414062], "point_location": [2.745572328567505, -0.016294807195663452, -0.9296797513961792], "skybox_img_path": "./img/high/7847_skybox4.jpg", "resolution": 512, "camera_distance": 0.8394738976329013, "view_id": 67, "point_pitch": 0.4162450591709952, "camera_rotation_from_original_to_final": [-0.2567196488380432, -0.20349527895450592, -0.7921475172042847], "camera_location": [2.7743289470672607, 0.7788007259368896, -1.1974717378616333], "point_normal": [-0.5854119062423706, 0.6019739508628845, -0.5430656671524048], "camera_rotation_final_quaternion": [-0.03855712711811066, 0.02433667704463005, -0.8117313385009766, -0.5822485089302063], "skybox_img": 4, "point_uuid": "102", "field_of_view_rads": 0.8384684589002184, "camera_rotation_final": [1.8968712091445923, 0.09106184542179108, -3.147005081176758]}