{"camera_uuid": "12482", "obliqueness_angle": 1.2925281524658203, "nonfixated_points_in_view": [19], "camera_rotation_original": [1.5707963705062866, -0.07545547932386398, -2.8072361946105957], "point_location": [5.022676944732666, -0.4345104992389679, -1.360304355621338], "skybox_img_path": "./img/high/12482_skybox4.jpg", "resolution": 512, "camera_distance": 0.8322649981607163, "view_id": 9, "point_pitch": -0.23913113673659758, "camera_rotation_from_original_to_final": [0.2023882418870926, 0.06679210811853409, -0.3556574583053589], "camera_location": [5.045273303985596, 0.37863889336586, -1.1843994855880737], "point_normal": [0.020464561879634857, 0.0647537112236023, 0.9976915121078491], "camera_rotation_final_quaternion": [0.017446467652916908, -0.031511157751083374, -0.6271592378616333, -0.7780578136444092], "skybox_img": 4, "point_uuid": "62", "field_of_view_rads": 1.1263039557204935, "camera_rotation_final": [1.3572876453399658, -0.07097801566123962, -3.1540005207061768]}