{"camera_uuid": "8009", "obliqueness_angle": 1.3702523708343506, "nonfixated_points_in_view": [], "camera_rotation_original": [1.5707963705062866, -0.04285817965865135, 2.7167012691497803], "point_location": [-0.11395721882581711, -0.04560520127415657, -1.4123445749282837], "skybox_img_path": "./img/high/8009_skybox4.jpg", "resolution": 512, "camera_distance": 0.9647708791220496, "view_id": 59, "point_pitch": -0.2031382759425302, "camera_rotation_from_original_to_final": [0.19905708730220795, -0.09142380952835083, 0.36004579067230225], "camera_location": [-0.06173032522201538, 0.8947179913520813, -1.2029465436935425], "point_normal": [0.004181658383458853, -0.01849798485636711, 0.9998201131820679], "camera_rotation_final_quaternion": [0.005725486669689417, 0.03011157177388668, 0.6249569058418274, 0.7800572514533997], "skybox_img": 4, "point_uuid": "192", "field_of_view_rads": 1.4743485341217646, "camera_rotation_final": [1.3518342971801758, -0.03983166813850403, 3.0949695110321045]}