{"camera_uuid": "2639", "obliqueness_angle": 1.1203633546829224, "nonfixated_points_in_view": [], "camera_rotation_original": [1.5707963705062866, -0.01009606197476387, 1.460961937904358], "point_location": [1.1355481147766113, 2.277404546737671, -1.37511146068573], "skybox_img_path": "./img/high/2639_skybox4.jpg", "resolution": 512, "camera_distance": 0.46613885076894396, "view_id": 14, "point_pitch": -0.6785542209956308, "camera_rotation_from_original_to_final": [-0.08565909415483475, -0.6699596643447876, -0.3786665201187134], "camera_location": [1.451657772064209, 2.0968456268310547, -1.0839781761169434], "point_normal": [-0.34670761227607727, -0.666063666343689, 0.6604189276695251], "camera_rotation_final_quaternion": [0.776768684387207, 0.37600278854370117, 0.2152675986289978, 0.4570690989494324], "skybox_img": 4, "point_uuid": "162", "field_of_view_rads": 0.6299741311869721, "camera_rotation_final": [0.896189272403717, -0.009292364120483398, 1.0592610836029053]}