{"camera_uuid": "3821", "obliqueness_angle": 0.759101390838623, "nonfixated_points_in_view": [], "camera_rotation_original": [1.5707963705062866, -0.10710643976926804, 1.4984649419784546], "point_location": [0.32991182804107666, 2.4133899211883545, -1.3794349431991577], "skybox_img_path": "./img/high/3821_skybox4.jpg", "resolution": 512, "camera_distance": 0.23994870312487887, "view_id": 32, "point_pitch": -0.24416498740645842, "camera_rotation_from_original_to_final": [-0.015271032229065895, -0.24960331618785858, 0.04363390430808067], "camera_location": [0.562286913394928, 2.4061806201934814, -1.3200613260269165], "point_normal": [0.7323230504989624, 0.6650322675704956, 0.14640741050243378], "camera_rotation_final_quaternion": [0.5358740091323853, 0.4632897973060608, 0.4020460546016693, 0.5801383852958679], "skybox_img": 4, "point_uuid": "151", "field_of_view_rads": 0.9196569054818151, "camera_rotation_final": [1.3192907571792603, -0.10685553401708603, 1.5671788454055786]}