{"camera_uuid": "9284", "obliqueness_angle": 1.0820164680480957, "nonfixated_points_in_view": [118], "camera_rotation_original": [1.5707963705062866, 0.02729538455605507, 2.5826048851013184], "point_location": [-0.11395721882581711, -0.04560520127415657, -1.4123445749282837], "skybox_img_path": "./img/high/9284_skybox4.jpg", "resolution": 512, "camera_distance": 0.8558476101211634, "view_id": 46, "point_pitch": -0.5027066906306406, "camera_rotation_from_original_to_final": [0.43432170152664185, -0.26123544573783875, -0.04366745799779892], "camera_location": [0.27405762672424316, 0.5962834358215332, -1.0001569986343384], "point_normal": [0.004181658383458853, -0.01849798485636711, 0.9998201131820679], "camera_rotation_final_quaternion": [0.24399906396865845, 0.12905313074588776, 0.49248215556144714, 0.8253914713859558], "skybox_img": 4, "point_uuid": "192", "field_of_view_rads": 0.9320269806742028, "camera_rotation_final": [1.0680969953536987, 0.027295049279928207, 2.5828745365142822]}