{"camera_uuid": "8886", "obliqueness_angle": 1.519283652305603, "nonfixated_points_in_view": [], "camera_rotation_original": [1.5707963705062866, -0.049528639763593674, 0.5090622901916504], "point_location": [-0.30368760228157043, 1.3439174890518188, -0.7665223479270935], "skybox_img_path": "./img/high/8886_skybox4.jpg", "resolution": 512, "camera_distance": 0.6828567885246948, "view_id": 68, "point_pitch": -0.1432531317088266, "camera_rotation_from_original_to_final": [-0.11970608681440353, -0.06664517521858215, -0.1274421513080597], "camera_location": [-0.054269108921289444, 0.7151128053665161, -0.673310399055481], "point_normal": [0.9422652125358582, 0.29410141706466675, -0.16012726724147797], "camera_rotation_final_quaternion": [0.7366908192634583, 0.6482587456703186, 0.10728120058774948, 0.1598060131072998], "skybox_img": 4, "point_uuid": "180", "field_of_view_rads": 1.1173938933188836, "camera_rotation_final": [1.433699607849121, -0.0491449199616909, 0.3843967318534851]}