{"camera_uuid": "14249", "obliqueness_angle": 1.1231532096862793, "nonfixated_points_in_view": [], "camera_rotation_original": [1.5707963705062866, -0.16365887224674225, -0.6696516871452332], "point_location": [6.233119487762451, 1.261824607849121, -1.3760061264038086], "skybox_img_path": "./img/high/14249_skybox4.jpg", "resolution": 512, "camera_distance": 0.9342886919967409, "view_id": 2, "point_pitch": -0.5796601017329355, "camera_rotation_from_original_to_final": [-0.40798506140708923, 0.2999943494796753, -0.6022036075592041], "camera_location": [5.466447830200195, 0.9728928208351135, -0.926975667476654], "point_normal": [-0.8669617772102356, 0.17648041248321533, -0.4660814702510834], "camera_rotation_final_quaternion": [0.7461135387420654, 0.3933309316635132, -0.3240135610103607, -0.4285097122192383], "skybox_img": 4, "point_uuid": "13", "field_of_view_rads": 1.0910236528484336, "camera_rotation_final": [1.063463807106018, -0.14693772792816162, -1.1291871070861816]}