{"camera_uuid": "3131", "obliqueness_angle": 0.965997040271759, "nonfixated_points_in_view": [], "camera_rotation_original": [1.5707963705062866, 0.11633403599262238, -2.6375861167907715], "point_location": [0.48665541410446167, 2.050424337387085, -1.4244725704193115], "skybox_img_path": "./img/high/3131_skybox4.jpg", "resolution": 512, "camera_distance": 0.807992905443979, "view_id": 12, "point_pitch": -0.679766102633204, "camera_rotation_from_original_to_final": [0.6446369886398315, 0.293086975812912, -0.029657872393727303], "camera_location": [0.2527969181537628, 2.6231465339660645, -0.9047110676765442], "point_normal": [-0.7508701086044312, -0.09726908802986145, 0.6532478928565979], "camera_rotation_final_quaternion": [0.10800794512033463, 0.1119261384010315, -0.4072286784648895, -0.8999842405319214], "skybox_img": 4, "point_uuid": "167", "field_of_view_rads": 1.9554518605800617, "camera_rotation_final": [0.8665518164634705, 0.11374074220657349, -2.850053071975708]}