{"camera_uuid": "1994", "obliqueness_angle": 0.6166988015174866, "nonfixated_points_in_view": [], "camera_rotation_original": [1.5707963705062866, 0.06915822625160217, -1.3949668407440186], "point_location": [2.295008659362793, 2.27626895904541, -1.3962150812149048], "skybox_img_path": "./img/high/1994_skybox4.jpg", "resolution": 512, "camera_distance": 0.4540034495774186, "view_id": 9, "point_pitch": -0.6181902130458017, "camera_rotation_from_original_to_final": [-0.10710214823484421, 0.6003098487854004, 0.127179816365242], "camera_location": [1.9439101219177246, 2.1517696380615234, -1.1366984844207764], "point_normal": [-0.9679071307182312, -0.2512916922569275, -0.0028668304439634085], "camera_rotation_final_quaternion": [0.701984167098999, 0.3888513147830963, -0.2509693205356598, -0.5413199663162231], "skybox_img": 4, "point_uuid": "18", "field_of_view_rads": 1.1263039557204935, "camera_rotation_final": [0.9606721997261047, 0.06868697702884674, -1.2779747247695923]}