{"camera_uuid": "11462", "obliqueness_angle": 1.1982388496398926, "nonfixated_points_in_view": [3, 92], "camera_rotation_original": [1.5707963705062866, 0.15191558003425598, -1.9382437467575073], "point_location": [5.577847957611084, 0.5073602795600891, -0.8285789489746094], "skybox_img_path": "./img/high/11462_skybox4.jpg", "resolution": 512, "camera_distance": 0.8452042171839406, "view_id": 5, "point_pitch": -0.4193588932368417, "camera_rotation_from_original_to_final": [0.17454369366168976, 0.39019784331321716, 0.026010120287537575], "camera_location": [4.860872745513916, 0.7878215909004211, -0.47978365421295166], "point_normal": [0.047805894166231155, -0.0227388683706522, 0.9985978007316589], "camera_rotation_final_quaternion": [0.414482444524765, 0.3416679799556732, -0.4206247627735138, -0.7311238646507263], "skybox_img": 4, "point_uuid": "11", "field_of_view_rads": 2.119048415795751, "camera_rotation_final": [1.1401511430740356, 0.15149889886379242, -2.012892484664917]}