{"camera_uuid": "7419", "obliqueness_angle": 0.8261133432388306, "nonfixated_points_in_view": [], "camera_rotation_original": [-1.570796251296997, 3.0437867641448975, -0.08023015409708023], "point_location": [2.9207348823547363, -0.5152132511138916, -0.5628843903541565], "skybox_img_path": "./img/high/7419_skybox4.jpg", "resolution": 512, "camera_distance": 0.984444396282485, "view_id": 30, "point_pitch": -0.6389078338954111, "camera_rotation_from_original_to_final": [0.5792813301086426, -0.04237055033445358, 0.6528497338294983], "camera_location": [2.4664437770843506, 0.17116442322731018, -0.0228510070592165], "point_normal": [-0.26315274834632874, 0.039460260421037674, 0.9639468193054199], "camera_rotation_final_quaternion": [-0.21291892230510712, -0.15856191515922546, 0.44785571098327637, 0.8537850379943848], "skybox_img": 4, "point_uuid": "152", "field_of_view_rads": 1.3001655876812834, "camera_rotation_final": [-2.1535587310791016, 3.061465263366699, 0.5319642424583435]}