{"camera_uuid": "5273", "obliqueness_angle": 0.30342409014701843, "nonfixated_points_in_view": [], "camera_rotation_original": [1.5707963705062866, 0.10678695142269135, -0.7166019678115845], "point_location": [0.48665541410446167, 2.050424337387085, -1.4244725704193115], "skybox_img_path": "./img/high/5273_skybox4.jpg", "resolution": 512, "camera_distance": 0.8237661773412939, "view_id": 24, "point_pitch": -0.4022309025141855, "camera_rotation_from_original_to_final": [-0.3593698740005493, 0.28998684883117676, -0.5767166018486023], "camera_location": [-0.21266694366931915, 1.8116534948349, -1.060429334640503], "point_normal": [-0.7508701086044312, -0.09726908802986145, 0.6532478928565979], "camera_rotation_final_quaternion": [0.6649686694145203, 0.4445277750492096, -0.2853635847568512, -0.5279955863952637], "skybox_img": 4, "point_uuid": "167", "field_of_view_rads": 1.1498058012590282, "camera_rotation_final": [1.1110484600067139, 0.09002327173948288, -1.2862591743469238]}