{"camera_uuid": "12615", "obliqueness_angle": 1.1791530847549438, "nonfixated_points_in_view": [38], "camera_rotation_original": [1.5707963705062866, 0.026484793052077293, -3.073909044265747], "point_location": [5.327018737792969, -0.6150552034378052, -1.3985912799835205], "skybox_img_path": "./img/high/12615_skybox4.jpg", "resolution": 512, "camera_distance": 0.9938778408160107, "view_id": 26, "point_pitch": -0.4005485018107553, "camera_rotation_from_original_to_final": [0.3897346556186676, 0.025669559836387634, 0.39783990383148193], "camera_location": [4.918621063232422, 0.20826321840286255, -1.020237922668457], "point_normal": [-0.004159807693213224, -0.0008233638945966959, 0.9999910593032837], "camera_rotation_final_quaternion": [0.17884725332260132, 0.13417735695838928, -0.5400504469871521, -0.8113911747932434], "skybox_img": 4, "point_uuid": "39", "field_of_view_rads": 1.6071546237233685, "camera_rotation_final": [1.1801362037658691, 0.024570047855377197, -2.6912360191345215]}