{"camera_uuid": "14817", "obliqueness_angle": 1.559655785560608, "nonfixated_points_in_view": [8], "camera_rotation_original": [1.5707963705062866, 0.00046282948460429907, 0.6998353004455566], "point_location": [5.4932861328125, 0.18884922564029694, -0.9166303277015686], "skybox_img_path": "./img/high/14817_skybox4.jpg", "resolution": 512, "camera_distance": 0.3151081885588209, "view_id": 56, "point_pitch": -0.5363260944697519, "camera_rotation_from_original_to_final": [-0.4267372786998749, -0.3352751135826111, 0.2547716200351715], "camera_location": [5.702291011810303, 0.016536319628357887, -0.7556384205818176], "point_normal": [-0.48851633071899414, 0.18398629128932953, 0.8529366254806519], "camera_rotation_final_quaternion": [0.7862345576286316, 0.44721749424934387, 0.2110486775636673, 0.3705269396305084], "skybox_img": 4, "point_uuid": "142", "field_of_view_rads": 2.1466993855908125, "camera_rotation_final": [1.0345532894134521, 0.0004552700265776366, 0.8810564279556274]}