{"camera_uuid": "12933", "obliqueness_angle": 1.3142738342285156, "nonfixated_points_in_view": [34, 127], "camera_rotation_original": [1.5707963705062866, 0.10633504390716553, -0.8253418803215027], "point_location": [0.14699065685272217, -0.1122998520731926, -1.4476916790008545], "skybox_img_path": "./img/high/12933_skybox4.jpg", "resolution": 512, "camera_distance": 0.5230775750404568, "view_id": 15, "point_pitch": -0.29915539821120696, "camera_rotation_from_original_to_final": [-0.2535242736339569, 0.2511279582977295, -0.5648866295814514], "camera_location": [-0.3326495587825775, -0.21495066583156586, -1.2659825086593628], "point_normal": [0.0340309739112854, 0.2575204074382782, 0.9656734466552734], "camera_rotation_final_quaternion": [0.6128117442131042, 0.4608570635318756, -0.3375181555747986, -0.5460348129272461], "skybox_img": 4, "point_uuid": "178", "field_of_view_rads": 1.9352794957620667, "camera_rotation_final": [1.2145187854766846, 0.08973824977874756, -1.3933004140853882]}