{"camera_uuid": "11420", "obliqueness_angle": 1.1296281814575195, "nonfixated_points_in_view": [118], "camera_rotation_original": [1.5707963705062866, -0.05035984888672829, 1.9093886613845825], "point_location": [0.2828949987888336, -0.2686469852924347, -1.422070026397705], "skybox_img_path": "./img/high/11420_skybox4.jpg", "resolution": 512, "camera_distance": 0.697544549669532, "view_id": 13, "point_pitch": -0.3940806825968881, "camera_rotation_from_original_to_final": [0.14195391535758972, -0.4040181338787079, 0.6690675616264343], "camera_location": [0.6050594449043274, 0.2785094380378723, -1.1332824230194092], "point_normal": [0.3668515384197235, -0.15571540594100952, 0.9171546697616577], "camera_rotation_final_quaternion": [0.20412702858448029, 0.15318770706653595, 0.5191633105278015, 0.8156808018684387], "skybox_img": 4, "point_uuid": "105", "field_of_view_rads": 0.6651429173367224, "camera_rotation_final": [1.143617868423462, -0.0379631370306015, 2.6267261505126953]}