{"camera_uuid": "5556", "obliqueness_angle": 1.0195732116699219, "nonfixated_points_in_view": [64], "camera_rotation_original": [1.5707963705062866, -0.014115751720964909, 0.9430776238441467], "point_location": [-0.30368760228157043, 1.3439174890518188, -0.7665223479270935], "skybox_img_path": "./img/high/5556_skybox4.jpg", "resolution": 512, "camera_distance": 0.9385291768547361, "view_id": 86, "point_pitch": -0.6535670002314706, "camera_rotation_from_original_to_final": [-0.42375338077545166, -0.519032895565033, 0.39457154273986816], "camera_location": [0.3945665955543518, 1.0904104709625244, -0.19292646646499634], "point_normal": [0.9422652125358582, 0.29410141706466675, -0.16012726724147797], "camera_rotation_final_quaternion": [0.730587899684906, 0.3632344901561737, 0.24995674192905426, 0.521367073059082], "skybox_img": 4, "point_uuid": "180", "field_of_view_rads": 0.8526318947095067, "camera_rotation_final": [0.913194477558136, -0.013526719994843006, 1.2329814434051514]}