{"camera_uuid": "4588", "obliqueness_angle": 1.469219446182251, "nonfixated_points_in_view": [], "camera_rotation_original": [1.5707963705062866, -0.14763152599334717, 2.232020378112793], "point_location": [-0.34234288334846497, 0.8369564414024353, -0.7921566963195801], "skybox_img_path": "./img/high/4588_skybox4.jpg", "resolution": 512, "camera_distance": 0.938835459157277, "view_id": 20, "point_pitch": -0.08314399322005706, "camera_rotation_from_original_to_final": [0.01346144825220108, -0.031228452920913696, -0.3509999215602875], "camera_location": [0.5510927438735962, 1.1237150430679321, -0.7612643837928772], "point_normal": [0.04777548089623451, 0.07583989202976227, 0.9959748387336731], "camera_rotation_final_quaternion": [0.38208478689193726, 0.4477853775024414, 0.532011091709137, 0.6086572408676147], "skybox_img": 4, "point_uuid": "121", "field_of_view_rads": 1.7927549318813307, "camera_rotation_final": [1.5375648736953735, -0.13899606466293335, 1.8859773874282837]}