{"camera_uuid": "11434", "obliqueness_angle": 1.5486992597579956, "nonfixated_points_in_view": [], "camera_rotation_original": [1.5707963705062866, -0.041767943650484085, -1.5998300313949585], "point_location": [2.4280853271484375, -0.49214041233062744, -0.8174121379852295], "skybox_img_path": "./img/high/11434_skybox4.jpg", "resolution": 512, "camera_distance": 0.5638884721791283, "view_id": 8, "point_pitch": -0.6013304432246347, "camera_rotation_from_original_to_final": [0.01113213412463665, 0.5976768732070923, -0.09482099115848541], "camera_location": [1.9658910036087036, -0.4317406415939331, -0.5000818967819214], "point_normal": [-0.53856360912323, -0.546765923500061, -0.641089916229248], "camera_rotation_final_quaternion": [0.5997041463851929, 0.2995067834854126, -0.3590528070926666, -0.649408757686615], "skybox_img": 4, "point_uuid": "141", "field_of_view_rads": 0.7352830670651015, "camera_rotation_final": [0.972491979598999, -0.04165830835700035, -1.6723600625991821]}