{"camera_uuid": "6619", "obliqueness_angle": 1.324662208557129, "nonfixated_points_in_view": [78], "camera_rotation_original": [1.5707963705062866, -0.10208767652511597, 2.7432162761688232], "point_location": [2.745572328567505, -0.016294807195663452, -0.9296797513961792], "skybox_img_path": "./img/high/6619_skybox4.jpg", "resolution": 512, "camera_distance": 0.6989544473550997, "view_id": 46, "point_pitch": -0.02156655391189055, "camera_rotation_from_original_to_final": [0.010492580011487007, -0.0049309516325592995, -0.09873031824827194], "camera_location": [3.078852891921997, 0.598030686378479, -0.9215834140777588], "point_normal": [-0.5854119062423706, 0.6019739508628845, -0.5430656671524048], "camera_rotation_final_quaternion": [0.13971088826656342, 0.2073109745979309, 0.6717368960380554, 0.6973324418067932], "skybox_img": 4, "point_uuid": "102", "field_of_view_rads": 1.4743485341217646, "camera_rotation_final": [1.559152603149414, -0.10160617530345917, 2.645695686340332]}