{"camera_uuid": "9484", "obliqueness_angle": 1.35699462890625, "nonfixated_points_in_view": [], "camera_rotation_original": [1.5707963705062866, -0.04788979887962341, 2.7024903297424316], "point_location": [3.9741721153259277, -0.9291063547134399, -0.6485407948493958], "skybox_img_path": "./img/high/9484_skybox4.jpg", "resolution": 512, "camera_distance": 0.9525416203070084, "view_id": 17, "point_pitch": -0.3257072409007211, "camera_rotation_from_original_to_final": [0.32183822989463806, -0.15687385201454163, 0.6707520484924316], "camera_location": [3.7457287311553955, -0.0662597268819809, -0.3159075379371643], "point_normal": [0.019443031400442123, 0.5589542388916016, -0.8289705514907837], "camera_rotation_final_quaternion": [-0.12174125760793686, -0.06264806538820267, 0.5669851899147034, 0.8122697472572327], "skybox_img": 4, "point_uuid": "189", "field_of_view_rads": 0.5256461677815203, "camera_rotation_final": [1.213827133178711, -0.036284688860177994, 3.413938522338867]}