{"camera_uuid": "13483", "obliqueness_angle": 1.2998181581497192, "nonfixated_points_in_view": [], "camera_rotation_original": [1.5707963705062866, 0.14734667539596558, 0.4007766544818878], "point_location": [4.301836967468262, 1.017685055732727, -0.9298179745674133], "skybox_img_path": "./img/high/13483_skybox4.jpg", "resolution": 512, "camera_distance": 0.9508919117831386, "view_id": 0, "point_pitch": 0.1295345584538321, "camera_rotation_from_original_to_final": [0.17394283413887024, 0.06355782598257065, 0.37812814116477966], "camera_location": [4.955320835113525, 0.34940001368522644, -1.1046018600463867], "point_normal": [0.8697540760040283, 0.39081519842147827, 0.30131638050079346], "camera_rotation_final_quaternion": [0.6068031191825867, 0.690658688545227, 0.3389628231525421, 0.1997116357088089], "skybox_img": 4, "point_uuid": "143", "field_of_view_rads": 0.5961933550608073, "camera_rotation_final": [1.7573989629745483, 0.13592034578323364, 0.7997778058052063]}