{"camera_uuid": "12388", "obliqueness_angle": 1.1026301383972168, "nonfixated_points_in_view": [], "camera_rotation_original": [1.5707963705062866, -0.0036284998059272766, -1.1521148681640625], "point_location": [2.4280853271484375, -0.49214041233062744, -0.8174121379852295], "skybox_img_path": "./img/high/12388_skybox4.jpg", "resolution": 512, "camera_distance": 0.9660275100111094, "view_id": 3, "point_pitch": -0.18692879279586272, "camera_rotation_from_original_to_final": [-0.0761028304696083, 0.1695736199617386, -0.3470366895198822], "camera_location": [1.4815659523010254, -0.566242516040802, -0.6390330791473389], "point_normal": [-0.53856360912323, -0.546765923500061, -0.641089916229248], "camera_rotation_final_quaternion": [0.5659560561180115, 0.46801602840423584, -0.43432116508483887, -0.5215552449226379], "skybox_img": 4, "point_uuid": "141", "field_of_view_rads": 1.48952952790217, "camera_rotation_final": [1.3850772380828857, -0.0034209340810775757, -1.4920239448547363]}