{"camera_uuid": "5806", "obliqueness_angle": 0.5620685815811157, "nonfixated_points_in_view": [78], "camera_rotation_original": [1.5707963705062866, -0.16647149622440338, 2.778048515319824], "point_location": [2.745572328567505, -0.016294807195663452, -0.9296797513961792], "skybox_img_path": "./img/high/5806_skybox4.jpg", "resolution": 512, "camera_distance": 0.9101312781252168, "view_id": 49, "point_pitch": 0.33068163792160554, "camera_rotation_from_original_to_final": [-0.2272263616323471, 0.058560729026794434, 0.6409801840782166], "camera_location": [2.4999372959136963, 0.8344696164131165, -1.1399232149124146], "point_normal": [-0.5854119062423706, 0.6019739508628845, -0.5430656671524048], "camera_rotation_final_quaternion": [-0.1297403872013092, -0.0550994873046875, 0.7826018929481506, 0.6063544750213623], "skybox_img": 4, "point_uuid": "102", "field_of_view_rads": 1.2336953516850653, "camera_rotation_final": [1.806140661239624, -0.136675626039505, 3.39001202583313]}