{"camera_uuid": "12614", "obliqueness_angle": 0.8056966066360474, "nonfixated_points_in_view": [], "camera_rotation_original": [1.5707963705062866, -0.1332179307937622, -0.7506620287895203], "point_location": [-0.1822434514760971, 0.2831597626209259, -1.431676983833313], "skybox_img_path": "./img/high/12614_skybox4.jpg", "resolution": 512, "camera_distance": 0.5397017841569288, "view_id": 23, "point_pitch": -0.6372038563105722, "camera_rotation_from_original_to_final": [-0.5533381700515747, 0.43426287174224854, 0.2317039966583252], "camera_location": [-0.3452582061290741, -0.10027968138456345, -1.0886341333389282], "point_normal": [0.12324375659227371, -0.9915743470191956, 0.03989033028483391], "camera_rotation_final_quaternion": [0.8974924683570862, 0.4103386700153351, -0.1175345852971077, -0.11097315698862076], "skybox_img": 4, "point_uuid": "188", "field_of_view_rads": 0.9322372163182677, "camera_rotation_final": [0.8759931921958923, -0.12018880248069763, -0.3023887872695923]}