{"camera_uuid": "2712", "obliqueness_angle": 1.0794501304626465, "nonfixated_points_in_view": [], "camera_rotation_original": [1.5707963705062866, -0.1364096850156784, 1.8828480243682861], "point_location": [0.7851385474205017, 1.2789015769958496, -1.4171496629714966], "skybox_img_path": "./img/high/2712_skybox4.jpg", "resolution": 512, "camera_distance": 0.7905973953584622, "view_id": 34, "point_pitch": -0.38931040366622405, "camera_rotation_from_original_to_final": [0.14492306113243103, -0.42648789286613464, 0.3928067982196808], "camera_location": [1.3126518726348877, 1.757449984550476, -1.0739800930023193], "point_normal": [0.04163115471601486, 0.017202280461788177, 0.9989850521087646], "camera_rotation_final_quaternion": [0.29023832082748413, 0.24761243164539337, 0.4708038866519928, 0.7954831719398499], "skybox_img": 4, "point_uuid": "187", "field_of_view_rads": 1.4743485341217646, "camera_rotation_final": [1.1182490587234497, -0.12094704061746597, 2.366157293319702]}