{"camera_uuid": "9804", "obliqueness_angle": 0.7186518907546997, "nonfixated_points_in_view": [45], "camera_rotation_original": [1.5707963705062866, -0.048742253333330154, -1.5430954694747925], "point_location": [5.615777015686035, 2.4743409156799316, -1.4249221086502075], "skybox_img_path": "./img/high/9804_skybox4.jpg", "resolution": 512, "camera_distance": 0.4220083332848442, "view_id": 2, "point_pitch": -0.25882260402175383, "camera_rotation_from_original_to_final": [-0.0015615324955433607, 0.28585076332092285, 0.5791395902633667], "camera_location": [5.283447265625, 2.243051528930664, -1.305954933166504], "point_normal": [-0.9627537131309509, -0.11571325361728668, -0.2443682849407196], "camera_rotation_final_quaternion": [0.7172653079032898, 0.5251394510269165, -0.28857409954071045, -0.35564589500427246], "skybox_img": 4, "point_uuid": "125", "field_of_view_rads": 1.6816280418618088, "camera_rotation_final": [1.2847745418548584, -0.040452033281326294, -0.9508920311927795]}