{"camera_uuid": "10847", "obliqueness_angle": 1.149993896484375, "nonfixated_points_in_view": [], "camera_rotation_original": [1.5707963705062866, 0.08066777884960175, 0.2552494406700134], "point_location": [4.301836967468262, 1.017685055732727, -0.9298179745674133], "skybox_img_path": "./img/high/10847_skybox4.jpg", "resolution": 512, "camera_distance": 0.8561890331084399, "view_id": 3, "point_pitch": -0.5095802982661386, "camera_rotation_from_original_to_final": [-0.5223023295402527, -0.12273643910884857, -0.26986777782440186], "camera_location": [4.268434047698975, 0.2819679081439972, -0.4931669533252716], "point_normal": [0.41032981872558594, 0.04652121290564537, 0.9107499122619629], "camera_rotation_final_quaternion": [0.8669660687446594, 0.49486398696899414, 0.010619505308568478, -0.05802302062511444], "skybox_img": 4, "point_uuid": "143", "field_of_view_rads": 1.957036885090066, "camera_rotation_final": [1.0339055061340332, 0.07591339945793152, -0.09048119932413101]}