{"camera_uuid": "6133", "obliqueness_angle": 1.4106831550598145, "nonfixated_points_in_view": [120], "camera_rotation_original": [1.5707963705062866, 0.01198752224445343, 2.399224281311035], "point_location": [-0.4054321348667145, 1.2653040885925293, -0.6841932535171509], "skybox_img_path": "./img/high/6133_skybox4.jpg", "resolution": 512, "camera_distance": 0.5834329950060897, "view_id": 65, "point_pitch": -0.14813308318587737, "camera_rotation_from_original_to_final": [0.1068456768989563, -0.09669728577136993, 0.34944507479667664], "camera_location": [-0.18709182739257812, 1.7998260259628296, -0.6004802584648132], "point_normal": [0.040700461715459824, 0.0009101604809984565, 0.9991709589958191], "camera_rotation_final_quaternion": [0.14990957081317902, 0.1224437952041626, 0.642857551574707, 0.7411267161369324], "skybox_img": 4, "point_uuid": "104", "field_of_view_rads": 1.3847446318031613, "camera_rotation_final": [1.4268068075180054, 0.011248495429754257, 2.7521684169769287]}