{"camera_uuid": "3051", "obliqueness_angle": 1.2100478410720825, "nonfixated_points_in_view": [], "camera_rotation_original": [1.5707963705062866, 0.10878799110651016, 2.699052095413208], "point_location": [2.7213988304138184, 0.7782269716262817, -1.3615648746490479], "skybox_img_path": "./img/high/3051_skybox4.jpg", "resolution": 512, "camera_distance": 0.9320979225600408, "view_id": 15, "point_pitch": -0.5454713543269296, "camera_rotation_from_original_to_final": [0.44118353724479675, -0.1884261816740036, 0.6624249219894409], "camera_location": [2.509003162384033, 1.5785062313079834, -0.9334904551506042], "point_normal": [0.6617732048034668, 0.7121241688728333, -0.2343832552433014], "camera_rotation_final_quaternion": [-0.06923724710941315, -0.09220775216817856, 0.5117305517196655, 0.8513728380203247], "skybox_img": 4, "point_uuid": "12", "field_of_view_rads": 0.9239011772765595, "camera_rotation_final": [1.091705322265625, 0.0862516239285469, 3.356294870376587]}