{"camera_uuid": "5198", "obliqueness_angle": 1.2471121549606323, "nonfixated_points_in_view": [], "camera_rotation_original": [1.5707963705062866, 0.04097265377640724, 0.46172213554382324], "point_location": [-0.4168107807636261, 2.6449878215789795, -1.3910259008407593], "skybox_img_path": "./img/high/5198_skybox4.jpg", "resolution": 512, "camera_distance": 0.42878507872401816, "view_id": 4, "point_pitch": -0.7091170986506601, "camera_rotation_from_original_to_final": [-0.6545687317848206, -0.2838602662086487, 0.2108364701271057], "camera_location": [-0.23776833713054657, 2.3718690872192383, -1.1131651401519775], "point_normal": [0.9920056462287903, 0.12320997565984726, -0.027280181646347046], "camera_rotation_final_quaternion": [0.8764597177505493, 0.3986176550388336, 0.1307462602853775, 0.23627890646457672], "skybox_img": 4, "point_uuid": "109", "field_of_view_rads": 1.7779022957772381, "camera_rotation_final": [0.8651062250137329, 0.040829118341207504, 0.5455002784729004]}