{"camera_uuid": "5595", "obliqueness_angle": 1.4396238327026367, "nonfixated_points_in_view": [49], "camera_rotation_original": [1.5707963705062866, -0.12058649957180023, -1.2765295505523682], "point_location": [3.365755796432495, 1.3757675886154175, -0.9474144577980042], "skybox_img_path": "./img/high/5595_skybox4.jpg", "resolution": 512, "camera_distance": 0.8575802224519249, "view_id": 3, "point_pitch": -0.18749467929336028, "camera_rotation_from_original_to_final": [-0.06292375177145004, 0.21887201070785522, 0.3188599646091461], "camera_location": [2.686044931411743, 0.8899623155593872, -0.7539455890655518], "point_normal": [-0.6433119773864746, 0.7428977489471436, 0.18507462739944458], "camera_rotation_final_quaternion": [0.7157317399978638, 0.535860538482666, -0.3163135349750519, -0.3170605003833771], "skybox_img": 4, "point_uuid": "9", "field_of_view_rads": 1.0386947080855735, "camera_rotation_final": [1.341746211051941, -0.11323268711566925, -0.9239203929901123]}