{"camera_uuid": "4782", "obliqueness_angle": 0.8343561887741089, "nonfixated_points_in_view": [6], "camera_rotation_original": [1.5707963705062866, 0.08908656239509583, -1.5212376117706299], "point_location": [3.3059499263763428, 1.507105827331543, -1.4197665452957153], "skybox_img_path": "./img/high/4782_skybox4.jpg", "resolution": 512, "camera_distance": 0.9937876841159676, "view_id": 23, "point_pitch": -0.7313527305934091, "camera_rotation_from_original_to_final": [-0.018171189352869987, 0.7052825689315796, 0.32000529766082764], "camera_location": [2.6045827865600586, 1.2228209972381592, -0.7756545543670654], "point_normal": [-0.034560561180114746, 0.0017010869923979044, 0.9994011521339417], "camera_rotation_final_quaternion": [0.7229958176612854, 0.36055463552474976, -0.2143155336380005, -0.5489501357078552], "skybox_img": 4, "point_uuid": "155", "field_of_view_rads": 1.6952755359089273, "camera_rotation_final": [0.862493097782135, 0.08606072515249252, -1.259198546409607]}