{"camera_uuid": "1324", "obliqueness_angle": 0.716947615146637, "nonfixated_points_in_view": [], "camera_rotation_original": [1.5707963705062866, -0.053964074701070786, 0.34154564142227173], "point_location": [2.950843095779419, 3.0527775287628174, -0.6373903751373291], "skybox_img_path": "./img/high/1324_skybox4.jpg", "resolution": 512, "camera_distance": 0.9131331446882984, "view_id": 0, "point_pitch": -0.25983790954085784, "camera_rotation_from_original_to_final": [-0.2152271270751953, -0.06265805661678314, -0.7339304089546204], "camera_location": [2.605973958969116, 2.231891632080078, -0.4348470866680145], "point_normal": [-0.1132572814822197, -0.8965836763381958, -0.42814773321151733], "camera_rotation_final_quaternion": [0.7692221999168396, 0.6088088750839233, -0.1358163058757782, -0.13857463002204895], "skybox_img": 4, "point_uuid": "42", "field_of_view_rads": 2.078591559549699, "camera_rotation_final": [1.3469403982162476, -0.04022575542330742, -0.3885729908943176]}