{"camera_uuid": "6064", "obliqueness_angle": 1.4045650959014893, "nonfixated_points_in_view": [], "camera_rotation_original": [1.5707963705062866, 0.10435787588357925, 1.3255822658538818], "point_location": [1.6843894720077515, 1.1254421472549438, -1.4068831205368042], "skybox_img_path": "./img/high/6064_skybox4.jpg", "resolution": 512, "camera_distance": 0.6242031411760579, "view_id": 25, "point_pitch": -0.29799215396377043, "camera_rotation_from_original_to_final": [-0.07863584160804749, -0.2861998677253723, 0.041069332510232925], "camera_location": [2.267643928527832, 0.9982162117958069, -1.2245171070098877], "point_normal": [-0.13031253218650818, 0.011851518414914608, 0.9914022088050842], "camera_rotation_final_quaternion": [0.6525744199752808, 0.44228726625442505, 0.3978729844093323, 0.4692821204662323], "skybox_img": 4, "point_uuid": "111", "field_of_view_rads": 0.6299741311869721, "camera_rotation_final": [1.2726422548294067, 0.1043577641248703, 1.3240277767181396]}