{"camera_uuid": "14814", "obliqueness_angle": 1.4386028051376343, "nonfixated_points_in_view": [], "camera_rotation_original": [1.5707963705062866, -0.020092492923140526, 2.704097032546997], "point_location": [5.022676944732666, -0.4345104992389679, -1.360304355621338], "skybox_img_path": "./img/high/14814_skybox4.jpg", "resolution": 512, "camera_distance": 0.6534403610839582, "view_id": 3, "point_pitch": -0.0806092460963388, "camera_rotation_from_original_to_final": [0.06564659625291824, -0.0322139635682106, -0.38479503989219666], "camera_location": [5.499686241149902, 0.009526432491838932, -1.3125797510147095], "point_normal": [0.020464561879634857, 0.0647537112236023, 0.9976915121078491], "camera_rotation_final_quaternion": [0.2860783040523529, 0.27756211161613464, 0.6216440200805664, 0.6742975115776062], "skybox_img": 4, "point_uuid": "62", "field_of_view_rads": 1.0386947080855735, "camera_rotation_final": [1.4976825714111328, -0.01864222250878811, 2.3217763900756836]}