{"camera_uuid": "4384", "obliqueness_angle": 1.253204107284546, "nonfixated_points_in_view": [49], "camera_rotation_original": [1.5707963705062866, -0.013852429576218128, -1.8082129955291748], "point_location": [3.365755796432495, 1.3757675886154175, -0.9474144577980042], "skybox_img_path": "./img/high/4384_skybox4.jpg", "resolution": 512, "camera_distance": 0.9461383837402029, "view_id": 10, "point_pitch": -0.5230714519831796, "camera_rotation_from_original_to_final": [0.13899026811122894, 0.5151406526565552, 0.7265215516090393], "camera_location": [2.6325342655181885, 1.0189988613128662, -0.46753937005996704], "point_normal": [-0.6433119773864746, 0.7428977489471436, 0.18507462739944458], "camera_rotation_final_quaternion": [0.7387992739677429, 0.4192091226577759, -0.265832781791687, -0.4558204114437103], "skybox_img": 4, "point_uuid": "9", "field_of_view_rads": 1.957036885090066, "camera_rotation_final": [1.0388381481170654, -0.010626155883073807, -1.111690878868103]}