{"camera_uuid": "12619", "obliqueness_angle": 1.0206303596496582, "nonfixated_points_in_view": [], "camera_rotation_original": [1.5707963705062866, 0.038936860859394073, -1.4283905029296875], "point_location": [5.4932861328125, 0.18884922564029694, -0.9166303277015686], "skybox_img_path": "./img/high/12619_skybox4.jpg", "resolution": 512, "camera_distance": 0.9811281195775243, "view_id": 46, "point_pitch": -0.06046216090651946, "camera_rotation_from_original_to_final": [-0.00888355914503336, 0.061980828642845154, -0.0543462298810482], "camera_location": [4.5178985595703125, 0.10246312618255615, -0.8552387952804565], "point_normal": [-0.48851633071899414, 0.18398629128932953, 0.8529366254806519], "camera_rotation_final_quaternion": [0.5279738306999207, 0.5139133334159851, -0.4523349106311798, -0.5025235414505005], "skybox_img": 4, "point_uuid": "142", "field_of_view_rads": 1.6704098442162183, "camera_rotation_final": [1.5081355571746826, 0.03887488692998886, -1.4848994016647339]}