{"camera_uuid": "13540", "obliqueness_angle": 1.1209571361541748, "nonfixated_points_in_view": [127], "camera_rotation_original": [1.5707963705062866, -0.08987854421138763, -0.2647583782672882], "point_location": [0.14699065685272217, -0.1122998520731926, -1.4476916790008545], "skybox_img_path": "./img/high/13540_skybox4.jpg", "resolution": 512, "camera_distance": 0.9211090914910292, "view_id": 46, "point_pitch": -0.7149349888178964, "camera_rotation_from_original_to_final": [-0.6731120944023132, 0.15017886459827423, -0.3986594080924988], "camera_location": [-0.2660500705242157, -0.6925750374794006, -0.86363685131073], "point_normal": [0.0340309739112854, 0.2575204074382782, 0.9656734466552734], "camera_rotation_final_quaternion": [0.8750284314155579, 0.3995361626148224, -0.15274803340435028, -0.22663657367229462], "skybox_img": 4, "point_uuid": "178", "field_of_view_rads": 1.8936590958975879, "camera_rotation_final": [0.8809122443199158, -0.08632592111825943, -0.5475796461105347]}