{"camera_uuid": "1805", "obliqueness_angle": 1.0996571779251099, "nonfixated_points_in_view": [97], "camera_rotation_original": [1.5707963705062866, 0.14812004566192627, 1.682491660118103], "point_location": [-0.014790859073400497, 3.0187888145446777, -1.4541010856628418], "skybox_img_path": "./img/high/1805_skybox4.jpg", "resolution": 512, "camera_distance": 0.7129856007160772, "view_id": 38, "point_pitch": -0.4828051765772958, "camera_rotation_from_original_to_final": [0.03876320645213127, -0.4711374044418335, 0.09552106261253357], "camera_location": [0.6047142744064331, 3.1579208374023438, -1.1297491788864136], "point_normal": [-0.0014163268497213721, 0.001087893615476787, 0.9999983906745911], "camera_rotation_final_quaternion": [0.586437463760376, 0.29120391607284546, 0.4332897365093231, 0.6193152666091919], "skybox_img": 4, "point_uuid": "3", "field_of_view_rads": 0.9322372163182677, "camera_rotation_final": [1.09285569190979, 0.1480407565832138, 1.715459942817688]}