{"camera_uuid": "4942", "obliqueness_angle": 0.9500070810317993, "nonfixated_points_in_view": [], "camera_rotation_original": [1.5707963705062866, -0.04174608737230301, -1.8477805852890015], "point_location": [0.7851385474205017, 1.2789015769958496, -1.4171496629714966], "skybox_img_path": "./img/high/4942_skybox4.jpg", "resolution": 512, "camera_distance": 0.8518864251795882, "view_id": 24, "point_pitch": -0.6580011089656015, "camera_rotation_from_original_to_final": [0.19587738811969757, 0.6241703033447266, -0.13723444938659668], "camera_location": [0.1839837282896042, 1.5925902128219604, -0.9014726281166077], "point_normal": [0.04163115471601486, 0.017202280461788177, 0.9989850521087646], "camera_rotation_final_quaternion": [0.4840424358844757, 0.22037309408187866, -0.38570448756217957, -0.7539036273956299], "skybox_img": 4, "point_uuid": "187", "field_of_view_rads": 0.950131287597413, "camera_rotation_final": [0.9199652671813965, -0.04112612456083298, -2.020440101623535]}