{"camera_uuid": "12246", "obliqueness_angle": 1.2126715183258057, "nonfixated_points_in_view": [95], "camera_rotation_original": [1.5707963705062866, 0.0872032418847084, -2.66951584815979], "point_location": [0.9536174535751343, -0.7778398990631104, -1.5063177347183228], "skybox_img_path": "./img/high/12246_skybox4.jpg", "resolution": 512, "camera_distance": 0.7931941327536179, "view_id": 13, "point_pitch": -0.3618822534892221, "camera_rotation_from_original_to_final": [0.32034945487976074, 0.15366005897521973, 0.12935870885849], "camera_location": [0.5474212765693665, -0.154531329870224, -1.2312757968902588], "point_normal": [-0.008941924199461937, -0.0010165447602048516, 0.9999595284461975], "camera_rotation_final_quaternion": [0.19697539508342743, 0.1879739910364151, -0.5397125482559204, -0.7966033220291138], "skybox_img": 4, "point_uuid": "89", "field_of_view_rads": 0.9476384761560841, "camera_rotation_final": [1.2152870893478394, 0.08697081357240677, -2.596278429031372]}