{"camera_uuid": "10445", "obliqueness_angle": 1.5177736282348633, "nonfixated_points_in_view": [59], "camera_rotation_original": [1.5707963705062866, 0.007392517756670713, -2.3620827198028564], "point_location": [4.966612815856934, 0.5080769658088684, -1.3585069179534912], "skybox_img_path": "./img/high/10445_skybox4.jpg", "resolution": 512, "camera_distance": 0.527553837924821, "view_id": 9, "point_pitch": -0.4498762329432626, "camera_rotation_from_original_to_final": [0.3326900005340576, 0.3115592896938324, -0.20856505632400513], "camera_location": [4.7314653396606445, 0.9203522801399231, -1.1281858682632446], "point_normal": [-0.30664733052253723, -0.5435833930969238, 0.7813350558280945], "camera_rotation_final_quaternion": [0.21395255625247955, 0.13805720210075378, -0.5124925971031189, -0.8200706243515015], "skybox_img": 4, "point_uuid": "115", "field_of_view_rads": 1.0039714359666843, "camera_rotation_final": [1.1189868450164795, 0.007135157007724047, -2.626711368560791]}