{"camera_uuid": "15951", "obliqueness_angle": 1.3912395238876343, "nonfixated_points_in_view": [8], "camera_rotation_original": [1.5707963705062866, 0.020875699818134308, 0.3344034254550934], "point_location": [5.4932861328125, 0.18884922564029694, -0.9166303277015686], "skybox_img_path": "./img/high/15951_skybox4.jpg", "resolution": 512, "camera_distance": 0.6513246010466175, "view_id": 64, "point_pitch": -0.6365567882868906, "camera_rotation_from_original_to_final": [-0.6068549156188965, -0.19174857437610626, 0.2491993010044098], "camera_location": [5.756496906280518, -0.265666127204895, -0.5314555168151855], "point_normal": [-0.48851633071899414, 0.18398629128932953, 0.8529366254806519], "camera_rotation_final_quaternion": [0.8643456101417542, 0.4350023865699768, 0.12282992899417877, 0.22043685615062714], "skybox_img": 4, "point_uuid": "142", "field_of_view_rads": 0.6308923629985653, "camera_rotation_final": [0.9378828406333923, 0.020555349066853523, 0.5098347067832947]}