{"camera_uuid": "6890", "obliqueness_angle": 1.1251399517059326, "nonfixated_points_in_view": [], "camera_rotation_original": [1.5707963705062866, 0.06725659221410751, 0.46657228469848633], "point_location": [0.7851385474205017, 1.2789015769958496, -1.4171496629714966], "skybox_img_path": "./img/high/6890_skybox4.jpg", "resolution": 512, "camera_distance": 0.9676840025825596, "view_id": 20, "point_pitch": -0.4352058609339853, "camera_rotation_from_original_to_final": [-0.41460394859313965, -0.1967485249042511, -0.26524993777275085], "camera_location": [0.9240570068359375, 0.4214666187763214, -0.9906297326087952], "point_normal": [0.04163115471601486, 0.017202280461788177, 0.9989850521087646], "camera_rotation_final_quaternion": [0.8478959798812866, 0.5252555012702942, 0.061032023280858994, 0.0381338931620121], "skybox_img": 4, "point_uuid": "187", "field_of_view_rads": 0.8278892494736719, "camera_rotation_final": [1.1133559942245483, 0.06348016113042831, 0.12940271198749542]}