{"camera_uuid": "11388", "obliqueness_angle": 1.0907683372497559, "nonfixated_points_in_view": [93], "camera_rotation_original": [1.5707963705062866, 0.1469544768333435, 2.4131522178649902], "point_location": [4.591547966003418, 0.7892270088195801, -1.4046629667282104], "skybox_img_path": "./img/high/11388_skybox4.jpg", "resolution": 512, "camera_distance": 0.9838580522549695, "view_id": 10, "point_pitch": -0.6947311600062509, "camera_rotation_from_original_to_final": [0.5960310697555542, -0.4931946098804474, -0.5171688795089722], "camera_location": [5.223801612854004, 1.1285831928253174, -0.7315586805343628], "point_normal": [0.6144210696220398, -0.6608260869979858, 0.43104028701782227], "camera_rotation_final_quaternion": [0.5399677753448486, 0.1725248545408249, 0.35799622535705566, 0.7419626712799072], "skybox_img": 4, "point_uuid": "159", "field_of_view_rads": 2.056502920039658, "camera_rotation_final": [0.8092272877693176, 0.1309729963541031, 1.9395217895507812]}