{"camera_uuid": "11935", "obliqueness_angle": 1.3762998580932617, "nonfixated_points_in_view": [], "camera_rotation_original": [1.5707963705062866, -0.022233344614505768, 0.4217950999736786], "point_location": [0.580907940864563, -0.050188999623060226, -1.4085019826889038], "skybox_img_path": "./img/high/11935_skybox4.jpg", "resolution": 512, "camera_distance": 0.6443471782995425, "view_id": 48, "point_pitch": -0.1422244747492929, "camera_rotation_from_original_to_final": [-0.14041589200496674, -0.0601416751742363, 0.4909764528274536], "camera_location": [1.0832068920135498, -0.4416969418525696, -1.3105194568634033], "point_normal": [0.11274728178977966, 0.07453673332929611, 0.9908240437507629], "camera_rotation_final_quaternion": [0.67862468957901, 0.5878727436065674, 0.27995219826698303, 0.33985430002212524], "skybox_img": 4, "point_uuid": "57", "field_of_view_rads": 1.689463874588242, "camera_rotation_final": [1.418109655380249, -0.019618472084403038, 0.9117420315742493]}