{"camera_uuid": "2056", "obliqueness_angle": 1.2636070251464844, "nonfixated_points_in_view": [], "camera_rotation_original": [1.5707963705062866, 0.10703658312559128, -2.9753341674804688], "point_location": [1.5920188426971436, 2.1285598278045654, -1.4049173593521118], "skybox_img_path": "./img/high/2056_skybox4.jpg", "resolution": 512, "camera_distance": 0.8781005217917833, "view_id": 40, "point_pitch": -0.6427461346003671, "camera_rotation_from_original_to_final": [0.5944328308105469, 0.08260831236839294, 0.4732941687107086], "camera_location": [1.1717075109481812, 2.719364881515503, -0.9095908999443054], "point_normal": [0.3241092562675476, -0.10795459151268005, 0.9398399591445923], "camera_rotation_final_quaternion": [0.2179318517446518, 0.16853919625282288, -0.4353737235069275, -0.8570589423179626], "skybox_img": 4, "point_uuid": "107", "field_of_view_rads": 1.1399099232606629, "camera_rotation_final": [0.9680817127227783, 0.09929554164409637, -2.591352939605713]}