{"camera_uuid": "8577", "obliqueness_angle": 0.820755660533905, "nonfixated_points_in_view": [], "camera_rotation_original": [1.5707963705062866, -0.1550191044807434, -2.7030060291290283], "point_location": [1.46160089969635, 0.19978925585746765, -1.450141191482544], "skybox_img_path": "./img/high/8577_skybox4.jpg", "resolution": 512, "camera_distance": 0.8126507995120503, "view_id": 18, "point_pitch": -0.3468234976145883, "camera_rotation_from_original_to_final": [0.3192325532436371, 0.15627725422382355, 0.04559272900223732], "camera_location": [1.125122308731079, 0.88372802734375, -1.1683411598205566], "point_normal": [-0.5807929635047913, 0.19898450374603271, 0.7893571853637695], "camera_rotation_final_quaternion": [0.251149982213974, 0.08323164284229279, -0.5654107332229614, -0.7812213897705078], "skybox_img": 4, "point_uuid": "100", "field_of_view_rads": 1.9554518605800617, "camera_rotation_final": [1.2122100591659546, -0.15457595884799957, -2.626749277114868]}