{"camera_uuid": "7966", "obliqueness_angle": 1.2204608917236328, "nonfixated_points_in_view": [], "camera_rotation_original": [1.5707963705062866, -0.1502176970243454, 0.9308299422264099], "point_location": [-0.34234288334846497, 0.8369564414024353, -0.7921566963195801], "skybox_img_path": "./img/high/7966_skybox4.jpg", "resolution": 512, "camera_distance": 0.8393118793204882, "view_id": 67, "point_pitch": -0.32188372214766936, "camera_rotation_from_original_to_final": [-0.20718243718147278, -0.2797231078147888, 0.16829214990139008], "camera_location": [0.3496679663658142, 0.4570077955722809, -0.507192850112915], "point_normal": [0.04777548089623451, 0.07583989202976227, 0.9959748387336731], "camera_rotation_final_quaternion": [0.6694790720939636, 0.5159739255905151, 0.2530030310153961, 0.47069960832595825], "skybox_img": 4, "point_uuid": "121", "field_of_view_rads": 1.494443233462961, "camera_rotation_final": [1.2204229831695557, -0.1475113332271576, 1.1223441362380981]}