{"camera_uuid": "9029", "obliqueness_angle": 0.41061297059059143, "nonfixated_points_in_view": [99], "camera_rotation_original": [1.5707963705062866, -0.005962564144283533, -3.098219633102417], "point_location": [2.624671697616577, -0.7024632096290588, -0.5636605024337769], "skybox_img_path": "./img/high/9029_skybox4.jpg", "resolution": 512, "camera_distance": 0.8730089533547183, "view_id": 3, "point_pitch": -0.21662859519454436, "camera_rotation_from_original_to_final": [0.21716856956481934, 0.009444324299693108, 0.12519098818302155], "camera_location": [2.482530355453491, 0.13806802034378052, -0.37538477778434753], "point_normal": [-0.34883588552474976, 0.9258549809455872, -0.14528000354766846], "camera_rotation_final_quaternion": [0.0675804615020752, 0.05050280690193176, -0.6241939663887024, -0.7767009139060974], "skybox_img": 4, "point_uuid": "60", "field_of_view_rads": 1.0386947080855735, "camera_rotation_final": [1.353421926498413, -0.0059155067428946495, -2.972762107849121]}