{"camera_uuid": "5124", "obliqueness_angle": 1.2608510255813599, "nonfixated_points_in_view": [], "camera_rotation_original": [1.5707963705062866, -0.10841202735900879, -1.3172898292541504], "point_location": [3.765934944152832, 1.8845245838165283, -1.4114539623260498], "skybox_img_path": "./img/high/5124_skybox4.jpg", "resolution": 512, "camera_distance": 0.7809607049147957, "view_id": 1, "point_pitch": -0.27307693561049895, "camera_rotation_from_original_to_final": [-0.06619624048471451, 0.24346989393234253, -0.21642270684242249], "camera_location": [3.010430097579956, 1.8505305051803589, -1.2166297435760498], "point_normal": [-0.0554204061627388, -0.27599287033081055, 0.9595605731010437], "camera_rotation_final_quaternion": [0.6005213856697083, 0.4188205301761627, -0.4470522701740265, -0.5139141082763672], "skybox_img": 4, "point_uuid": "154", "field_of_view_rads": 1.7927549318813307, "camera_rotation_final": [1.3171937465667725, -0.10665538161993027, -1.498247742652893]}