{"camera_uuid": "9913", "obliqueness_angle": 1.0309544801712036, "nonfixated_points_in_view": [], "camera_rotation_original": [1.5707963705062866, 0.011867779307067394, -0.1254711002111435], "point_location": [5.518570899963379, 1.8022818565368652, -0.9034366607666016], "skybox_img_path": "./img/high/9913_skybox4.jpg", "resolution": 512, "camera_distance": 0.9225851088059333, "view_id": 75, "point_pitch": -0.34646133979293303, "camera_rotation_from_original_to_final": [-0.35120922327041626, 0.04171180725097656, -0.6477147340774536], "camera_location": [4.918484687805176, 1.1785717010498047, -0.5839911103248596], "point_normal": [-0.3810344636440277, 0.07813670486211777, 0.9212532639503479], "camera_rotation_final_quaternion": [0.7594236731529236, 0.5313701629638672, -0.21099890768527985, -0.31048494577407837], "skybox_img": 4, "point_uuid": "103", "field_of_view_rads": 1.2654133589566097, "camera_rotation_final": [1.2172083854675293, 0.009489904157817364, -0.769599437713623]}