{"camera_uuid": "6488", "obliqueness_angle": 1.2968053817749023, "nonfixated_points_in_view": [68], "camera_rotation_original": [1.5707963705062866, 0.014853043481707573, -1.5446962118148804], "point_location": [1.4004169702529907, 1.5106022357940674, -1.393282175064087], "skybox_img_path": "./img/high/6488_skybox4.jpg", "resolution": 512, "camera_distance": 0.6216268530759915, "view_id": 0, "point_pitch": -0.2845988710734506, "camera_rotation_from_original_to_final": [-0.00783946830779314, 0.27933448553085327, 0.3555740416049957], "camera_location": [0.8461335301399231, 1.2874598503112793, -1.2218258380889893], "point_normal": [-0.36604005098342896, -0.46424242854118347, -0.8065318465232849], "camera_rotation_final_quaternion": [0.6586087942123413, 0.5010841488838196, -0.3331746459007263, -0.4518227279186249], "skybox_img": 4, "point_uuid": "63", "field_of_view_rads": 2.078591559549699, "camera_rotation_final": [1.2913271188735962, 0.01393929310142994, -1.19206964969635]}