{"camera_uuid": "14477", "obliqueness_angle": 0.8851932287216187, "nonfixated_points_in_view": [], "camera_rotation_original": [1.5707963705062866, -0.019460609182715416, -3.0497899055480957], "point_location": [5.327018737792969, -0.6150552034378052, -1.3985912799835205], "skybox_img_path": "./img/high/14477_skybox4.jpg", "resolution": 512, "camera_distance": 0.5925191871337012, "view_id": 17, "point_pitch": -0.6931792934748788, "camera_rotation_from_original_to_final": [0.6850090622901917, 0.06175174564123154, -0.28948578238487244], "camera_location": [5.427570819854736, -0.16824476420879364, -1.0226541757583618], "point_normal": [-0.004159807693213224, -0.0008233638945966959, 0.9999910593032837], "camera_rotation_final_quaternion": [-0.08903008699417114, -0.052329547703266144, -0.42429402470588684, -0.8996164798736572], "skybox_img": 4, "point_uuid": "39", "field_of_view_rads": 1.0039714359666843, "camera_rotation_final": [0.8833284974098206, -0.018604258075356483, -3.3476758003234863]}