{"camera_uuid": "3200", "obliqueness_angle": 0.8967223763465881, "nonfixated_points_in_view": [], "camera_rotation_original": [1.5707963705062866, -0.02188761904835701, -2.996826410293579], "point_location": [1.8005895614624023, 0.6414239406585693, -0.9798945188522339], "skybox_img_path": "./img/high/3200_skybox4.jpg", "resolution": 512, "camera_distance": 0.9015296942462646, "view_id": 109, "point_pitch": -0.6852964599940439, "camera_rotation_from_original_to_final": [0.6726717352867126, 0.09433957934379578, -0.3029039204120636], "camera_location": [1.935121774673462, 1.3304253816604614, -0.41426751017570496], "point_normal": [-0.012308535166084766, -0.0017647614004090428, 0.9999226927757263], "camera_rotation_final_quaternion": [-0.07485461980104446, -0.04727662354707718, -0.42902320623397827, -0.8989442586898804], "skybox_img": 4, "point_uuid": "193", "field_of_view_rads": 1.1875012116729176, "camera_rotation_final": [0.8924024105072021, -0.020770855247974396, -3.3176848888397217]}