{"camera_uuid": "14428", "obliqueness_angle": 1.5535187721252441, "nonfixated_points_in_view": [], "camera_rotation_original": [1.5707963705062866, -0.08522746711969376, 0.3738943338394165], "point_location": [5.577847957611084, 0.5073602795600891, -0.8285789489746094], "skybox_img_path": "./img/high/14428_skybox4.jpg", "resolution": 512, "camera_distance": 0.9356006330497895, "view_id": 27, "point_pitch": -0.07262675364943938, "camera_rotation_from_original_to_final": [-0.021613599732518196, 0.016429558396339417, -0.7580815553665161], "camera_location": [5.227510452270508, -0.36007142066955566, -0.8153725266456604], "point_normal": [0.047805894166231155, -0.0227388683706522, 0.9985978007316589], "camera_rotation_final_quaternion": [0.7028817534446716, 0.6847224831581116, -0.15523335337638855, -0.11408314853906631], "skybox_img": 4, "point_uuid": "11", "field_of_view_rads": 1.949514490688795, "camera_rotation_final": [1.5566531419754028, -0.06203056126832962, -0.38296911120414734]}