{"camera_uuid": "0974", "obliqueness_angle": 0.9838763475418091, "nonfixated_points_in_view": [14, 31], "camera_rotation_original": [1.5707963705062866, 0.01766020990908146, -1.8564046621322632], "point_location": [2.155930757522583, 2.4535746574401855, -1.421875], "skybox_img_path": "./img/high/0974_skybox4.jpg", "resolution": 512, "camera_distance": 0.7682799414110938, "view_id": 4, "point_pitch": -0.5773553093287607, "camera_rotation_from_original_to_final": [0.18447455763816833, 0.5625643730163574, -0.6559008955955505], "camera_location": [1.8083183765411377, 2.989579200744629, -0.9951211810112], "point_normal": [0.01849367655813694, 0.009777815081179142, 0.9997811913490295], "camera_rotation_final_quaternion": [0.24344120919704437, 0.13736821711063385, -0.4509952962398529, -0.8476258516311646], "skybox_img": 4, "point_uuid": "168", "field_of_view_rads": 2.0062308946333633, "camera_rotation_final": [0.9818134903907776, 0.013292418792843819, -2.5751349925994873]}