{"camera_uuid": "1996", "obliqueness_angle": 0.8434059023857117, "nonfixated_points_in_view": [], "camera_rotation_original": [1.5707963705062866, -0.11853092163801193, -1.812218427658081], "point_location": [2.066779375076294, 2.579990863800049, -1.4030261039733887], "skybox_img_path": "./img/high/1996_skybox4.jpg", "resolution": 512, "camera_distance": 0.9293618974390567, "view_id": 24, "point_pitch": -0.7225252827021738, "camera_rotation_from_original_to_final": [0.1755269318819046, 0.7173957824707031, 0.12490255385637283], "camera_location": [1.3901475667953491, 2.7155344486236572, -0.7805224061012268], "point_normal": [0.0033442084677517414, -0.016241353005170822, 0.9998626112937927], "camera_rotation_final_quaternion": [0.6332036852836609, 0.23192086815834045, -0.3336218297481537, -0.6587581634521484], "skybox_img": 4, "point_uuid": "51", "field_of_view_rads": 0.5256461677815203, "camera_rotation_final": [0.8305823802947998, -0.1172097697854042, -1.66208016872406]}