{"camera_uuid": "14086", "obliqueness_angle": 1.314875841140747, "nonfixated_points_in_view": [], "camera_rotation_original": [1.5707963705062866, -0.11542471498250961, 2.3303916454315186], "point_location": [5.022676944732666, -0.4345104992389679, -1.360304355621338], "skybox_img_path": "./img/high/14086_skybox4.jpg", "resolution": 512, "camera_distance": 0.2924656575163146, "view_id": 7, "point_pitch": -0.11076478560897307, "camera_rotation_from_original_to_final": [0.10992375016212463, -0.15824925899505615, 0.7381898760795593], "camera_location": [5.0402936935424805, -0.14784947037696838, -1.3050661087036133], "point_normal": [0.020464561879634857, 0.0647537112236023, 0.9976915121078491], "camera_rotation_final_quaternion": [-0.009068705141544342, 0.046537235379219055, 0.6351369023323059, 0.7709429860115051], "skybox_img": 4, "point_uuid": "62", "field_of_view_rads": 0.5961933550608073, "camera_rotation_final": [1.3801138401031494, -0.08337140083312988, 3.096287727355957]}