{"camera_uuid": "5161", "obliqueness_angle": 1.2529829740524292, "nonfixated_points_in_view": [88, 120, 77], "camera_rotation_original": [1.5707963705062866, -0.1453293114900589, 2.2590882778167725], "point_location": [-0.4054321348667145, 1.2653040885925293, -0.6841932535171509], "skybox_img_path": "./img/high/5161_skybox4.jpg", "resolution": 512, "camera_distance": 0.7941348821992472, "view_id": 48, "point_pitch": -0.3337038000437875, "camera_rotation_from_original_to_final": [0.1763768345117569, -0.21660952270030975, -0.43059077858924866], "camera_location": [0.3289015293121338, 1.474507212638855, -0.46593111753463745], "point_normal": [0.040700461715459824, 0.0009101604809984565, 0.9991709589958191], "camera_rotation_final_quaternion": [0.4349505603313446, 0.39574235677719116, 0.45383551716804504, 0.6695067882537842], "skybox_img": 4, "point_uuid": "104", "field_of_view_rads": 1.689463874588242, "camera_rotation_final": [1.2897238731384277, -0.1355268806219101, 1.8873214721679688]}