{"camera_uuid": "7998", "obliqueness_angle": 1.3360430002212524, "nonfixated_points_in_view": [64, 120], "camera_rotation_original": [1.5707963705062866, 0.08195526897907257, 0.862079381942749], "point_location": [-0.34234288334846497, 0.8369564414024353, -0.7921566963195801], "skybox_img_path": "./img/high/7998_skybox4.jpg", "resolution": 512, "camera_distance": 0.6444620947873162, "view_id": 18, "point_pitch": -0.24562255938979582, "camera_rotation_from_original_to_final": [-0.14628221094608307, -0.16961227357387543, 0.29492470622062683], "camera_location": [0.2298334389925003, 0.5770740509033203, -0.6493043899536133], "point_normal": [0.04777548089623451, 0.07583989202976227, 0.9959748387336731], "camera_rotation_final_quaternion": [0.6736772656440735, 0.5103222131729126, 0.3588043749332428, 0.3962191343307495], "skybox_img": 4, "point_uuid": "121", "field_of_view_rads": 1.9554518605800617, "camera_rotation_final": [1.3465650081634521, 0.07912040501832962, 1.1264314651489258]}