{"camera_uuid": "7569", "obliqueness_angle": 0.8517580032348633, "nonfixated_points_in_view": [], "camera_rotation_original": [1.5707963705062866, 0.04477313905954361, -0.6469753980636597], "point_location": [0.7851385474205017, 1.2789015769958496, -1.4171496629714966], "skybox_img_path": "./img/high/7569_skybox4.jpg", "resolution": 512, "camera_distance": 0.732312959838056, "view_id": 39, "point_pitch": -0.7572299679133554, "camera_rotation_from_original_to_final": [-0.6405171751976013, 0.4380469024181366, -0.1509598046541214], "camera_location": [0.4659203588962555, 0.8535703420639038, -0.9136862754821777], "point_normal": [0.04163115471601486, 0.017202280461788177, 0.9989850521087646], "camera_rotation_final_quaternion": [0.8620055317878723, 0.3786557614803314, -0.11345063894987106, -0.31732505559921265], "skybox_img": 4, "point_uuid": "187", "field_of_view_rads": 1.3847446318031613, "camera_rotation_final": [0.8118102550506592, 0.04473868012428284, -0.6862278580665588]}