{"camera_uuid": "8778", "obliqueness_angle": 0.5587295293807983, "nonfixated_points_in_view": [130], "camera_rotation_original": [1.5707963705062866, 0.16182942688465118, -1.2107347249984741], "point_location": [3.4670467376708984, 1.0758438110351562, -0.6993377804756165], "skybox_img_path": "./img/high/8778_skybox4.jpg", "resolution": 512, "camera_distance": 0.9004907945366811, "view_id": 39, "point_pitch": 0.3993283073094229, "camera_rotation_from_original_to_final": [0.1724732518196106, -0.4672237038612366, 0.5584584474563599], "camera_location": [3.015357255935669, 0.42506787180900574, -1.1275328397750854], "point_normal": [-0.728654682636261, -0.24732623994350433, -0.6386642456054688], "camera_rotation_final_quaternion": [0.4763990640640259, 0.8360834717750549, -0.19677653908729553, -0.18784929811954498], "skybox_img": 4, "point_uuid": "78", "field_of_view_rads": 2.1797545326211765, "camera_rotation_final": [2.070735216140747, 0.12696793675422668, -0.5376841425895691]}