{"camera_uuid": "5969", "obliqueness_angle": 1.2312250137329102, "nonfixated_points_in_view": [68], "camera_rotation_original": [1.5707963705062866, -0.009742159396409988, -2.1164474487304688], "point_location": [1.4004169702529907, 1.5106022357940674, -1.393282175064087], "skybox_img_path": "./img/high/5969_skybox4.jpg", "resolution": 512, "camera_distance": 0.6648493291674556, "view_id": 4, "point_pitch": -0.12273816665145354, "camera_rotation_from_original_to_final": [0.06930810958147049, 0.10910011827945709, 0.7226496934890747], "camera_location": [0.7509885430335999, 1.3968724012374878, -1.3076499700546265], "point_normal": [-0.36604005098342896, -0.46424242854118347, -0.8065318465232849], "camera_rotation_final_quaternion": [0.5770012736320496, 0.5037704110145569, -0.42639848589897156, -0.4811125099658966], "skybox_img": 4, "point_uuid": "63", "field_of_view_rads": 1.7779022957772381, "camera_rotation_final": [1.4416346549987793, -0.007324480451643467, -1.3964800834655762]}