{"camera_uuid": "5551", "obliqueness_angle": 1.5162566900253296, "nonfixated_points_in_view": [], "camera_rotation_original": [1.5707963705062866, 0.10915697365999222, -2.267761468887329], "point_location": [3.4670467376708984, 1.0758438110351562, -0.6993377804756165], "skybox_img_path": "./img/high/5551_skybox4.jpg", "resolution": 512, "camera_distance": 0.4268793482963918, "view_id": 92, "point_pitch": -0.3356340368601938, "camera_rotation_from_original_to_final": [0.2296043485403061, 0.25644007325172424, -0.014601956121623516], "camera_location": [3.170167922973633, 1.3470276594161987, -0.5559911131858826], "point_normal": [-0.6784085035324097, -0.30312207341194153, -0.6692376136779785], "camera_rotation_final_quaternion": [0.2860114872455597, 0.26256245374679565, -0.5129915475845337, -0.7655704021453857], "skybox_img": 4, "point_uuid": "78", "field_of_view_rads": 2.0576205968287535, "camera_rotation_final": [1.226219654083252, 0.10879161953926086, -2.349940776824951]}