{"camera_uuid": "9569", "obliqueness_angle": 0.7262955904006958, "nonfixated_points_in_view": [], "camera_rotation_original": [1.5707963705062866, 0.04500332474708557, -1.9406547546386719], "point_location": [2.9207348823547363, -0.5152132511138916, -0.5628843903541565], "skybox_img_path": "./img/high/9569_skybox4.jpg", "resolution": 512, "camera_distance": 0.8302576656274837, "view_id": 60, "point_pitch": -0.6097706993434091, "camera_rotation_from_original_to_final": [0.2611871361732483, 0.5747065544128418, -0.25713711977005005], "camera_location": [2.40682315826416, -0.08027370274066925, -0.07703451067209244], "point_normal": [-0.26315274834632874, 0.039460260421037674, 0.9639468193054199], "camera_rotation_final_quaternion": [0.3534589409828186, 0.20225189626216888, -0.4080495238304138, -0.8171025514602661], "skybox_img": 4, "point_uuid": "152", "field_of_view_rads": 1.494443233462961, "camera_rotation_final": [0.9450554847717285, 0.042075999081134796, -2.3035430908203125]}