{"camera_uuid": "7314", "obliqueness_angle": 0.8207348585128784, "nonfixated_points_in_view": [116], "camera_rotation_original": [1.5707963705062866, -0.021488701924681664, -0.8470848798751831], "point_location": [0.48665541410446167, 2.050424337387085, -1.4244725704193115], "skybox_img_path": "./img/high/7314_skybox4.jpg", "resolution": 512, "camera_distance": 0.7701023083922445, "view_id": 34, "point_pitch": -0.4014407833430429, "camera_rotation_from_original_to_final": [-0.27947482466697693, 0.3017233908176422, 0.2801268398761749], "camera_location": [0.13281260430812836, 1.4385921955108643, -1.1186715364456177], "point_normal": [-0.7508701086044312, -0.09726908802986145, 0.6532478928565979], "camera_rotation_final_quaternion": [0.8095801472663879, 0.5286802053451538, -0.1481609344482422, -0.2076670378446579], "skybox_img": 4, "point_uuid": "167", "field_of_view_rads": 1.1399099232606629, "camera_rotation_final": [1.162361741065979, -0.020318783819675446, -0.5155431628227234]}