{"camera_uuid": "5846", "obliqueness_angle": 1.051354169845581, "nonfixated_points_in_view": [64, 77], "camera_rotation_original": [1.5707963705062866, 0.03549019619822502, 1.5876312255859375], "point_location": [-0.41806191205978394, 1.0600788593292236, -0.7348538041114807], "skybox_img_path": "./img/high/5846_skybox4.jpg", "resolution": 512, "camera_distance": 0.7316164343684614, "view_id": 1, "point_pitch": -0.3369454582545419, "camera_rotation_from_original_to_final": [0.007223471533507109, -0.3216407895088196, 0.44806233048439026], "camera_location": [0.2020707130432129, 1.3718211650848389, -0.5035209655761719], "point_normal": [0.7643018960952759, 0.11539070308208466, -0.6344507336616516], "camera_rotation_final_quaternion": [0.4373794198036194, 0.2983962297439575, 0.5028544664382935, 0.6832249164581299], "skybox_img": 4, "point_uuid": "136", "field_of_view_rads": 0.5961933550608073, "camera_rotation_final": [1.2489089965820312, 0.032138392329216, 2.025888204574585]}