{"camera_uuid": "3892", "obliqueness_angle": 1.22605299949646, "nonfixated_points_in_view": [107], "camera_rotation_original": [1.5707963705062866, -0.05493422970175743, -0.9051651358604431], "point_location": [0.8357325792312622, 3.0001583099365234, -1.4500991106033325], "skybox_img_path": "./img/high/3892_skybox4.jpg", "resolution": 512, "camera_distance": 0.961111898026086, "view_id": 7, "point_pitch": -0.36773805221053557, "camera_rotation_from_original_to_final": [-0.2479380965232849, 0.3041618764400482, 0.3680514693260193], "camera_location": [0.41051873564720154, 2.219496488571167, -1.0847275257110596], "point_normal": [0.02106740139424801, 0.04000088572502136, 0.998977541923523], "camera_rotation_final_quaternion": [0.810260534286499, 0.5355744957923889, -0.1519290953874588, -0.18318124115467072], "skybox_img": 4, "point_uuid": "133", "field_of_view_rads": 1.9554518605800617, "camera_rotation_final": [1.1803178787231445, -0.05001073703169823, -0.47817888855934143]}