{"camera_uuid": "0974", "obliqueness_angle": 1.2605578899383545, "nonfixated_points_in_view": [112], "camera_rotation_original": [1.5707963705062866, 0.01766020990908146, -1.8564046621322632], "point_location": [2.295008659362793, 2.27626895904541, -1.3962150812149048], "skybox_img_path": "./img/high/0974_skybox4.jpg", "resolution": 512, "camera_distance": 0.9521319343897323, "view_id": 12, "point_pitch": -0.4235972603175302, "camera_rotation_from_original_to_final": [0.12760010361671448, 0.4168448746204376, -0.6588289141654968], "camera_location": [1.8083183765411377, 2.989579200744629, -0.9951211810112], "point_normal": [-0.9679071307182312, -0.2512916922569275, -0.0028668304439634085], "camera_rotation_final_quaternion": [0.24257338047027588, 0.16249409317970276, -0.5128023624420166, -0.8073335886001587], "skybox_img": 4, "point_uuid": "18", "field_of_view_rads": 0.9904486154446002, "camera_rotation_final": [1.1359206438064575, 0.01358987856656313, -2.549159049987793]}