{"camera_uuid": "4472", "obliqueness_angle": 0.7666955590248108, "nonfixated_points_in_view": [], "camera_rotation_original": [1.5707963705062866, 0.16250839829444885, -2.072852849960327], "point_location": [0.48665541410446167, 2.050424337387085, -1.4244725704193115], "skybox_img_path": "./img/high/4472_skybox4.jpg", "resolution": 512, "camera_distance": 0.9045712464669536, "view_id": 21, "point_pitch": -0.24162463744613127, "camera_rotation_from_original_to_final": [0.13029304146766663, 0.22393733263015747, -0.06896993517875671], "camera_location": [-0.24237491190433502, 2.533430337905884, -1.193238615989685], "point_normal": [-0.7508701086044312, -0.09726908802986145, 0.6532478928565979], "camera_rotation_final_quaternion": [0.3154112994670868, 0.33241578936576843, -0.5115522742271423, -0.7268629670143127], "skybox_img": 4, "point_uuid": "167", "field_of_view_rads": 1.949514490688795, "camera_rotation_final": [1.3088226318359375, 0.16124047338962555, -2.1989519596099854]}