{"camera_uuid": "9990", "obliqueness_angle": 0.749671459197998, "nonfixated_points_in_view": [], "camera_rotation_original": [1.5707963705062866, -0.05335180088877678, -2.304593324661255], "point_location": [2.9207348823547363, -0.5152132511138916, -0.5628843903541565], "skybox_img_path": "./img/high/9990_skybox4.jpg", "resolution": 512, "camera_distance": 0.531105677551263, "view_id": 79, "point_pitch": -0.5767866810176034, "camera_rotation_from_original_to_final": [0.411334753036499, 0.4284166395664215, 0.22813652455806732], "camera_location": [2.55507493019104, -0.26542937755584717, -0.2696710526943207], "point_normal": [-0.26315274834632874, 0.039460260421037674, 0.9639468193054199], "camera_rotation_final_quaternion": [0.43564632534980774, 0.2076355516910553, -0.42526113986968994, -0.76567143201828], "skybox_img": 4, "point_uuid": "152", "field_of_view_rads": 0.8526318947095067, "camera_rotation_final": [0.9850214719772339, -0.052589911967515945, -2.1352319717407227]}