{"camera_uuid": "9842", "obliqueness_angle": 1.304446816444397, "nonfixated_points_in_view": [3, 92], "camera_rotation_original": [1.5707963705062866, -0.005708398297429085, -1.8518372774124146], "point_location": [5.577847957611084, 0.5073602795600891, -0.8285789489746094], "skybox_img_path": "./img/high/9842_skybox4.jpg", "resolution": 512, "camera_distance": 0.8446757571426978, "view_id": 45, "point_pitch": -0.32043830951186614, "camera_rotation_from_original_to_final": [0.09126206487417221, 0.3063628375530243, -0.19538021087646484], "camera_location": [4.870429992675781, 0.8851876854896545, -0.5634687542915344], "point_normal": [0.047805894166231155, -0.0227388683706522, 0.9985978007316589], "camera_rotation_final_quaternion": [0.41884246468544006, 0.2997237741947174, -0.5032250285148621, -0.6939029097557068], "skybox_img": 4, "point_uuid": "11", "field_of_view_rads": 2.081073338083007, "camera_rotation_final": [1.2515349388122559, -0.00558562483638525, -2.0594987869262695]}