{"camera_uuid": "0942", "obliqueness_angle": 1.2698984146118164, "nonfixated_points_in_view": [112], "camera_rotation_original": [1.5707963705062866, -0.053941939026117325, 2.7639660835266113], "point_location": [2.066779375076294, 2.579990863800049, -1.4030261039733887], "skybox_img_path": "./img/high/0942_skybox4.jpg", "resolution": 512, "camera_distance": 0.6626899728017432, "view_id": 13, "point_pitch": -0.28378789027663665, "camera_rotation_from_original_to_final": [0.2930956184864044, -0.12404186278581619, 0.6466267704963684], "camera_location": [1.8874129056930542, 3.1834843158721924, -1.1961896419525146], "point_normal": [0.0033442084677517414, -0.016241353005170822, 0.9998626112937927], "camera_rotation_final_quaternion": [-0.13426031172275543, -0.07158765941858292, 0.5820799469947815, 0.7987692356109619], "skybox_img": 4, "point_uuid": "51", "field_of_view_rads": 0.6651429173367224, "camera_rotation_final": [1.2530872821807861, -0.04194873198866844, 3.4442813396453857]}