{"camera_uuid": "15470", "obliqueness_angle": 0.4353976547718048, "nonfixated_points_in_view": [], "camera_rotation_original": [1.5707963705062866, 0.09326905012130737, -2.7837915420532227], "point_location": [6.418727874755859, 0.5780890583992004, -1.3738213777542114], "skybox_img_path": "./img/high/15470_skybox4.jpg", "resolution": 512, "camera_distance": 0.893629235665137, "view_id": 0, "point_pitch": -0.6822592457148691, "camera_rotation_from_original_to_final": [0.6026606559753418, 0.20373307168483734, 0.659483790397644], "camera_location": [5.829864025115967, 0.9940943121910095, -0.845851480960846], "point_normal": [-0.8409720659255981, 0.5024352669715881, 0.20081089437007904], "camera_rotation_final_quaternion": [0.3703347444534302, 0.22770337760448456, -0.39082419872283936, -0.811332106590271], "skybox_img": 4, "point_uuid": "114", "field_of_view_rads": 1.7927549318813307, "camera_rotation_final": [0.9363698959350586, 0.0801001712679863, -2.244657039642334]}