{"camera_uuid": "4392", "obliqueness_angle": 1.330636978149414, "nonfixated_points_in_view": [], "camera_rotation_original": [1.5707963705062866, -0.014384586364030838, -1.1427114009857178], "point_location": [3.4670467376708984, 1.0758438110351562, -0.6993377804756165], "skybox_img_path": "./img/high/4392_skybox4.jpg", "resolution": 512, "camera_distance": 0.702255810956741, "view_id": 22, "point_pitch": -0.6086489399287363, "camera_rotation_from_original_to_final": [-0.2795580327510834, 0.5412348508834839, -0.5074018239974976], "camera_location": [2.888529062271118, 1.0768704414367676, -0.30124297738075256], "point_normal": [-0.728654682636261, -0.24732623994350433, -0.6386642456054688], "camera_rotation_final_quaternion": [0.6302920579910278, 0.3261321485042572, -0.33196061849594116, -0.6214273571968079], "skybox_img": 4, "point_uuid": "78", "field_of_view_rads": 1.384811670309553, "camera_rotation_final": [0.9680234789848328, -0.013129780068993568, -1.563535213470459]}