{"camera_uuid": "4673", "obliqueness_angle": 1.1340129375457764, "nonfixated_points_in_view": [], "camera_rotation_original": [1.5707963705062866, -0.10356608033180237, -2.4472100734710693], "point_location": [2.745572328567505, -0.016294807195663452, -0.9296797513961792], "skybox_img_path": "./img/high/4673_skybox4.jpg", "resolution": 512, "camera_distance": 0.9944374750461111, "view_id": 34, "point_pitch": -0.5037748058650156, "camera_rotation_from_original_to_final": [0.3657841980457306, 0.2955751419067383, -0.34172677993774414], "camera_location": [2.486175298690796, 0.8333829045295715, -0.4828386902809143], "point_normal": [-0.5854119062423706, 0.6019739508628845, -0.5430656671524048], "camera_rotation_final_quaternion": [0.17134663462638855, 0.04906031861901283, -0.5224201679229736, -0.8338528275489807], "skybox_img": 4, "point_uuid": "102", "field_of_view_rads": 1.689463874588242, "camera_rotation_final": [1.1023743152618408, -0.09736546128988266, -2.796143054962158]}