{"camera_uuid": "8986", "obliqueness_angle": 1.4066720008850098, "nonfixated_points_in_view": [124], "camera_rotation_original": [1.5707963705062866, -0.16275732219219208, 2.137554168701172], "point_location": [-0.11395721882581711, -0.04560520127415657, -1.4123445749282837], "skybox_img_path": "./img/high/8986_skybox4.jpg", "resolution": 512, "camera_distance": 0.8873571165004746, "view_id": 42, "point_pitch": -0.2276671369883676, "camera_rotation_from_original_to_final": [0.07895748317241669, -0.14271584153175354, -0.4315376281738281], "camera_location": [0.7529110312461853, 0.07808871567249298, -1.2686716318130493], "point_normal": [0.004181658383458853, -0.01849798485636711, 0.9998201131820679], "camera_rotation_final_quaternion": [0.4542500972747803, 0.46010664105415344, 0.4553530514240265, 0.6120558381080627], "skybox_img": 4, "point_uuid": "192", "field_of_view_rads": 0.9196569054818151, "camera_rotation_final": [1.4063034057617188, -0.15009650588035583, 1.7373466491699219]}