{"camera_uuid": "1099", "obliqueness_angle": 0.5877630114555359, "nonfixated_points_in_view": [], "camera_rotation_original": [1.5707963705062866, 0.055344656109809875, 1.3096051216125488], "point_location": [0.32991182804107666, 2.4133899211883545, -1.3794349431991577], "skybox_img_path": "./img/high/1099_skybox4.jpg", "resolution": 512, "camera_distance": 0.836325255820686, "view_id": 35, "point_pitch": -0.39755742152663665, "camera_rotation_from_original_to_final": [-0.10032735764980316, -0.36164361238479614, 0.4542010426521301], "camera_location": [1.096390962600708, 2.548496961593628, -1.0733373165130615], "point_normal": [0.7323230504989624, 0.6650322675704956, 0.14640741050243378], "camera_rotation_final_quaternion": [0.5482689142227173, 0.35005059838294983, 0.44097965955734253, 0.6183872222900391], "skybox_img": 4, "point_uuid": "151", "field_of_view_rads": 0.8278892494736719, "camera_rotation_final": [1.195581078529358, 0.05063885822892189, 1.725339651107788]}