{"camera_uuid": "1572", "obliqueness_angle": 1.5232025384902954, "nonfixated_points_in_view": [], "camera_rotation_original": [1.5707963705062866, -0.03169442340731621, 0.9166212677955627], "point_location": [1.1355481147766113, 2.277404546737671, -1.37511146068573], "skybox_img_path": "./img/high/1572_skybox4.jpg", "resolution": 512, "camera_distance": 0.7027209862975718, "view_id": 48, "point_pitch": -0.5838996609065195, "camera_rotation_from_original_to_final": [-0.4009101688861847, -0.466545432806015, 0.8300647139549255], "camera_location": [1.7115330696105957, 2.323875904083252, -0.9752383232116699], "point_normal": [-0.34670761227607727, -0.666063666343689, 0.6604189276695251], "camera_rotation_final_quaternion": [0.5913594961166382, 0.3195415735244751, 0.3367127776145935, 0.6594024300575256], "skybox_img": 4, "point_uuid": "162", "field_of_view_rads": 0.8526318947095067, "camera_rotation_final": [0.9652780890464783, -0.023178454488515854, 1.6673463582992554]}