{"camera_uuid": "8804", "obliqueness_angle": 1.1720466613769531, "nonfixated_points_in_view": [64], "camera_rotation_original": [1.5707963705062866, -0.15840449929237366, 1.5790523290634155], "point_location": [-0.34234288334846497, 0.8369564414024353, -0.7921566963195801], "skybox_img_path": "./img/high/8804_skybox4.jpg", "resolution": 512, "camera_distance": 0.6861253780892822, "view_id": 30, "point_pitch": -0.4351045330378671, "camera_rotation_from_original_to_final": [0.0078023760579526424, -0.382438600063324, -0.3708397448062897], "camera_location": [0.2529611587524414, 0.6115621328353882, -0.5360735654830933], "point_normal": [0.04777548089623451, 0.07583989202976227, 0.9959748387336731], "camera_rotation_final_quaternion": [0.6412445306777954, 0.4849793314933777, 0.27960607409477234, 0.5248056650161743], "skybox_img": 4, "point_uuid": "121", "field_of_view_rads": 1.1498058012590282, "camera_rotation_final": [1.183670997619629, -0.15102145075798035, 1.2701160907745361]}