{"camera_uuid": "8888", "obliqueness_angle": 1.3350906372070312, "nonfixated_points_in_view": [], "camera_rotation_original": [1.5707963705062866, -0.1595860719680786, -0.809381902217865], "point_location": [3.2907848358154297, 0.7151510119438171, -0.953556478023529], "skybox_img_path": "./img/high/8888_skybox4.jpg", "resolution": 512, "camera_distance": 0.8899797891338842, "view_id": 9, "point_pitch": -0.06796388228866057, "camera_rotation_from_original_to_final": [0.026327302679419518, 0.005343221127986908, -0.542201042175293], "camera_location": [2.422147035598755, 0.5218363404273987, -0.9662781357765198], "point_normal": [-0.31622445583343506, 0.4023386836051941, -0.8591424822807312], "camera_rotation_final_quaternion": [0.5764299631118774, 0.5238116979598999, -0.4824608564376831, -0.40072596073150635], "skybox_img": 4, "point_uuid": "195", "field_of_view_rads": 1.384811670309553, "camera_rotation_final": [1.585226058959961, -0.13682639598846436, -1.353784203529358]}