{"camera_uuid": "14412", "obliqueness_angle": 0.7488431930541992, "nonfixated_points_in_view": [], "camera_rotation_original": [1.5707963705062866, -0.0097280852496624, 1.195708990097046], "point_location": [5.635040283203125, 1.0644794702529907, -1.395928978919983], "skybox_img_path": "./img/high/14412_skybox4.jpg", "resolution": 512, "camera_distance": 0.5196199001477462, "view_id": 6, "point_pitch": -0.7006689747187753, "camera_rotation_from_original_to_final": [-0.2997908294200897, -0.6471997499465942, 0.4585205316543579], "camera_location": [6.0310235023498535, 1.0571155548095703, -1.0595543384552002], "point_normal": [0.9823573231697083, 0.185846209526062, -0.02086620032787323], "camera_rotation_final_quaternion": [0.6438812017440796, 0.30141913890838623, 0.29235729575157166, 0.63960200548172], "skybox_img": 4, "point_uuid": "116", "field_of_view_rads": 1.48952952790217, "camera_rotation_final": [0.8666621446609497, -0.009090003557503223, 1.559922695159912]}