{"camera_uuid": "11094", "obliqueness_angle": 1.2652941942214966, "nonfixated_points_in_view": [18], "camera_rotation_original": [1.5707963705062866, -0.07497600466012955, -0.7218676209449768], "point_location": [1.9191844463348389, 0.03978348895907402, -1.4310652017593384], "skybox_img_path": "./img/high/11094_skybox4.jpg", "resolution": 512, "camera_distance": 0.7377062884850661, "view_id": 4, "point_pitch": -0.26549093326064543, "camera_rotation_from_original_to_final": [-0.19795413315296173, 0.16841675341129303, -0.1107635572552681], "camera_location": [1.399690866470337, -0.44867560267448425, -1.2420024871826172], "point_normal": [-0.03025132790207863, -0.0354352742433548, 0.9989140033721924], "camera_rotation_final_quaternion": [0.7390888333320618, 0.5499483942985535, -0.2634665071964264, -0.2861640453338623], "skybox_img": 4, "point_uuid": "175", "field_of_view_rads": 1.3435070464124403, "camera_rotation_final": [1.3108772039413452, -0.07476905733346939, -0.7963156700134277]}