{"camera_uuid": "15106", "obliqueness_angle": 1.040933609008789, "nonfixated_points_in_view": [], "camera_rotation_original": [1.5707963705062866, -0.07643868029117584, 2.5639970302581787], "point_location": [6.481565952301025, 0.8570258617401123, -1.4156475067138672], "skybox_img_path": "./img/high/15106_skybox4.jpg", "resolution": 512, "camera_distance": 0.861555578595018, "view_id": 17, "point_pitch": -0.4951578815791269, "camera_rotation_from_original_to_final": [0.4592185616493225, -0.2816244065761566, 0.43849921226501465], "camera_location": [6.535487651824951, 1.5969369411468506, -0.977581262588501], "point_normal": [-0.010680751875042915, -0.002730970038101077, 0.9999393224716187], "camera_rotation_final_quaternion": [-0.0014273447450250387, 0.0368453674018383, 0.49438101053237915, 0.868462860584259], "skybox_img": 4, "point_uuid": "134", "field_of_view_rads": 0.9320269806742028, "camera_rotation_final": [1.0361336469650269, -0.06545570492744446, 3.1075611114501953]}