{"camera_uuid": "8442", "obliqueness_angle": 1.137149691581726, "nonfixated_points_in_view": [120], "camera_rotation_original": [1.5707963705062866, -0.09306233376264572, 1.0157150030136108], "point_location": [-0.4054321348667145, 1.2653040885925293, -0.6841932535171509], "skybox_img_path": "./img/high/8442_skybox4.jpg", "resolution": 512, "camera_distance": 0.9499182066715998, "view_id": 28, "point_pitch": -0.4167991121623178, "camera_rotation_from_original_to_final": [-0.21542611718177795, -0.34419718384742737, -0.12202246487140656], "camera_location": [0.2534925639629364, 0.6917882561683655, -0.3110412359237671], "point_normal": [0.040700461715459824, 0.0009101604809984565, 0.9991709589958191], "camera_rotation_final_quaternion": [0.7411569356918335, 0.51228266954422, 0.20286406576633453, 0.3835349380970001], "skybox_img": 4, "point_uuid": "104", "field_of_view_rads": 0.6025778511851491, "camera_rotation_final": [1.16526460647583, -0.09237973392009735, 0.8941725492477417]}