{"camera_uuid": "8394", "obliqueness_angle": 1.2395498752593994, "nonfixated_points_in_view": [], "camera_rotation_original": [1.5707963705062866, -0.11345414072275162, -0.4723215699195862], "point_location": [2.6072916984558105, 0.47235140204429626, -1.3380800485610962], "skybox_img_path": "./img/high/8394_skybox4.jpg", "resolution": 512, "camera_distance": 0.9549540008050813, "view_id": 12, "point_pitch": -0.6695319851252695, "camera_rotation_from_original_to_final": [-0.6464847326278687, 0.2744024097919464, 0.09034933149814606], "camera_location": [2.39028000831604, -0.22888381779193878, -0.7272509336471558], "point_normal": [-0.9810226559638977, -0.18625010550022125, -0.0539044626057148], "camera_rotation_final_quaternion": [0.9026374816894531, 0.41411125659942627, -0.09322365373373032, -0.07118135690689087], "skybox_img": 4, "point_uuid": "87", "field_of_view_rads": 1.6924921945557647, "camera_rotation_final": [0.8717334866523743, -0.10955937206745148, -0.20845915377140045]}