{"camera_uuid": "7736", "obliqueness_angle": 1.3323427438735962, "nonfixated_points_in_view": [], "camera_rotation_original": [1.5707963705062866, -0.10570748150348663, -1.7723078727722168], "point_location": [0.7851385474205017, 1.2789015769958496, -1.4171496629714966], "skybox_img_path": "./img/high/7736_skybox4.jpg", "resolution": 512, "camera_distance": 0.6917253474516983, "view_id": 10, "point_pitch": -0.21093217929336028, "camera_rotation_from_original_to_final": [0.08348368108272552, 0.2719699442386627, 0.7480790019035339], "camera_location": [0.21504899859428406, 0.9380732178688049, -1.2239713668823242], "point_normal": [0.04163115471601486, 0.017202280461788177, 0.9989850521087646], "camera_rotation_final_quaternion": [0.7108253836631775, 0.5099295377731323, -0.31675979495048523, -0.36655476689338684], "skybox_img": 4, "point_uuid": "187", "field_of_view_rads": 0.9476384761560841, "camera_rotation_final": [1.28690767288208, -0.07656237483024597, -1.0096458196640015]}