{"camera_uuid": "11834", "obliqueness_angle": 1.1676019430160522, "nonfixated_points_in_view": [90], "camera_rotation_original": [1.5707963705062866, -0.16399355232715607, 0.2517282962799072], "point_location": [4.591547966003418, 0.7892270088195801, -1.4046629667282104], "skybox_img_path": "./img/high/11834_skybox4.jpg", "resolution": 512, "camera_distance": 0.6783765229699573, "view_id": 14, "point_pitch": -0.5930101116511484, "camera_rotation_from_original_to_final": [-0.46740370988845825, -0.08470597863197327, -0.8372073173522949], "camera_location": [4.2518463134765625, 0.29007014632225037, -1.09540593624115], "point_normal": [0.5981144309043884, -0.7100459337234497, 0.3716098964214325], "camera_rotation_final_quaternion": [0.8300256133079529, 0.4874233901500702, -0.18568618595600128, -0.1974753886461258], "skybox_img": 4, "point_uuid": "159", "field_of_view_rads": 1.949514490688795, "camera_rotation_final": [1.0939691066741943, -0.11600031703710556, -0.5378347039222717]}