{"camera_uuid": "9639", "obliqueness_angle": 1.0351591110229492, "nonfixated_points_in_view": [], "camera_rotation_original": [1.5707963705062866, 0.09201575070619583, -1.0511119365692139], "point_location": [-0.4054321348667145, 1.2653040885925293, -0.6841932535171509], "skybox_img_path": "./img/high/9639_skybox4.jpg", "resolution": 512, "camera_distance": 0.6585967078544109, "view_id": 23, "point_pitch": -0.6113354404780527, "camera_rotation_from_original_to_final": [-0.30409368872642517, 0.4629811644554138, 0.7166699767112732], "camera_location": [-0.5531144142150879, 0.7227739095687866, -0.34126386046409607], "point_normal": [0.040700461715459824, 0.0009101604809984565, 0.9991709589958191], "camera_rotation_final_quaternion": [0.8590232133865356, 0.48741888999938965, -0.04554443806409836, -0.14975863695144653], "skybox_img": 4, "point_uuid": "104", "field_of_view_rads": 2.056502920039658, "camera_rotation_final": [1.0217242240905762, 0.06779483705759048, -0.30719417333602905]}