{"camera_uuid": "13630", "obliqueness_angle": 0.9517706632614136, "nonfixated_points_in_view": [], "camera_rotation_original": [1.5707963705062866, -0.09451047331094742, -2.907536745071411], "point_location": [5.022676944732666, -0.4345104992389679, -1.360304355621338], "skybox_img_path": "./img/high/13630_skybox4.jpg", "resolution": 512, "camera_distance": 0.9758020491937394, "view_id": 28, "point_pitch": -0.5498308380458017, "camera_rotation_from_original_to_final": [0.5528731346130371, 0.13740864396095276, 0.20532000064849854], "camera_location": [4.705357074737549, 0.3245207369327545, -0.835547924041748], "point_normal": [0.020464561879634857, 0.0647537112236023, 0.9976915121078491], "camera_rotation_final_quaternion": [0.21924476325511932, 0.06863675266504288, -0.47581955790519714, -0.849009096622467], "skybox_img": 4, "point_uuid": "62", "field_of_view_rads": 0.6025778511851491, "camera_rotation_final": [1.0002824068069458, -0.09222612529993057, -2.6865878105163574]}