{"camera_uuid": "4973", "obliqueness_angle": 1.2067145109176636, "nonfixated_points_in_view": [], "camera_rotation_original": [1.5707963705062866, 0.07385805994272232, 2.844136953353882], "point_location": [1.8005895614624023, 0.6414239406585693, -0.9798945188522339], "skybox_img_path": "./img/high/4973_skybox4.jpg", "resolution": 512, "camera_distance": 0.7247658480921134, "view_id": 102, "point_pitch": -0.3585647781703134, "camera_rotation_from_original_to_final": [0.35511502623558044, -0.11012371629476547, -0.1768759787082672], "camera_location": [2.09668231010437, 1.2484995126724243, -0.7170754671096802], "point_normal": [-0.012308535166084766, -0.0017647614004090428, 0.9999226927757263], "camera_rotation_final_quaternion": [0.2168649286031723, 0.10546974837779999, 0.5545836687088013, 0.7964186668395996], "skybox_img": 4, "point_uuid": "193", "field_of_view_rads": 0.8242376375781212, "camera_rotation_final": [1.1986838579177856, 0.0726071149110794, 2.659498453140259]}