{"camera_uuid": "3264", "obliqueness_angle": 1.4572778940200806, "nonfixated_points_in_view": [], "camera_rotation_original": [1.5707963705062866, 0.006258954294025898, -1.9601372480392456], "point_location": [3.4670467376708984, 1.0758438110351562, -0.6993377804756165], "skybox_img_path": "./img/high/3264_skybox4.jpg", "resolution": 512, "camera_distance": 0.7768956029560283, "view_id": 28, "point_pitch": 0.15327258507278962, "camera_rotation_from_original_to_final": [-0.05840262025594711, -0.13721105456352234, -0.7384436726570129], "camera_location": [3.1404192447662354, 1.7712377309799194, -0.8147005438804626], "point_normal": [-0.6784085035324097, -0.30312207341194153, -0.6692376136779785], "camera_rotation_final_quaternion": [0.1406267285346985, 0.16677092015743256, -0.7392113208770752, -0.6371642351150513], "skybox_img": 4, "point_uuid": "78", "field_of_view_rads": 0.6025778511851491, "camera_rotation_final": [1.7198408842086792, 0.004615208134055138, -2.7017831802368164]}