{"camera_uuid": "1081", "obliqueness_angle": 1.0803617238998413, "nonfixated_points_in_view": [], "camera_rotation_original": [1.5707963705062866, 0.09108063578605652, -1.0956239700317383], "point_location": [2.2359414100646973, 3.1619937419891357, -1.4091827869415283], "skybox_img_path": "./img/high/1081_skybox4.jpg", "resolution": 512, "camera_distance": 0.9988708677906944, "view_id": 1, "point_pitch": -0.5233675678584238, "camera_rotation_from_original_to_final": [-0.2359449863433838, 0.4422277510166168, 0.2570086121559143], "camera_location": [1.6166974306106567, 2.53983998298645, -0.9325229525566101], "point_normal": [0.1874009370803833, -0.20707298815250397, 0.9602092504501343], "camera_rotation_final_quaternion": [0.776983380317688, 0.48175230622291565, -0.17121726274490356, -0.36728212237358093], "skybox_img": 4, "point_uuid": "91", "field_of_view_rads": 1.5766701541034631, "camera_rotation_final": [1.0712250471115112, 0.08792532980442047, -0.8309406638145447]}