{"camera_uuid": "8749", "obliqueness_angle": 1.1257110834121704, "nonfixated_points_in_view": [], "camera_rotation_original": [1.5707963705062866, -0.08661536872386932, -2.0021047592163086], "point_location": [2.9207348823547363, -0.5152132511138916, -0.5628843903541565], "skybox_img_path": "./img/high/8749_skybox4.jpg", "resolution": 512, "camera_distance": 0.9046208705479722, "view_id": 40, "point_pitch": -0.17576043208571868, "camera_rotation_from_original_to_final": [0.0759047344326973, 0.16598451137542725, 0.07491309940814972], "camera_location": [2.08902907371521, -0.1994786262512207, -0.3988233804702759], "point_normal": [-0.26315274834632874, 0.039460260421037674, 0.9639468193054199], "camera_rotation_final_quaternion": [0.4638175964355469, 0.33990049362182617, -0.5420224666595459, -0.6128234267234802], "skybox_img": 4, "point_uuid": "152", "field_of_view_rads": 0.9320269806742028, "camera_rotation_final": [1.3877394199371338, -0.08630824089050293, -1.9176570177078247]}