{"camera_uuid": "10014", "obliqueness_angle": 0.9078480005264282, "nonfixated_points_in_view": [], "camera_rotation_original": [1.5707963705062866, 0.1657991260290146, 0.706308901309967], "point_location": [1.8005895614624023, 0.6414239406585693, -0.9798945188522339], "skybox_img_path": "./img/high/10014_skybox4.jpg", "resolution": 512, "camera_distance": 0.31378087457502, "view_id": 15, "point_pitch": -0.6288263042781015, "camera_rotation_from_original_to_final": [-0.5579051971435547, -0.38984617590904236, -0.07428275048732758], "camera_location": [1.9255164861679077, 0.42905110120773315, -0.7856022715568542], "point_normal": [-0.012308535166084766, -0.0017647614004090428, 0.9999226927757263], "camera_rotation_final_quaternion": [0.8876024484634399, 0.40728622674942017, 0.1565866619348526, 0.14751411974430084], "skybox_img": 4, "point_uuid": "193", "field_of_view_rads": 2.0654331783647693, "camera_rotation_final": [0.8930299282073975, 0.15847496688365936, 0.4053720235824585]}