{"camera_uuid": "1728", "obliqueness_angle": 0.9132453799247742, "nonfixated_points_in_view": [], "camera_rotation_original": [1.5707963705062866, -0.022303136065602303, 0.06028163805603981], "point_location": [2.066779375076294, 2.579990863800049, -1.4030261039733887], "skybox_img_path": "./img/high/1728_skybox4.jpg", "resolution": 512, "camera_distance": 0.745162492527153, "view_id": 23, "point_pitch": -0.6298920353266855, "camera_rotation_from_original_to_final": [-0.6418627500534058, -0.036403972655534744, 0.6198240518569946], "camera_location": [2.4361865520477295, 2.111685037612915, -0.9563773274421692], "point_normal": [0.0033442084677517414, -0.016241353005170822, 0.9998626112937927], "camera_rotation_final_quaternion": [0.8414827585220337, 0.4244612157344818, 0.14189350605010986, 0.3026643395423889], "skybox_img": 4, "point_uuid": "51", "field_of_view_rads": 2.056502920039658, "camera_rotation_final": [0.9279245138168335, -0.01813766360282898, 0.6814680099487305]}