{"camera_uuid": "12484", "obliqueness_angle": 1.1065362691879272, "nonfixated_points_in_view": [59], "camera_rotation_original": [1.5707963705062866, -0.15765002369880676, -1.5690280199050903], "point_location": [4.966612815856934, 0.5080769658088684, -1.3585069179534912], "skybox_img_path": "./img/high/12484_skybox4.jpg", "resolution": 512, "camera_distance": 0.6044164067584212, "view_id": 17, "point_pitch": -0.1277227838847299, "camera_rotation_from_original_to_final": [-0.0012141361366957426, 0.1396767944097519, 0.0651404857635498], "camera_location": [4.369422912597656, 0.4680494964122772, -1.2743569612503052], "point_normal": [-0.30664733052253723, -0.5435833930969238, 0.7813350558280945], "camera_rotation_final_quaternion": [0.5903378129005432, 0.4421429932117462, -0.48466184735298157, -0.47022736072540283], "skybox_img": 4, "point_uuid": "115", "field_of_view_rads": 1.5766701541034631, "camera_rotation_final": [1.4293653964996338, -0.15705786645412445, -1.4816035032272339]}