{"camera_uuid": "8028", "obliqueness_angle": 1.3625645637512207, "nonfixated_points_in_view": [64], "camera_rotation_original": [1.5707963705062866, -0.0825648084282875, 0.6235076189041138], "point_location": [-0.30368760228157043, 1.3439174890518188, -0.7665223479270935], "skybox_img_path": "./img/high/8028_skybox4.jpg", "resolution": 512, "camera_distance": 0.4896560844855918, "view_id": 15, "point_pitch": -0.7128614624354501, "camera_rotation_from_original_to_final": [-0.6140333414077759, -0.4149232506752014, 0.25971442461013794], "camera_location": [-0.056614819914102554, 1.0733888149261475, -0.4416649043560028], "point_normal": [0.9422652125358582, 0.29410141706466675, -0.16012726724147797], "camera_rotation_final_quaternion": [0.8311178684234619, 0.38993191719055176, 0.1274091750383377, 0.3754504919052124], "skybox_img": 4, "point_uuid": "180", "field_of_view_rads": 0.9239011772765595, "camera_rotation_final": [0.8424612283706665, -0.0811050608754158, 0.8122475147247314]}