{"camera_uuid": "5214", "obliqueness_angle": 0.7118563652038574, "nonfixated_points_in_view": [], "camera_rotation_original": [1.5707963705062866, -0.06084770709276199, -2.4575698375701904], "point_location": [0.48665541410446167, 2.050424337387085, -1.4244725704193115], "skybox_img_path": "./img/high/5214_skybox4.jpg", "resolution": 512, "camera_distance": 0.9344819265283103, "view_id": 41, "point_pitch": -0.1815376718852182, "camera_rotation_from_original_to_final": [0.16507995128631592, 0.12701326608657837, 0.4521472156047821], "camera_location": [-0.3388035297393799, 2.443716287612915, -1.2316113710403442], "point_normal": [-0.7508701086044312, -0.09726908802986145, 0.6532478928565979], "camera_rotation_final_quaternion": [0.4327687919139862, 0.32123154401779175, -0.5418661236763, -0.6449050903320312], "skybox_img": 4, "point_uuid": "167", "field_of_view_rads": 0.9320269806742028, "camera_rotation_final": [1.3626035451889038, -0.054705020040273666, -2.0038788318634033]}