{"camera_uuid": "13829", "obliqueness_angle": 0.3241044580936432, "nonfixated_points_in_view": [], "camera_rotation_original": [1.5707963705062866, 0.11370477080345154, 0.8055745959281921], "point_location": [4.119651794433594, 0.2007019966840744, -1.4227880239486694], "skybox_img_path": "./img/high/13829_skybox4.jpg", "resolution": 512, "camera_distance": 0.7567366977969961, "view_id": 1, "point_pitch": -0.5887116630885263, "camera_rotation_from_original_to_final": [-0.3709729015827179, -0.3709881603717804, 0.7659849524497986], "camera_location": [4.7752580642700195, 0.15347832441329956, -1.0478203296661377], "point_normal": [0.7541288733482361, -0.3601498007774353, 0.5491645932197571], "camera_rotation_final_quaternion": [0.6631128191947937, 0.3491916060447693, 0.36098769307136536, 0.5550085306167603], "skybox_img": 4, "point_uuid": "23", "field_of_view_rads": 1.6316217442386929, "camera_rotation_final": [1.0499929189682007, 0.09126919507980347, 1.446655511856079]}