{"camera_uuid": "10470", "obliqueness_angle": 1.116896390914917, "nonfixated_points_in_view": [], "camera_rotation_original": [1.5707963705062866, 0.1640264391899109, -1.6290836334228516], "point_location": [2.745572328567505, -0.016294807195663452, -0.9296797513961792], "skybox_img_path": "./img/high/10470_skybox4.jpg", "resolution": 512, "camera_distance": 0.9926805735339642, "view_id": 40, "point_pitch": 0.16230090061691804, "camera_rotation_from_original_to_final": [-0.02741340547800064, -0.23288141191005707, 0.4387305974960327], "camera_location": [1.8484265804290771, -0.3734096884727478, -1.1599256992340088], "point_normal": [-0.5854119062423706, 0.6019739508628845, -0.5430656671524048], "camera_rotation_final_quaternion": [0.48526397347450256, 0.6808072924613953, -0.39047837257385254, -0.3854178786277771], "skybox_img": 4, "point_uuid": "102", "field_of_view_rads": 1.7513250082996996, "camera_rotation_final": [1.8074489831924438, 0.14634224772453308, -1.1568132638931274]}