{"camera_uuid": "4889", "obliqueness_angle": 0.826859712600708, "nonfixated_points_in_view": [97, 42], "camera_rotation_original": [1.5707963705062866, 0.09228682518005371, -1.0832881927490234], "point_location": [-0.014790859073400497, 3.0187888145446777, -1.4541010856628418], "skybox_img_path": "./img/high/4889_skybox4.jpg", "resolution": 512, "camera_distance": 0.6798461695974117, "view_id": 36, "point_pitch": -0.7451307018611093, "camera_rotation_from_original_to_final": [-0.3817712664604187, 0.6552095413208008, -0.08174348622560501], "camera_location": [-0.4415431022644043, 2.757230281829834, -0.9940353631973267], "point_normal": [-0.0014163268497213721, 0.001087893615476787, 0.9999983906745911], "camera_rotation_final_quaternion": [0.7692739963531494, 0.3624146580696106, -0.17405593395233154, -0.4965658485889435], "skybox_img": 4, "point_uuid": "3", "field_of_view_rads": 0.9476384761560841, "camera_rotation_final": [0.823564350605011, 0.09226289391517639, -1.1060904264450073]}