{"camera_uuid": "15376", "obliqueness_angle": 1.1942538022994995, "nonfixated_points_in_view": [92], "camera_rotation_original": [1.5707963705062866, 0.06410941481590271, -0.36079320311546326], "point_location": [5.577847957611084, 0.5073602795600891, -0.8285789489746094], "skybox_img_path": "./img/high/15376_skybox4.jpg", "resolution": 512, "camera_distance": 0.8922344678683928, "view_id": 17, "point_pitch": -0.3765711029383798, "camera_rotation_from_original_to_final": [-0.33179017901420593, 0.12186562269926071, 0.37266191840171814], "camera_location": [5.604823112487793, -0.329521507024765, -0.5203848481178284], "point_normal": [0.047805894166231155, -0.0227388683706522, 0.9985978007316589], "camera_rotation_final_quaternion": [0.8200869560241699, 0.571435809135437, 0.027422824874520302, -0.012901662848889828], "skybox_img": 4, "point_uuid": "11", "field_of_view_rads": 1.0039714359666843, "camera_rotation_final": [1.2174537181854248, 0.059758707880973816, 0.010198178701102734]}