{"camera_uuid": "8430", "obliqueness_angle": 1.4682239294052124, "nonfixated_points_in_view": [120], "camera_rotation_original": [1.5707963705062866, 0.056389935314655304, 0.29457151889801025], "point_location": [-0.4054321348667145, 1.2653040885925293, -0.6841932535171509], "skybox_img_path": "./img/high/8430_skybox4.jpg", "resolution": 512, "camera_distance": 0.7996005605920892, "view_id": 58, "point_pitch": -0.10321728785964446, "camera_rotation_from_original_to_final": [-0.06549534201622009, -0.02994689717888832, 0.6037073135375977], "camera_location": [0.2178085595369339, 0.7676272392272949, -0.6271860003471375], "point_normal": [0.040700461715459824, 0.0009101604809984565, 0.9991709589958191], "camera_rotation_final_quaternion": [0.6667331457138062, 0.6069798469543457, 0.3097228407859802, 0.30185118317604065], "skybox_img": 4, "point_uuid": "104", "field_of_view_rads": 1.6719092344888167, "camera_rotation_final": [1.499363660812378, 0.04658664017915726, 0.8936197757720947]}