{"camera_uuid": "9562", "obliqueness_angle": 1.3382437229156494, "nonfixated_points_in_view": [], "camera_rotation_original": [1.5707963705062866, 0.09442835301160812, 1.123234510421753], "point_location": [-0.34234288334846497, 0.8369564414024353, -0.7921566963195801], "skybox_img_path": "./img/high/9562_skybox4.jpg", "resolution": 512, "camera_distance": 0.9372697944926758, "view_id": 14, "point_pitch": -0.22149722178908782, "camera_rotation_from_original_to_final": [-0.10605756938457489, -0.26694256067276, -0.7231488227844238], "camera_location": [-0.0066991765052080154, 0.0027129792142659426, -0.5278542637825012], "point_normal": [0.04777548089623451, 0.07583989202976227, 0.9959748387336731], "camera_rotation_final_quaternion": [0.790954053401947, 0.5838049054145813, 0.13481783866882324, 0.12404695898294449], "skybox_img": 4, "point_uuid": "121", "field_of_view_rads": 1.274054123740192, "camera_rotation_final": [1.284235954284668, 0.06848450750112534, 0.3623541295528412]}