{"camera_uuid": "13856", "obliqueness_angle": 0.8903580904006958, "nonfixated_points_in_view": [118], "camera_rotation_original": [1.5707963705062866, 0.043071746826171875, 0.09561558812856674], "point_location": [-0.11395721882581711, -0.04560520127415657, -1.4123445749282837], "skybox_img_path": "./img/high/13856_skybox4.jpg", "resolution": 512, "camera_distance": 0.9145602397390131, "view_id": 19, "point_pitch": -0.6534251411769052, "camera_rotation_from_original_to_final": [-0.655775249004364, -0.04965271055698395, -0.06035635992884636], "camera_location": [-0.09793620556592941, -0.7694366574287415, -0.8535675406455994], "point_normal": [-0.009451550431549549, -0.023393457755446434, 0.9996817111968994], "camera_rotation_final_quaternion": [0.8973758816719055, 0.440713107585907, 0.01680799201130867, -0.014349984005093575], "skybox_img": 4, "point_uuid": "192", "field_of_view_rads": 1.7927549318813307, "camera_rotation_final": [0.9127912521362305, 0.04282771795988083, -0.010949915274977684]}