{"camera_uuid": "9411", "obliqueness_angle": 0.8429142832756042, "nonfixated_points_in_view": [99], "camera_rotation_original": [1.5707963705062866, 0.060084711760282516, -2.746204137802124], "point_location": [2.624671697616577, -0.7024632096290588, -0.5636605024337769], "skybox_img_path": "./img/high/9411_skybox4.jpg", "resolution": 512, "camera_distance": 0.4799572419011637, "view_id": 23, "point_pitch": -0.5234014232966562, "camera_rotation_from_original_to_final": [0.5190860629081726, 0.20425401628017426, -0.4717685282230377], "camera_location": [2.677903413772583, -0.29787904024124146, -0.31100067496299744], "point_normal": [-0.34883588552474976, 0.9258549809455872, -0.14528000354766846], "camera_rotation_final_quaternion": [-0.08321985602378845, -0.017230365425348282, -0.4863048493862152, -0.8696466088294983], "skybox_img": 4, "point_uuid": "60", "field_of_view_rads": 2.056502920039658, "camera_rotation_final": [1.0156041383743286, 0.05099387839436531, -3.304018259048462]}