{"camera_uuid": "10603", "obliqueness_angle": 0.9542863965034485, "nonfixated_points_in_view": [], "camera_rotation_original": [1.5707963705062866, 0.06964905560016632, -1.3297629356384277], "point_location": [0.580907940864563, -0.050188999623060226, -1.4085019826889038], "skybox_img_path": "./img/high/10603_skybox4.jpg", "resolution": 512, "camera_distance": 0.49959729926060775, "view_id": 35, "point_pitch": -0.4189144810053964, "camera_rotation_from_original_to_final": [-0.11084513366222382, 0.4302144944667816, -0.36868709325790405], "camera_location": [0.13200996816158295, -0.003819336649030447, -1.194170594215393], "point_normal": [-0.16356271505355835, 0.2954562306404114, 0.941250741481781], "camera_rotation_final_quaternion": [0.5432801246643066, 0.3718894124031067, -0.38365888595581055, -0.6475730538368225], "skybox_img": 4, "point_uuid": "57", "field_of_view_rads": 1.794124606241639, "camera_rotation_final": [1.1264017820358276, 0.06482802331447601, -1.7045650482177734]}