{"camera_uuid": "10050", "obliqueness_angle": 0.8258328437805176, "nonfixated_points_in_view": [], "camera_rotation_original": [1.5707963705062866, -0.14011776447296143, 1.936911702156067], "point_location": [4.528530120849609, 1.0438001155853271, -1.4141380786895752], "skybox_img_path": "./img/high/10050_skybox4.jpg", "resolution": 512, "camera_distance": 0.5556914820551466, "view_id": 30, "point_pitch": -0.721039934954371, "camera_rotation_from_original_to_final": [0.34640273451805115, -0.6514793634414673, -0.13700196146965027], "camera_location": [4.922242164611816, 1.1784064769744873, -1.0458108186721802], "point_normal": [0.012244894169270992, 0.0278637632727623, 0.9995367527008057], "camera_rotation_final_quaternion": [0.4587767720222473, 0.2689221203327179, 0.3102699816226959, 0.7879957556724548], "skybox_img": 4, "point_uuid": "140", "field_of_view_rads": 1.1498058012590282, "camera_rotation_final": [0.8374806642532349, -0.13958244025707245, 2.024921178817749]}