{"camera_uuid": "13196", "obliqueness_angle": 0.9689198732376099, "nonfixated_points_in_view": [56], "camera_rotation_original": [1.5707963705062866, -0.0014630522346124053, -2.225231885910034], "point_location": [1.1332991123199463, -0.8327366709709167, -1.4375404119491577], "skybox_img_path": "./img/high/13196_skybox4.jpg", "resolution": 512, "camera_distance": 0.9627123371676792, "view_id": 35, "point_pitch": -0.5104932030055185, "camera_rotation_from_original_to_final": [0.3290693461894989, 0.3986344635486603, 0.5959605574607849], "camera_location": [0.300282746553421, -0.727620542049408, -0.9665315747261047], "point_normal": [-0.5603585243225098, 0.8280418515205383, -0.018577322363853455], "camera_rotation_final_quaternion": [0.5711708664894104, 0.3339429795742035, -0.37928372621536255, -0.6468305587768555], "skybox_img": 4, "point_uuid": "147", "field_of_view_rads": 1.1399099232606629, "camera_rotation_final": [1.0595641136169434, -0.0012626263778656721, -1.6956120729446411]}