{"camera_uuid": "10281", "obliqueness_angle": 1.0668439865112305, "nonfixated_points_in_view": [], "camera_rotation_original": [1.5707963705062866, 0.08003786206245422, -0.5954920649528503], "point_location": [1.6843894720077515, 1.1254421472549438, -1.4068831205368042], "skybox_img_path": "./img/high/10281_skybox4.jpg", "resolution": 512, "camera_distance": 0.9440079980578078, "view_id": 18, "point_pitch": -0.4349791248652597, "camera_rotation_from_original_to_final": [-0.3671848177909851, 0.2472820281982422, -0.08527743816375732], "camera_location": [1.1791470050811768, 0.43654870986938477, -1.005252718925476], "point_normal": [-0.13031253218650818, 0.011851518414914608, 0.9914022088050842], "camera_rotation_final_quaternion": [0.789962112903595, 0.5162322521209717, -0.14414627850055695, -0.29780182242393494], "skybox_img": 4, "point_uuid": "111", "field_of_view_rads": 2.081073338083007, "camera_rotation_final": [1.1298328638076782, 0.07981433719396591, -0.6704111099243164]}