{"camera_uuid": "5879", "obliqueness_angle": 1.109923243522644, "nonfixated_points_in_view": [], "camera_rotation_original": [1.5707963705062866, 0.15487946569919586, -2.876246690750122], "point_location": [2.8440728187561035, 0.5467994809150696, -1.3693242073059082], "skybox_img_path": "./img/high/5879_skybox4.jpg", "resolution": 512, "camera_distance": 0.41343347548380743, "view_id": 3, "point_pitch": -0.057591720423426196, "camera_rotation_from_original_to_final": [0.13239255547523499, 0.062078457325696945, -0.5777111649513245], "camera_location": [2.972130537033081, 0.9354035258293152, -1.3100337982177734], "point_normal": [0.9891408681869507, 0.14696341753005981, 0.0014960329281166196], "camera_rotation_final_quaternion": [-0.16781683266162872, -0.06176261231303215, -0.651521623134613, -0.7372533082962036], "skybox_img": 4, "point_uuid": "6", "field_of_view_rads": 1.0386947080855735, "camera_rotation_final": [1.425695776939392, 0.12795205414295197, -3.478562831878662]}