{"camera_uuid": "9903", "obliqueness_angle": 1.2659534215927124, "nonfixated_points_in_view": [34], "camera_rotation_original": [1.5707963705062866, -0.1170516163110733, -2.6514241695404053], "point_location": [0.2828949987888336, -0.2686469852924347, -1.422070026397705], "skybox_img_path": "./img/high/9903_skybox4.jpg", "resolution": 512, "camera_distance": 0.4642422079925063, "view_id": 29, "point_pitch": -0.5600439747187753, "camera_rotation_from_original_to_final": [0.45831555128097534, 0.23923012614250183, -0.38696742057800293], "camera_location": [0.2646464407444, 0.13542823493480682, -1.194230079650879], "point_normal": [0.3723050653934479, -0.15438079833984375, 0.9151805639266968], "camera_rotation_final_quaternion": [0.07324084639549255, -0.020079441368579865, -0.50419020652771, -0.8602469563484192], "skybox_img": 4, "point_uuid": "105", "field_of_view_rads": 2.0062308946333633, "camera_rotation_final": [1.0544716119766235, -0.10861462354660034, -3.035001277923584]}