{"camera_uuid": "10591", "obliqueness_angle": 1.2223761081695557, "nonfixated_points_in_view": [], "camera_rotation_original": [1.5707963705062866, -0.15699656307697296, -2.6867854595184326], "point_location": [5.518570899963379, 1.8022818565368652, -0.9034366607666016], "skybox_img_path": "./img/high/10591_skybox4.jpg", "resolution": 512, "camera_distance": 0.4240745232521449, "view_id": 70, "point_pitch": -0.5512091358515878, "camera_rotation_from_original_to_final": [0.4123082756996155, 0.16436931490898132, -0.7775644659996033], "camera_location": [5.650273323059082, 2.162421941757202, -0.7223488688468933], "point_normal": [-0.3810344636440277, 0.07813670486211777, 0.9212532639503479], "camera_rotation_final_quaternion": [-0.09402523934841156, -0.12673449516296387, -0.5200278759002686, -0.8394454121589661], "skybox_img": 4, "point_uuid": "103", "field_of_view_rads": 1.3476975839402114, "camera_rotation_final": [1.1264477968215942, -0.11523676663637161, -3.437494993209839]}