{"camera_uuid": "15742", "obliqueness_angle": 0.9763132333755493, "nonfixated_points_in_view": [], "camera_rotation_original": [1.5707963705062866, -0.09317279607057571, -2.8466475009918213], "point_location": [6.403560161590576, -0.3128143846988678, -1.373155951499939], "skybox_img_path": "./img/high/15742_skybox4.jpg", "resolution": 512, "camera_distance": 0.6518823025213026, "view_id": 6, "point_pitch": -0.6575974663111825, "camera_rotation_from_original_to_final": [0.5845121741294861, 0.16829748451709747, -0.5691182017326355], "camera_location": [6.575073719024658, 0.19498085975646973, -1.0021065473556519], "point_normal": [-0.4072767198085785, 0.9103356599807739, -0.07358577847480774], "camera_rotation_final_quaternion": [-0.10162089765071869, -0.09709026664495468, -0.4538446366786957, -0.8799270987510681], "skybox_img": 4, "point_uuid": "113", "field_of_view_rads": 1.6816280418618088, "camera_rotation_final": [0.9631160497665405, -0.07870574295520782, -3.412696123123169]}