{"camera_uuid": "9605", "obliqueness_angle": 1.5372872352600098, "nonfixated_points_in_view": [], "camera_rotation_original": [1.5707963705062866, 0.006203043274581432, -0.30704912543296814], "point_location": [1.8005895614624023, 0.6414239406585693, -0.9798945188522339], "skybox_img_path": "./img/high/9605_skybox4.jpg", "resolution": 512, "camera_distance": 0.8992902136420419, "view_id": 9, "point_pitch": -0.020775361857142016, "camera_rotation_from_original_to_final": [-0.022701753303408623, 0.006485202349722385, -0.47281572222709656], "camera_location": [1.1684417724609375, 0.002157368464395404, -0.9586731195449829], "point_normal": [-0.012308535166084766, -0.0017647614004090428, 0.9999226927757263], "camera_rotation_final_quaternion": [0.6609547734260559, 0.6470045447349548, -0.2637920677661896, -0.27374738454818726], "skybox_img": 4, "point_uuid": "193", "field_of_view_rads": 1.0801451845514387, "camera_rotation_final": [1.5471960306167603, 0.00552235497161746, -0.7799295783042908]}