{"camera_uuid": "5310", "obliqueness_angle": 1.1245721578598022, "nonfixated_points_in_view": [], "camera_rotation_original": [1.5707963705062866, 0.014909317716956139, -2.911557674407959], "point_location": [0.7851385474205017, 1.2789015769958496, -1.4171496629714966], "skybox_img_path": "./img/high/5310_skybox4.jpg", "resolution": 512, "camera_distance": 0.6512865934597986, "view_id": 64, "point_pitch": -0.4797469814631601, "camera_rotation_from_original_to_final": [0.4589744508266449, 0.10534735769033432, 0.7349138259887695], "camera_location": [0.31630027294158936, 1.6214542388916016, -1.1221537590026855], "point_normal": [0.04163115471601486, 0.017202280461788177, 0.9989850521087646], "camera_rotation_final_quaternion": [0.3810823857784271, 0.23978005349636078, -0.4647943675518036, -0.7623961567878723], "skybox_img": 4, "point_uuid": "187", "field_of_view_rads": 1.8936590958975879, "camera_rotation_final": [1.1006994247436523, 0.011365151032805443, -2.207566738128662]}