{"camera_uuid": "10546", "obliqueness_angle": 1.2069456577301025, "nonfixated_points_in_view": [], "camera_rotation_original": [1.5707963705062866, -0.060805998742580414, -2.340160369873047], "point_location": [-0.34234288334846497, 0.8369564414024353, -0.7921566963195801], "skybox_img_path": "./img/high/10546_skybox4.jpg", "resolution": 512, "camera_distance": 0.44165899627888155, "view_id": 40, "point_pitch": -0.36289887031051116, "camera_rotation_from_original_to_final": [0.2855698764324188, 0.2765543460845947, 0.5817718505859375], "camera_location": [-0.7395983338356018, 0.9285378456115723, -0.6222637295722961], "point_normal": [0.04777548089623451, 0.07583989202976227, 0.9959748387336731], "camera_rotation_final_quaternion": [0.5360026955604553, 0.33314454555511475, -0.44348594546318054, -0.6364244222640991], "skybox_img": 4, "point_uuid": "121", "field_of_view_rads": 1.1399099232606629, "camera_rotation_final": [1.1753950119018555, -0.05139932408928871, -1.7759326696395874]}