{"camera_uuid": "13856", "obliqueness_angle": 1.2083117961883545, "nonfixated_points_in_view": [127], "camera_rotation_original": [1.5707963705062866, 0.043071746826171875, 0.09561558812856674], "point_location": [0.14699065685272217, -0.1122998520731926, -1.4476916790008545], "skybox_img_path": "./img/high/13856_skybox4.jpg", "resolution": 512, "camera_distance": 0.9191308092759645, "view_id": 26, "point_pitch": -0.6834058006617685, "camera_rotation_from_original_to_final": [-0.70099276304245, -0.05650712549686432, -0.43424808979034424], "camera_location": [-0.09793620556592941, -0.7694366574287415, -0.8535675406455994], "point_normal": [0.33598119020462036, 0.20910274982452393, 0.9183641672134399], "camera_rotation_final_quaternion": [0.8886055946350098, 0.41553959250450134, -0.06424961984157562, -0.18324561417102814], "skybox_img": 4, "point_uuid": "178", "field_of_view_rads": 1.188507872007912, "camera_rotation_final": [0.8673267364501953, 0.03811570629477501, -0.3890809118747711]}