{"camera_uuid": "4370", "obliqueness_angle": 0.3549467921257019, "nonfixated_points_in_view": [], "camera_rotation_original": [1.5707963705062866, -0.1010838970541954, 1.18622624874115], "point_location": [-0.30368760228157043, 1.3439174890518188, -0.7665223479270935], "skybox_img_path": "./img/high/4370_skybox4.jpg", "resolution": 512, "camera_distance": 0.4927231335946266, "view_id": 89, "point_pitch": -0.033577366671289965, "camera_rotation_from_original_to_final": [-0.03639623150229454, -0.06635720282793045, 0.4219748377799988], "camera_location": [0.18731683492660522, 1.3618606328964233, -0.7295253276824951], "point_normal": [0.9422652125358582, 0.29410141706466675, -0.16012726724147797], "camera_rotation_final_quaternion": [0.48399144411087036, 0.4940779209136963, 0.4672726094722748, 0.5507227778434753], "skybox_img": 4, "point_uuid": "180", "field_of_view_rads": 1.3892123789584023, "camera_rotation_final": [1.4953190088272095, -0.09201786667108536, 1.6142724752426147]}