{"camera_uuid": "5419", "obliqueness_angle": 1.1420291662216187, "nonfixated_points_in_view": [], "camera_rotation_original": [-1.570796251296997, -3.055382251739502, 0.059597164392471313], "point_location": [2.7213988304138184, 0.7782269716262817, -1.3615648746490479], "skybox_img_path": "./img/high/5419_skybox4.jpg", "resolution": 512, "camera_distance": 0.46422135008695614, "view_id": 8, "point_pitch": -0.4963170727107187, "camera_rotation_from_original_to_final": [0.5048719644546509, 0.0388929545879364, 0.10337129235267639], "camera_location": [2.6607351303100586, 1.1796923875808716, -1.1365162134170532], "point_normal": [0.6617732048034668, 0.7121241688728333, -0.2343832552433014], "camera_rotation_final_quaternion": [0.10641570389270782, 0.013270119205117226, -0.5073758363723755, -0.8550259470939636], "skybox_img": 4, "point_uuid": "12", "field_of_view_rads": 1.6816280418618088, "camera_rotation_final": [-2.078944683074951, -3.0561959743499756, 0.19743730127811432]}