{"camera_uuid": "14173", "obliqueness_angle": 0.8272947669029236, "nonfixated_points_in_view": [], "camera_rotation_original": [1.5707963705062866, 0.09908682852983475, 2.974303960800171], "point_location": [5.577847957611084, 0.5073602795600891, -0.8285789489746094], "skybox_img_path": "./img/high/14173_skybox4.jpg", "resolution": 512, "camera_distance": 0.31038943384337075, "view_id": 57, "point_pitch": -0.6758166988703866, "camera_rotation_from_original_to_final": [0.7226402163505554, -0.11822346597909927, -0.5967028737068176], "camera_location": [5.729547023773193, 0.6818284392356873, -0.6214802861213684], "point_normal": [0.047805894166231155, -0.0227388683706522, 0.9985978007316589], "camera_rotation_final_quaternion": [0.3656618297100067, 0.12196473032236099, 0.3892475366592407, 0.8366016745567322], "skybox_img": 4, "point_uuid": "11", "field_of_view_rads": 1.7804764599127723, "camera_rotation_final": [0.8373962044715881, 0.08068166673183441, 2.3533968925476074]}