{"camera_uuid": "6731", "obliqueness_angle": 0.9524431824684143, "nonfixated_points_in_view": [64, 120], "camera_rotation_original": [1.5707963705062866, -0.009525425732135773, 1.3810045719146729], "point_location": [-0.34234288334846497, 0.8369564414024353, -0.7921566963195801], "skybox_img_path": "./img/high/6731_skybox4.jpg", "resolution": 512, "camera_distance": 0.8768725798942915, "view_id": 45, "point_pitch": -0.5645906170222421, "camera_rotation_from_original_to_final": [-0.1182425394654274, -0.5559302568435669, 0.2943280339241028], "camera_location": [0.39545130729675293, 0.8889533877372742, -0.3211348354816437], "point_normal": [0.04777548089623451, 0.07583989202976227, 0.9959748387336731], "camera_rotation_final_quaternion": [0.5942211151123047, 0.3298988342285156, 0.35012316703796387, 0.644578754901886], "skybox_img": 4, "point_uuid": "121", "field_of_view_rads": 2.081073338083007, "camera_rotation_final": [1.0037016868591309, -0.009190527722239494, 1.6470093727111816]}