{"camera_uuid": "2901", "obliqueness_angle": 1.3559949398040771, "nonfixated_points_in_view": [], "camera_rotation_original": [1.5707963705062866, -0.048528991639614105, -1.6816922426223755], "point_location": [1.1355481147766113, 2.277404546737671, -1.37511146068573], "skybox_img_path": "./img/high/2901_skybox4.jpg", "resolution": 512, "camera_distance": 0.6742715896640706, "view_id": 15, "point_pitch": -0.5313095291468759, "camera_rotation_from_original_to_final": [0.06147611886262894, 0.5037038922309875, -0.5178859233856201], "camera_location": [0.6644030213356018, 2.631563901901245, -1.0476429462432861], "point_normal": [-0.34670761227607727, -0.666063666343689, 0.6604189276695251], "camera_rotation_final_quaternion": [0.4035932123661041, 0.2154848277568817, -0.45905882120132446, -0.761540412902832], "skybox_img": 4, "point_uuid": "162", "field_of_view_rads": 1.7197523314966958, "camera_rotation_final": [1.0631765127182007, -0.0423579066991806, -2.1918342113494873]}