{"camera_uuid": "2826", "obliqueness_angle": 1.1092668771743774, "nonfixated_points_in_view": [], "camera_rotation_original": [1.5707963705062866, -0.10673226416110992, 2.5835094451904297], "point_location": [0.7851385474205017, 1.2789015769958496, -1.4171496629714966], "skybox_img_path": "./img/high/2826_skybox4.jpg", "resolution": 512, "camera_distance": 0.958279562388386, "view_id": 72, "point_pitch": -0.39131562312575774, "camera_rotation_from_original_to_final": [0.34293332695961, -0.19757205247879028, -0.032142043113708496], "camera_location": [1.253454566001892, 2.0297887325286865, -1.0495244264602661], "point_normal": [0.012679249048233032, 0.07213246822357178, 0.9973145127296448], "camera_rotation_final_quaternion": [0.18238763511180878, 0.18333974480628967, 0.5239955186843872, 0.8115109205245972], "skybox_img": 4, "point_uuid": "187", "field_of_view_rads": 2.1523097516304066, "camera_rotation_final": [1.1746981143951416, -0.10662571340799332, 2.628417730331421]}