{"camera_uuid": "5885", "obliqueness_angle": 1.4269064664840698, "nonfixated_points_in_view": [131], "camera_rotation_original": [1.5707963705062866, 0.09411583840847015, 0.9083796143531799], "point_location": [3.4955337047576904, 2.483621597290039, -0.9530870914459229], "skybox_img_path": "./img/high/5885_skybox4.jpg", "resolution": 512, "camera_distance": 0.8605912602086736, "view_id": 4, "point_pitch": 0.16973038116959138, "camera_rotation_from_original_to_final": [0.08786066621541977, 0.10330839455127716, -0.3756064474582672], "camera_location": [3.9255764484405518, 1.7472901344299316, -1.0692617893218994], "point_normal": [-0.05499757453799248, -0.04231813922524452, -0.9975893497467041], "camera_rotation_final_quaternion": [0.6418037414550781, 0.7177290916442871, 0.22882722318172455, 0.14349547028541565], "skybox_img": 4, "point_uuid": "46", "field_of_view_rads": 1.7779022957772381, "camera_rotation_final": [1.7067312002182007, 0.08785556256771088, 0.5405978560447693]}