{"camera_uuid": "4583", "obliqueness_angle": 1.3256051540374756, "nonfixated_points_in_view": [], "camera_rotation_original": [1.5707963705062866, 0.13031990826129913, -0.9918524026870728], "point_location": [3.4670467376708984, 1.0758438110351562, -0.6993377804756165], "skybox_img_path": "./img/high/4583_skybox4.jpg", "resolution": 512, "camera_distance": 0.5498287055298406, "view_id": 15, "point_pitch": -0.4832126339289804, "camera_rotation_from_original_to_final": [-0.32613348960876465, 0.45253074169158936, -0.5905311107635498], "camera_location": [2.9995694160461426, 1.0461277961730957, -0.4114254415035248], "point_normal": [-0.6784085035324097, -0.30312207341194153, -0.6692376136779785], "camera_rotation_final_quaternion": [0.5969405770301819, 0.37650829553604126, -0.31051814556121826, -0.6367746591567993], "skybox_img": 4, "point_uuid": "78", "field_of_view_rads": 0.9239011772765595, "camera_rotation_final": [1.016005039215088, 0.10899577289819717, -1.5746259689331055]}