{"camera_uuid": "4073", "obliqueness_angle": 0.8833209276199341, "nonfixated_points_in_view": [], "camera_rotation_original": [1.5707963705062866, 0.001818076940253377, 2.093125343322754], "point_location": [1.8005895614624023, 0.6414239406585693, -0.9798945188522339], "skybox_img_path": "./img/high/4073_skybox4.jpg", "resolution": 512, "camera_distance": 0.9910179062976073, "view_id": 90, "point_pitch": -0.6968712051722665, "camera_rotation_from_original_to_final": [0.3947553336620331, -0.5894124507904053, 0.3043718934059143], "camera_location": [2.2441115379333496, 1.2591307163238525, -0.3444080054759979], "point_normal": [-0.012308535166084766, -0.0017647614004090428, 0.9999226927757263], "camera_rotation_final_quaternion": [0.2784483730792999, 0.12931302189826965, 0.40330520272254944, 0.8620264530181885], "skybox_img": 4, "point_uuid": "193", "field_of_view_rads": 0.595443891140577, "camera_rotation_final": [0.8746740818023682, 0.0016568645369261503, 2.5174944400787354]}