{"camera_uuid": "15715", "obliqueness_angle": 0.971143364906311, "nonfixated_points_in_view": [], "camera_rotation_original": [1.5707963705062866, 0.010027431882917881, -2.9095799922943115], "point_location": [6.496413230895996, -0.9186689257621765, -1.3843356370925903], "skybox_img_path": "./img/high/15715_skybox4.jpg", "resolution": 512, "camera_distance": 0.9408354869059897, "view_id": 20, "point_pitch": -0.5938226421687265, "camera_rotation_from_original_to_final": [0.5759103298187256, 0.12787918746471405, 0.6161110997200012], "camera_location": [5.929437160491943, -0.379176527261734, -0.8621694445610046], "point_normal": [-0.002619897248223424, 0.013651745393872261, 0.9999033808708191], "camera_rotation_final_quaternion": [0.3434143364429474, 0.18810181319713593, -0.4325695335865021, -0.8121378421783447], "skybox_img": 4, "point_uuid": "21", "field_of_view_rads": 1.7927549318813307, "camera_rotation_final": [0.9824065566062927, 0.008428136818110943, -2.3369839191436768]}