{"camera_uuid": "2761", "obliqueness_angle": 0.7408214211463928, "nonfixated_points_in_view": [], "camera_rotation_original": [1.5707963705062866, -0.16522710025310516, -0.964224636554718], "point_location": [2.295008659362793, 2.27626895904541, -1.3962150812149048], "skybox_img_path": "./img/high/2761_skybox4.jpg", "resolution": 512, "camera_distance": 0.9828561160623911, "view_id": 13, "point_pitch": -0.6886858185145517, "camera_rotation_from_original_to_final": [-0.47221457958221436, 0.5248107314109802, -0.17550592124462128], "camera_location": [1.6455076932907104, 1.8846949338912964, -0.7710555791854858], "point_normal": [-0.9679071307182312, -0.2512916922569275, -0.0028668304439634085], "camera_rotation_final_quaternion": [0.8305633664131165, 0.3468734622001648, -0.24828773736953735, -0.35804539918899536], "skybox_img": 4, "point_uuid": "18", "field_of_view_rads": 0.6651429173367224, "camera_rotation_final": [0.8700358867645264, -0.16478930413722992, -0.8907459378242493]}