{"camera_uuid": "5767", "obliqueness_angle": 0.49641990661621094, "nonfixated_points_in_view": [], "camera_rotation_original": [1.5707963705062866, -0.11507672071456909, 1.5139602422714233], "point_location": [-0.30368760228157043, 1.3439174890518188, -0.7665223479270935], "skybox_img_path": "./img/high/5767_skybox4.jpg", "resolution": 512, "camera_distance": 0.9682204828797178, "view_id": 81, "point_pitch": 0.5005803863194327, "camera_rotation_from_original_to_final": [0.04761793091893196, 0.5047779083251953, -0.0123668871819973], "camera_location": [0.5403997898101807, 1.278536081314087, -1.2363017797470093], "point_normal": [0.9422652125358582, 0.29410141706466675, -0.16012726724147797], "camera_rotation_final_quaternion": [0.3489459455013275, 0.6694537997245789, 0.5426149964332581, 0.3682897090911865], "skybox_img": 4, "point_uuid": "180", "field_of_view_rads": 0.8384684589002184, "camera_rotation_final": [2.081058979034424, -0.11467042565345764, 1.4295390844345093]}