{"camera_uuid": "13529", "obliqueness_angle": 0.9910547733306885, "nonfixated_points_in_view": [], "camera_rotation_original": [1.5707963705062866, 0.038737133145332336, -0.18417158722877502], "point_location": [6.319373607635498, 3.116034984588623, -1.4095163345336914], "skybox_img_path": "./img/high/13529_skybox4.jpg", "resolution": 512, "camera_distance": 0.9565568137225753, "view_id": 0, "point_pitch": -0.4921254356715341, "camera_rotation_from_original_to_final": [-0.4890730679035187, 0.09169448167085648, -0.13698510825634003], "camera_location": [6.0732808113098145, 2.3119704723358154, -0.9535343647003174], "point_normal": [0.11794652789831161, -0.12946823239326477, 0.9845438599586487], "camera_rotation_final_quaternion": [0.8468339443206787, 0.5074237585067749, -0.06461920589208603, -0.14566321671009064], "skybox_img": 4, "point_uuid": "112", "field_of_view_rads": 2.078591559549699, "camera_rotation_final": [1.0735098123550415, 0.038391925394535065, -0.31783849000930786]}