{"camera_uuid": "3180", "obliqueness_angle": 1.4238442182540894, "nonfixated_points_in_view": [], "camera_rotation_original": [-1.570796251296997, -3.088353157043457, 0.044216305017471313], "point_location": [3.4670467376708984, 1.0758438110351562, -0.6993377804756165], "skybox_img_path": "./img/high/3180_skybox4.jpg", "resolution": 512, "camera_distance": 0.43032685608202526, "view_id": 63, "point_pitch": -0.049522682032312915, "camera_rotation_from_original_to_final": [0.08225202560424805, -0.007184561342000961, 0.6503053903579712], "camera_location": [3.192308187484741, 1.4051796197891235, -0.664154589176178], "point_normal": [-0.6784085035324097, -0.30312207341194153, -0.6692376136779785], "camera_rotation_final_quaternion": [0.26514434814453125, 0.21727900207042694, -0.6418023109436035, -0.6859869360923767], "skybox_img": 4, "point_uuid": "78", "field_of_view_rads": 1.2336953516850653, "camera_rotation_final": [-1.6527202129364014, -3.0993406772613525, 0.6987296342849731]}