{"camera_uuid": "4033", "obliqueness_angle": 0.2408728152513504, "nonfixated_points_in_view": [], "camera_rotation_original": [1.5707963705062866, 0.14776858687400818, 1.9736825227737427], "point_location": [0.32991182804107666, 2.4133899211883545, -1.3794349431991577], "skybox_img_path": "./img/high/4033_skybox4.jpg", "resolution": 512, "camera_distance": 0.2945978377148558, "view_id": 4, "point_pitch": -0.2269279201838632, "camera_rotation_from_original_to_final": [0.08239249885082245, -0.19849464297294617, 0.09079675376415253], "camera_location": [0.5822020173072815, 2.5519490242004395, -1.3166741132736206], "point_normal": [0.7323230504989624, 0.6650322675704956, 0.14640741050243378], "camera_rotation_final_quaternion": [0.44598475098609924, 0.2778138816356659, 0.562405526638031, 0.63844895362854], "skybox_img": 4, "point_uuid": "151", "field_of_view_rads": 0.9239011772765595, "camera_rotation_final": [1.353719711303711, 0.14744220674037933, 2.0406394004821777]}