{"camera_uuid": "0689", "obliqueness_angle": 0.9185193181037903, "nonfixated_points_in_view": [5], "camera_rotation_original": [1.5707963705062866, -0.02758394181728363, -1.3303297758102417], "point_location": [2.772310256958008, 3.1618707180023193, -1.40426504611969], "skybox_img_path": "./img/high/0689_skybox4.jpg", "resolution": 512, "camera_distance": 0.8671981492978117, "view_id": 5, "point_pitch": -0.6470414837214609, "camera_rotation_from_original_to_final": [-0.18617573380470276, 0.6309014558792114, 0.192149356007576], "camera_location": [2.1656105518341064, 2.8370728492736816, -0.8765771985054016], "point_normal": [-0.01028609462082386, 0.022713176906108856, 0.9996891021728516], "camera_rotation_final_quaternion": [0.776968777179718, 0.37570619583129883, -0.23365817964076996, -0.44784846901893616], "skybox_img": 4, "point_uuid": "32", "field_of_view_rads": 2.119048415795751, "camera_rotation_final": [0.9163597226142883, -0.026574458926916122, -1.0588853359222412]}