{"camera_uuid": "3697", "obliqueness_angle": 1.0561602115631104, "nonfixated_points_in_view": [], "camera_rotation_original": [1.5707963705062866, -0.1580430120229721, 0.6887297630310059], "point_location": [-0.014790859073400497, 3.0187888145446777, -1.4541010856628418], "skybox_img_path": "./img/high/3697_skybox4.jpg", "resolution": 512, "camera_distance": 0.5425808261779382, "view_id": 4, "point_pitch": -0.5318881710383554, "camera_rotation_from_original_to_final": [-0.40045982599258423, -0.335932195186615, -0.06899730116128922], "camera_location": [0.2296994924545288, 2.6152138710021973, -1.1862472295761108], "point_normal": [-0.0014163268497213721, 0.001087893615476787, 0.9999983906745911], "camera_rotation_final_quaternion": [0.8078186511993408, 0.494893878698349, 0.09081269800662994, 0.3070213198661804], "skybox_img": 4, "point_uuid": "3", "field_of_view_rads": 1.7779022957772381, "camera_rotation_final": [1.0473377704620361, -0.15781989693641663, 0.6351443529129028]}