{"camera_uuid": "1875", "obliqueness_angle": 0.8455886840820312, "nonfixated_points_in_view": [], "camera_rotation_original": [1.5707963705062866, -0.1486263871192932, 1.9267752170562744], "point_location": [-0.014790859073400497, 3.0187888145446777, -1.4541010856628418], "skybox_img_path": "./img/high/1875_skybox4.jpg", "resolution": 512, "camera_distance": 0.7046164542636769, "view_id": 9, "point_pitch": -0.7375704487177988, "camera_rotation_from_original_to_final": [0.34345346689224243, -0.6551722288131714, -0.2403801679611206], "camera_location": [0.49995654821395874, 3.1306819915771484, -0.9861273765563965], "point_normal": [-0.0014163268497213721, 0.001087893615476787, 0.9999983906745911], "camera_rotation_final_quaternion": [0.4988921880722046, 0.2876296043395996, 0.29187721014022827, 0.7636645436286926], "skybox_img": 4, "point_uuid": "3", "field_of_view_rads": 1.1263039557204935, "camera_rotation_final": [0.8344882726669312, -0.148621067404747, 1.918250560760498]}