{"camera_uuid": "8294", "obliqueness_angle": 1.2056689262390137, "nonfixated_points_in_view": [], "camera_rotation_original": [1.5707963705062866, 0.07742318511009216, -2.9443910121917725], "point_location": [4.810020923614502, 1.166747808456421, -1.332459807395935], "skybox_img_path": "./img/high/8294_skybox4.jpg", "resolution": 512, "camera_distance": 0.9786679592832277, "view_id": 22, "point_pitch": -0.6034967144343515, "camera_rotation_from_original_to_final": [0.5969781875610352, 0.09797344356775284, 0.04782407358288765], "camera_location": [4.634178638458252, 1.9529489278793335, -0.7767996191978455], "point_normal": [0.7864901423454285, 0.6175901889801025, 0.003958132583647966], "camera_rotation_final_quaternion": [0.055734697729349136, 0.07270809262990952, -0.45915958285331726, -0.8836174011230469], "skybox_img": 4, "point_uuid": "166", "field_of_view_rads": 1.794124606241639, "camera_rotation_final": [0.9649275541305542, 0.0773872509598732, -2.975062370300293]}