{"camera_uuid": "15424", "obliqueness_angle": 0.9020413160324097, "nonfixated_points_in_view": [], "camera_rotation_original": [1.5707963705062866, 0.16751502454280853, -0.30020931363105774], "point_location": [5.577847957611084, 0.5073602795600891, -0.8285789489746094], "skybox_img_path": "./img/high/15424_skybox4.jpg", "resolution": 512, "camera_distance": 0.5518076924758822, "view_id": 63, "point_pitch": -0.7049738605830331, "camera_rotation_from_original_to_final": [-0.6118911504745483, 0.2005019187927246, 0.389448344707489], "camera_location": [5.6495256423950195, 0.07036440819501877, -0.49935463070869446], "point_normal": [0.047805894166231155, -0.0227388683706522, 0.9985978007316589], "camera_rotation_final_quaternion": [0.8933507800102234, 0.4418489933013916, 0.08034365624189377, -0.015450970269739628], "skybox_img": 4, "point_uuid": "11", "field_of_view_rads": 1.2336953516850653, "camera_rotation_final": [0.9221094250679016, 0.1578589379787445, 0.04395374283194542]}