{"camera_uuid": "13186", "obliqueness_angle": 1.3624123334884644, "nonfixated_points_in_view": [65, 84, 118], "camera_rotation_original": [1.5707963705062866, -0.16781236231327057, -0.40717071294784546], "point_location": [0.580907940864563, -0.050188999623060226, -1.4085019826889038], "skybox_img_path": "./img/high/13186_skybox4.jpg", "resolution": 512, "camera_distance": 0.7622002033756253, "view_id": 67, "point_pitch": -0.3743583401057382, "camera_rotation_from_original_to_final": [-0.3138000965118408, 0.12543509900569916, -0.27243709564208984], "camera_location": [0.13938552141189575, -0.6180370450019836, -1.1563993692398071], "point_normal": [0.11274728178977966, 0.07453673332929611, 0.9908240437507629], "camera_rotation_final_quaternion": [0.7917128801345825, 0.5287208557128906, -0.2346828430891037, -0.19638973474502563], "skybox_img": 4, "point_uuid": "57", "field_of_view_rads": 1.494443233462961, "camera_rotation_final": [1.228880763053894, -0.16467542946338654, -0.6026163101196289]}