{"camera_uuid": "7233", "obliqueness_angle": 1.123227834701538, "nonfixated_points_in_view": [], "camera_rotation_original": [1.5707963705062866, 0.14828787744045258, -2.2007923126220703], "point_location": [4.301836967468262, 1.017685055732727, -0.9298179745674133], "skybox_img_path": "./img/high/7233_skybox4.jpg", "resolution": 512, "camera_distance": 0.5659511513645988, "view_id": 61, "point_pitch": -0.07642559607955413, "camera_rotation_from_original_to_final": [0.07400696724653244, 0.16786503791809082, -0.7453221082687378], "camera_location": [4.199041366577148, 1.5650339126586914, -0.8291054964065552], "point_normal": [0.5320354104042053, 0.411212295293808, 0.7401641011238098], "camera_rotation_final_quaternion": [0.029744967818260193, 0.0938262939453125, -0.6342085599899292, -0.7668711543083191], "skybox_img": 4, "point_uuid": "143", "field_of_view_rads": 1.1173938933188836, "camera_rotation_final": [1.390863060951233, 0.10637684911489487, -2.9752588272094727]}