{"camera_uuid": "15756", "obliqueness_angle": 1.1918915510177612, "nonfixated_points_in_view": [28], "camera_rotation_original": [1.5707963705062866, -0.03332335874438286, 2.0407423973083496], "point_location": [5.327018737792969, -0.6150552034378052, -1.3985912799835205], "skybox_img_path": "./img/high/15756_skybox4.jpg", "resolution": 512, "camera_distance": 0.9287846934075438, "view_id": 2, "point_pitch": -0.3881019790980478, "camera_rotation_from_original_to_final": [0.18245020508766174, -0.3387930691242218, -0.18771511316299438], "camera_location": [6.14659309387207, -0.34973064064979553, -1.051400065422058], "point_normal": [-0.004159807693213224, -0.0008233638945966959, 0.9999910593032837], "camera_rotation_final_quaternion": [0.4755212068557739, 0.33712974190711975, 0.44658413529396057, 0.6788119673728943], "skybox_img": 4, "point_uuid": "39", "field_of_view_rads": 1.0910236528484336, "camera_rotation_final": [1.1874611377716064, -0.03298095613718033, 1.8971809148788452]}