{"camera_uuid": "15027", "obliqueness_angle": 1.0168217420578003, "nonfixated_points_in_view": [], "camera_rotation_original": [1.5707963705062866, 0.028148073703050613, -0.15582574903964996], "point_location": [5.022676944732666, -0.4345104992389679, -1.360304355621338], "skybox_img_path": "./img/high/15027_skybox4.jpg", "resolution": 512, "camera_distance": 0.46697220841335685, "view_id": 20, "point_pitch": -0.6199380596491952, "camera_rotation_from_original_to_final": [-0.5983523726463318, 0.0884721502661705, 0.5798006653785706], "camera_location": [5.190318584442139, -0.7803552746772766, -1.0950672626495361], "point_normal": [0.020464561879634857, 0.0647537112236023, 0.9976915121078491], "camera_rotation_final_quaternion": [0.8657099008560181, 0.45145389437675476, 0.11042089760303497, 0.18585748970508575], "skybox_img": 4, "point_uuid": "62", "field_of_view_rads": 1.7927549318813307, "camera_rotation_final": [0.9665422439575195, 0.023374881595373154, 0.4352227449417114]}