{"camera_uuid": "13004", "obliqueness_angle": 1.1918206214904785, "nonfixated_points_in_view": [], "camera_rotation_original": [1.5707963705062866, -0.09181594103574753, 2.670426368713379], "point_location": [5.022676944732666, -0.4345104992389679, -1.360304355621338], "skybox_img_path": "./img/high/13004_skybox4.jpg", "resolution": 512, "camera_distance": 0.6282527071980447, "view_id": 13, "point_pitch": -0.2800460298869272, "camera_rotation_from_original_to_final": [0.2791749835014343, -0.1414368599653244, 0.32321885228157043], "camera_location": [5.098850250244141, 0.1585165113210678, -1.1673845052719116], "point_normal": [0.020464561879634857, 0.0647537112236023, 0.9976915121078491], "camera_rotation_final_quaternion": [0.01527581550180912, 0.0639456957578659, 0.585127592086792, 0.8082718253135681], "skybox_img": 4, "point_uuid": "62", "field_of_view_rads": 0.6651429173367224, "camera_rotation_final": [1.2574940919876099, -0.0855989009141922, 3.0415332317352295]}