{"camera_uuid": "13708", "obliqueness_angle": 1.3373212814331055, "nonfixated_points_in_view": [], "camera_rotation_original": [1.5707963705062866, -0.06458991020917892, -0.49987950921058655], "point_location": [0.580907940864563, -0.050188999623060226, -1.4085019826889038], "skybox_img_path": "./img/high/13708_skybox4.jpg", "resolution": 512, "camera_distance": 0.8354612290518473, "view_id": 61, "point_pitch": -0.30303256114455657, "camera_rotation_from_original_to_final": [-0.23837687075138092, 0.13381849229335785, -0.5139153599739075], "camera_location": [-0.09484217315912247, -0.48690980672836304, -1.1834861040115356], "point_normal": [-0.16356271505355835, 0.2954562306404114, 0.941250741481781], "camera_rotation_final_quaternion": [0.7107138633728027, 0.5220367312431335, -0.3046506643295288, -0.3599325120449066], "skybox_img": 4, "point_uuid": "57", "field_of_view_rads": 1.0364683158521881, "camera_rotation_final": [1.2976384162902832, -0.05727424845099449, -0.981007993221283]}