{"camera_uuid": "10688", "obliqueness_angle": 1.1950857639312744, "nonfixated_points_in_view": [59], "camera_rotation_original": [1.5707963705062866, -0.13182711601257324, -1.3484055995941162], "point_location": [4.966612815856934, 0.5080769658088684, -1.3585069179534912], "skybox_img_path": "./img/high/10688_skybox4.jpg", "resolution": 512, "camera_distance": 0.6488873848559898, "view_id": 10, "point_pitch": -0.24676422675582366, "camera_rotation_from_original_to_final": [-0.038974978029727936, 0.19559022784233093, -0.38610878586769104], "camera_location": [4.338626384735107, 0.6089856624603271, -1.2300338745117188], "point_normal": [-0.30664733052253723, -0.5435833930969238, 0.7813350558280945], "camera_rotation_final_quaternion": [0.5381056070327759, 0.37952920794487, -0.5069149136543274, -0.5562707781791687], "skybox_img": 4, "point_uuid": "115", "field_of_view_rads": 1.9554518605800617, "camera_rotation_final": [1.369936227798462, -0.12362010776996613, -1.7050200700759888]}