{"camera_uuid": "10178", "obliqueness_angle": 1.522523045539856, "nonfixated_points_in_view": [], "camera_rotation_original": [1.5707963705062866, -0.11566335707902908, 1.0291266441345215], "point_location": [2.3317840099334717, 0.14568398892879486, -1.3473780155181885], "skybox_img_path": "./img/high/10178_skybox4.jpg", "resolution": 512, "camera_distance": 0.9986526832808285, "view_id": 3, "point_pitch": -0.23264257510634856, "camera_rotation_from_original_to_final": [-0.1723245531320572, -0.2463415563106537, 0.6176232695579529], "camera_location": [3.284529209136963, 0.20025208592414856, -1.053088903427124], "point_normal": [0.2968771159648895, 0.3930782675743103, -0.8702605962753296], "camera_rotation_final_quaternion": [0.5230656266212463, 0.42841479182243347, 0.41123926639556885, 0.6113471984863281], "skybox_img": 4, "point_uuid": "123", "field_of_view_rads": 1.0386947080855735, "camera_rotation_final": [1.2703089714050293, -0.09374742209911346, 1.6570074558258057]}