{"camera_uuid": "2655", "obliqueness_angle": 1.4436789751052856, "nonfixated_points_in_view": [], "camera_rotation_original": [1.5707963705062866, 0.006892913952469826, 1.5960936546325684], "point_location": [2.950843095779419, 3.0527775287628174, -0.6373903751373291], "skybox_img_path": "./img/high/2655_skybox4.jpg", "resolution": 512, "camera_distance": 0.9090567074378378, "view_id": 12, "point_pitch": -0.4258752306315561, "camera_rotation_from_original_to_final": [0.011948054656386375, -0.42921966314315796, -0.5337890386581421], "camera_location": [3.673820734024048, 2.6521925926208496, -0.25894734263420105], "point_normal": [-0.1132572814822197, -0.8965836763381958, -0.42814773321151733], "camera_rotation_final_quaternion": [0.7264278531074524, 0.4645563066005707, 0.2757461369037628, 0.4247989058494568], "skybox_img": 4, "point_uuid": "42", "field_of_view_rads": 0.9904486154446002, "camera_rotation_final": [1.1414128541946411, 0.005933335516601801, 1.0621120929718018]}