{"camera_uuid": "2486", "obliqueness_angle": 0.8007291555404663, "nonfixated_points_in_view": [], "camera_rotation_original": [1.5707963705062866, 0.016297250986099243, -2.035538673400879], "point_location": [3.3059499263763428, 1.507105827331543, -1.4197665452957153], "skybox_img_path": "./img/high/2486_skybox4.jpg", "resolution": 512, "camera_distance": 0.6415191551018643, "view_id": 20, "point_pitch": -0.7396644790980478, "camera_rotation_from_original_to_final": [0.39559608697891235, 0.649520993232727, -0.21398763358592987], "camera_location": [2.981490135192871, 1.8491261005401611, -0.9846863150596619], "point_normal": [-0.034560561180114746, 0.0017010869923979044, 0.9994011521339417], "camera_rotation_final_quaternion": [0.3305262327194214, 0.15246538817882538, -0.37101590633392334, -0.8543148636817932], "skybox_img": 4, "point_uuid": "155", "field_of_view_rads": 1.3896106772310381, "camera_rotation_final": [0.8253744840621948, 0.015246518887579441, -2.396608829498291]}