{"camera_uuid": "5556", "obliqueness_angle": 0.9908897280693054, "nonfixated_points_in_view": [120], "camera_rotation_original": [1.5707963705062866, -0.014115751720964909, 0.9430776238441467], "point_location": [-0.4054321348667145, 1.2653040885925293, -0.6841932535171509], "skybox_img_path": "./img/high/5556_skybox4.jpg", "resolution": 512, "camera_distance": 0.9549496570145133, "view_id": 63, "point_pitch": -0.5346490581843515, "camera_rotation_from_original_to_final": [-0.33809152245521545, -0.42995965480804443, 0.48724114894866943], "camera_location": [0.3945665955543518, 1.0904104709625244, -0.19292646646499634], "point_normal": [0.040700461715459824, 0.0009101604809984565, 0.9991709589958191], "camera_rotation_final_quaternion": [0.6737238764762878, 0.38612717390060425, 0.30607929825782776, 0.5507426261901855], "skybox_img": 4, "point_uuid": "104", "field_of_view_rads": 1.2336953516850653, "camera_rotation_final": [1.0303890705108643, -0.012887882068753242, 1.3632973432540894]}