{"camera_uuid": "8045", "obliqueness_angle": 1.525389313697815, "nonfixated_points_in_view": [], "camera_rotation_original": [1.5707963705062866, 0.004049177747219801, 1.0773528814315796], "point_location": [-0.34234288334846497, 0.8369564414024353, -0.7921566963195801], "skybox_img_path": "./img/high/8045_skybox4.jpg", "resolution": 512, "camera_distance": 0.6943133104882504, "view_id": 47, "point_pitch": -0.008990689120020434, "camera_rotation_from_original_to_final": [-0.003330817213281989, -0.006764450576156378, 0.3677208423614502], "camera_location": [0.34646978974342346, 0.7498891949653625, -0.7869249582290649], "point_normal": [0.04777548089623451, 0.07583989202976227, 0.9959748387336731], "camera_rotation_final_quaternion": [0.5333057045936584, 0.5275420546531677, 0.4668317139148712, 0.468350887298584], "skybox_img": 4, "point_uuid": "121", "field_of_view_rads": 0.9320269806742028, "camera_rotation_final": [1.5632611513137817, 0.0037784301675856113, 1.4450329542160034]}