{"camera_uuid": "2830", "obliqueness_angle": 1.278536081314087, "nonfixated_points_in_view": [], "camera_rotation_original": [1.5707963705062866, 0.1512954831123352, 2.8787472248077393], "point_location": [1.8005895614624023, 0.6414239406585693, -0.9798945188522339], "skybox_img_path": "./img/high/2830_skybox4.jpg", "resolution": 512, "camera_distance": 0.9880964931988159, "view_id": 10, "point_pitch": -0.35295383532973723, "camera_rotation_from_original_to_final": [0.2836604118347168, -0.06991388648748398, 0.4286896884441376], "camera_location": [1.635782241821289, 1.5732673406600952, -0.695568859577179], "point_normal": [-0.012308535166084766, -0.0017647614004090428, 0.9999226927757263], "camera_rotation_final_quaternion": [-0.011660132557153702, -0.09538093209266663, 0.5890904068946838, 0.8023334741592407], "skybox_img": 4, "point_uuid": "193", "field_of_view_rads": 1.0218518288922764, "camera_rotation_final": [1.2759594917297363, 0.13977153599262238, 3.274359941482544]}