{"camera_uuid": "3269", "obliqueness_angle": 1.2505521774291992, "nonfixated_points_in_view": [98], "camera_rotation_original": [1.5707963705062866, 0.11231246590614319, 1.7721681594848633], "point_location": [0.22651520371437073, 2.849133014678955, -1.442795991897583], "skybox_img_path": "./img/high/3269_skybox4.jpg", "resolution": 512, "camera_distance": 0.890665823017604, "view_id": 10, "point_pitch": -0.2318785627696176, "camera_rotation_from_original_to_final": [0.07530059665441513, -0.284618616104126, -0.5789754390716553], "camera_location": [1.0216217041015625, 2.5415966510772705, -1.184895634651184], "point_normal": [0.024610353633761406, -0.009762244299054146, 0.9996494650840759], "camera_rotation_final_quaternion": [0.6835827827453613, 0.4746834635734558, 0.36041101813316345, 0.42130047082901], "skybox_img": 4, "point_uuid": "150", "field_of_view_rads": 1.2546257408138766, "camera_rotation_final": [1.2757196426391602, 0.0929063931107521, 1.173541784286499]}