{"camera_uuid": "5230", "obliqueness_angle": 0.7489838004112244, "nonfixated_points_in_view": [], "camera_rotation_original": [-1.570796251296997, 2.974180221557617, -0.15335027873516083], "point_location": [-0.30368760228157043, 1.3439174890518188, -0.7665223479270935], "skybox_img_path": "./img/high/5230_skybox4.jpg", "resolution": 512, "camera_distance": 0.8918937797547397, "view_id": 70, "point_pitch": 0.6624420444157462, "camera_rotation_from_original_to_final": [-0.595136821269989, 0.06643439829349518, -0.4633917510509491], "camera_location": [0.11481578648090363, 1.950731635093689, -1.268623948097229], "point_normal": [0.9422652125358582, 0.29410141706466675, -0.16012726724147797], "camera_rotation_final_quaternion": [0.1809997260570526, 0.1809695065021515, 0.8652922511100769, 0.43099701404571533], "skybox_img": 4, "point_uuid": "180", "field_of_view_rads": 1.188507872007912, "camera_rotation_final": [-0.9642264246940613, 2.983696699142456, -0.49509355425834656]}