{"camera_uuid": "5233", "obliqueness_angle": 0.33820682764053345, "nonfixated_points_in_view": [], "camera_rotation_original": [1.5707963705062866, -0.09297830611467361, 0.8902298212051392], "point_location": [-0.30368760228157043, 1.3439174890518188, -0.7665223479270935], "skybox_img_path": "./img/high/5233_skybox4.jpg", "resolution": 512, "camera_distance": 0.8919902875578344, "view_id": 58, "point_pitch": 0.365284995236669, "camera_rotation_from_original_to_final": [0.18668384850025177, 0.24746185541152954, 0.6954676508903503], "camera_location": [0.5461506843566895, 1.3348145484924316, -1.037333607673645], "point_normal": [0.9422652125358582, 0.29410141706466675, -0.16012726724147797], "camera_rotation_final_quaternion": [0.4029797315597534, 0.5956296324729919, 0.5450019240379333, 0.43105176091194153], "skybox_img": 4, "point_uuid": "180", "field_of_view_rads": 1.6719092344888167, "camera_rotation_final": [1.8801506757736206, -0.07431329041719437, 1.5363599061965942]}