{"camera_uuid": "3643", "obliqueness_angle": 0.8341089487075806, "nonfixated_points_in_view": [], "camera_rotation_original": [1.5707963705062866, -0.03115472011268139, 1.217004418373108], "point_location": [-0.4168107807636261, 2.6449878215789795, -1.3910259008407593], "skybox_img_path": "./img/high/3643_skybox4.jpg", "resolution": 512, "camera_distance": 0.4418603715286098, "view_id": 8, "point_pitch": -0.7494904239985605, "camera_rotation_from_original_to_final": [-0.30309316515922546, -0.6983757019042969, 0.14872612059116364], "camera_location": [-0.11026394367218018, 2.543179750442505, -1.0895217657089233], "point_normal": [0.9926148056983948, 0.12025166302919388, 0.015980595722794533], "camera_rotation_final_quaternion": [0.7321581244468689, 0.32806116342544556, 0.22627440094947815, 0.552376925945282], "skybox_img": 4, "point_uuid": "109", "field_of_view_rads": 1.6816280418618088, "camera_rotation_final": [0.8193702101707458, -0.03109455481171608, 1.2791825532913208]}