{"camera_uuid": "7115", "obliqueness_angle": 0.813159704208374, "nonfixated_points_in_view": [], "camera_rotation_original": [1.5707963705062866, -0.09218639880418777, 2.4660685062408447], "point_location": [4.528530120849609, 1.0438001155853271, -1.4141380786895752], "skybox_img_path": "./img/high/7115_skybox4.jpg", "resolution": 512, "camera_distance": 0.8853810487857249, "view_id": 28, "point_pitch": -0.6897772987696786, "camera_rotation_from_original_to_final": [0.6151276230812073, -0.41688090562820435, 0.2570444941520691], "camera_location": [4.718524932861328, 1.6771959066390991, -0.8254010081291199], "point_normal": [0.012244894169270992, 0.0278637632727623, 0.9995367527008057], "camera_rotation_final_quaternion": [0.08225630223751068, 0.08177424967288971, 0.401044100522995, 0.9086861610412598], "skybox_img": 4, "point_uuid": "140", "field_of_view_rads": 0.6025778511851491, "camera_rotation_final": [0.8403054475784302, -0.08273179084062576, 2.924062490463257]}