{"camera_uuid": "3903", "obliqueness_angle": 0.9630204439163208, "nonfixated_points_in_view": [97], "camera_rotation_original": [1.5707963705062866, 0.028179336339235306, -0.6907712817192078], "point_location": [-0.014790859073400497, 3.0187888145446777, -1.4541010856628418], "skybox_img_path": "./img/high/3903_skybox4.jpg", "resolution": 512, "camera_distance": 0.857788920860161, "view_id": 3, "point_pitch": -0.6221944530818124, "camera_rotation_from_original_to_final": [-0.49186190962791443, 0.3742271959781647, 0.4166547656059265], "camera_location": [-0.13974681496620178, 2.3261964321136475, -0.963689386844635], "point_normal": [-0.0014163268497213721, 0.001087893615476787, 0.9999983906745911], "camera_rotation_final_quaternion": [0.8816630840301514, 0.46148377656936646, -0.03427504748106003, -0.0923478901386261], "skybox_img": 4, "point_uuid": "3", "field_of_view_rads": 1.0386947080855735, "camera_rotation_final": [0.961986243724823, 0.0247985627502203, -0.1957823783159256]}