{"camera_uuid": "8917", "obliqueness_angle": 1.0457186698913574, "nonfixated_points_in_view": [104], "camera_rotation_original": [1.5707963705062866, 0.0720885843038559, 0.7713750600814819], "point_location": [-0.4054321348667145, 1.2653040885925293, -0.6841932535171509], "skybox_img_path": "./img/high/8917_skybox4.jpg", "resolution": 512, "camera_distance": 0.7360587854326468, "view_id": 35, "point_pitch": -0.48399703105422454, "camera_rotation_from_original_to_final": [-0.38363248109817505, -0.34364545345306396, -0.27344658970832825], "camera_location": [-0.13648933172225952, 0.6816296577453613, -0.32533887028694153], "point_normal": [0.040700461715459824, 0.0009101604809984565, 0.9991709589958191], "camera_rotation_final_quaternion": [0.8488710522651672, 0.4899161159992218, 0.12733714282512665, 0.15226750075817108], "skybox_img": 4, "point_uuid": "104", "field_of_view_rads": 1.794124606241639, "camera_rotation_final": [1.060274600982666, 0.06703922897577286, 0.3942793011665344]}