{"camera_uuid": "9585", "obliqueness_angle": 1.3542680740356445, "nonfixated_points_in_view": [], "camera_rotation_original": [-1.570796251296997, -3.0314226150512695, 0.061823997646570206], "point_location": [1.1332991123199463, -0.8327366709709167, -1.4375404119491577], "skybox_img_path": "./img/high/9585_skybox4.jpg", "resolution": 512, "camera_distance": 0.8786938219847624, "view_id": 41, "point_pitch": -0.37178091605636077, "camera_rotation_from_original_to_final": [0.2944942116737366, -0.009201784618198872, -0.8110798597335815], "camera_location": [1.7027860879898071, -0.2136673778295517, -1.1834919452667236], "point_normal": [-0.5603585243225098, 0.8280418515205383, -0.018577322363853455], "camera_rotation_final_quaternion": [-0.26086491346359253, -0.23916120827198029, -0.5461150407791138, -0.7592824101448059], "skybox_img": 4, "point_uuid": "147", "field_of_view_rads": 0.8278892494736719, "camera_rotation_final": [-1.865033507347107, -3.0632553100585938, -0.7199958562850952]}