{"camera_uuid": "4148", "obliqueness_angle": 1.349603295326233, "nonfixated_points_in_view": [], "camera_rotation_original": [1.5707963705062866, 0.1077583059668541, 2.1740951538085938], "point_location": [2.3265388011932373, 1.823689341545105, -1.379395604133606], "skybox_img_path": "./img/high/4148_skybox4.jpg", "resolution": 512, "camera_distance": 0.6210010252419477, "view_id": 5, "point_pitch": -0.34711019595595793, "camera_rotation_from_original_to_final": [0.243251234292984, -0.3236875534057617, -0.5564525723457336], "camera_location": [2.8959105014801025, 1.8722453117370605, -1.1362897157669067], "point_normal": [0.44639652967453003, -0.8364235162734985, -0.31800320744514465], "camera_rotation_final_quaternion": [0.594048023223877, 0.3524320721626282, 0.42432838678359985, 0.5855288505554199], "skybox_img": 4, "point_uuid": "10", "field_of_view_rads": 2.119048415795751, "camera_rotation_final": [1.1667734384536743, 0.09155242890119553, 1.6168023347854614]}