{"camera_uuid": "8496", "obliqueness_angle": 1.23350989818573, "nonfixated_points_in_view": [33], "camera_rotation_original": [1.5707963705062866, -0.04457147419452667, -2.0954971313476562], "point_location": [5.615777015686035, 2.4743409156799316, -1.4249221086502075], "skybox_img_path": "./img/high/8496_skybox4.jpg", "resolution": 512, "camera_distance": 0.7267456721066097, "view_id": 9, "point_pitch": -0.3549155433985849, "camera_rotation_from_original_to_final": [0.17454208433628082, 0.2878784239292145, -0.4355277717113495], "camera_location": [5.236517906188965, 3.046272039413452, -1.1857222318649292], "point_normal": [-0.9627537131309509, -0.11571325361728668, -0.2443682849407196], "camera_rotation_final_quaternion": [0.25183841586112976, 0.15530815720558167, -0.5579517483711243, -0.7753364443778992], "skybox_img": 4, "point_uuid": "125", "field_of_view_rads": 0.9239011772765595, "camera_rotation_final": [1.2351233959197998, -0.04020605608820915, -2.542026996612549]}