{"camera_uuid": "8445", "obliqueness_angle": 1.5225484371185303, "nonfixated_points_in_view": [61], "camera_rotation_original": [1.5707963705062866, -0.06897479295730591, 1.1542555093765259], "point_location": [1.5582280158996582, -0.07981093972921371, -1.376783013343811], "skybox_img_path": "./img/high/8445_skybox4.jpg", "resolution": 512, "camera_distance": 0.8239845953442195, "view_id": 5, "point_pitch": -0.6371261318537851, "camera_rotation_from_original_to_final": [-0.31244784593582153, -0.6107698678970337, 0.6917362213134766], "camera_location": [2.1907312870025635, 0.0321369469165802, -0.8606842756271362], "point_normal": [0.37050071358680725, -0.9113456606864929, -0.17938350141048431], "camera_rotation_final_quaternion": [0.5544484853744507, 0.28934505581855774, 0.32110270857810974, 0.7111676335334778], "skybox_img": 4, "point_uuid": "72", "field_of_view_rads": 2.119048415795751, "camera_rotation_final": [0.8927007913589478, -0.05550437420606613, 1.7906311750411987]}