{"camera_uuid": "8777", "obliqueness_angle": 1.4168866872787476, "nonfixated_points_in_view": [], "camera_rotation_original": [1.5707963705062866, 0.044803597033023834, 2.927415132522583], "point_location": [2.745572328567505, -0.016294807195663452, -0.9296797513961792], "skybox_img_path": "./img/high/8777_skybox4.jpg", "resolution": 512, "camera_distance": 0.8311228247926876, "view_id": 44, "point_pitch": 0.46738536755112214, "camera_rotation_from_original_to_final": [-0.42936283349990845, 0.09585737437009811, -0.7097652554512024], "camera_location": [3.3355982303619385, 0.4503048360347748, -1.2831190824508667], "point_normal": [-0.5854119062423706, 0.6019739508628845, -0.5430656671524048], "camera_rotation_final_quaternion": [0.2428903877735138, 0.35302338004112244, 0.7668129205703735, 0.47788771986961365], "skybox_img": 4, "point_uuid": "102", "field_of_view_rads": 1.6719092344888167, "camera_rotation_final": [2.0103297233581543, 0.03509911522269249, 2.256409168243408]}