{"camera_uuid": "5269", "obliqueness_angle": 1.1822209358215332, "nonfixated_points_in_view": [21], "camera_rotation_original": [1.5707963705062866, -0.10519605875015259, -2.3326051235198975], "point_location": [2.6072916984558105, 0.47235140204429626, -1.3380800485610962], "skybox_img_path": "./img/high/5269_skybox4.jpg", "resolution": 512, "camera_distance": 0.9005470719200324, "view_id": 3, "point_pitch": -0.6208731373164316, "camera_rotation_from_original_to_final": [0.43968433141708374, 0.4452986717224121, 0.013848413713276386], "camera_location": [2.125429630279541, 1.0281963348388672, -0.8186280131340027], "point_normal": [-0.9810226559638977, -0.18625010550022125, -0.0539044626057148], "camera_rotation_final_quaternion": [0.36331504583358765, 0.132714182138443, -0.44042906165122986, -0.8101921677589417], "skybox_img": 4, "point_uuid": "87", "field_of_view_rads": 0.5961933550608073, "camera_rotation_final": [0.9520388245582581, -0.10517483204603195, -2.352757215499878]}