{"camera_uuid": "3959", "obliqueness_angle": 0.12429744750261307, "nonfixated_points_in_view": [], "camera_rotation_original": [1.5707963705062866, 0.1270168572664261, 0.007618953939527273], "point_location": [1.1355481147766113, 2.277404546737671, -1.37511146068573], "skybox_img_path": "./img/high/3959_skybox4.jpg", "resolution": 512, "camera_distance": 0.8116683050273898, "view_id": 27, "point_pitch": -0.7086772163722177, "camera_rotation_from_original_to_final": [-0.7561647891998291, 0.01784990355372429, -0.34560370445251465], "camera_location": [0.9506943821907043, 1.7164057493209839, -0.8184114694595337], "point_normal": [-0.34670761227607727, -0.666063666343689, 0.6604189276695251], "camera_rotation_final_quaternion": [0.892122745513916, 0.3950527012348175, -0.03158694878220558, -0.2169160693883896], "skybox_img": 4, "point_uuid": "162", "field_of_view_rads": 1.3847446318031613, "camera_rotation_final": [0.808679461479187, 0.11528287082910538, -0.42765867710113525]}