{"camera_uuid": "0629", "obliqueness_angle": 0.8090142607688904, "nonfixated_points_in_view": [], "camera_rotation_original": [1.5707963705062866, 0.049872200936079025, -1.8412061929702759], "point_location": [2.155930757522583, 2.4535746574401855, -1.421875], "skybox_img_path": "./img/high/0629_skybox4.jpg", "resolution": 512, "camera_distance": 0.9669444578407542, "view_id": 13, "point_pitch": -0.7609082897517343, "camera_rotation_from_original_to_final": [0.270616739988327, 0.7341233491897583, -0.13322021067142487], "camera_location": [1.5491786003112793, 2.7860090732574463, -0.7463598251342773], "point_normal": [0.01849367655813694, 0.009777815081179142, 0.9997811913490295], "camera_rotation_final_quaternion": [0.4428432583808899, 0.20893257856369019, -0.327174574136734, -0.8082040548324585], "skybox_img": 4, "point_uuid": "168", "field_of_view_rads": 0.9322372163182677, "camera_rotation_final": [0.7962213754653931, 0.04796462133526802, -2.1189043521881104]}