{"camera_uuid": "8152", "obliqueness_angle": 0.34554561972618103, "nonfixated_points_in_view": [], "camera_rotation_original": [1.5707963705062866, -0.14553141593933105, -1.8862143754959106], "point_location": [1.46160089969635, 0.19978925585746765, -1.450141191482544], "skybox_img_path": "./img/high/8152_skybox4.jpg", "resolution": 512, "camera_distance": 0.6337467996527769, "view_id": 25, "point_pitch": -0.6481386860224863, "camera_rotation_from_original_to_final": [0.18849563598632812, 0.5911927223205566, -0.20387554168701172], "camera_location": [1.030940294265747, 0.48602643609046936, -1.0837606191635132], "point_normal": [-0.5807929635047913, 0.19898450374603271, 0.7893571853637695], "camera_rotation_final_quaternion": [0.4869388937950134, 0.1805489957332611, -0.4223066568374634, -0.7429331541061401], "skybox_img": 4, "point_uuid": "100", "field_of_view_rads": 1.5766701541034631, "camera_rotation_final": [0.946998655796051, -0.1434953510761261, -2.05484676361084]}