{"camera_uuid": "11841", "obliqueness_angle": 1.0551557540893555, "nonfixated_points_in_view": [], "camera_rotation_original": [1.5707963705062866, 0.1584966480731964, -0.8008653521537781], "point_location": [5.577847957611084, 0.5073602795600891, -0.8285789489746094], "skybox_img_path": "./img/high/11841_skybox4.jpg", "resolution": 512, "camera_distance": 0.6333116693671018, "view_id": 49, "point_pitch": -0.5375606258723398, "camera_rotation_from_original_to_final": [-0.371734082698822, 0.3880460262298584, 0.012453855015337467], "camera_location": [5.222694396972656, 0.09217575192451477, -0.5083112120628357], "point_normal": [0.047805894166231155, -0.0227388683706522, 0.9985978007316589], "camera_rotation_final_quaternion": [0.7828664779663086, 0.4801979660987854, -0.128679096698761, -0.37412792444229126], "skybox_img": 4, "point_uuid": "11", "field_of_view_rads": 0.9791046545667723, "camera_rotation_final": [1.0331424474716187, 0.15849660336971283, -0.8014586567878723]}