{"camera_uuid": "6604", "obliqueness_angle": 1.4951441287994385, "nonfixated_points_in_view": [], "camera_rotation_original": [1.5707963705062866, 0.03576420992612839, 1.0042766332626343], "point_location": [1.6843894720077515, 1.1254421472549438, -1.4068831205368042], "skybox_img_path": "./img/high/6604_skybox4.jpg", "resolution": 512, "camera_distance": 0.9892827790584665, "view_id": 7, "point_pitch": -0.2179933031413217, "camera_rotation_from_original_to_final": [-0.1104801595211029, -0.17406173050403595, 0.3595263361930847], "camera_location": [2.6301186084747314, 0.9171517491340637, -1.2046655416488647], "point_normal": [-0.13031253218650818, 0.011851518414914608, 0.9914022088050842], "camera_rotation_final_quaternion": [0.6131431460380554, 0.48473718762397766, 0.40351682901382446, 0.47566747665405273], "skybox_img": 4, "point_uuid": "111", "field_of_view_rads": 1.6403442297244761, "camera_rotation_final": [1.364818811416626, 0.03368610516190529, 1.3469771146774292]}