{"camera_uuid": "14276", "obliqueness_angle": 1.5336061716079712, "nonfixated_points_in_view": [], "camera_rotation_original": [1.5707963705062866, 0.05343932658433914, 1.353276252746582], "point_location": [5.88560152053833, 2.9037883281707764, -1.379170298576355], "skybox_img_path": "./img/high/14276_skybox4.jpg", "resolution": 512, "camera_distance": 0.9077496206466105, "view_id": 3, "point_pitch": -0.5287100513789316, "camera_rotation_from_original_to_final": [-0.13532333076000214, -0.521344780921936, -0.10607040673494339], "camera_location": [6.616248607635498, 2.6307897567749023, -0.9148041009902954], "point_normal": [0.37723758816719055, 0.9258206486701965, 0.023412004113197327], "camera_rotation_final_quaternion": [0.7291007041931152, 0.397193968296051, 0.29403772950172424, 0.47348806262016296], "skybox_img": 4, "point_uuid": "191", "field_of_view_rads": 2.119048415795751, "camera_rotation_final": [1.032973289489746, 0.0526573471724987, 1.1818351745605469]}