{"camera_uuid": "7175", "obliqueness_angle": 1.4410284757614136, "nonfixated_points_in_view": [], "camera_rotation_original": [1.5707963705062866, 0.0806414932012558, 1.8665707111358643], "point_location": [-0.5440130829811096, 1.3457797765731812, -0.7867993712425232], "skybox_img_path": "./img/high/7175_skybox4.jpg", "resolution": 512, "camera_distance": 0.9311805884843887, "view_id": 1, "point_pitch": 0.2663608352330069, "camera_rotation_from_original_to_final": [-0.04857993498444557, 0.21090519428253174, -0.6925292015075684], "camera_location": [0.29731470346450806, 1.000063419342041, -0.986160933971405], "point_normal": [-0.13791655004024506, -0.11702719330787659, -0.9835058450698853], "camera_rotation_final_quaternion": [0.5317344665527344, 0.6328521966934204, 0.45447325706481934, 0.3319799304008484], "skybox_img": 4, "point_uuid": "69", "field_of_view_rads": 1.6316217442386929, "camera_rotation_final": [1.787000298500061, 0.06317175179719925, 1.1947786808013916]}