{"camera_uuid": "5159", "obliqueness_angle": 1.0143942832946777, "nonfixated_points_in_view": [21], "camera_rotation_original": [1.5707963705062866, 0.016611862927675247, -2.747163772583008], "point_location": [2.6072916984558105, 0.47235140204429626, -1.3380800485610962], "skybox_img_path": "./img/high/5159_skybox4.jpg", "resolution": 512, "camera_distance": 0.892218076846704, "view_id": 8, "point_pitch": -0.5652794082972665, "camera_rotation_from_original_to_final": [0.5221952199935913, 0.20420336723327637, 0.5643593072891235], "camera_location": [2.012147903442383, 0.9405597448348999, -0.8662348389625549], "point_normal": [-0.9810226559638977, -0.18625010550022125, -0.0539044626057148], "camera_rotation_final_quaternion": [0.3751855790615082, 0.21577604115009308, -0.434762179851532, -0.7897204160690308], "skybox_img": 4, "point_uuid": "87", "field_of_view_rads": 0.9904486154446002, "camera_rotation_final": [1.013490915298462, 0.014573007822036743, -2.2464652061462402]}