{"camera_uuid": "4916", "obliqueness_angle": 1.1575803756713867, "nonfixated_points_in_view": [], "camera_rotation_original": [1.5707963705062866, -0.06913315504789352, -2.4535346031188965], "point_location": [3.3059499263763428, 1.507105827331543, -1.4197665452957153], "skybox_img_path": "./img/high/4916_skybox4.jpg", "resolution": 512, "camera_distance": 0.4325806777781292, "view_id": 18, "point_pitch": -0.3325067003581186, "camera_rotation_from_original_to_final": [0.30664801597595215, 0.22646909952163696, 0.7566399574279785], "camera_location": [2.9090750217437744, 1.570537805557251, -1.259789228439331], "point_normal": [-0.034560561180114746, 0.0017010869923979044, 0.9994011521339417], "camera_rotation_final_quaternion": [0.5540741086006165, 0.3524230122566223, -0.43690696358680725, -0.6147456169128418], "skybox_img": 4, "point_uuid": "155", "field_of_view_rads": 0.8863655597235185, "camera_rotation_final": [1.1914645433425903, -0.05087856948375702, -1.7090140581130981]}