{"camera_uuid": "9969", "obliqueness_angle": 1.231629490852356, "nonfixated_points_in_view": [], "camera_rotation_original": [1.5707963705062866, 0.14430539309978485, -0.6413348317146301], "point_location": [0.42542582750320435, 0.7923682928085327, -1.4128706455230713], "skybox_img_path": "./img/high/9969_skybox4.jpg", "resolution": 512, "camera_distance": 0.6020995732883526, "view_id": 7, "point_pitch": -0.5664507587763925, "camera_rotation_from_original_to_final": [-0.39778655767440796, 0.26169928908348083, 0.6954329609870911], "camera_location": [0.48038795590400696, 0.2589114010334015, -1.1391431093215942], "point_normal": [0.20031511783599854, -0.7043237090110779, -0.6810300946235657], "camera_rotation_final_quaternion": [0.8527684807777405, 0.518795371055603, 0.059502728283405304, -0.009830460883677006], "skybox_img": 4, "point_uuid": "16", "field_of_view_rads": 0.5961933550608073, "camera_rotation_final": [1.0956330299377441, 0.11191759258508682, 0.0452718660235405]}