{"camera_uuid": "13611", "obliqueness_angle": 1.0155839920043945, "nonfixated_points_in_view": [], "camera_rotation_original": [1.5707963705062866, -0.1359354853630066, -1.1501805782318115], "point_location": [1.7417666912078857, -0.21807560324668884, -1.426782488822937], "skybox_img_path": "./img/high/13611_skybox4.jpg", "resolution": 512, "camera_distance": 0.9455940363290483, "view_id": 2, "point_pitch": -0.473692580065455, "camera_rotation_from_original_to_final": [-0.23693016171455383, 0.46231141686439514, 0.2235124707221985], "camera_location": [1.11103093624115, -0.7463435530662537, -0.960677981376648], "point_normal": [0.059019673615694046, -0.998093843460083, 0.018043018877506256], "camera_rotation_final_quaternion": [0.8075944185256958, 0.43937546014785767, -0.245943084359169, -0.3070056140422821], "skybox_img": 4, "point_uuid": "171", "field_of_view_rads": 1.0386947080855735, "camera_rotation_final": [1.0506857633590698, -0.1278107464313507, -0.8007092475891113]}