{"camera_uuid": "4258", "obliqueness_angle": 1.0659276247024536, "nonfixated_points_in_view": [], "camera_rotation_original": [1.5707963705062866, -0.08067075908184052, 0.5241789817810059], "point_location": [-0.4168107807636261, 2.6449878215789795, -1.3910259008407593], "skybox_img_path": "./img/high/4258_skybox4.jpg", "resolution": 512, "camera_distance": 0.8647519094744397, "view_id": 7, "point_pitch": -0.5290314396235605, "camera_rotation_from_original_to_final": [-0.4797450602054596, -0.2714303433895111, 0.25620248913764954], "camera_location": [0.0652223452925682, 2.0847182273864746, -0.9420961737632751], "point_normal": [0.9926148056983948, 0.12025166302919388, 0.015980595722794533], "camera_rotation_final_quaternion": [0.8023391366004944, 0.4670657515525818, 0.14925867319107056, 0.34032830595970154], "skybox_img": 4, "point_uuid": "109", "field_of_view_rads": 0.5961933550608073, "camera_rotation_final": [1.0230721235275269, -0.07847978174686432, 0.7582628726959229]}