{"camera_uuid": "10041", "obliqueness_angle": 0.750857412815094, "nonfixated_points_in_view": [], "camera_rotation_original": [1.5707963705062866, -0.06220429763197899, -1.646907925605774], "point_location": [2.745572328567505, -0.016294807195663452, -0.9296797513961792], "skybox_img_path": "./img/high/10041_skybox4.jpg", "resolution": 512, "camera_distance": 0.3704203596012208, "view_id": 64, "point_pitch": -0.12179867824050383, "camera_rotation_from_original_to_final": [0.011421037837862968, 0.0987076386809349, -0.37299755215644836], "camera_location": [2.413588047027588, 0.1438596248626709, -0.8929613828659058], "point_normal": [-0.5854119062423706, 0.6019739508628845, -0.5430656671524048], "camera_rotation_final_quaternion": [0.41234010457992554, 0.3401457369327545, -0.578565239906311, -0.6160671710968018], "skybox_img": 4, "point_uuid": "102", "field_of_view_rads": 1.0801451845514387, "camera_rotation_final": [1.4713388681411743, -0.058058664202690125, -2.0144877433776855]}