{"camera_uuid": "11530", "obliqueness_angle": 0.22798402607440948, "nonfixated_points_in_view": [], "camera_rotation_original": [1.5707963705062866, -0.08588120341300964, -0.5931277275085449], "point_location": [4.591547966003418, 0.7892270088195801, -1.4046629667282104], "skybox_img_path": "./img/high/11530_skybox4.jpg", "resolution": 512, "camera_distance": 0.20613889068742083, "view_id": 3, "point_pitch": -0.466596051058497, "camera_rotation_from_original_to_final": [-0.43487387895584106, 0.28037816286087036, 0.48110654950141907], "camera_location": [4.5827956199646, 0.6097873449325562, -1.3035786151885986], "point_normal": [-0.18465906381607056, -0.9283809065818787, 0.32250577211380005], "camera_rotation_final_quaternion": [0.8631197810173035, 0.5037097930908203, -0.03303736448287964, 0.014464601874351501], "skybox_img": 4, "point_uuid": "159", "field_of_view_rads": 1.6924921945557647, "camera_rotation_final": [1.0568336248397827, -0.07166365534067154, -0.008334610611200333]}