{"camera_uuid": "6066", "obliqueness_angle": 0.8570911884307861, "nonfixated_points_in_view": [], "camera_rotation_original": [1.5707963705062866, 0.1287752389907837, 1.8743947744369507], "point_location": [0.9227169156074524, 0.6807072758674622, -1.4383314847946167], "skybox_img_path": "./img/high/6066_skybox4.jpg", "resolution": 512, "camera_distance": 0.9760103056889498, "view_id": 25, "point_pitch": -0.7432955940577646, "camera_rotation_from_original_to_final": [0.23291006684303284, -0.7261900305747986, -0.13783900439739227], "camera_location": [1.6072230339050293, 0.8723776936531067, -0.7695191502571106], "point_normal": [0.9748377203941345, -0.22190459072589874, 0.021208828315138817], "camera_rotation_final_quaternion": [0.6165891289710999, 0.21114994585514069, 0.3358423709869385, 0.680031955242157], "skybox_img": 4, "point_uuid": "59", "field_of_view_rads": 1.5766701541034631, "camera_rotation_final": [0.8081418871879578, 0.12731975317001343, 1.7230792045593262]}