{"camera_uuid": "15939", "obliqueness_angle": 1.2300242185592651, "nonfixated_points_in_view": [], "camera_rotation_original": [1.5707963705062866, -0.0895596295595169, 2.685385227203369], "point_location": [5.469937324523926, -0.7986144423484802, -1.3267128467559814], "skybox_img_path": "./img/high/15939_skybox4.jpg", "resolution": 512, "camera_distance": 0.7552660454150825, "view_id": 0, "point_pitch": -0.386656447252955, "camera_rotation_from_original_to_final": [0.29716986417770386, -0.15532286465168, -0.6666651964187622], "camera_location": [6.105032920837402, -0.4733988344669342, -1.0790938138961792], "point_normal": [0.21725454926490784, -0.34371235966682434, 0.9135985970497131], "camera_rotation_final_quaternion": [0.3978034257888794, 0.321325421333313, 0.48251599073410034, 0.7111123204231262], "skybox_img": 4, "point_uuid": "47", "field_of_view_rads": 2.078591559549699, "camera_rotation_final": [1.2358312606811523, -0.07316913455724716, 2.0694966316223145]}