{"camera_uuid": "4891", "obliqueness_angle": 1.2256174087524414, "nonfixated_points_in_view": [], "camera_rotation_original": [1.5707963705062866, -0.13530167937278748, -2.5051803588867188], "point_location": [0.8357325792312622, 3.0001583099365234, -1.4500991106033325], "skybox_img_path": "./img/high/4891_skybox4.jpg", "resolution": 512, "camera_distance": 0.6730385563403295, "view_id": 9, "point_pitch": -0.2729753692958017, "camera_rotation_from_original_to_final": [0.29923972487449646, 0.19109055399894714, 0.6388731598854065], "camera_location": [0.23638483881950378, 3.1992695331573486, -1.2174664735794067], "point_normal": [0.02106740139424801, 0.04000088572502136, 0.998977541923523], "camera_rotation_final_quaternion": [0.517309844493866, 0.30752965807914734, -0.4822891652584076, -0.6365635991096497], "skybox_img": 4, "point_uuid": "133", "field_of_view_rads": 1.7927549318813307, "camera_rotation_final": [1.2157236337661743, -0.107669398188591, -1.851714015007019]}