{"camera_uuid": "14493", "obliqueness_angle": 1.4720286130905151, "nonfixated_points_in_view": [], "camera_rotation_original": [1.5707963705062866, 0.012075349688529968, 1.8114629983901978], "point_location": [3.9741721153259277, -0.9291063547134399, -0.6485407948493958], "skybox_img_path": "./img/high/14493_skybox4.jpg", "resolution": 512, "camera_distance": 0.9945124416116075, "view_id": 12, "point_pitch": -0.15916936000319915, "camera_rotation_from_original_to_final": [0.037787433713674545, -0.1527954638004303, 0.14818063378334045], "camera_location": [4.881988525390625, -0.5540947914123535, -0.4926861524581909], "point_normal": [0.019443031400442123, 0.5589542388916016, -0.8289705514907837], "camera_rotation_final_quaternion": [0.4266265034675598, 0.35774314403533936, 0.5419064164161682, 0.6295610666275024], "skybox_img": 4, "point_uuid": "189", "field_of_view_rads": 1.8083336999188173, "camera_rotation_final": [1.4134217500686646, 0.011941220611333847, 1.9606428146362305]}