{"camera_uuid": "13307", "obliqueness_angle": 1.0107709169387817, "nonfixated_points_in_view": [], "camera_rotation_original": [1.5707963705062866, -0.0533103421330452, -1.0836156606674194], "point_location": [0.580907940864563, -0.050188999623060226, -1.4085019826889038], "skybox_img_path": "./img/high/13307_skybox4.jpg", "resolution": 512, "camera_distance": 0.9463453955166005, "view_id": 50, "point_pitch": -0.5827914913508554, "camera_rotation_from_original_to_final": [-0.30738162994384766, 0.5026081800460815, -0.10656797140836716], "camera_location": [-0.12847009301185608, -0.39896780252456665, -0.8882080316543579], "point_normal": [-0.16356271505355835, 0.2954562306404114, 0.941250741481781], "camera_rotation_final_quaternion": [0.7617286443710327, 0.394547700881958, -0.26350653171539307, -0.4412096440792084], "skybox_img": 4, "point_uuid": "57", "field_of_view_rads": 0.950131287597413, "camera_rotation_final": [0.9877434372901917, -0.05330969765782356, -1.0787074565887451]}