{"camera_uuid": "3117", "obliqueness_angle": 1.5139410495758057, "nonfixated_points_in_view": [], "camera_rotation_original": [-1.570796251296997, 3.1070730686187744, -0.01511445827782154], "point_location": [0.32991182804107666, 2.4133899211883545, -1.3794349431991577], "skybox_img_path": "./img/high/3117_skybox4.jpg", "resolution": 512, "camera_distance": 0.9274334871344246, "view_id": 1, "point_pitch": -0.4996661384913583, "camera_rotation_from_original_to_final": [0.4759824573993683, -0.0014807098777964711, 0.765185534954071], "camera_location": [-0.23136505484580994, 3.017155885696411, -0.954502284526825], "point_normal": [0.7323230504989624, 0.6650322675704956, 0.14640741050243378], "camera_rotation_final_quaternion": [-0.30101561546325684, -0.19724321365356445, 0.4816683828830719, 0.7990496158599854], "skybox_img": 4, "point_uuid": "151", "field_of_view_rads": 0.9904486154446002, "camera_rotation_final": [-2.0469086170196533, 3.1163551807403564, 0.7359319925308228]}