{"camera_uuid": "8097", "obliqueness_angle": 1.292870283126831, "nonfixated_points_in_view": [], "camera_rotation_original": [1.5707963705062866, 0.1537378579378128, -2.2493762969970703], "point_location": [4.528530120849609, 1.0438001155853271, -1.4141380786895752], "skybox_img_path": "./img/high/8097_skybox4.jpg", "resolution": 512, "camera_distance": 0.6708452156423345, "view_id": 17, "point_pitch": -0.282175942263331, "camera_rotation_from_original_to_final": [0.17809106409549713, 0.20755727589130402, 0.10193857550621033], "camera_location": [3.993281602859497, 1.4056320190429688, -1.2335280179977417], "point_normal": [0.012244894169270992, 0.0278637632727623, 0.9995367527008057], "camera_rotation_final_quaternion": [0.31637483835220337, 0.32514986395835876, -0.5095722079277039, -0.7311092019081116], "skybox_img": 4, "point_uuid": "140", "field_of_view_rads": 1.0039714359666843, "camera_rotation_final": [1.2948729991912842, 0.1536118984222412, -2.2085344791412354]}