{"camera_uuid": "15763", "obliqueness_angle": 0.7171444296836853, "nonfixated_points_in_view": [], "camera_rotation_original": [1.5707963705062866, -0.02438550628721714, 2.2360641956329346], "point_location": [6.403560161590576, -0.3128143846988678, -1.373155951499939], "skybox_img_path": "./img/high/15763_skybox4.jpg", "resolution": 512, "camera_distance": 0.7895439138214078, "view_id": 8, "point_pitch": -0.14429049094649748, "camera_rotation_from_original_to_final": [0.0949896052479744, -0.12777671217918396, 0.6391936540603638], "camera_location": [6.603885173797607, 0.44059354066848755, -1.248152256011963], "point_normal": [-0.4072767198085785, 0.9103356599807739, -0.07358577847480774], "camera_rotation_final_quaternion": [0.0911790281534195, 0.09038276225328445, 0.642393171787262, 0.7555450797080994], "skybox_img": 4, "point_uuid": "113", "field_of_view_rads": 1.957036885090066, "camera_rotation_final": [1.4117730855941772, -0.01943216286599636, 2.8848304748535156]}