{"camera_uuid": "5297", "obliqueness_angle": 0.5077993869781494, "nonfixated_points_in_view": [], "camera_rotation_original": [1.5707963705062866, 0.1729845404624939, -0.710064172744751], "point_location": [2.813992500305176, 1.206691026687622, -1.412956953048706], "skybox_img_path": "./img/high/5297_skybox4.jpg", "resolution": 512, "camera_distance": 0.8369835164863693, "view_id": 25, "point_pitch": -0.33618239959212737, "camera_rotation_from_original_to_final": [-0.3427619934082031, 0.2634687125682831, -0.577046811580658], "camera_location": [2.092942953109741, 0.9627859592437744, -1.0649062395095825], "point_normal": [-0.8119872808456421, -0.5835861563682556, 0.010192384012043476], "camera_rotation_final_quaternion": [0.6429367661476135, 0.46255889534950256, -0.2794988453388214, -0.5427263975143433], "skybox_img": 4, "point_uuid": "163", "field_of_view_rads": 1.5766701541034631, "camera_rotation_final": [1.137198805809021, 0.14317432045936584, -1.3105801343917847]}