{"camera_uuid": "11424", "obliqueness_angle": 1.1953189373016357, "nonfixated_points_in_view": [], "camera_rotation_original": [1.5707963705062866, 0.12492473423480988, -0.9332476854324341], "point_location": [5.518570899963379, 1.8022818565368652, -0.9034366607666016], "skybox_img_path": "./img/high/11424_skybox4.jpg", "resolution": 512, "camera_distance": 0.27481312599863444, "view_id": 57, "point_pitch": -0.40785734256240325, "camera_rotation_from_original_to_final": [-0.21714003384113312, 0.2668604552745819, 0.5458554029464722], "camera_location": [5.427382469177246, 1.5599985122680664, -0.8112102746963501], "point_normal": [-0.3810344636440277, 0.07813670486211777, 0.9212532639503479], "camera_rotation_final_quaternion": [0.7943217754364014, 0.5720258355140686, -0.07062601298093796, -0.19196705520153046], "skybox_img": 4, "point_uuid": "103", "field_of_view_rads": 0.554628086887159, "camera_rotation_final": [1.2264833450317383, 0.10762833058834076, -0.3984738290309906]}