{"camera_uuid": "5896", "obliqueness_angle": 1.0524812936782837, "nonfixated_points_in_view": [], "camera_rotation_original": [1.5707963705062866, -0.0848909541964531, 2.5855672359466553], "point_location": [-0.34234288334846497, 0.8369564414024353, -0.7921566963195801], "skybox_img_path": "./img/high/5896_skybox4.jpg", "resolution": 512, "camera_distance": 0.6531974209327789, "view_id": 3, "point_pitch": -0.4692055424067636, "camera_rotation_from_original_to_final": [0.3780983090400696, -0.2232528179883957, -0.45874807238578796], "camera_location": [0.14677684009075165, 1.1704559326171875, -0.5161007642745972], "point_normal": [0.04777548089623451, 0.07583989202976227, 0.9959748387336731], "camera_rotation_final_quaternion": [0.3612600862979889, 0.27148669958114624, 0.46366336941719055, 0.7621039152145386], "skybox_img": 4, "point_uuid": "121", "field_of_view_rads": 1.0386947080855735, "camera_rotation_final": [1.1330044269561768, -0.07887779176235199, 2.206094264984131]}