{"camera_uuid": "14976", "obliqueness_angle": 1.1678823232650757, "nonfixated_points_in_view": [], "camera_rotation_original": [1.5707963705062866, 0.038931433111429214, -0.6742190718650818], "point_location": [6.233119487762451, 1.261824607849121, -1.3760061264038086], "skybox_img_path": "./img/high/14976_skybox4.jpg", "resolution": 512, "camera_distance": 0.4738070334687896, "view_id": 0, "point_pitch": -0.41549281676742034, "camera_rotation_from_original_to_final": [-0.342434287071228, 0.26345789432525635, -0.3883375823497772], "camera_location": [5.8667402267456055, 1.0350208282470703, -1.178979754447937], "point_normal": [-0.8669617772102356, 0.17648041248321533, -0.4660814702510834], "camera_rotation_final_quaternion": [0.7266743183135986, 0.47730889916419983, -0.2534913122653961, -0.4241023361682892], "skybox_img": 4, "point_uuid": "13", "field_of_view_rads": 2.078591559549699, "camera_rotation_final": [1.141629695892334, 0.03645246848464012, -1.0331696271896362]}