{"camera_uuid": "11255", "obliqueness_angle": 1.2620751857757568, "nonfixated_points_in_view": [], "camera_rotation_original": [1.5707963705062866, 0.14642252027988434, 2.0511770248413086], "point_location": [3.54880690574646, 0.15072500705718994, -1.4055030345916748], "skybox_img_path": "./img/high/11255_skybox4.jpg", "resolution": 512, "camera_distance": 0.7987435326403953, "view_id": 8, "point_pitch": -0.2384984930369516, "camera_rotation_from_original_to_final": [0.12491945922374725, -0.23809586465358734, -0.20129770040512085], "camera_location": [4.285863399505615, 0.37410426139831543, -1.1937469244003296], "point_normal": [0.19957615435123444, 0.8647677302360535, -0.4608103036880493], "camera_rotation_final_quaternion": [0.5198184847831726, 0.3241514265537262, 0.5122206807136536, 0.6019505858421326], "skybox_img": 4, "point_uuid": "83", "field_of_view_rads": 1.6704098442162183, "camera_rotation_final": [1.299649715423584, 0.14276176691055298, 1.8255351781845093]}