{"camera_uuid": "3369", "obliqueness_angle": 1.2781376838684082, "nonfixated_points_in_view": [97], "camera_rotation_original": [1.5707963705062866, -0.0035737408325076103, 0.5082553029060364], "point_location": [-0.014790859073400497, 3.0187888145446777, -1.4541010856628418], "skybox_img_path": "./img/high/3369_skybox4.jpg", "resolution": 512, "camera_distance": 0.9330222004337452, "view_id": 21, "point_pitch": -0.29273144801589446, "camera_rotation_from_original_to_final": [-0.25910356640815735, -0.14145401120185852, 0.5155154466629028], "camera_location": [0.7391060590744019, 2.5403993129730225, -1.183336615562439], "point_normal": [-0.0014163268497213721, 0.001087893615476787, 0.9999983906745911], "camera_rotation_final_quaternion": [0.703188955783844, 0.5225093960762024, 0.28615230321884155, 0.38810575008392334], "skybox_img": 4, "point_uuid": "3", "field_of_view_rads": 0.7376648996792496, "camera_rotation_final": [1.2763574123382568, -0.0031395440455526114, 1.0063072443008423]}