{"camera_uuid": "7775", "obliqueness_angle": 0.49492448568344116, "nonfixated_points_in_view": [], "camera_rotation_original": [1.5707963705062866, -0.04673226177692413, -1.5611660480499268], "point_location": [5.518570899963379, 1.8022818565368652, -0.9034366607666016], "skybox_img_path": "./img/high/7775_skybox4.jpg", "resolution": 512, "camera_distance": 0.9850326235522495, "view_id": 20, "point_pitch": -0.6837157448146005, "camera_rotation_from_original_to_final": [-0.02062094584107399, 0.6773779392242432, -0.15398922562599182], "camera_location": [4.758799076080322, 1.9106146097183228, -0.2859416604042053], "point_normal": [-0.3810344636440277, 0.07813670486211777, 0.9212532639503479], "camera_rotation_final_quaternion": [0.6110613346099854, 0.273194819688797, -0.334553062915802, -0.6633572578430176], "skybox_img": 4, "point_uuid": "103", "field_of_view_rads": 1.949514490688795, "camera_rotation_final": [0.8923887610435486, -0.04643002897500992, -1.6750344038009644]}