{"camera_uuid": "7762", "obliqueness_angle": 1.4105424880981445, "nonfixated_points_in_view": [101], "camera_rotation_original": [1.5707963705062866, 0.07108227908611298, 1.421230435371399], "point_location": [3.6669938564300537, 1.5509448051452637, -1.3941354751586914], "skybox_img_path": "./img/high/7762_skybox4.jpg", "resolution": 512, "camera_distance": 0.6860510352526789, "view_id": 9, "point_pitch": -0.47828046878310637, "camera_rotation_from_original_to_final": [-0.07422748953104019, -0.44508445262908936, 0.42919692397117615], "camera_location": [4.263213634490967, 1.7116893529891968, -1.0952221155166626], "point_normal": [0.3106723129749298, -0.9194551110267639, 0.24100880324840546], "camera_rotation_final_quaternion": [0.53957200050354, 0.30735814571380615, 0.43322086334228516, 0.6532325148582458], "skybox_img": 4, "point_uuid": "61", "field_of_view_rads": 1.1263039557204935, "camera_rotation_final": [1.118922472000122, 0.06600294262170792, 1.8021396398544312]}