{"camera_uuid": "6591", "obliqueness_angle": 1.0518653392791748, "nonfixated_points_in_view": [], "camera_rotation_original": [1.5707963705062866, -0.07754544168710709, 0.8508886694908142], "point_location": [0.7851385474205017, 1.2789015769958496, -1.4171496629714966], "skybox_img_path": "./img/high/6591_skybox4.jpg", "resolution": 512, "camera_distance": 0.6949178186290732, "view_id": 76, "point_pitch": -0.5145928104731698, "camera_rotation_from_original_to_final": [-0.34269392490386963, -0.3791712522506714, -0.07177287340164185], "camera_location": [1.1814770698547363, 0.8177637457847595, -1.080729603767395], "point_normal": [0.04163115471601486, 0.017202280461788177, 0.9989850521087646], "camera_rotation_final_quaternion": [0.793729305267334, 0.4835362136363983, 0.15535572171211243, 0.3347403109073639], "skybox_img": 4, "point_uuid": "187", "field_of_view_rads": 1.3896106772310381, "camera_rotation_final": [1.0637928247451782, -0.07717391848564148, 0.7527680397033691]}