{"camera_uuid": "8352", "obliqueness_angle": 1.0425846576690674, "nonfixated_points_in_view": [], "camera_rotation_original": [1.5707963705062866, 0.01614433154463768, -1.4172836542129517], "point_location": [3.4670467376708984, 1.0758438110351562, -0.6993377804756165], "skybox_img_path": "./img/high/8352_skybox4.jpg", "resolution": 512, "camera_distance": 0.49468415978810737, "view_id": 16, "point_pitch": -0.3312517841670175, "camera_rotation_from_original_to_final": [-0.05196252837777138, 0.320709764957428, 0.40880298614501953], "camera_location": [3.0725009441375732, 0.8225990533828735, -0.5414988398551941], "point_normal": [-0.728654682636261, -0.24732623994350433, -0.6386642456054688], "camera_rotation_final_quaternion": [0.7096080183982849, 0.5142092108726501, -0.2757786512374878, -0.39495763182640076], "skybox_img": 4, "point_uuid": "78", "field_of_view_rads": 1.6924921945557647, "camera_rotation_final": [1.2460113763809204, 0.01479272823780775, -1.0051425695419312]}