{"camera_uuid": "2699", "obliqueness_angle": 1.0997720956802368, "nonfixated_points_in_view": [98], "camera_rotation_original": [1.5707963705062866, -0.1663774996995926, 0.5550276637077332], "point_location": [0.23549170792102814, 2.561976432800293, -1.4406388998031616], "skybox_img_path": "./img/high/2699_skybox4.jpg", "resolution": 512, "camera_distance": 0.8057025229781828, "view_id": 1, "point_pitch": -0.5999898155543466, "camera_rotation_from_original_to_final": [-0.5558739900588989, -0.3442365527153015, 0.31542935967445374], "camera_location": [0.6799612641334534, 2.0951731204986572, -0.9572156667709351], "point_normal": [-0.3735734224319458, -0.8979271650314331, 0.23274387419223785], "camera_rotation_final_quaternion": [0.7936416864395142, 0.42959830164909363, 0.12427481263875961, 0.4124729335308075], "skybox_img": 4, "point_uuid": "55", "field_of_view_rads": 1.6316217442386929, "camera_rotation_final": [0.9178242683410645, -0.15778996050357819, 0.8805150389671326]}