{"camera_uuid": "5398", "obliqueness_angle": 1.1728479862213135, "nonfixated_points_in_view": [], "camera_rotation_original": [1.5707963705062866, -0.16585762798786163, 2.4509758949279785], "point_location": [0.9227169156074524, 0.6807072758674622, -1.4383314847946167], "skybox_img_path": "./img/high/5398_skybox4.jpg", "resolution": 512, "camera_distance": 0.7013873563462271, "view_id": 12, "point_pitch": -0.2687544067713876, "camera_rotation_from_original_to_final": [0.22356489300727844, -0.1739196926355362, 0.03935009986162186], "camera_location": [1.320961594581604, 1.2240060567855835, -1.2429553270339966], "point_normal": [0.9748377203941345, -0.22190459072589874, 0.021208828315138817], "camera_rotation_final_quaternion": [0.1825667917728424, 0.235085129737854, 0.5526812672615051, 0.778426468372345], "skybox_img": 4, "point_uuid": "59", "field_of_view_rads": 0.9904486154446002, "camera_rotation_final": [1.2845125198364258, -0.16493730247020721, 2.5573480129241943]}