{"camera_uuid": "5685", "obliqueness_angle": 1.3688278198242188, "nonfixated_points_in_view": [2], "camera_rotation_original": [1.5707963705062866, -0.14771829545497894, -1.1076830625534058], "point_location": [0.22651520371437073, 2.849133014678955, -1.442795991897583], "skybox_img_path": "./img/high/5685_skybox4.jpg", "resolution": 512, "camera_distance": 0.9373234821079891, "view_id": 28, "point_pitch": -0.23519937594863372, "camera_rotation_from_original_to_final": [-0.10329020023345947, 0.19654062390327454, -0.11832858622074127], "camera_location": [-0.630977988243103, 2.5316381454467773, -1.236694574356079], "point_normal": [0.024610353633761406, -0.009762244299054146, 0.9996494650840759], "camera_rotation_final_quaternion": [0.6728214025497437, 0.4842095375061035, -0.3944612145423889, -0.3965511918067932], "skybox_img": 4, "point_uuid": "150", "field_of_view_rads": 1.7078141053604305, "camera_rotation_final": [1.3466333150863647, -0.1473083347082138, -1.1827366352081299]}