{"camera_uuid": "8376", "obliqueness_angle": 1.1719012260437012, "nonfixated_points_in_view": [], "camera_rotation_original": [1.5707963705062866, 0.12304934859275818, 0.6186274886131287], "point_location": [3.765934944152832, 1.8845245838165283, -1.4114539623260498], "skybox_img_path": "./img/high/8376_skybox4.jpg", "resolution": 512, "camera_distance": 0.8094467982275125, "view_id": 2, "point_pitch": -0.5246557434413095, "camera_rotation_from_original_to_final": [-0.3498246669769287, -0.2677154541015625, 0.874816358089447], "camera_location": [4.493257999420166, 1.7888672351837158, -1.0693210363388062], "point_normal": [-0.0554204061627388, -0.27599287033081055, 0.9595605731010437], "camera_rotation_final_quaternion": [0.6602235436439514, 0.3863157033920288, 0.37339362502098083, 0.5248259902000427], "skybox_img": 4, "point_uuid": "154", "field_of_view_rads": 0.7376648996792496, "camera_rotation_final": [1.1326031684875488, 0.08766171336174011, 1.3990267515182495]}