{"camera_uuid": "2861", "obliqueness_angle": 0.8173272609710693, "nonfixated_points_in_view": [], "camera_rotation_original": [1.5707963705062866, 0.010708199813961983, -2.8401129245758057], "point_location": [0.48665541410446167, 2.050424337387085, -1.4244725704193115], "skybox_img_path": "./img/high/2861_skybox4.jpg", "resolution": 512, "camera_distance": 0.6692599538124155, "view_id": 6, "point_pitch": -0.7030231197688241, "camera_rotation_from_original_to_final": [0.6777554154396057, 0.19044345617294312, 0.36579445004463196], "camera_location": [0.19720105826854706, 2.472651720046997, -0.9933703541755676], "point_normal": [-0.7508701086044312, -0.09726908802986145, 0.6532478928565979], "camera_rotation_final_quaternion": [0.26254352927207947, 0.12754596769809723, -0.40206748247146606, -0.8678390979766846], "skybox_img": 4, "point_uuid": "167", "field_of_view_rads": 0.9904486154446002, "camera_rotation_final": [0.8708437085151672, 0.010258507914841175, -2.5492758750915527]}