{"camera_uuid": "4321", "obliqueness_angle": 1.2348709106445312, "nonfixated_points_in_view": [], "camera_rotation_original": [1.5707963705062866, 0.06654845923185349, 2.324069023132324], "point_location": [-0.0037994040176272392, 1.4926419258117676, -1.4197502136230469], "skybox_img_path": "./img/high/4321_skybox4.jpg", "resolution": 512, "camera_distance": 0.9898827716720053, "view_id": 7, "point_pitch": -0.24961952765914397, "camera_rotation_from_original_to_final": [0.19984295964241028, -0.2001282125711441, -0.5159991383552551], "camera_location": [0.9159225225448608, 1.733891248703003, -1.1444716453552246], "point_normal": [0.5946656465530396, -0.7973978519439697, -0.10261386632919312], "camera_rotation_final_quaternion": [0.5071951150894165, 0.3524726629257202, 0.4865357279777527, 0.6178989410400391], "skybox_img": 4, "point_uuid": "70", "field_of_view_rads": 0.5961933550608073, "camera_rotation_final": [1.2885017395019531, 0.05798463523387909, 1.8105169534683228]}