{"camera_uuid": "6025", "obliqueness_angle": 1.0583534240722656, "nonfixated_points_in_view": [42, 86], "camera_rotation_original": [1.5707963705062866, 0.06076933071017265, -0.828322172164917], "point_location": [0.22651520371437073, 2.849133014678955, -1.442795991897583], "skybox_img_path": "./img/high/6025_skybox4.jpg", "resolution": 512, "camera_distance": 0.32897242749047445, "view_id": 37, "point_pitch": -0.5066830356928964, "camera_rotation_from_original_to_final": [-0.3780089020729065, 0.3851945996284485, -0.5066935420036316], "camera_location": [-0.043236907571554184, 2.7624266147613525, -1.2756474018096924], "point_normal": [0.024610353633761406, -0.009762244299054146, 0.9996494650840759], "camera_rotation_final_quaternion": [0.6852152943611145, 0.409781277179718, -0.2793435752391815, -0.5334101915359497], "skybox_img": 4, "point_uuid": "150", "field_of_view_rads": 0.7292684823137142, "camera_rotation_final": [1.0369539260864258, 0.05436882749199867, -1.2919068336486816]}