{"camera_uuid": "4432", "obliqueness_angle": 1.0800145864486694, "nonfixated_points_in_view": [], "camera_rotation_original": [1.5707963705062866, -0.06172206625342369, 0.2645314931869507], "point_location": [2.950843095779419, 3.0527775287628174, -0.6373903751373291], "skybox_img_path": "./img/high/4432_skybox4.jpg", "resolution": 512, "camera_distance": 0.8150818545463573, "view_id": 1, "point_pitch": -0.2237446745249887, "camera_rotation_from_original_to_final": [-0.24432675540447235, -0.060432419180870056, 0.46631166338920593], "camera_location": [3.4737889766693115, 2.461386203765869, -0.4345546364784241], "point_normal": [-0.1132572814822197, -0.8965836763381958, -0.42814773321151733], "camera_rotation_final_quaternion": [0.7307519912719727, 0.5790418386459351, 0.20070868730545044, 0.3007126450538635], "skybox_img": 4, "point_uuid": "42", "field_of_view_rads": 1.6316217442386929, "camera_rotation_final": [1.3189120292663574, -0.05494147539138794, 0.7381837964057922]}