{"camera_uuid": "8057", "obliqueness_angle": 1.241999626159668, "nonfixated_points_in_view": [83], "camera_rotation_original": [1.5707963705062866, -0.05370228737592697, 0.9348055124282837], "point_location": [3.765934944152832, 1.8845245838165283, -1.4114539623260498], "skybox_img_path": "./img/high/8057_skybox4.jpg", "resolution": 512, "camera_distance": 0.9114688772772405, "view_id": 11, "point_pitch": -0.32213275035354094, "camera_rotation_from_original_to_final": [-0.21279771625995636, -0.27458739280700684, 0.4754522740840912], "camera_location": [4.6081061363220215, 1.7229180335998535, -1.1025744676589966], "point_normal": [-0.0554204061627388, -0.27599287033081055, 0.9595605731010437], "camera_rotation_final_quaternion": [0.6172023415565491, 0.4524068236351013, 0.3548065423965454, 0.5371235013008118], "skybox_img": 4, "point_uuid": "154", "field_of_view_rads": 1.1498058012590282, "camera_rotation_final": [1.2246532440185547, -0.04804033041000366, 1.3985264301300049]}