{"camera_uuid": "3818", "obliqueness_angle": 1.3245553970336914, "nonfixated_points_in_view": [], "camera_rotation_original": [1.5707963705062866, 0.03485123813152313, 1.2122373580932617], "point_location": [2.3265388011932373, 1.823689341545105, -1.379395604133606], "skybox_img_path": "./img/high/3818_skybox4.jpg", "resolution": 512, "camera_distance": 0.9737679187848456, "view_id": 4, "point_pitch": -0.18288783629867034, "camera_rotation_from_original_to_final": [-0.05459892004728317, -0.15631631016731262, 0.5312060713768005], "camera_location": [3.2734835147857666, 1.9843099117279053, -1.2190189361572266], "point_normal": [0.44639652967453003, -0.8364235162734985, -0.31800320744514465], "camera_rotation_final_quaternion": [0.5012964010238647, 0.40940532088279724, 0.5000388622283936, 0.5753697156906128], "skybox_img": 4, "point_uuid": "10", "field_of_view_rads": 1.7779022957772381, "camera_rotation_final": [1.4052693843841553, 0.03022112511098385, 1.7337692975997925]}