{"camera_uuid": "12921", "obliqueness_angle": 0.9725232124328613, "nonfixated_points_in_view": [], "camera_rotation_original": [1.5707963705062866, -0.08178786188364029, -0.589503288269043], "point_location": [4.301836967468262, 1.017685055732727, -0.9298179745674133], "skybox_img_path": "./img/high/12921_skybox4.jpg", "resolution": 512, "camera_distance": 0.46879372132071323, "view_id": 46, "point_pitch": -0.6184033592555185, "camera_rotation_from_original_to_final": [-0.5825251340866089, 0.3564881384372711, 0.5812724828720093], "camera_location": [4.338911056518555, 0.652694046497345, -0.637971043586731], "point_normal": [0.41032981872558594, 0.04652121290564537, 0.9107499122619629], "camera_rotation_final_quaternion": [0.8971192240715027, 0.4343947470188141, 0.005184417124837637, 0.08032088726758957], "skybox_img": 4, "point_uuid": "143", "field_of_view_rads": 1.7197523314966958, "camera_rotation_final": [0.8973413705825806, -0.06051679700613022, 0.1494472324848175]}