{"camera_uuid": "15279", "obliqueness_angle": 1.3813345432281494, "nonfixated_points_in_view": [8], "camera_rotation_original": [1.5707963705062866, 0.12462364137172699, 0.3628888726234436], "point_location": [5.4932861328125, 0.18884922564029694, -0.9166303277015686], "skybox_img_path": "./img/high/15279_skybox4.jpg", "resolution": 512, "camera_distance": 0.5233432498991167, "view_id": 4, "point_pitch": -0.3066459139201303, "camera_rotation_from_original_to_final": [-0.34169331192970276, -0.13519561290740967, -0.45518144965171814], "camera_location": [5.436119079589844, -0.2964021861553192, -0.7291439771652222], "point_normal": [-0.48851633071899414, 0.18398629128932953, 0.8529366254806519], "camera_rotation_final_quaternion": [0.818495512008667, 0.5664592981338501, -0.00038782088086009026, -0.0958581417798996], "skybox_img": 4, "point_uuid": "142", "field_of_view_rads": 1.792492522379571, "camera_rotation_final": [1.2021491527557373, 0.10817546397447586, -0.158951997756958]}