{"camera_uuid": "9467", "obliqueness_angle": 0.8034217357635498, "nonfixated_points_in_view": [65, 127], "camera_rotation_original": [1.5707963705062866, -0.07112031430006027, 2.5675535202026367], "point_location": [0.14699065685272217, -0.1122998520731926, -1.4476916790008545], "skybox_img_path": "./img/high/9467_skybox4.jpg", "resolution": 512, "camera_distance": 0.6693456690815212, "view_id": 44, "point_pitch": -0.394468947252955, "camera_rotation_from_original_to_final": [0.3325340449810028, -0.2022210657596588, -0.14993754029273987], "camera_location": [0.5419844388961792, 0.3653247058391571, -1.1949501037597656], "point_normal": [0.33598119020462036, 0.20910274982452393, 0.9183641672134399], "camera_rotation_final_quaternion": [0.2509918808937073, 0.20886313915252686, 0.5172801613807678, 0.7910755276679993], "skybox_img": 4, "point_uuid": "178", "field_of_view_rads": 0.6570232286300489, "camera_rotation_final": [1.1825730800628662, -0.07084605097770691, 2.479548215866089]}