{"camera_uuid": "5447", "obliqueness_angle": 1.0334116220474243, "nonfixated_points_in_view": [77], "camera_rotation_original": [1.5707963705062866, -0.00259793340228498, -3.0280001163482666], "point_location": [-0.17541399598121643, 0.931672990322113, -1.4293400049209595], "skybox_img_path": "./img/high/5447_skybox4.jpg", "resolution": 512, "camera_distance": 0.964135285362639, "view_id": 0, "point_pitch": -0.7384354313227792, "camera_rotation_from_original_to_final": [0.734303891658783, 0.07682370394468307, -0.3128262162208557], "camera_location": [-0.013385802507400513, 1.6265982389450073, -0.7809708118438721], "point_normal": [-0.016369029879570007, -0.200013667345047, 0.979656457901001], "camera_rotation_final_quaternion": [-0.10300451517105103, -0.046911679208278656, -0.4019395112991333, -0.9086440205574036], "skybox_img": 4, "point_uuid": "85", "field_of_view_rads": 2.078591559549699, "camera_rotation_final": [0.8332284688949585, -0.0024488645140081644, -3.368433952331543]}