{"camera_uuid": "0961", "obliqueness_angle": 0.35835978388786316, "nonfixated_points_in_view": [97], "camera_rotation_original": [1.5707963705062866, -0.0030388126615434885, 1.9898834228515625], "point_location": [0.32991182804107666, 2.4133899211883545, -1.3794349431991577], "skybox_img_path": "./img/high/0961_skybox4.jpg", "resolution": 512, "camera_distance": 0.902169731006114, "view_id": 29, "point_pitch": -0.32163064082595305, "camera_rotation_from_original_to_final": [0.13490858674049377, -0.2928531765937805, -0.023953469470143318], "camera_location": [1.1131582260131836, 2.7585103511810303, -1.0942556858062744], "point_normal": [0.7323230504989624, 0.6650322675704956, 0.14640741050243378], "camera_rotation_final_quaternion": [0.4420320391654968, 0.32021138072013855, 0.4892982542514801, 0.6801908016204834], "skybox_img": 4, "point_uuid": "151", "field_of_view_rads": 1.1399099232606629, "camera_rotation_final": [1.249174952507019, -0.0030386748258024454, 1.9868419170379639]}