{"camera_uuid": "2684", "obliqueness_angle": 1.0635638236999512, "nonfixated_points_in_view": [], "camera_rotation_original": [1.5707963705062866, 0.034388333559036255, 0.3694227933883667], "point_location": [-0.014790859073400497, 3.0187888145446777, -1.4541010856628418], "skybox_img_path": "./img/high/2684_skybox4.jpg", "resolution": 512, "camera_distance": 0.45623719282334063, "view_id": 12, "point_pitch": -0.533021136126246, "camera_rotation_from_original_to_final": [-0.47809070348739624, -0.18187165260314941, 0.827560544013977], "camera_location": [0.3490194082260132, 2.8563976287841797, -1.2317869663238525], "point_normal": [-0.0014163268497213721, 0.001087893615476787, 0.9999983906745911], "camera_rotation_final_quaternion": [0.730022668838501, 0.4208199679851532, 0.2815524637699127, 0.45902690291404724], "skybox_img": 4, "point_uuid": "3", "field_of_view_rads": 0.9904486154446002, "camera_rotation_final": [1.0616559982299805, 0.024746514856815338, 1.1371595859527588]}