{"camera_uuid": "6980", "obliqueness_angle": 1.0482313632965088, "nonfixated_points_in_view": [78], "camera_rotation_original": [1.5707963705062866, -0.12621745467185974, 2.1370842456817627], "point_location": [2.745572328567505, -0.016294807195663452, -0.9296797513961792], "skybox_img_path": "./img/high/6980_skybox4.jpg", "resolution": 512, "camera_distance": 0.8725251456639723, "view_id": 30, "point_pitch": 0.17571039597061677, "camera_rotation_from_original_to_final": [-0.07649167627096176, 0.05548931285738945, 0.774681806564331], "camera_location": [2.943070888519287, 0.8301293849945068, -1.0062336921691895], "point_normal": [-0.5854119062423706, 0.6019739508628845, -0.5430656671524048], "camera_rotation_final_quaternion": [0.04649285599589348, 0.11773841828107834, 0.728015661239624, 0.6737724542617798], "skybox_img": 4, "point_uuid": "102", "field_of_view_rads": 2.173302890718354, "camera_rotation_final": [1.6590142250061035, -0.09108865261077881, 2.904315948486328]}