{"camera_uuid": "1597", "obliqueness_angle": 0.9374260902404785, "nonfixated_points_in_view": [], "camera_rotation_original": [1.5707963705062866, -0.08642503619194031, 0.9692825675010681], "point_location": [2.066779375076294, 2.579990863800049, -1.4030261039733887], "skybox_img_path": "./img/high/1597_skybox4.jpg", "resolution": 512, "camera_distance": 0.4864340211101077, "view_id": 29, "point_pitch": -0.6148759563777109, "camera_rotation_from_original_to_final": [-0.37181800603866577, -0.5113246440887451, 0.1573667675256729], "camera_location": [2.404075860977173, 2.373844861984253, -1.1195601224899292], "point_normal": [0.0033442084677517414, -0.016241353005170822, 0.9998626112937927], "camera_rotation_final_quaternion": [0.751832127571106, 0.40963587164878845, 0.20205701887607574, 0.47552061080932617], "skybox_img": 4, "point_uuid": "51", "field_of_view_rads": 2.0062308946333633, "camera_rotation_final": [0.9460427165031433, -0.08586012572050095, 1.0839629173278809]}