{"camera_uuid": "10373", "obliqueness_angle": 1.126988172531128, "nonfixated_points_in_view": [], "camera_rotation_original": [1.5707963705062866, -0.07747140526771545, -2.4907331466674805], "point_location": [0.14699065685272217, -0.1122998520731926, -1.4476916790008545], "skybox_img_path": "./img/high/10373_skybox4.jpg", "resolution": 512, "camera_distance": 0.6895892465449306, "view_id": 22, "point_pitch": -0.4663044651362558, "camera_rotation_from_original_to_final": [0.36682137846946716, 0.2754216194152832, -0.11382052302360535], "camera_location": [-0.1411365121603012, 0.4360864460468292, -1.1447254419326782], "point_normal": [0.33598119020462036, 0.20910274982452393, 0.9183641672134399], "camera_rotation_final_quaternion": [0.2382345199584961, 0.10472714155912399, -0.5189996957778931, -0.8141964673995972], "skybox_img": 4, "point_uuid": "178", "field_of_view_rads": 0.63963352615166, "camera_rotation_final": [1.1144816875457764, -0.07682590186595917, -2.620168685913086]}