{"camera_uuid": "13232", "obliqueness_angle": 1.008571982383728, "nonfixated_points_in_view": [], "camera_rotation_original": [1.5707963705062866, 0.019044479355216026, 1.4269182682037354], "point_location": [0.580907940864563, -0.050188999623060226, -1.4085019826889038], "skybox_img_path": "./img/high/13232_skybox4.jpg", "resolution": 512, "camera_distance": 0.8271073080058478, "view_id": 53, "point_pitch": -0.5001374920222421, "camera_rotation_from_original_to_final": [-0.0805627703666687, -0.5016022324562073, -0.3708092272281647], "camera_location": [1.2027405500411987, -0.4187818169593811, -1.0065442323684692], "point_normal": [0.11274728178977966, 0.07453673332929611, 0.9908240437507629], "camera_rotation_final_quaternion": [0.7531898617744446, 0.43794894218444824, 0.2553638219833374, 0.41915997862815857], "skybox_img": 4, "point_uuid": "57", "field_of_view_rads": 1.7197523314966958, "camera_rotation_final": [1.063226580619812, 0.01753445528447628, 1.0259716510772705]}