{"camera_uuid": "12307", "obliqueness_angle": 0.9562501311302185, "nonfixated_points_in_view": [], "camera_rotation_original": [1.5707963705062866, -0.13739167153835297, 0.3238260746002197], "point_location": [6.319373607635498, 3.116034984588623, -1.4095163345336914], "skybox_img_path": "./img/high/12307_skybox4.jpg", "resolution": 512, "camera_distance": 0.6901779660165155, "view_id": 8, "point_pitch": -0.6419648369166513, "camera_rotation_from_original_to_final": [-0.5316641926765442, -0.1587231308221817, -0.7026247382164001], "camera_location": [6.080389499664307, 2.5793747901916504, -1.047262191772461], "point_normal": [0.11794652789831161, -0.12946823239326477, 0.9845438599586487], "camera_rotation_final_quaternion": [0.8638437986373901, 0.46940502524375916, -0.131238654255867, -0.1273154616355896], "skybox_img": 4, "point_uuid": "112", "field_of_view_rads": 1.6816280418618088, "camera_rotation_final": [1.014654278755188, -0.10742083936929703, -0.352408230304718]}