{"camera_uuid": "1511", "obliqueness_angle": 1.1810503005981445, "nonfixated_points_in_view": [], "camera_rotation_original": [1.5707963705062866, 0.05391564220190048, -2.164203405380249], "point_location": [2.133356809616089, 1.9143738746643066, -1.4239013195037842], "skybox_img_path": "./img/high/1511_skybox4.jpg", "resolution": 512, "camera_distance": 0.7167097085449412, "view_id": 4, "point_pitch": -0.42077378829451995, "camera_rotation_from_original_to_final": [0.2563766539096832, 0.35430535674095154, -0.19288039207458496], "camera_location": [1.695332646369934, 2.394925117492676, -1.122441291809082], "point_normal": [0.056367747485637665, -0.008248048834502697, 0.9983760714530945], "camera_rotation_final_quaternion": [0.2817498743534088, 0.20873801410198212, -0.49610498547554016, -0.794308066368103], "skybox_img": 4, "point_uuid": "2", "field_of_view_rads": 1.7779022957772381, "camera_rotation_final": [1.1360421180725098, 0.05207308009266853, -2.4266250133514404]}