{"camera_uuid": "11749", "obliqueness_angle": 1.3717256784439087, "nonfixated_points_in_view": [], "camera_rotation_original": [1.5707963705062866, 0.06071963161230087, 0.39937829971313477], "point_location": [5.518570899963379, 1.8022818565368652, -0.9034366607666016], "skybox_img_path": "./img/high/11749_skybox4.jpg", "resolution": 512, "camera_distance": 0.8585304607897597, "view_id": 2, "point_pitch": -0.12267987330886321, "camera_rotation_from_original_to_final": [-0.1448574960231781, -0.07691691815853119, -0.7204197645187378], "camera_location": [5.245787143707275, 1.0002808570861816, -0.7639447450637817], "point_normal": [-0.3810344636440277, 0.07813670486211777, 0.9212532639503479], "camera_rotation_final_quaternion": [0.7491312026977539, 0.6406881809234619, -0.09099415689706802, -0.1415667086839676], "skybox_img": 4, "point_uuid": "103", "field_of_view_rads": 1.1263039557204935, "camera_rotation_final": [1.4074279069900513, 0.045082367956638336, -0.33528271317481995]}