{"camera_uuid": "11683", "obliqueness_angle": 1.1753690242767334, "nonfixated_points_in_view": [], "camera_rotation_original": [1.5707963705062866, 0.003809914458543062, 0.6368728280067444], "point_location": [-0.34234288334846497, 0.8369564414024353, -0.7921566963195801], "skybox_img_path": "./img/high/11683_skybox4.jpg", "resolution": 512, "camera_distance": 0.8505027059088924, "view_id": 7, "point_pitch": -0.47434107860061125, "camera_rotation_from_original_to_final": [-0.39340031147003174, -0.27704164385795593, -0.70296311378479], "camera_location": [-0.4341530203819275, 0.0869746282696724, -0.4017044007778168], "point_normal": [0.04777548089623451, 0.07583989202976227, 0.9959748387336731], "camera_rotation_final_quaternion": [0.8524668216705322, 0.5191400051116943, -0.03084777295589447, -0.05331382900476456], "skybox_img": 4, "point_uuid": "121", "field_of_view_rads": 0.5961933550608073, "camera_rotation_final": [1.0938303470611572, 0.002761280396953225, -0.12323734164237976]}