{"camera_uuid": "7389", "obliqueness_angle": 1.1203888654708862, "nonfixated_points_in_view": [20], "camera_rotation_original": [1.5707963705062866, 0.05802689492702484, -2.2293334007263184], "point_location": [4.528530120849609, 1.0438001155853271, -1.4141380786895752], "skybox_img_path": "./img/high/7389_skybox4.jpg", "resolution": 512, "camera_distance": 0.6568136462677945, "view_id": 19, "point_pitch": -0.4269878109309335, "camera_rotation_from_original_to_final": [0.2826192080974579, 0.33936142921447754, -0.1314062625169754], "camera_location": [4.130481719970703, 1.4857641458511353, -1.1355174779891968], "point_normal": [0.012244894169270992, 0.0278637632727623, 0.9995367527008057], "camera_rotation_final_quaternion": [0.27760612964630127, 0.20793451368808746, -0.4946343004703522, -0.7968908548355103], "skybox_img": 4, "point_uuid": "140", "field_of_view_rads": 1.8083336999188173, "camera_rotation_final": [1.1319607496261597, 0.05680573731660843, -2.4350686073303223]}