{"camera_uuid": "10614", "obliqueness_angle": 0.7396337389945984, "nonfixated_points_in_view": [], "camera_rotation_original": [1.5707963705062866, -0.07624021917581558, 2.375431537628174], "point_location": [3.54880690574646, 0.15072500705718994, -1.4055030345916748], "skybox_img_path": "./img/high/10614_skybox4.jpg", "resolution": 512, "camera_distance": 0.9852394781267119, "view_id": 11, "point_pitch": -0.44104449351760344, "camera_rotation_from_original_to_final": [0.30463969707489014, -0.2801695764064789, -0.46521326899528503], "camera_location": [4.386739253997803, 0.48790299892425537, -1.0119585990905762], "point_normal": [0.9824792146682739, -0.14155076444149017, -0.12123570591211319], "camera_rotation_final_quaternion": [0.4412526786327362, 0.323975145816803, 0.4419502019882202, 0.7106449007987976], "skybox_img": 4, "point_uuid": "83", "field_of_view_rads": 1.5023104524077913, "camera_rotation_final": [1.1588048934936523, -0.07049756497144699, 1.9841361045837402]}