{"camera_uuid": "2522", "obliqueness_angle": 1.390091061592102, "nonfixated_points_in_view": [], "camera_rotation_original": [1.5707963705062866, 0.11756296455860138, -2.9866766929626465], "point_location": [1.8005895614624023, 0.6414239406585693, -0.9798945188522339], "skybox_img_path": "./img/high/2522_skybox4.jpg", "resolution": 512, "camera_distance": 0.9951070592213208, "view_id": 41, "point_pitch": -0.11458222468825774, "camera_rotation_from_original_to_final": [0.18245452642440796, 0.0530884712934494, -0.6631538271903992], "camera_location": [2.28243088722229, 1.491931438446045, -0.7936043739318848], "point_normal": [-0.012308535166084766, -0.0017647614004090428, 0.9999226927757263], "camera_rotation_final_quaternion": [-0.23066355288028717, -0.133764386177063, -0.6233009696006775, -0.7351171970367432], "skybox_img": 4, "point_uuid": "193", "field_of_view_rads": 2.0430947767692076, "camera_rotation_final": [1.3816872835159302, 0.09100618213415146, -3.674433708190918]}