{"camera_uuid": "3301", "obliqueness_angle": 1.230403184890747, "nonfixated_points_in_view": [], "camera_rotation_original": [1.5707963705062866, -0.10932091623544693, -2.1216535568237305], "point_location": [1.5920188426971436, 2.1285598278045654, -1.4049173593521118], "skybox_img_path": "./img/high/3301_skybox4.jpg", "resolution": 512, "camera_distance": 0.5003446903333094, "view_id": 31, "point_pitch": -0.6692091663691659, "camera_rotation_from_original_to_final": [0.38490599393844604, 0.5853766202926636, 0.251842737197876], "camera_location": [1.2400099039077759, 2.2886199951171875, -1.0874031782150269], "point_normal": [0.3241092562675476, -0.10795459151268005, 0.9398399591445923], "camera_rotation_final_quaternion": [0.5408025979995728, 0.20596696436405182, -0.37454262375831604, -0.7244501113891602], "skybox_img": 4, "point_uuid": "107", "field_of_view_rads": 1.792492522379571, "camera_rotation_final": [0.8785953521728516, -0.10688506811857224, -1.9093419313430786]}