{"camera_uuid": "3111", "obliqueness_angle": 0.9754749536514282, "nonfixated_points_in_view": [], "camera_rotation_original": [1.5707963705062866, -0.04009357839822769, 1.1343097686767578], "point_location": [1.1355481147766113, 2.277404546737671, -1.37511146068573], "skybox_img_path": "./img/high/3111_skybox4.jpg", "resolution": 512, "camera_distance": 0.9976154447498721, "view_id": 40, "point_pitch": -0.5749890049311777, "camera_rotation_from_original_to_final": [-0.2557801604270935, -0.5044965744018555, -0.31188151240348816], "camera_location": [1.7145241498947144, 1.6620299816131592, -0.8446989059448242], "point_normal": [-0.34670761227607727, -0.666063666343689, 0.6604189276695251], "camera_rotation_final_quaternion": [0.8061585426330566, 0.45368140935897827, 0.1683240532875061, 0.3405122756958008], "skybox_img": 4, "point_uuid": "162", "field_of_view_rads": 1.0801451845514387, "camera_rotation_final": [1.0097692012786865, -0.03758529946208, 0.7785399556159973]}