{"camera_uuid": "1690", "obliqueness_angle": 0.8053010106086731, "nonfixated_points_in_view": [], "camera_rotation_original": [1.5707963705062866, -0.07782916724681854, -1.3458359241485596], "point_location": [2.295008659362793, 2.27626895904541, -1.3962150812149048], "skybox_img_path": "./img/high/1690_skybox4.jpg", "resolution": 512, "camera_distance": 0.4598064925769684, "view_id": 16, "point_pitch": -0.7645661075923105, "camera_rotation_from_original_to_final": [-0.22575493156909943, 0.7152570486068726, -0.38187190890312195], "camera_location": [1.9577285051345825, 2.303990602493286, -1.0849344730377197], "point_normal": [-0.9679071307182312, -0.2512916922569275, -0.0028668304439634085], "camera_rotation_final_quaternion": [0.6542137861251831, 0.2567273676395416, -0.3091927766799927, -0.640699028968811], "skybox_img": 4, "point_uuid": "18", "field_of_view_rads": 1.6924921945557647, "camera_rotation_final": [0.8245002031326294, -0.07565855979919434, -1.5830223560333252]}