{"camera_uuid": "4891", "obliqueness_angle": 0.464792937040329, "nonfixated_points_in_view": [97, 98, 116, 86], "camera_rotation_original": [1.5707963705062866, -0.13530167937278748, -2.5051803588867188], "point_location": [0.3078916072845459, 2.7992374897003174, -1.4269014596939087], "skybox_img_path": "./img/high/4891_skybox4.jpg", "resolution": 512, "camera_distance": 0.4571672261749872, "view_id": 5, "point_pitch": -0.5318249901148935, "camera_rotation_from_original_to_final": [0.3901759088039398, 0.2797831594944, -0.4025757908821106], "camera_location": [0.23638483881950378, 3.1992695331573486, -1.2174664735794067], "point_normal": [-0.2804282307624817, 0.9596080183982849, 0.022641496732831], "camera_rotation_final_quaternion": [0.13502970337867737, 0.00940807443112135, -0.5204365253448486, -0.8431039452552795], "skybox_img": 4, "point_uuid": "66", "field_of_view_rads": 2.119048415795751, "camera_rotation_final": [1.0908656120300293, -0.125010147690773, -2.899897813796997]}