{"camera_uuid": "7665", "obliqueness_angle": 1.1463689804077148, "nonfixated_points_in_view": [], "camera_rotation_original": [1.5707963705062866, -0.08457053452730179, 1.3792871236801147], "point_location": [1.8005895614624023, 0.6414239406585693, -0.9798945188522339], "skybox_img_path": "./img/high/7665_skybox4.jpg", "resolution": 512, "camera_distance": 0.6207838154866274, "view_id": 42, "point_pitch": -0.44285981257888274, "camera_rotation_from_original_to_final": [-0.08005518466234207, -0.42881786823272705, -0.0852707251906395], "camera_location": [2.3388850688934326, 0.4771999716758728, -0.717900276184082], "point_normal": [-0.012308535166084766, -0.0017647614004090428, 0.9999226927757263], "camera_rotation_final_quaternion": [0.6535925269126892, 0.4464532732963562, 0.2994338870048523, 0.5327622890472412], "skybox_img": 4, "point_uuid": "193", "field_of_view_rads": 1.0905758212600238, "camera_rotation_final": [1.1334412097930908, -0.08439156413078308, 1.3140746355056763]}