{"camera_uuid": "0832", "obliqueness_angle": 0.8844833970069885, "nonfixated_points_in_view": [], "camera_rotation_original": [1.5707963705062866, 0.04892358556389809, -2.792173385620117], "point_location": [2.133356809616089, 1.9143738746643066, -1.4239013195037842], "skybox_img_path": "./img/high/0832_skybox4.jpg", "resolution": 512, "camera_distance": 0.97755293164623, "view_id": 12, "point_pitch": -0.6627444465968271, "camera_rotation_from_original_to_final": [0.6579172015190125, 0.2148667573928833, -0.43248146772384644], "camera_location": [2.249817371368408, 2.661076545715332, -0.8038353323936462], "point_normal": [0.056367747485637665, -0.008248048834502697, 0.9983760714530945], "camera_rotation_final_quaternion": [-0.09432192891836166, -0.02145145833492279, -0.4270687401294708, -0.899030327796936], "skybox_img": 4, "point_uuid": "2", "field_of_view_rads": 0.9904486154446002, "camera_rotation_final": [0.8829635381698608, 0.042005229741334915, -3.3308045864105225]}