{"camera_uuid": "12359", "obliqueness_angle": 0.8592913150787354, "nonfixated_points_in_view": [], "camera_rotation_original": [1.5707963705062866, 0.07905583083629608, -1.556517243385315], "point_location": [6.416158676147461, 2.537578821182251, -1.2911784648895264], "skybox_img_path": "./img/high/12359_skybox4.jpg", "resolution": 512, "camera_distance": 0.8967384651477517, "view_id": 26, "point_pitch": -0.7415019710871835, "camera_rotation_from_original_to_final": [0.010035750456154346, 0.7188531160354614, 0.3225161135196686], "camera_location": [5.780145645141602, 2.3115336894989014, -0.7008134126663208], "point_normal": [-0.00751654664054513, 0.040270037949085236, 0.9991605877876282], "camera_rotation_final_quaternion": [0.7163074016571045, 0.3493293821811676, -0.22089695930480957, -0.5622074007987976], "skybox_img": 4, "point_uuid": "148", "field_of_view_rads": 0.8278892494736719, "camera_rotation_final": [0.8496136665344238, 0.07640518993139267, -1.2963173389434814]}