{"camera_uuid": "15945", "obliqueness_angle": 1.0499200820922852, "nonfixated_points_in_view": [], "camera_rotation_original": [1.5707963705062866, 0.052339937537908554, 2.0724735260009766], "point_location": [6.095944881439209, -0.5426977872848511, -1.423715353012085], "skybox_img_path": "./img/high/15945_skybox4.jpg", "resolution": 512, "camera_distance": 0.5216617853941264, "view_id": 8, "point_pitch": -0.7084964950892587, "camera_rotation_from_original_to_final": [0.37113991379737854, -0.6030643582344055, 0.1464972198009491], "camera_location": [6.383432865142822, -0.26396122574806213, -1.0893688201904297], "point_normal": [-0.36893877387046814, 0.8434303998947144, 0.3905245363712311], "camera_rotation_final_quaternion": [0.3806157112121582, 0.1521107405424118, 0.39547374844551086, 0.8219455480575562], "skybox_img": 4, "point_uuid": "20", "field_of_view_rads": 1.6816280418618088, "camera_rotation_final": [0.8740045428276062, 0.05101567506790161, 2.298093318939209]}