{"camera_uuid": "5655", "obliqueness_angle": 1.4097319841384888, "nonfixated_points_in_view": [], "camera_rotation_original": [1.5707963705062866, 0.11939666420221329, 0.2687579095363617], "point_location": [3.4955337047576904, 2.483621597290039, -0.9530870914459229], "skybox_img_path": "./img/high/5655_skybox4.jpg", "resolution": 512, "camera_distance": 0.8783363030784659, "view_id": 3, "point_pitch": 0.15663082996872468, "camera_rotation_from_original_to_final": [0.11082078516483307, 0.022976644337177277, -0.38093140721321106], "camera_location": [3.3970909118652344, 1.616450548171997, -1.052072286605835], "point_normal": [-0.05499757453799248, -0.04231813922524452, -0.9975893497467041], "camera_rotation_final_quaternion": [0.6618546843528748, 0.7458874583244324, -0.00033430216717533767, -0.07483448833227158], "skybox_img": 4, "point_uuid": "46", "field_of_view_rads": 1.0386947080855735, "camera_rotation_final": [1.6844403743743896, 0.11142411082983017, -0.1003473773598671]}