{"camera_uuid": "15387", "obliqueness_angle": 1.3371798992156982, "nonfixated_points_in_view": [], "camera_rotation_original": [1.5707963705062866, -0.08852919936180115, 0.48206719756126404], "point_location": [5.022676944732666, -0.4345104992389679, -1.360304355621338], "skybox_img_path": "./img/high/15387_skybox4.jpg", "resolution": 512, "camera_distance": 0.6290030878751963, "view_id": 16, "point_pitch": -0.30794183810683684, "camera_rotation_from_original_to_final": [-0.2581018805503845, -0.13528694212436676, -0.19137604534626007], "camera_location": [5.1850175857543945, -1.014844536781311, -1.1800191402435303], "point_normal": [0.020464561879634857, 0.0647537112236023, 0.9976915121078491], "camera_rotation_final_quaternion": [0.7888449430465698, 0.5947670340538025, 0.05423959344625473, 0.14503055810928345], "skybox_img": 4, "point_uuid": "62", "field_of_view_rads": 1.6924921945557647, "camera_rotation_final": [1.278961420059204, -0.08705544471740723, 0.298878014087677]}