{"camera_uuid": "4004", "obliqueness_angle": 1.2486579418182373, "nonfixated_points_in_view": [109], "camera_rotation_original": [1.5707963705062866, 0.15522345900535583, 0.3263801038265228], "point_location": [2.155930757522583, 2.4535746574401855, -1.421875], "skybox_img_path": "./img/high/4004_skybox4.jpg", "resolution": 512, "camera_distance": 0.9580231061642108, "view_id": 3, "point_pitch": -0.3637656410548349, "camera_rotation_from_original_to_final": [-0.3038308918476105, -0.09842269867658615, 0.33372730016708374], "camera_location": [2.703167200088501, 1.7268517017364502, -1.1215180158615112], "point_normal": [0.01849367655813694, 0.009777815081179142, 0.9997811913490295], "camera_rotation_final_quaternion": [0.7864311337471008, 0.5392588376998901, 0.22900035977363586, 0.19566503167152405], "skybox_img": 4, "point_uuid": "168", "field_of_view_rads": 0.6025778511851491, "camera_rotation_final": [1.2481638193130493, 0.14971652626991272, 0.5956064462661743]}