{"camera_uuid": "10956", "obliqueness_angle": 1.3821828365325928, "nonfixated_points_in_view": [124, 118], "camera_rotation_original": [1.5707963705062866, -0.07700329273939133, 1.8725486993789673], "point_location": [-0.11395721882581711, -0.04560520127415657, -1.4123445749282837], "skybox_img_path": "./img/high/10956_skybox4.jpg", "resolution": 512, "camera_distance": 0.5793743182742069, "view_id": 38, "point_pitch": -0.17503587802382903, "camera_rotation_from_original_to_final": [0.05734720453619957, -0.18630872666835785, 0.24743524193763733], "camera_location": [0.36923474073410034, 0.25375810265541077, -1.3001762628555298], "point_normal": [0.004181658383458853, -0.01849798485636711, 0.9998201131820679], "camera_rotation_final_quaternion": [0.35001084208488464, 0.3296816647052765, 0.5426865816116333, 0.6886898279190063], "skybox_img": 4, "point_uuid": "192", "field_of_view_rads": 2.1797545326211765, "camera_rotation_final": [1.375417947769165, -0.07427272200584412, 2.1401538848876953]}