{"camera_uuid": "3884", "obliqueness_angle": 0.9764879941940308, "nonfixated_points_in_view": [], "camera_rotation_original": [1.5707963705062866, -0.0454585887491703, -2.682354688644409], "point_location": [-0.30368760228157043, 1.3439174890518188, -0.7665223479270935], "skybox_img_path": "./img/high/3884_skybox4.jpg", "resolution": 512, "camera_distance": 0.9183187838424717, "view_id": 10, "point_pitch": -0.05025760730239348, "camera_rotation_from_original_to_final": [0.02246241457760334, -0.0029338710010051727, -0.763856828212738], "camera_location": [-0.028438610956072807, 2.2198445796966553, -0.7492277026176453], "point_normal": [0.9422652125358582, 0.29410141706466675, -0.16012726724147797], "camera_rotation_final_quaternion": [-0.09662646055221558, -0.11757908761501312, -0.690477192401886, -0.7071631550788879], "skybox_img": 4, "point_uuid": "180", "field_of_view_rads": 1.957036885090066, "camera_rotation_final": [1.5519522428512573, -0.03286437690258026, -3.4454407691955566]}