{"camera_uuid": "0841", "obliqueness_angle": 0.9399690628051758, "nonfixated_points_in_view": [], "camera_rotation_original": [1.5707963705062866, -0.15685437619686127, 0.9212021827697754], "point_location": [0.8357325792312622, 3.0001583099365234, -1.4500991106033325], "skybox_img_path": "./img/high/0841_skybox4.jpg", "resolution": 512, "camera_distance": 0.9622996995013482, "view_id": 13, "point_pitch": -0.579978152117457, "camera_rotation_from_original_to_final": [-0.39680784940719604, -0.5003194808959961, 0.36576104164123535], "camera_location": [1.5548676252365112, 2.700723886489868, -0.88511723279953], "point_normal": [0.02106740139424801, 0.04000088572502136, 0.998977541923523], "camera_rotation_final_quaternion": [0.6932485103607178, 0.39933037757873535, 0.21674194931983948, 0.5594324469566345], "skybox_img": 4, "point_uuid": "133", "field_of_view_rads": 0.5256461677815203, "camera_rotation_final": [0.9353945851325989, -0.14681148529052734, 1.2837061882019043]}