{"camera_uuid": "5105", "obliqueness_angle": 0.9247965812683105, "nonfixated_points_in_view": [], "camera_rotation_original": [1.5707963705062866, 0.05069885402917862, -2.30505108833313], "point_location": [3.365755796432495, 1.3757675886154175, -0.9474144577980042], "skybox_img_path": "./img/high/5105_skybox4.jpg", "resolution": 512, "camera_distance": 0.7961327161363833, "view_id": 6, "point_pitch": 0.18938692013290925, "camera_rotation_from_original_to_final": [-0.15903492271900177, -0.156982421875, 0.7239653468132019], "camera_location": [2.589462995529175, 1.3924771547317505, -1.1232484579086304], "point_normal": [-0.6433119773864746, 0.7428977489471436, 0.18507462739944458], "camera_rotation_final_quaternion": [0.42777782678604126, 0.5572831034660339, -0.5475999116897583, -0.4545063376426697], "skybox_img": 4, "point_uuid": "9", "field_of_view_rads": 1.48952952790217, "camera_rotation_final": [1.7936570644378662, 0.038084372878074646, -1.5836894512176514]}