{"camera_uuid": "11876", "obliqueness_angle": 0.8391304612159729, "nonfixated_points_in_view": [], "camera_rotation_original": [1.5707963705062866, -0.03401194140315056, -0.8812323808670044], "point_location": [6.416158676147461, 2.537578821182251, -1.2911784648895264], "skybox_img_path": "./img/high/11876_skybox4.jpg", "resolution": 512, "camera_distance": 0.7310234248625896, "view_id": 32, "point_pitch": -0.7514590462062021, "camera_rotation_from_original_to_final": [-0.5425050854682922, 0.5472165942192078, -0.1979295313358307], "camera_location": [5.988090515136719, 2.217197895050049, -0.7926717400550842], "point_normal": [-0.00751654664054513, 0.040270037949085236, 0.9991605877876282], "camera_rotation_final_quaternion": [0.8293439745903015, 0.35235393047332764, -0.18676666915416718, -0.39134833216667175], "skybox_img": 4, "point_uuid": "148", "field_of_view_rads": 0.6299741311869721, "camera_rotation_final": [0.8198589086532593, -0.034007929265499115, -0.896573543548584]}