{"camera_uuid": "12461", "obliqueness_angle": 0.8655129671096802, "nonfixated_points_in_view": [], "camera_rotation_original": [1.5707963705062866, 0.00820786040276289, -2.0201306343078613], "point_location": [0.9536174535751343, -0.7778398990631104, -1.5063177347183228], "skybox_img_path": "./img/high/12461_skybox4.jpg", "resolution": 512, "camera_distance": 0.9082935370285663, "view_id": 4, "point_pitch": -0.6977538307521005, "camera_rotation_from_original_to_final": [0.3511147201061249, 0.6159615516662598, 0.14101652801036835], "camera_location": [0.31802263855934143, -0.4938926100730896, -0.9228879809379578], "point_normal": [-0.008941924199461937, -0.0010165447602048516, 0.9999595284461975], "camera_rotation_final_quaternion": [0.4889855980873108, 0.2319919317960739, -0.35356995463371277, -0.7629292607307434], "skybox_img": 4, "point_uuid": "89", "field_of_view_rads": 1.949514490688795, "camera_rotation_final": [0.873225748538971, 0.008205732330679893, -1.9978156089782715]}