{"camera_uuid": "14208", "obliqueness_angle": 0.9116554856300354, "nonfixated_points_in_view": [], "camera_rotation_original": [1.5707963705062866, -0.1448144018650055, -0.10003586858510971], "point_location": [-0.11395721882581711, -0.04560520127415657, -1.4123445749282837], "skybox_img_path": "./img/high/14208_skybox4.jpg", "resolution": 512, "camera_distance": 0.903985379744085, "view_id": 26, "point_pitch": -0.683036013445582, "camera_rotation_from_original_to_final": [-0.6336578130722046, 0.03702437877655029, -0.3998025357723236], "camera_location": [-0.46103984117507935, -0.6858490109443665, -0.8767971396446228], "point_normal": [-0.009451550431549549, -0.023393457755446434, 0.9996817111968994], "camera_rotation_final_quaternion": [0.8806025385856628, 0.42638951539993286, -0.1482476145029068, -0.1440616250038147], "skybox_img": 4, "point_uuid": "192", "field_of_view_rads": 1.949514490688795, "camera_rotation_final": [0.9295775294303894, -0.13868588209152222, -0.3939402997493744]}