{"camera_uuid": "6970", "obliqueness_angle": 1.0331616401672363, "nonfixated_points_in_view": [], "camera_rotation_original": [1.5707963705062866, 0.05516836792230606, -1.4256982803344727], "point_location": [3.4670467376708984, 1.0758438110351562, -0.6993377804756165], "skybox_img_path": "./img/high/6970_skybox4.jpg", "resolution": 512, "camera_distance": 0.9759659165585575, "view_id": 65, "point_pitch": -0.27367035945388274, "camera_rotation_from_original_to_final": [-0.04514708369970322, 0.23613321781158447, 0.6548998951911926], "camera_location": [2.809431552886963, 0.3930741250514984, -0.4672228693962097], "point_normal": [-0.728654682636261, -0.24732623994350433, -0.6386642456054688], "camera_rotation_final_quaternion": [0.7227698564529419, 0.5776022672653198, -0.21785345673561096, -0.3106755018234253], "skybox_img": 4, "point_uuid": "78", "field_of_view_rads": 1.3847446318031613, "camera_rotation_final": [1.3304270505905151, 0.043992120772600174, -0.7774126529693604]}