{"camera_uuid": "3919", "obliqueness_angle": 0.734722912311554, "nonfixated_points_in_view": [], "camera_rotation_original": [1.5707963705062866, 0.060432903468608856, 0.7199388146400452], "point_location": [1.1355481147766113, 2.277404546737671, -1.37511146068573], "skybox_img_path": "./img/high/3919_skybox4.jpg", "resolution": 512, "camera_distance": 0.33785824537862413, "view_id": 41, "point_pitch": -0.6402842243525644, "camera_rotation_from_original_to_final": [-0.5307210683822632, -0.4053569734096527, -0.1285780370235443], "camera_location": [1.2601946592330933, 2.0403900146484375, -1.1691125631332397], "point_normal": [-0.34670761227607727, -0.666063666343689, 0.6604189276695251], "camera_rotation_final_quaternion": [0.8782761096954346, 0.4246983230113983, 0.12153776735067368, 0.18300530314445496], "skybox_img": 4, "point_uuid": "162", "field_of_view_rads": 1.0218518288922764, "camera_rotation_final": [0.9137895107269287, 0.05807599425315857, 0.4394141733646393]}