{"camera_uuid": "10441", "obliqueness_angle": 1.3902276754379272, "nonfixated_points_in_view": [65, 118], "camera_rotation_original": [1.5707963705062866, 0.017062146216630936, 2.8111572265625], "point_location": [-0.11395721882581711, -0.04560520127415657, -1.4123445749282837], "skybox_img_path": "./img/high/10441_skybox4.jpg", "resolution": 512, "camera_distance": 0.7070105968535887, "view_id": 53, "point_pitch": -0.1795261343333383, "camera_rotation_from_original_to_final": [0.17956914007663727, -0.05861595645546913, -0.5769370794296265], "camera_location": [0.43102794885635376, 0.38480356335639954, -1.2796666622161865], "point_normal": [0.004181658383458853, -0.01849798485636711, 0.9998201131820679], "camera_rotation_final_quaternion": [0.3410409390926361, 0.27368906140327454, 0.5755554437637329, 0.6910291910171509], "skybox_img": 4, "point_uuid": "192", "field_of_view_rads": 1.7513250082996996, "camera_rotation_final": [1.381996989250183, 0.0143221914768219, 2.23652720451355]}