{"camera_uuid": "11740", "obliqueness_angle": 0.806943416595459, "nonfixated_points_in_view": [], "camera_rotation_original": [1.5707963705062866, -0.11317770928144455, -2.9567623138427734], "point_location": [1.1332991123199463, -0.8327366709709167, -1.4375404119491577], "skybox_img_path": "./img/high/11740_skybox4.jpg", "resolution": 512, "camera_distance": 0.4620111939970111, "view_id": 24, "point_pitch": -0.7301441868159433, "camera_rotation_from_original_to_final": [0.7401382923126221, 0.15299032628536224, 0.21803030371665955], "camera_location": [1.0244042873382568, -0.5134040713310242, -1.1219093799591064], "point_normal": [-0.5603585243225098, 0.8280418515205383, -0.018577322363853455], "camera_rotation_final_quaternion": [0.21771641075611115, 0.03538886085152626, -0.39643898606300354, -0.8911696076393127], "skybox_img": 4, "point_uuid": "147", "field_of_view_rads": 2.0062308946333633, "camera_rotation_final": [0.8130254149436951, -0.10976788401603699, -2.7096641063690186]}