{"camera_uuid": "5494", "obliqueness_angle": 1.0405198335647583, "nonfixated_points_in_view": [], "camera_rotation_original": [1.5707963705062866, -0.05694025382399559, 1.842860221862793], "point_location": [3.765934944152832, 1.8845245838165283, -1.4114539623260498], "skybox_img_path": "./img/high/5494_skybox4.jpg", "resolution": 512, "camera_distance": 0.32461249035816275, "view_id": 13, "point_pitch": -0.6272567947718759, "camera_rotation_from_original_to_final": [0.197086900472641, -0.5847935676574707, -0.3226563036441803], "camera_location": [4.03137731552124, 1.8859721422195435, -1.2246077060699463], "point_normal": [-0.0554204061627388, -0.27599287033081055, 0.9595605731010437], "camera_rotation_final_quaternion": [0.604191780090332, 0.33573421835899353, 0.3154102563858032, 0.6501931548118591], "skybox_img": 4, "point_uuid": "154", "field_of_view_rads": 1.4604219695947274, "camera_rotation_final": [0.9563763737678528, -0.055476050823926926, 1.6153491735458374]}