{"camera_uuid": "12447", "obliqueness_angle": 0.8315149545669556, "nonfixated_points_in_view": [], "camera_rotation_original": [1.5707963705062866, -0.09712984412908554, -1.7591841220855713], "point_location": [1.1332991123199463, -0.8327366709709167, -1.4375404119491577], "skybox_img_path": "./img/high/12447_skybox4.jpg", "resolution": 512, "camera_distance": 0.8026259156440071, "view_id": 27, "point_pitch": -0.5874587734553476, "camera_rotation_from_original_to_final": [0.10313039273023605, 0.566111147403717, -0.13336695730686188], "camera_location": [0.5018896460533142, -0.5971716046333313, -1.0016051530838013], "point_normal": [-0.5603585243225098, 0.8280418515205383, -0.018577322363853455], "camera_rotation_final_quaternion": [0.541610836982727, 0.24953106045722961, -0.40763479471206665, -0.6915386915206909], "skybox_img": 4, "point_uuid": "147", "field_of_view_rads": 1.4604219695947274, "camera_rotation_final": [0.9935963749885559, -0.09658822417259216, -1.8651654720306396]}