{"camera_uuid": "5066", "obliqueness_angle": 0.7379465103149414, "nonfixated_points_in_view": [], "camera_rotation_original": [1.5707963705062866, 0.027108272537589073, -1.0867091417312622], "point_location": [0.48665541410446167, 2.050424337387085, -1.4244725704193115], "skybox_img_path": "./img/high/5066_skybox4.jpg", "resolution": 512, "camera_distance": 0.901472451292908, "view_id": 44, "point_pitch": -0.3748419721934457, "camera_rotation_from_original_to_final": [-0.17588217556476593, 0.32036271691322327, 0.38768112659454346], "camera_location": [-0.03688016161322594, 1.390454649925232, -1.1035315990447998], "point_normal": [-0.7508701086044312, -0.09726908802986145, 0.6532478928565979], "camera_rotation_final_quaternion": [0.7738764882087708, 0.5382800102233887, -0.17956982553005219, -0.2812907099723816], "skybox_img": 4, "point_uuid": "167", "field_of_view_rads": 0.950131287597413, "camera_rotation_final": [1.206674337387085, 0.024899175390601158, -0.6801133751869202]}