{"camera_uuid": "12497", "obliqueness_angle": 1.2621445655822754, "nonfixated_points_in_view": [18], "camera_rotation_original": [1.5707963705062866, -0.05192209407687187, -1.5182034969329834], "point_location": [1.9191844463348389, 0.03978348895907402, -1.4310652017593384], "skybox_img_path": "./img/high/12497_skybox4.jpg", "resolution": 512, "camera_distance": 0.9380262566762174, "view_id": 5, "point_pitch": -0.2504076202723642, "camera_rotation_from_original_to_final": [-0.013219510205090046, 0.26713934540748596, 0.32604044675827026], "camera_location": [1.0792349576950073, -0.29625755548477173, -1.1831649541854858], "point_normal": [-0.03025132790207863, -0.0354352742433548, 0.9989140033721924], "camera_rotation_final_quaternion": [0.6694809198379517, 0.49345993995666504, -0.35264429450035095, -0.42887598276138306], "skybox_img": 4, "point_uuid": "175", "field_of_view_rads": 1.633880848593436, "camera_rotation_final": [1.3030121326446533, -0.048930514603853226, -1.1768079996109009]}