{"camera_uuid": "13090", "obliqueness_angle": 1.4232826232910156, "nonfixated_points_in_view": [], "camera_rotation_original": [1.5707963705062866, -0.15201430022716522, -0.9649993181228638], "point_location": [5.4932861328125, 0.18884922564029694, -0.9166303277015686], "skybox_img_path": "./img/high/13090_skybox4.jpg", "resolution": 512, "camera_distance": 0.8971475810645939, "view_id": 72, "point_pitch": 0.2834763089802603, "camera_rotation_from_original_to_final": [0.24603068828582764, -0.2946850061416626, -0.7028529644012451], "camera_location": [4.66213321685791, 0.2436155080795288, -1.2498859167099], "point_normal": [-0.48851633071899414, 0.18398629128932953, 0.8529366254806519], "camera_rotation_final_quaternion": [0.4077277183532715, 0.5274960994720459, -0.6383404731750488, -0.3847433030605316], "skybox_img": 4, "point_uuid": "142", "field_of_view_rads": 1.3089185547613287, "camera_rotation_final": [1.9540354013442993, -0.11488954722881317, -1.6827788352966309]}