{"camera_uuid": "8034", "obliqueness_angle": 0.8553574085235596, "nonfixated_points_in_view": [], "camera_rotation_original": [1.5707963705062866, 0.11970390379428864, 1.755131483078003], "point_location": [0.7851385474205017, 1.2789015769958496, -1.4171496629714966], "skybox_img_path": "./img/high/8034_skybox4.jpg", "resolution": 512, "camera_distance": 0.9040979182989252, "view_id": 14, "point_pitch": -0.6193179329249521, "camera_rotation_from_original_to_final": [0.13936758041381836, -0.6697463989257812, -0.5613889098167419], "camera_location": [1.4502466917037964, 1.0544871091842651, -0.8473581671714783], "point_normal": [0.04163115471601486, 0.017202280461788177, 0.9989850521087646], "camera_rotation_final_quaternion": [0.7656481862068176, 0.3324759304523468, 0.2726605236530304, 0.478433758020401], "skybox_img": 4, "point_uuid": "187", "field_of_view_rads": 1.1399099232606629, "camera_rotation_final": [0.8848985433578491, 0.09955301880836487, 1.1642136573791504]}