{"camera_uuid": "4940", "obliqueness_angle": 1.259441614151001, "nonfixated_points_in_view": [], "camera_rotation_original": [1.5707963705062866, -0.08973541855812073, 2.6556546688079834], "point_location": [2.3317840099334717, 0.14568398892879486, -1.3473780155181885], "skybox_img_path": "./img/high/4940_skybox4.jpg", "resolution": 512, "camera_distance": 0.9659098682742685, "view_id": 9, "point_pitch": -0.04135422309371428, "camera_rotation_from_original_to_final": [0.07074998319149017, -0.05064186081290245, 0.5179212093353271], "camera_location": [2.298797130584717, 1.1074440479278564, -1.2642433643341064], "point_normal": [0.2968771159648895, 0.3930782675743103, -0.8702605962753296], "camera_rotation_final_quaternion": [-0.04131518304347992, 0.014741585589945316, 0.6758314967155457, 0.7357496619224548], "skybox_img": 4, "point_uuid": "123", "field_of_view_rads": 1.1263039557204935, "camera_rotation_final": [1.484359860420227, -0.07761433720588684, 3.1825971603393555]}