{"camera_uuid": "14864", "obliqueness_angle": 0.7258709669113159, "nonfixated_points_in_view": [], "camera_rotation_original": [1.5707963705062866, -0.14877280592918396, 2.031205654144287], "point_location": [6.080295085906982, 1.5599316358566284, -1.4123303890228271], "skybox_img_path": "./img/high/14864_skybox4.jpg", "resolution": 512, "camera_distance": 0.6741129342383465, "view_id": 9, "point_pitch": -0.7355388840052743, "camera_rotation_from_original_to_final": [0.4130042791366577, -0.6143735647201538, -0.25965893268585205], "camera_location": [6.560695648193359, 1.7161600589752197, -0.9659715294837952], "point_normal": [0.9878883361816406, 0.1546885371208191, 0.012175889685750008], "camera_rotation_final_quaternion": [0.4597924053668976, 0.2733955681324005, 0.3068934381008148, 0.7871862649917603], "skybox_img": 4, "point_uuid": "94", "field_of_view_rads": 2.1797545326211765, "camera_rotation_final": [0.8372108340263367, -0.14875997602939606, 2.018024444580078]}