{"camera_uuid": "2044", "obliqueness_angle": 0.5144469141960144, "nonfixated_points_in_view": [], "camera_rotation_original": [1.5707963705062866, -0.05613033100962639, 1.4970450401306152], "point_location": [-0.4168107807636261, 2.6449878215789795, -1.3910259008407593], "skybox_img_path": "./img/high/2044_skybox4.jpg", "resolution": 512, "camera_distance": 0.9480679407911081, "view_id": 16, "point_pitch": -0.33022837241622405, "camera_rotation_from_original_to_final": [-0.03302915021777153, -0.3582562506198883, 0.5484776496887207], "camera_location": [0.3744833171367645, 3.046657085418701, -1.0573370456695557], "point_normal": [0.9920056462287903, 0.12320997565984726, -0.027280181646347046], "camera_rotation_final_quaternion": [0.41219383478164673, 0.3100084364414215, 0.47740039229393005, 0.7113929390907288], "skybox_img": 4, "point_uuid": "109", "field_of_view_rads": 1.6924921945557647, "camera_rotation_final": [1.2106990814208984, -0.04753053933382034, 2.058401107788086]}