{"camera_uuid": "6492", "obliqueness_angle": 1.491109848022461, "nonfixated_points_in_view": [78, 62], "camera_rotation_original": [-1.570796251296997, 3.030287981033325, 0.11073412746191025], "point_location": [2.3592991828918457, 0.36116912961006165, -1.4106029272079468], "skybox_img_path": "./img/high/6492_skybox4.jpg", "resolution": 512, "camera_distance": 0.7916947545958205, "view_id": 4, "point_pitch": -0.5523461540553232, "camera_rotation_from_original_to_final": [0.604228138923645, 0.059118762612342834, -0.46108508110046387], "camera_location": [2.592836380004883, 0.9681815505027771, -0.9591863751411438], "point_normal": [-0.7301523685455322, 0.6114823222160339, -0.3049046993255615], "camera_rotation_final_quaternion": [0.21207571029663086, 0.058063678443431854, 0.4599277377128601, 0.860301673412323], "skybox_img": 4, "point_uuid": "28", "field_of_view_rads": 1.7779022957772381, "camera_rotation_final": [-2.1807022094726562, 3.046273946762085, -0.43368321657180786]}