{"camera_uuid": "13682", "obliqueness_angle": 1.257582187652588, "nonfixated_points_in_view": [115], "camera_rotation_original": [1.5707963705062866, 0.03077872283756733, -0.615931510925293], "point_location": [1.9191844463348389, 0.03978348895907402, -1.4310652017593384], "skybox_img_path": "./img/high/13682_skybox4.jpg", "resolution": 512, "camera_distance": 0.9764781686610174, "view_id": 14, "point_pitch": -0.2900610407206674, "camera_rotation_from_original_to_final": [-0.22790692746639252, 0.1552831381559372, 0.4976375997066498], "camera_location": [1.8245418071746826, -0.8952250480651855, -1.1659021377563477], "point_normal": [-0.03025132790207863, -0.0354352742433548, 0.9989140033721924], "camera_rotation_final_quaternion": [0.7957015037536621, 0.6031092405319214, -0.02200060710310936, -0.0513262003660202], "skybox_img": 4, "point_uuid": "175", "field_of_view_rads": 1.6952755359089273, "camera_rotation_final": [1.2956905364990234, 0.02690202184021473, -0.10846995562314987]}