{"camera_uuid": "3906", "obliqueness_angle": 0.9420837163925171, "nonfixated_points_in_view": [64], "camera_rotation_original": [1.5707963705062866, -0.04768814146518707, 2.56718111038208], "point_location": [-0.30368760228157043, 1.3439174890518188, -0.7665223479270935], "skybox_img_path": "./img/high/3906_skybox4.jpg", "resolution": 512, "camera_distance": 0.8129153164491547, "view_id": 3, "point_pitch": -0.10016028483840422, "camera_rotation_from_original_to_final": [0.09225323796272278, -0.060531169176101685, 0.20868070423603058], "camera_location": [-0.01687396876513958, 2.099274158477783, -0.6770485043525696], "point_normal": [0.9422652125358582, 0.29410141706466675, -0.16012726724147797], "camera_rotation_final_quaternion": [0.11723288893699646, 0.13570959866046906, 0.6531081795692444, 0.7357234954833984], "skybox_img": 4, "point_uuid": "180", "field_of_view_rads": 1.0386947080855735, "camera_rotation_final": [1.4603874683380127, -0.04657478630542755, 2.7838637828826904]}