{"camera_uuid": "1099", "obliqueness_angle": 1.1626079082489014, "nonfixated_points_in_view": [], "camera_rotation_original": [1.5707963705062866, 0.055344656109809875, 1.3096051216125488], "point_location": [0.22651520371437073, 2.849133014678955, -1.442795991897583], "skybox_img_path": "./img/high/1099_skybox4.jpg", "resolution": 512, "camera_distance": 0.9917487804024546, "view_id": 4, "point_pitch": -0.37717072566482024, "camera_rotation_from_original_to_final": [-0.10714977979660034, -0.36712124943733215, -0.052434612065553665], "camera_location": [1.096390962600708, 2.548496961593628, -1.0733373165130615], "point_normal": [0.024610353633761406, -0.009762244299054146, 0.9996494650840759], "camera_rotation_final_quaternion": [0.6886701583862305, 0.4463387727737427, 0.33840134739875793, 0.460434228181839], "skybox_img": 4, "point_uuid": "150", "field_of_view_rads": 0.8546880344112765, "camera_rotation_final": [1.1884496212005615, 0.055102359503507614, 1.2158957719802856]}