{"camera_uuid": "10158", "obliqueness_angle": 0.4650128185749054, "nonfixated_points_in_view": [54], "camera_rotation_original": [1.5707963705062866, -0.09564901143312454, -0.5508760213851929], "point_location": [2.448582887649536, 0.7421338558197021, -1.3952909708023071], "skybox_img_path": "./img/high/10158_skybox4.jpg", "resolution": 512, "camera_distance": 0.8835466421236535, "view_id": 2, "point_pitch": -0.6513759334895273, "camera_rotation_from_original_to_final": [-0.5636380314826965, 0.29853591322898865, -0.3414650857448578], "camera_location": [1.9304451942443848, 0.25089094042778015, -0.8748407959938049], "point_normal": [-0.7041676044464111, -0.69074547290802, 0.16437388956546783], "camera_rotation_final_quaternion": [0.8379664421081543, 0.405335932970047, -0.20292727649211884, -0.3038676381111145], "skybox_img": 4, "point_uuid": "158", "field_of_view_rads": 1.792492522379571, "camera_rotation_final": [0.9376890659332275, -0.09389344602823257, -0.7433393001556396]}