{"camera_uuid": "8505", "obliqueness_angle": 0.6779224872589111, "nonfixated_points_in_view": [], "camera_rotation_original": [1.5707963705062866, 0.020812109112739563, -0.29898861050605774], "point_location": [3.4670467376708984, 1.0758438110351562, -0.6993377804756165], "skybox_img_path": "./img/high/8505_skybox4.jpg", "resolution": 512, "camera_distance": 0.9907723607529463, "view_id": 96, "point_pitch": 0.2098466912892203, "camera_rotation_from_original_to_final": [0.19237560033798218, -0.060243409126996994, -0.4220685064792633], "camera_location": [2.8305399417877197, 0.3429182171821594, -0.8976027965545654], "point_normal": [-0.728654682636261, -0.24732623994350433, -0.6386642456054688], "camera_rotation_final_quaternion": [0.5902332067489624, 0.728245735168457, -0.2640342116355896, -0.2270878255367279], "skybox_img": 4, "point_uuid": "78", "field_of_view_rads": 1.633880848593436, "camera_rotation_final": [1.7723054885864258, 0.019069142639636993, -0.7112111449241638]}