{"camera_uuid": "12029", "obliqueness_angle": 0.7180330753326416, "nonfixated_points_in_view": [], "camera_rotation_original": [1.5707963705062866, 0.10638228058815002, 3.0268096923828125], "point_location": [5.4932861328125, 0.18884922564029694, -0.9166303277015686], "skybox_img_path": "./img/high/12029_skybox4.jpg", "resolution": 512, "camera_distance": 0.5668717378934646, "view_id": 5, "point_pitch": -0.49931614001723723, "camera_rotation_from_original_to_final": [0.42741304636001587, -0.031336866319179535, 0.7492362856864929], "camera_location": [5.186404705047607, 0.6033088564872742, -0.6812783479690552], "point_normal": [-0.48851633071899414, 0.18398629128932953, 0.8529366254806519], "camera_rotation_final_quaternion": [-0.22798240184783936, -0.19195649027824402, 0.5055338144302368, 0.8096988797187805], "skybox_img": 4, "point_uuid": "142", "field_of_view_rads": 1.4604219695947274, "camera_rotation_final": [1.1411787271499634, 0.08043498545885086, 3.742149829864502]}