{"camera_uuid": "15546", "obliqueness_angle": 1.240090250968933, "nonfixated_points_in_view": [16], "camera_rotation_original": [1.5707963705062866, -0.0521126314997673, -2.1553280353546143], "point_location": [6.403560161590576, -0.3128143846988678, -1.373155951499939], "skybox_img_path": "./img/high/15546_skybox4.jpg", "resolution": 512, "camera_distance": 0.6492976923791145, "view_id": 18, "point_pitch": -0.31978408893081145, "camera_rotation_from_original_to_final": [0.20507031679153442, 0.2863422632217407, 0.6506168246269226], "camera_location": [5.794167995452881, -0.3358306288719177, -1.1502233743667603], "point_normal": [-0.4072767198085785, 0.9103356599807739, -0.07358577847480774], "camera_rotation_final_quaternion": [0.6028774380683899, 0.4037816822528839, -0.40655672550201416, -0.5551673769950867], "skybox_img": 4, "point_uuid": "113", "field_of_view_rads": 1.7927549318813307, "camera_rotation_final": [1.2200003862380981, -0.041887152940034866, -1.5177232027053833]}