{"camera_uuid": "6752", "obliqueness_angle": 1.4951988458633423, "nonfixated_points_in_view": [], "camera_rotation_original": [1.5707963705062866, 0.025535939261317253, 1.5639076232910156], "point_location": [3.3389689922332764, 2.438570022583008, -0.8113840222358704], "skybox_img_path": "./img/high/6752_skybox4.jpg", "resolution": 512, "camera_distance": 0.7746839840623765, "view_id": 1, "point_pitch": 0.13153047958878084, "camera_rotation_from_original_to_final": [0.0061026690527796745, 0.11571460962295532, -0.6671444177627563], "camera_location": [3.9401652812957764, 1.958264946937561, -0.900856614112854], "point_normal": [-0.2806170880794525, -0.3034345805644989, -0.9105940461158752], "camera_rotation_final_quaternion": [0.6021755337715149, 0.6696991920471191, 0.3305310606956482, 0.2821999192237854], "skybox_img": 4, "point_uuid": "196", "field_of_view_rads": 1.7779022957772381, "camera_rotation_final": [1.6865737438201904, 0.020098673179745674, 0.899054229259491]}