{"camera_uuid": "13032", "obliqueness_angle": 1.086287260055542, "nonfixated_points_in_view": [], "camera_rotation_original": [1.5707963705062866, -0.11334289610385895, 0.16721440851688385], "point_location": [0.580907940864563, -0.050188999623060226, -1.4085019826889038], "skybox_img_path": "./img/high/13032_skybox4.jpg", "resolution": 512, "camera_distance": 0.7971137754952007, "view_id": 9, "point_pitch": -0.4798902710292001, "camera_rotation_from_original_to_final": [-0.5042427778244019, -0.0905524268746376, 0.27901527285575867], "camera_location": [0.8644397854804993, -0.6848158240318298, -1.0183111429214478], "point_normal": [0.11274728178977966, 0.07453673332929611, 0.9908240437507629], "camera_rotation_final_quaternion": [0.8312715888023376, 0.49968239665031433, 0.07460075616836548, 0.23181836307048798], "skybox_img": 4, "point_uuid": "57", "field_of_view_rads": 1.1263039557204935, "camera_rotation_final": [1.0559910535812378, -0.10785309225320816, 0.48098161816596985]}