{"camera_uuid": "7350", "obliqueness_angle": 1.2855093479156494, "nonfixated_points_in_view": [], "camera_rotation_original": [1.5707963705062866, 0.08264794200658798, -2.003040313720703], "point_location": [2.9207348823547363, -0.5152132511138916, -0.5628843903541565], "skybox_img_path": "./img/high/7350_skybox4.jpg", "resolution": 512, "camera_distance": 0.8107681024214659, "view_id": 0, "point_pitch": -0.0904070576045175, "camera_rotation_from_original_to_final": [0.04286693409085274, 0.1399635225534439, -0.7124741077423096], "camera_location": [2.5924227237701416, 0.21679732203483582, -0.44576674699783325], "point_normal": [-0.26315274834632874, 0.039460260421037674, 0.9639468193054199], "camera_rotation_final_quaternion": [0.13508763909339905, 0.15678231418132782, -0.6349748373031616, -0.7442967295646667], "skybox_img": 4, "point_uuid": "152", "field_of_view_rads": 0.5961933550608073, "camera_rotation_final": [1.4255567789077759, 0.061870068311691284, -2.7290244102478027]}