{"camera_uuid": "5806", "obliqueness_angle": 1.3846771717071533, "nonfixated_points_in_view": [62, 78, 54], "camera_rotation_original": [1.5707963705062866, -0.16647149622440338, 2.778048515319824], "point_location": [2.3592991828918457, 0.36116912961006165, -1.4106029272079468], "skybox_img_path": "./img/high/5806_skybox4.jpg", "resolution": 512, "camera_distance": 0.5630807461534013, "view_id": 5, "point_pitch": -0.4816261967036386, "camera_rotation_from_original_to_final": [0.47951045632362366, -0.1542731523513794, 0.04232470691204071], "camera_location": [2.4999372959136963, 0.8344696164131165, -1.1399232149124146], "point_normal": [-0.7301523685455322, 0.6114823222160339, -0.3049046993255615], "camera_rotation_final_quaternion": [0.043556053191423416, 0.12022712081670761, 0.4951661229133606, 0.859336256980896], "skybox_img": 4, "point_uuid": "28", "field_of_view_rads": 2.119048415795751, "camera_rotation_final": [1.0618371963500977, -0.16423338651657104, 2.9437358379364014]}