{"camera_uuid": "14080", "obliqueness_angle": 1.0778663158416748, "nonfixated_points_in_view": [115], "camera_rotation_original": [1.5707963705062866, -0.06976345926523209, -0.7976742386817932], "point_location": [1.9191844463348389, 0.03978348895907402, -1.4310652017593384], "skybox_img_path": "./img/high/14080_skybox4.jpg", "resolution": 512, "camera_distance": 0.9848114892734464, "view_id": 20, "point_pitch": -0.4149549444529672, "camera_rotation_from_original_to_final": [-0.32349929213523865, 0.3195718824863434, 0.4708373248577118], "camera_location": [1.679843783378601, -0.8137544989585876, -1.002063274383545], "point_normal": [-0.03025132790207863, -0.0354352742433548, 0.9989140033721924], "camera_rotation_final_quaternion": [0.8426847457885742, 0.5235868096351624, -0.08970930427312851, -0.08770144730806351], "skybox_img": 4, "point_uuid": "175", "field_of_view_rads": 1.0905758212600238, "camera_rotation_final": [1.1192164421081543, -0.059389594942331314, -0.24460956454277039]}