{"camera_uuid": "12561", "obliqueness_angle": 1.108028531074524, "nonfixated_points_in_view": [], "camera_rotation_original": [1.5707963705062866, -0.16212289035320282, -2.097081184387207], "point_location": [5.437486171722412, 0.3159542977809906, -0.8787023425102234], "skybox_img_path": "./img/high/12561_skybox4.jpg", "resolution": 512, "camera_distance": 0.425205686001976, "view_id": 15, "point_pitch": -0.5281864841792245, "camera_rotation_from_original_to_final": [0.24413400888442993, 0.33965811133384705, -0.7714671492576599], "camera_location": [5.345797061920166, 0.6942306756973267, -0.7075300216674805], "point_normal": [-0.7694647312164307, 0.4968859851360321, -0.4012836813926697], "camera_rotation_final_quaternion": [0.15299683809280396, 0.029537105932831764, -0.5457524657249451, -0.8233308792114258], "skybox_img": 4, "point_uuid": "4", "field_of_view_rads": 0.9239011772765595, "camera_rotation_final": [1.1533653736114502, -0.11863727867603302, -2.851349115371704]}