{"camera_uuid": "0337", "obliqueness_angle": 1.145939588546753, "nonfixated_points_in_view": [1], "camera_rotation_original": [1.5707963705062866, 0.019521357491612434, 2.7746384143829346], "point_location": [2.196098566055298, 2.2025678157806396, -1.3980869054794312], "skybox_img_path": "./img/high/0337_skybox4.jpg", "resolution": 512, "camera_distance": 0.7009219716139791, "view_id": 3, "point_pitch": -0.7476574619624277, "camera_rotation_from_original_to_final": [0.7070063352584839, -0.2493189424276352, 0.18398244678974152], "camera_location": [2.2415878772735596, 2.717010498046875, -0.9241976141929626], "point_normal": [0.9356234073638916, 0.2750264108181, 0.22129014134407043], "camera_rotation_final_quaternion": [0.052056703716516495, 0.012593242339789867, 0.4022366404533386, 0.9139678478240967], "skybox_img": 4, "point_uuid": "165", "field_of_view_rads": 0.7352830670651015, "camera_rotation_final": [0.8281843662261963, 0.018859706819057465, 3.0360910892486572]}