{"camera_uuid": "0783", "obliqueness_angle": 0.595959484577179, "nonfixated_points_in_view": [], "camera_rotation_original": [1.5707963705062866, 0.03579491004347801, 0.24184000492095947], "point_location": [1.904913306236267, 3.043900966644287, -1.3826780319213867], "skybox_img_path": "./img/high/0783_skybox4.jpg", "resolution": 512, "camera_distance": 0.9113244635046089, "view_id": 3, "point_pitch": -0.6196128567073007, "camera_rotation_from_original_to_final": [-0.6214746832847595, -0.13918200135231018, -0.38425636291503906], "camera_location": [1.7693674564361572, 2.3227617740631104, -0.8422172665596008], "point_normal": [-0.06379000097513199, -0.9967313408851624, 0.04957450553774834], "camera_rotation_final_quaternion": [0.8868002891540527, 0.4498843848705292, -0.032850660383701324, -0.10054925084114075], "skybox_img": 4, "point_uuid": "74", "field_of_view_rads": 1.0386947080855735, "camera_rotation_final": [0.9355726838111877, 0.032212696969509125, -0.20952990651130676]}