{"camera_uuid": "9537", "obliqueness_angle": 1.3544234037399292, "nonfixated_points_in_view": [], "camera_rotation_original": [1.5707963705062866, -0.023011138662695885, -1.1820930242538452], "point_location": [0.7851385474205017, 1.2789015769958496, -1.4171496629714966], "skybox_img_path": "./img/high/9537_skybox4.jpg", "resolution": 512, "camera_distance": 0.8941513945804632, "view_id": 45, "point_pitch": -0.23758523066970305, "camera_rotation_from_original_to_final": [-0.09316021203994751, 0.23442155122756958, 0.6575533151626587], "camera_location": [0.360144704580307, 0.5244351625442505, -1.194287896156311], "point_normal": [0.04163115471601486, 0.017202280461788177, 0.9989850521087646], "camera_rotation_final_quaternion": [0.7663024663925171, 0.591167688369751, -0.16093115508556366, -0.1933971494436264], "skybox_img": 4, "point_uuid": "187", "field_of_view_rads": 0.9342833371495716, "camera_rotation_final": [1.3188552856445312, -0.017984574660658836, -0.5083708167076111]}