{"camera_uuid": "5008", "obliqueness_angle": 0.9627211689949036, "nonfixated_points_in_view": [], "camera_rotation_original": [1.5707963705062866, -0.11494817584753036, 1.6354180574417114], "point_location": [-0.4054321348667145, 1.2653040885925293, -0.6841932535171509], "skybox_img_path": "./img/high/5008_skybox4.jpg", "resolution": 512, "camera_distance": 0.5868163447983916, "view_id": 24, "point_pitch": -0.5121835907313486, "camera_rotation_from_original_to_final": [0.03989730030298233, -0.5730075240135193, 0.527903139591217], "camera_location": [-0.0001419482723576948, 1.5454617738723755, -0.36543792486190796], "point_normal": [0.040700461715459824, 0.0009101604809984565, 0.9991709589958191], "camera_rotation_final_quaternion": [0.3633376657962799, 0.2455184906721115, 0.41002869606018066, 0.7997392416000366], "skybox_img": 4, "point_uuid": "104", "field_of_view_rads": 0.5256461677815203, "camera_rotation_final": [0.9936332106590271, -0.0948861613869667, 2.237238883972168]}