{"camera_uuid": "12199", "obliqueness_angle": 1.212554931640625, "nonfixated_points_in_view": [118], "camera_rotation_original": [1.5707963705062866, -0.1694507896900177, 2.2651331424713135], "point_location": [-0.11395721882581711, -0.04560520127415657, -1.4123445749282837], "skybox_img_path": "./img/high/12199_skybox4.jpg", "resolution": 512, "camera_distance": 0.6515066949699078, "view_id": 68, "point_pitch": -0.3362062414500375, "camera_rotation_from_original_to_final": [0.2485119104385376, -0.27656787633895874, 0.13379305601119995], "camera_location": [0.28173115849494934, 0.41537362337112427, -1.1769933700561523], "point_normal": [0.004181658383458853, -0.01849798485636711, 0.9998201131820679], "camera_rotation_final_quaternion": [0.2169712334871292, 0.2423509806394577, 0.5105343461036682, 0.7959548830986023], "skybox_img": 4, "point_uuid": "192", "field_of_view_rads": 2.058242179128823, "camera_rotation_final": [1.1958575248718262, -0.1650061160326004, 2.496817111968994]}