{"camera_uuid": "8345", "obliqueness_angle": 1.4489068984985352, "nonfixated_points_in_view": [], "camera_rotation_original": [1.5707963705062866, -0.06511010974645615, 1.5077261924743652], "point_location": [-0.34234288334846497, 0.8369564414024353, -0.7921566963195801], "skybox_img_path": "./img/high/8345_skybox4.jpg", "resolution": 512, "camera_distance": 0.825352103105742, "view_id": 24, "point_pitch": -0.15644042094680266, "camera_rotation_from_original_to_final": [-0.01578352600336075, -0.12354299426078796, -0.5197861194610596], "camera_location": [0.34120509028434753, 0.38584789633750916, -0.689836859703064], "point_normal": [0.04777548089623451, 0.07583989202976227, 0.9959748387336731], "camera_rotation_final_quaternion": [0.6497004628181458, 0.5915144085884094, 0.2968587875366211, 0.37399840354919434], "skybox_img": 4, "point_uuid": "121", "field_of_view_rads": 0.5256461677815203, "camera_rotation_final": [1.4463040828704834, -0.056742750108242035, 0.9945538640022278]}