{"camera_uuid": "11191", "obliqueness_angle": 0.678001344203949, "nonfixated_points_in_view": [], "camera_rotation_original": [1.5707963705062866, -0.06504601240158081, 2.575923204421997], "point_location": [4.301836967468262, 1.017685055732727, -0.9298179745674133], "skybox_img_path": "./img/high/11191_skybox4.jpg", "resolution": 512, "camera_distance": 0.70399246481685, "view_id": 13, "point_pitch": 0.31201072136429353, "camera_rotation_from_original_to_final": [-0.31105276942253113, 0.1764100044965744, -0.7573490738868713], "camera_location": [4.937283039093018, 1.195568561553955, -1.1751160621643066], "point_normal": [0.8697540760040283, 0.39081519842147827, 0.30131638050079346], "camera_rotation_final_quaternion": [0.33326980471611023, 0.5126802325248718, 0.6413878202438354, 0.4633702039718628], "skybox_img": 4, "point_uuid": "143", "field_of_view_rads": 1.7927549318813307, "camera_rotation_final": [1.9271231889724731, -0.04762909933924675, 1.826025128364563]}