{"camera_uuid": "10250", "obliqueness_angle": 0.6790199875831604, "nonfixated_points_in_view": [], "camera_rotation_original": [1.5707963705062866, -0.0006305106217041612, -2.344435214996338], "point_location": [1.1332991123199463, -0.8327366709709167, -1.4375404119491577], "skybox_img_path": "./img/high/10250_skybox4.jpg", "resolution": 512, "camera_distance": 0.8037890341859248, "view_id": 6, "point_pitch": -0.5506769855830331, "camera_rotation_from_original_to_final": [0.4050236642360687, 0.3834298849105835, -0.5135201811790466], "camera_location": [0.9945187568664551, -0.16182643175125122, -1.0171878337860107], "point_normal": [-0.5603585243225098, 0.8280418515205383, -0.018577322363853455], "camera_rotation_final_quaternion": [0.08911002427339554, 0.049574337899684906, -0.4858606159687042, -0.8680675625801086], "skybox_img": 4, "point_uuid": "147", "field_of_view_rads": 0.7352830670651015, "camera_rotation_final": [1.0204719305038452, -0.0005223593907430768, -2.9372949600219727]}