{"camera_uuid": "6010", "obliqueness_angle": 0.9717175364494324, "nonfixated_points_in_view": [], "camera_rotation_original": [1.5707963705062866, 0.006855288054794073, -1.8164522647857666], "point_location": [2.745572328567505, -0.016294807195663452, -0.9296797513961792], "skybox_img_path": "./img/high/6010_skybox4.jpg", "resolution": 512, "camera_distance": 0.9081642470703567, "view_id": 19, "point_pitch": -0.3877126415583749, "camera_rotation_from_original_to_final": [0.0991998240351677, 0.37981152534484863, -0.6444197297096252], "camera_location": [2.230034589767456, 0.646004855632782, -0.5827758312225342], "point_normal": [-0.5854119062423706, 0.6019739508628845, -0.5430656671524048], "camera_rotation_final_quaternion": [0.26763343811035156, 0.18204039335250854, -0.5252327919006348, -0.7869969010353088], "skybox_img": 4, "point_uuid": "102", "field_of_view_rads": 1.82720328702949, "camera_rotation_final": [1.1788486242294312, 0.00539076142013073, -2.482386589050293]}