{"camera_uuid": "3216", "obliqueness_angle": 0.6510505676269531, "nonfixated_points_in_view": [], "camera_rotation_original": [1.5707963705062866, 0.03364448994398117, 2.0703115463256836], "point_location": [3.2623050212860107, 2.5903799533843994, -0.9091960191726685], "skybox_img_path": "./img/high/3216_skybox4.jpg", "resolution": 512, "camera_distance": 0.8527382123591475, "view_id": 0, "point_pitch": -0.4563547809931894, "camera_rotation_from_original_to_final": [0.23908191919326782, -0.409812867641449, -0.49331915378570557], "camera_location": [4.020987510681152, 2.633033275604248, -0.5222283005714417], "point_normal": [0.6912602186203003, 0.6446085572242737, 0.32655656337738037], "camera_rotation_final_quaternion": [0.5961061120033264, 0.35252803564071655, 0.385780930519104, 0.6095527410507202], "skybox_img": 4, "point_uuid": "43", "field_of_view_rads": 2.078591559549699, "camera_rotation_final": [1.099545955657959, 0.030168430879712105, 1.6115891933441162]}