{"camera_uuid": "2719", "obliqueness_angle": 0.9258837699890137, "nonfixated_points_in_view": [], "camera_rotation_original": [1.5707963705062866, -0.14236922562122345, -2.29617977142334], "point_location": [1.1355481147766113, 2.277404546737671, -1.37511146068573], "skybox_img_path": "./img/high/2719_skybox4.jpg", "resolution": 512, "camera_distance": 0.7591301250938809, "view_id": 31, "point_pitch": -0.6325587471339364, "camera_rotation_from_original_to_final": [0.5157674551010132, 0.5159668922424316, 0.690197765827179], "camera_location": [0.5701216459274292, 2.378696918487549, -0.8788138628005981], "point_normal": [-0.34670761227607727, -0.666063666343689, 0.6604189276695251], "camera_rotation_final_quaternion": [0.6344070434570312, 0.2422265112400055, -0.33829066157341003, -0.6514701843261719], "skybox_img": 4, "point_uuid": "162", "field_of_view_rads": 2.058242179128823, "camera_rotation_final": [0.8525930643081665, -0.11386718600988388, -1.6490907669067383]}