{"camera_uuid": "0732", "obliqueness_angle": 1.0390758514404297, "nonfixated_points_in_view": [14], "camera_rotation_original": [1.5707963705062866, -0.12094864994287491, -2.47749924659729], "point_location": [2.133356809616089, 1.9143738746643066, -1.4239013195037842], "skybox_img_path": "./img/high/0732_skybox4.jpg", "resolution": 512, "camera_distance": 0.9224332648606594, "view_id": 0, "point_pitch": -0.6006006439540048, "camera_rotation_from_original_to_final": [0.4467548429965973, 0.33827242255210876, -0.35662534832954407], "camera_location": [1.9570833444595337, 2.679133176803589, -0.9391807913780212], "point_normal": [0.056367747485637665, -0.008248048834502697, 0.9983760714530945], "camera_rotation_final_quaternion": [0.15609730780124664, 0.02280680648982525, -0.4865589737892151, -0.8592868447303772], "skybox_img": 4, "point_uuid": "2", "field_of_view_rads": 2.078591559549699, "camera_rotation_final": [1.0135512351989746, -0.11294589936733246, -2.844939708709717]}