{"camera_uuid": "4049", "obliqueness_angle": 0.5794797539710999, "nonfixated_points_in_view": [], "camera_rotation_original": [1.5707963705062866, 0.1206597164273262, 1.8017445802688599], "point_location": [-0.30368760228157043, 1.3439174890518188, -0.7665223479270935], "skybox_img_path": "./img/high/4049_skybox4.jpg", "resolution": 512, "camera_distance": 0.9768166907417256, "view_id": 21, "point_pitch": -0.3715614517542978, "camera_rotation_from_original_to_final": [0.08569206297397614, -0.3794693946838379, -0.13469232618808746], "camera_location": [0.594440758228302, 1.447019338607788, -0.3965139091014862], "point_normal": [0.9422652125358582, 0.29410141706466675, -0.16012726724147797], "camera_rotation_final_quaternion": [0.5913106203079224, 0.3434255123138428, 0.4389350116252899, 0.5828779935836792], "skybox_img": 4, "point_uuid": "180", "field_of_view_rads": 0.7376648996792496, "camera_rotation_final": [1.1793897151947021, 0.1190243512392044, 1.6361260414123535]}