{"camera_uuid": "15393", "obliqueness_angle": 1.0363343954086304, "nonfixated_points_in_view": [], "camera_rotation_original": [1.5707963705062866, 0.02747455984354019, 2.390061855316162], "point_location": [5.327018737792969, -0.6150552034378052, -1.3985912799835205], "skybox_img_path": "./img/high/15393_skybox4.jpg", "resolution": 512, "camera_distance": 0.9013997378934839, "view_id": 21, "point_pitch": -0.529903574785914, "camera_rotation_from_original_to_final": [0.40991994738578796, -0.35963740944862366, -0.38666263222694397], "camera_location": [6.002782344818115, -0.23800978064537048, -0.9363123774528503], "point_normal": [-0.004159807693213224, -0.0008233638945966959, 0.9999910593032837], "camera_rotation_final_quaternion": [0.45169469714164734, 0.24341517686843872, 0.42933234572410583, 0.7432326078414917], "skybox_img": 4, "point_uuid": "39", "field_of_view_rads": 0.7376648996792496, "camera_rotation_final": [1.0320976972579956, 0.02602904476225376, 2.0641727447509766]}