{"camera_uuid": "8936", "obliqueness_angle": 0.7447513937950134, "nonfixated_points_in_view": [], "camera_rotation_original": [1.5707963705062866, -0.05525452643632889, 2.593282699584961], "point_location": [2.745572328567505, -0.016294807195663452, -0.9296797513961792], "skybox_img_path": "./img/high/8936_skybox4.jpg", "resolution": 512, "camera_distance": 0.45881885425341284, "view_id": 12, "point_pitch": 0.6670684973385672, "camera_rotation_from_original_to_final": [-0.5685961246490479, 0.32611873745918274, 0.30444782972335815], "camera_location": [2.7983593940734863, 0.34614691138267517, -1.2060205936431885], "point_normal": [-0.5854119062423706, 0.6019739508628845, -0.5430656671524048], "camera_rotation_final_quaternion": [0.017817793413996696, 0.0935053825378418, 0.8901688456535339, 0.44557684659957886], "skybox_img": 4, "point_uuid": "102", "field_of_view_rads": 1.6071546237233685, "camera_rotation_final": [2.2181670665740967, -0.05162891000509262, 2.9579696655273438]}