{"camera_uuid": "15121", "obliqueness_angle": 1.4807391166687012, "nonfixated_points_in_view": [], "camera_rotation_original": [1.5707963705062866, 0.06460294127464294, 0.4950745701789856], "point_location": [4.966612815856934, 0.5080769658088684, -1.3585069179534912], "skybox_img_path": "./img/high/15121_skybox4.jpg", "resolution": 512, "camera_distance": 0.9584002550743217, "view_id": 22, "point_pitch": -0.06944589217635588, "camera_rotation_from_original_to_final": [-0.03228863328695297, -0.02517670951783657, 0.46885472536087036], "camera_location": [5.752941131591797, -0.03847837075591087, -1.319827914237976], "point_normal": [-0.30664733052253723, -0.5435833930969238, 0.7813350558280945], "camera_rotation_final_quaternion": [0.6485514044761658, 0.6043455600738525, 0.3385077118873596, 0.31553134322166443], "skybox_img": 4, "point_uuid": "115", "field_of_view_rads": 1.1498058012590282, "camera_rotation_final": [1.5303599834442139, 0.05773143470287323, 0.9610505700111389]}