{"camera_uuid": "3251", "obliqueness_angle": 1.341016411781311, "nonfixated_points_in_view": [], "camera_rotation_original": [1.5707963705062866, -0.013272342272102833, 1.7259082794189453], "point_location": [0.32991182804107666, 2.4133899211883545, -1.3794349431991577], "skybox_img_path": "./img/high/3251_skybox4.jpg", "resolution": 512, "camera_distance": 0.6276628801013691, "view_id": 26, "point_pitch": -0.20625655253859954, "camera_rotation_from_original_to_final": [0.027207059785723686, -0.195082426071167, -0.7849274277687073], "camera_location": [0.8284403681755066, 2.0523488521575928, -1.2566369771957397], "point_normal": [0.7323230504989624, 0.6650322675704956, 0.14640741050243378], "camera_rotation_final_quaternion": [0.6869494318962097, 0.5662151575088501, 0.2856200933456421, 0.354854941368103], "skybox_img": 4, "point_uuid": "151", "field_of_view_rads": 1.3001655876812834, "camera_rotation_final": [1.373874306678772, -0.009435510262846947, 0.9458863139152527]}