{"camera_uuid": "12690", "obliqueness_angle": 1.250664472579956, "nonfixated_points_in_view": [65, 84], "camera_rotation_original": [1.5707963705062866, 0.15863868594169617, -0.08985206484794617], "point_location": [-0.11395721882581711, -0.04560520127415657, -1.4123445749282837], "skybox_img_path": "./img/high/12690_skybox4.jpg", "resolution": 512, "camera_distance": 0.820977436505722, "view_id": 41, "point_pitch": -0.41281525691482024, "camera_rotation_from_original_to_final": [-0.3052213490009308, -0.007475059479475021, 0.7894185781478882], "camera_location": [0.386536180973053, -0.6484397053718567, -1.1671898365020752], "point_normal": [0.004181658383458853, -0.01849798485636711, 0.9998201131820679], "camera_rotation_final_quaternion": [0.7732537984848022, 0.5436449646949768, 0.23482690751552582, 0.2266826629638672], "skybox_img": 4, "point_uuid": "192", "field_of_view_rads": 1.5082571856068028, "camera_rotation_final": [1.2654043436050415, 0.11695827543735504, 0.6561353206634521]}