{"camera_uuid": "6307", "obliqueness_angle": 1.0617589950561523, "nonfixated_points_in_view": [], "camera_rotation_original": [1.5707963705062866, 0.022049888968467712, -1.9735366106033325], "point_location": [1.8005895614624023, 0.6414239406585693, -0.9798945188522339], "skybox_img_path": "./img/high/6307_skybox4.jpg", "resolution": 512, "camera_distance": 0.7490916911115946, "view_id": 82, "point_pitch": -0.49345795711013274, "camera_rotation_from_original_to_final": [0.21281079947948456, 0.45755240321159363, -0.3146490454673767], "camera_location": [1.3275381326675415, 1.0971767902374268, -0.619825005531311], "point_normal": [-0.012308535166084766, -0.0017647614004090428, 0.9999226927757263], "camera_rotation_final_quaternion": [0.32737335562705994, 0.2048514485359192, -0.4665816128253937, -0.7957161664962769], "skybox_img": 4, "point_uuid": "193", "field_of_view_rads": 1.0702874693438842, "camera_rotation_final": [1.0692566633224487, 0.020515890792012215, -2.3488197326660156]}