{"camera_uuid": "1565", "obliqueness_angle": 1.5046290159225464, "nonfixated_points_in_view": [], "camera_rotation_original": [1.5707963705062866, -0.024110063910484314, -2.306331157684326], "point_location": [1.1355481147766113, 2.277404546737671, -1.37511146068573], "skybox_img_path": "./img/high/1565_skybox4.jpg", "resolution": 512, "camera_distance": 0.6370433260924141, "view_id": 10, "point_pitch": -0.498212261995997, "camera_rotation_from_original_to_final": [0.3456847071647644, 0.36209553480148315, -0.0641305223107338], "camera_location": [0.771708607673645, 2.7037577629089355, -1.0723443031311035], "point_normal": [-0.34670761227607727, -0.666063666343689, 0.6604189276695251], "camera_rotation_final_quaternion": [0.30803996324539185, 0.17063172161579132, -0.4829598367214203, -0.8017144203186035], "skybox_img": 4, "point_uuid": "162", "field_of_view_rads": 1.689463874588242, "camera_rotation_final": [1.0753713846206665, -0.023948315531015396, -2.4222030639648438]}