{"camera_uuid": "2124", "obliqueness_angle": 0.7105242609977722, "nonfixated_points_in_view": [], "camera_rotation_original": [1.5707963705062866, -0.09994342178106308, -1.45818030834198], "point_location": [2.295008659362793, 2.27626895904541, -1.3962150812149048], "skybox_img_path": "./img/high/2124_skybox4.jpg", "resolution": 512, "camera_distance": 0.9393212092963723, "view_id": 11, "point_pitch": -0.6815778454157968, "camera_rotation_from_original_to_final": [-0.12127654254436493, 0.6972317695617676, 0.16700175404548645], "camera_location": [1.6149239540100098, 2.055363655090332, -0.7871091961860657], "point_normal": [-0.9679071307182312, -0.2512916922569275, -0.0028668304439634085], "camera_rotation_final_quaternion": [0.7666526436805725, 0.322953999042511, -0.2673463821411133, -0.48628219962120056], "skybox_img": 4, "point_uuid": "18", "field_of_view_rads": 0.7352830670651015, "camera_rotation_final": [0.8613004088401794, -0.09597734361886978, -1.1746271848678589]}