{"camera_uuid": "15281", "obliqueness_angle": 0.9054859280586243, "nonfixated_points_in_view": [], "camera_rotation_original": [1.5707963705062866, -0.059226877987384796, 0.3963161110877991], "point_location": [5.022676944732666, -0.4345104992389679, -1.360304355621338], "skybox_img_path": "./img/high/15281_skybox4.jpg", "resolution": 512, "camera_distance": 0.7193785075575281, "view_id": 6, "point_pitch": -0.6975149353358407, "camera_rotation_from_original_to_final": [-0.6660565733909607, -0.26641303300857544, 0.27934715151786804], "camera_location": [5.3202924728393555, -0.8919622302055359, -0.8916164636611938], "point_normal": [0.020464561879634857, 0.0647537112236023, 0.9976915121078491], "camera_rotation_final_quaternion": [0.8607290983200073, 0.40440699458122253, 0.10342229902744293, 0.2913833558559418], "skybox_img": 4, "point_uuid": "62", "field_of_view_rads": 1.48952952790217, "camera_rotation_final": [0.8597821593284607, -0.05766972899436951, 0.6263952851295471]}