{"camera_uuid": "9671", "obliqueness_angle": 1.0230110883712769, "nonfixated_points_in_view": [], "camera_rotation_original": [1.5707963705062866, 0.1308237910270691, 2.3324673175811768], "point_location": [2.9207348823547363, -0.5152132511138916, -0.5628843903541565], "skybox_img_path": "./img/high/9671_skybox4.jpg", "resolution": 512, "camera_distance": 0.7526494109381736, "view_id": 17, "point_pitch": -0.6906849583003183, "camera_rotation_from_original_to_final": [0.4680252969264984, -0.47154101729393005, 0.231782466173172], "camera_location": [3.1829116344451904, 0.022972406819462776, -0.10670384019613266], "point_normal": [-0.26315274834632874, 0.039460260421037674, 0.9639468193054199], "camera_rotation_final_quaternion": [0.2702236473560333, 0.06500327587127686, 0.4390043020248413, 0.8544173240661621], "skybox_img": 4, "point_uuid": "152", "field_of_view_rads": 0.5256461677815203, "camera_rotation_final": [0.9134947657585144, 0.12651607394218445, 2.591200828552246]}