{"camera_uuid": "13090", "obliqueness_angle": 0.6904901266098022, "nonfixated_points_in_view": [59], "camera_rotation_original": [1.5707963705062866, -0.15201430022716522, -0.9649993181228638], "point_location": [4.966612815856934, 0.5080769658088684, -1.3585069179534912], "skybox_img_path": "./img/high/13090_skybox4.jpg", "resolution": 512, "camera_distance": 0.41766758122041797, "view_id": 12, "point_pitch": -0.2435040911051889, "camera_rotation_from_original_to_final": [-0.15516042709350586, 0.2133592814207077, 0.09322170913219452], "camera_location": [4.66213321685791, 0.2436155080795288, -1.2498859167099], "point_normal": [-0.30664733052253723, -0.5435833930969238, 0.7813350558280945], "camera_rotation_final_quaternion": [0.7456381320953369, 0.5321255922317505, -0.2946346402168274, -0.27213338017463684], "skybox_img": 4, "point_uuid": "115", "field_of_view_rads": 1.7927549318813307, "camera_rotation_final": [1.3046326637268066, -0.15032894909381866, -0.8148128390312195]}