{"camera_uuid": "10770", "obliqueness_angle": 1.3530317544937134, "nonfixated_points_in_view": [59], "camera_rotation_original": [1.5707963705062866, 0.013602329418063164, -1.8939918279647827], "point_location": [4.966612815856934, 0.5080769658088684, -1.3585069179534912], "skybox_img_path": "./img/high/10770_skybox4.jpg", "resolution": 512, "camera_distance": 0.738972441244914, "view_id": 2, "point_pitch": -0.15523616870376067, "camera_rotation_from_original_to_final": [0.04997355490922928, 0.14756610989570618, -0.032285500317811966], "camera_location": [4.283166408538818, 0.7646756172180176, -1.2438839673995972], "point_normal": [-0.30664733052253723, -0.5435833930969238, 0.7813350558280945], "camera_rotation_final_quaternion": [0.4284447133541107, 0.3737742602825165, -0.5317304134368896, -0.6276867389678955], "skybox_img": 4, "point_uuid": "115", "field_of_view_rads": 1.957036885090066, "camera_rotation_final": [1.4150419235229492, 0.013592555187642574, -1.9320940971374512]}