{"camera_uuid": "5064", "obliqueness_angle": 1.2796008586883545, "nonfixated_points_in_view": [], "camera_rotation_original": [1.5707963705062866, 0.014881846494972706, -2.615325689315796], "point_location": [0.7851385474205017, 1.2789015769958496, -1.4171496629714966], "skybox_img_path": "./img/high/5064_skybox4.jpg", "resolution": 512, "camera_distance": 0.7819064267449773, "view_id": 28, "point_pitch": -0.28954867919417815, "camera_rotation_from_original_to_final": [0.2421828657388687, 0.1417943239212036, 0.7232192158699036], "camera_location": [0.0764394998550415, 1.528816819190979, -1.201127290725708], "point_normal": [0.012679249048233032, 0.07213246822357178, 0.9973145127296448], "camera_rotation_final_quaternion": [0.45761075615882874, 0.3504004180431366, -0.4889594316482544, -0.6547752618789673], "skybox_img": 4, "point_uuid": "187", "field_of_view_rads": 1.7513250082996996, "camera_rotation_final": [1.2908601760864258, 0.011361075565218925, -1.9130867719650269]}