{"camera_uuid": "3644", "obliqueness_angle": 0.47538694739341736, "nonfixated_points_in_view": [], "camera_rotation_original": [1.5707963705062866, 0.13248302042484283, 1.4091660976409912], "point_location": [-0.4168107807636261, 2.6449878215789795, -1.3910259008407593], "skybox_img_path": "./img/high/3644_skybox4.jpg", "resolution": 512, "camera_distance": 0.6012819281448296, "view_id": 22, "point_pitch": -0.39286105235549407, "camera_rotation_from_original_to_final": [-0.07830806821584702, -0.39053255319595337, 0.003978600259870291], "camera_location": [0.1294495165348053, 2.550694227218628, -1.1581131219863892], "point_normal": [0.9926148056983948, 0.12025166302919388, 0.015980595722794533], "camera_rotation_final_quaternion": [0.673870325088501, 0.39669230580329895, 0.3859468996524811, 0.4894680678844452], "skybox_img": 4, "point_uuid": "109", "field_of_view_rads": 1.384811670309553, "camera_rotation_final": [1.169327974319458, 0.13220466673374176, 1.3439615964889526]}