{"camera_uuid": "6235", "obliqueness_angle": 1.427479863166809, "nonfixated_points_in_view": [130], "camera_rotation_original": [1.5707963705062866, -0.1543678343296051, -2.417381525039673], "point_location": [2.8440728187561035, 0.5467994809150696, -1.3693242073059082], "skybox_img_path": "./img/high/6235_skybox4.jpg", "resolution": 512, "camera_distance": 0.7631817701479092, "view_id": 5, "point_pitch": -0.5907003124568124, "camera_rotation_from_original_to_final": [0.3904273509979248, 0.30570098757743835, -0.681920051574707], "camera_location": [2.853727340698242, 1.2198565006256104, -1.009675145149231], "point_normal": [0.9891408681869507, 0.14696341753005981, 0.0014960329281166196], "camera_rotation_final_quaternion": [0.052704375237226486, -0.038953155279159546, -0.5126966834068298, -0.8560648560523987], "skybox_img": 4, "point_uuid": "6", "field_of_view_rads": 2.119048415795751, "camera_rotation_final": [1.0761479139328003, -0.12103083729743958, -3.0909059047698975]}