{"camera_uuid": "10814", "obliqueness_angle": 1.2019742727279663, "nonfixated_points_in_view": [], "camera_rotation_original": [1.5707963705062866, 0.038096833974123, -1.5458985567092896], "point_location": [2.4280853271484375, -0.49214041233062744, -0.8174121379852295], "skybox_img_path": "./img/high/10814_skybox4.jpg", "resolution": 512, "camera_distance": 0.8949673760564203, "view_id": 10, "point_pitch": -0.22940556605788665, "camera_rotation_from_original_to_final": [-0.004907973576337099, 0.23163476586341858, -0.05604450777173042], "camera_location": [1.5574345588684082, -0.4656091630458832, -0.6119128465652466], "point_normal": [-0.53856360912323, -0.546765923500061, -0.641089916229248], "camera_rotation_final_quaternion": [0.5348353385925293, 0.4407402276992798, -0.43696650862693787, -0.5733755230903625], "skybox_img": 4, "point_uuid": "141", "field_of_view_rads": 0.6651429173367224, "camera_rotation_final": [1.3389419317245483, 0.03801818564534187, -1.6102334260940552]}