{"camera_uuid": "8640", "obliqueness_angle": 1.012614130973816, "nonfixated_points_in_view": [], "camera_rotation_original": [1.5707963705062866, -0.07948344945907593, 0.7335731983184814], "point_location": [3.4670467376708984, 1.0758438110351562, -0.6993377804756165], "skybox_img_path": "./img/high/8640_skybox4.jpg", "resolution": 512, "camera_distance": 0.8975683307711886, "view_id": 12, "point_pitch": 0.4710478345539908, "camera_rotation_from_original_to_final": [0.39889711141586304, 0.35087376832962036, -0.6515276432037354], "camera_location": [3.472459077835083, 0.2990913391113281, -1.1490657329559326], "point_normal": [-0.728654682636261, -0.24732623994350433, -0.6386642456054688], "camera_rotation_final_quaternion": [0.4991355240345001, 0.8659433126449585, -0.02584773115813732, 0.018380574882030487], "skybox_img": 4, "point_uuid": "78", "field_of_view_rads": 0.9904486154446002, "camera_rotation_final": [2.096574306488037, -0.05766807124018669, -0.026463616639375687]}