{"camera_uuid": "6241", "obliqueness_angle": 1.089906930923462, "nonfixated_points_in_view": [], "camera_rotation_original": [1.5707963705062866, 0.166836678981781, 0.08248212933540344], "point_location": [-0.30368760228157043, 1.3439174890518188, -0.7665223479270935], "skybox_img_path": "./img/high/6241_skybox4.jpg", "resolution": 512, "camera_distance": 0.7139493214001648, "view_id": 54, "point_pitch": -0.5218168934199472, "camera_rotation_from_original_to_final": [-0.39747339487075806, -0.06713728606700897, 0.8573673367500305], "camera_location": [0.21868446469306946, 0.9449811577796936, -0.487773597240448], "point_normal": [0.9422652125358582, 0.29410141706466675, -0.16012726724147797], "camera_rotation_final_quaternion": [0.7696205377578735, 0.478087455034256, 0.27607306838035583, 0.32078075408935547], "skybox_img": 4, "point_uuid": "180", "field_of_view_rads": 1.7513250082996996, "camera_rotation_final": [1.1666985750198364, 0.11849763244390488, 0.868071973323822]}