{"camera_uuid": "4324", "obliqueness_angle": 0.262853741645813, "nonfixated_points_in_view": [], "camera_rotation_original": [1.5707963705062866, 0.00015250034630298615, 0.034124623984098434], "point_location": [1.1355481147766113, 2.277404546737671, -1.37511146068573], "skybox_img_path": "./img/high/4324_skybox4.jpg", "resolution": 512, "camera_distance": 0.8980761838081917, "view_id": 7, "point_pitch": -0.47739116748305754, "camera_rotation_from_original_to_final": [-0.47724345326423645, -0.015691926702857018, -0.6296935677528381], "camera_location": [0.6855736970901489, 1.6188164949417114, -0.9624062180519104], "point_normal": [-0.34670761227607727, -0.666063666343689, 0.6604189276695251], "camera_rotation_final_quaternion": [0.8161718845367432, 0.4966745376586914, -0.15343573689460754, -0.2522605061531067], "skybox_img": 4, "point_uuid": "162", "field_of_view_rads": 2.081073338083007, "camera_rotation_final": [1.0933148860931396, 0.00012287146819289774, -0.5994532108306885]}