{"camera_uuid": "8986", "obliqueness_angle": 1.229452133178711, "nonfixated_points_in_view": [65, 34, 127], "camera_rotation_original": [1.5707963705062866, -0.16275732219219208, 2.137554168701172], "point_location": [-0.1822434514760971, 0.2831597626209259, -1.431676983833313], "skybox_img_path": "./img/high/8986_skybox4.jpg", "resolution": 512, "camera_distance": 0.9711533371650012, "view_id": 5, "point_pitch": -0.2819923599574228, "camera_rotation_from_original_to_final": [0.055269498378038406, -0.1650242656469345, -0.790826141834259], "camera_location": [0.7529110312461853, 0.07808871567249298, -1.2686716318130493], "point_normal": [0.12324375659227371, -0.9915743470191956, 0.03989033028483391], "camera_rotation_final_quaternion": [0.5656299591064453, 0.5259166359901428, 0.3734810948371887, 0.5137959718704224], "skybox_img": 4, "point_uuid": "188", "field_of_view_rads": 1.7927549318813307, "camera_rotation_final": [1.4009544849395752, -0.11819848418235779, 1.3751428127288818]}