{"camera_uuid": "13607", "obliqueness_angle": 1.1723484992980957, "nonfixated_points_in_view": [77], "camera_rotation_original": [1.5707963705062866, -0.11043554544448853, 1.0438416004180908], "point_location": [-0.30368760228157043, 1.3439174890518188, -0.7665223479270935], "skybox_img_path": "./img/high/13607_skybox4.jpg", "resolution": 512, "camera_distance": 0.8863871812847597, "view_id": 69, "point_pitch": -0.0952210863444467, "camera_rotation_from_original_to_final": [-0.034958019852638245, -0.04938448965549469, -0.32519251108169556], "camera_location": [0.27835479378700256, 0.6775397062301636, -0.713141143321991], "point_normal": [0.9422652125358582, 0.29410141706466675, -0.16012726724147797], "camera_rotation_final_quaternion": [0.667304515838623, 0.6535509824752808, 0.20678375661373138, 0.2912324070930481], "skybox_img": 4, "point_uuid": "180", "field_of_view_rads": 2.058242179128823, "camera_rotation_final": [1.510203242301941, -0.10488718748092651, 0.7242985963821411]}