{"camera_uuid": "13099", "obliqueness_angle": 1.124157190322876, "nonfixated_points_in_view": [], "camera_rotation_original": [1.5707963705062866, 0.05055999010801315, -2.9364023208618164], "point_location": [5.577847957611084, 0.5073602795600891, -0.8285789489746094], "skybox_img_path": "./img/high/13099_skybox4.jpg", "resolution": 512, "camera_distance": 0.40144639672239385, "view_id": 52, "point_pitch": -0.43569080432387786, "camera_rotation_from_original_to_final": [0.44959765672683716, 0.09042352437973022, -0.4250513017177582], "camera_location": [5.663650989532471, 0.8570621609687805, -0.6510806679725647], "point_normal": [0.047805894166231155, -0.0227388683706522, 0.9985978007316589], "camera_rotation_final_quaternion": [-0.12308640033006668, -0.05017302185297012, -0.5257463455200195, -0.8401923775672913], "skybox_img": 4, "point_uuid": "11", "field_of_view_rads": 0.6299741311869721, "camera_rotation_final": [1.1123030185699463, 0.045129790902137756, -3.404463291168213]}