{"camera_uuid": "14215", "obliqueness_angle": 1.0433149337768555, "nonfixated_points_in_view": [], "camera_rotation_original": [1.5707963705062866, -0.09923397749662399, -0.3229665160179138], "point_location": [-0.1822434514760971, 0.2831597626209259, -1.431676983833313], "skybox_img_path": "./img/high/14215_skybox4.jpg", "resolution": 512, "camera_distance": 0.5526432284025528, "view_id": 7, "point_pitch": -0.2661585052821298, "camera_rotation_from_original_to_final": [-0.19663546979427338, 0.07966470718383789, -0.6021996736526489], "camera_location": [-0.6107572317123413, -0.04597466439008713, -1.3156553506851196], "point_normal": [0.12324375659227371, -0.9915743470191956, 0.03989033028483391], "camera_rotation_final_quaternion": [0.7116885781288147, 0.5514091849327087, -0.30162590742111206, -0.31379783153533936], "skybox_img": 4, "point_uuid": "188", "field_of_view_rads": 1.384811670309553, "camera_rotation_final": [1.3585350513458252, -0.08336189389228821, -0.8978792428970337]}