{"camera_uuid": "11419", "obliqueness_angle": 1.2035951614379883, "nonfixated_points_in_view": [], "camera_rotation_original": [1.5707963705062866, 0.03684626892209053, 2.668671131134033], "point_location": [5.635040283203125, 1.0644794702529907, -1.395928978919983], "skybox_img_path": "./img/high/11419_skybox4.jpg", "resolution": 512, "camera_distance": 0.9682029060858174, "view_id": 12, "point_pitch": -0.0885454853388925, "camera_rotation_from_original_to_final": [0.07016481459140778, -0.03429128974676132, 0.2885352373123169], "camera_location": [5.810922622680664, 2.0135738849639893, -1.3204169273376465], "point_normal": [0.9823573231697083, 0.185846209526062, -0.02086620032787323], "camera_rotation_final_quaternion": [0.08011592924594879, 0.05012636259198189, 0.6771199107170105, 0.7297790050506592], "skybox_img": 4, "point_uuid": "116", "field_of_view_rads": 0.9904486154446002, "camera_rotation_final": [1.4926762580871582, 0.035341210663318634, 2.955589532852173]}