{"camera_uuid": "10999", "obliqueness_angle": 0.7127672433853149, "nonfixated_points_in_view": [], "camera_rotation_original": [1.5707963705062866, 0.12077242881059647, -0.9741349220275879], "point_location": [4.966612815856934, 0.5080769658088684, -1.3585069179534912], "skybox_img_path": "./img/high/10999_skybox4.jpg", "resolution": 512, "camera_distance": 0.9464933018247674, "view_id": 18, "point_pitch": -0.621437474093165, "camera_rotation_from_original_to_final": [-0.42772459983825684, 0.5561307072639465, -0.6655041575431824], "camera_location": [4.236358642578125, 0.46611300110816956, -0.7578260898590088], "point_normal": [-0.30664733052253723, -0.5435833930969238, 0.7813350558280945], "camera_rotation_final_quaternion": [0.6164713501930237, 0.3288363516330719, -0.2730340361595154, -0.6612731218338013], "skybox_img": 4, "point_uuid": "115", "field_of_view_rads": 1.6071546237233685, "camera_rotation_final": [0.8792557120323181, 0.09842483699321747, -1.5945731401443481]}