{"camera_uuid": "11322", "obliqueness_angle": 1.4403541088104248, "nonfixated_points_in_view": [], "camera_rotation_original": [1.5707963705062866, -0.026936573907732964, 2.5102972984313965], "point_location": [5.518570899963379, 1.8022818565368652, -0.9034366607666016], "skybox_img_path": "./img/high/11322_skybox4.jpg", "resolution": 512, "camera_distance": 0.7979430702989411, "view_id": 21, "point_pitch": -0.22974531253310637, "camera_rotation_from_original_to_final": [0.19123177230358124, -0.13788729906082153, 0.19004063308238983], "camera_location": [5.840655326843262, 2.5082409381866455, -0.7174351811408997], "point_normal": [-0.3810344636440277, 0.07813670486211777, 0.9212532639503479], "camera_rotation_final_quaternion": [0.15635603666305542, 0.13970015943050385, 0.6032688617706299, 0.7694824934005737], "skybox_img": 4, "point_uuid": "103", "field_of_view_rads": 0.6025778511851491, "camera_rotation_final": [1.3354476690292358, -0.026347242295742035, 2.719881772994995]}