{"camera_uuid": "8815", "obliqueness_angle": 0.9441165328025818, "nonfixated_points_in_view": [54], "camera_rotation_original": [1.5707963705062866, 0.0015625156229361892, -1.5884228944778442], "point_location": [2.745572328567505, -0.016294807195663452, -0.9296797513961792], "skybox_img_path": "./img/high/8815_skybox4.jpg", "resolution": 512, "camera_distance": 0.8770453663679963, "view_id": 51, "point_pitch": -0.11873845656844573, "camera_rotation_from_original_to_final": [0.0021078884601593018, 0.11888621002435684, -0.10651048272848129], "camera_location": [1.881434440612793, 0.09164092689752579, -0.8256403803825378], "point_normal": [-0.5854119062423706, 0.6019739508628845, -0.5430656671524048], "camera_rotation_final_quaternion": [0.49453073740005493, 0.4397452771663666, -0.49730443954467773, -0.5610274076461792], "skybox_img": 4, "point_uuid": "102", "field_of_view_rads": 1.3847446318031613, "camera_rotation_final": [1.4518914222717285, 0.0015536511782556772, -1.695244312286377]}