{"camera_uuid": "3700", "obliqueness_angle": 0.9121482968330383, "nonfixated_points_in_view": [], "camera_rotation_original": [1.5707963705062866, -0.12126921117305756, -2.0760912895202637], "point_location": [3.3059499263763428, 1.507105827331543, -1.4197665452957153], "skybox_img_path": "./img/high/3700_skybox4.jpg", "resolution": 512, "camera_distance": 0.6368792629941572, "view_id": 31, "point_pitch": -0.6333259781214853, "camera_rotation_from_original_to_final": [0.31609678268432617, 0.5540412664413452, 0.020090026780962944], "camera_location": [2.8766486644744873, 1.791556477546692, -1.0450620651245117], "point_normal": [-0.034560561180114746, 0.0017010869923979044, 0.9994011521339417], "camera_rotation_final_quaternion": [0.47931787371635437, 0.18405261635780334, -0.4146713614463806, -0.7512833476066589], "skybox_img": 4, "point_uuid": "155", "field_of_view_rads": 0.8446041756018192, "camera_rotation_final": [0.9363929629325867, -0.12126444280147552, -2.067187547683716]}