{"camera_uuid": "0793", "obliqueness_angle": 1.1251243352890015, "nonfixated_points_in_view": [31], "camera_rotation_original": [1.5707963705062866, 0.13663531839847565, -1.7318814992904663], "point_location": [2.772310256958008, 3.1618707180023193, -1.40426504611969], "skybox_img_path": "./img/high/0793_skybox4.jpg", "resolution": 512, "camera_distance": 0.8030044357788106, "view_id": 6, "point_pitch": -0.4791704853388925, "camera_rotation_from_original_to_final": [0.08432169258594513, 0.4318608343601227, 0.3434630036354065], "camera_location": [2.055572986602783, 3.041834592819214, -1.0626583099365234], "point_normal": [-0.01028609462082386, 0.022713176906108856, 0.9996891021728516], "camera_rotation_final_quaternion": [0.6029089689254761, 0.43326258659362793, -0.3155600428581238, -0.5909367203712463], "skybox_img": 4, "point_uuid": "32", "field_of_view_rads": 1.48952952790217, "camera_rotation_final": [1.1272554397583008, 0.13193601369857788, -1.4672821760177612]}