{"camera_uuid": "5594", "obliqueness_angle": 0.5585209131240845, "nonfixated_points_in_view": [], "camera_rotation_original": [1.5707963705062866, -0.1262148767709732, 1.833746314048767], "point_location": [-0.30368760228157043, 1.3439174890518188, -0.7665223479270935], "skybox_img_path": "./img/high/5594_skybox4.jpg", "resolution": 512, "camera_distance": 0.7088208653664672, "view_id": 60, "point_pitch": 0.5453861514714102, "camera_rotation_from_original_to_final": [-0.13473394513130188, 0.4682430922985077, 0.48935288190841675], "camera_location": [0.139734148979187, 1.7869157791137695, -1.0975158214569092], "point_normal": [0.9422652125358582, 0.29410141706466675, -0.16012726724147797], "camera_rotation_final_quaternion": [0.16677385568618774, 0.3778548240661621, 0.7685750126838684, 0.48857414722442627], "skybox_img": 4, "point_uuid": "180", "field_of_view_rads": 1.4743485341217646, "camera_rotation_final": [2.060049057006836, -0.11310476064682007, 2.295696973800659]}