{"camera_uuid": "6531", "obliqueness_angle": 1.4879802465438843, "nonfixated_points_in_view": [90], "camera_rotation_original": [1.5707963705062866, -0.0478946790099144, -2.852368116378784], "point_location": [4.810020923614502, 1.166747808456421, -1.332459807395935], "skybox_img_path": "./img/high/6531_skybox4.jpg", "resolution": 512, "camera_distance": 0.7861399111219926, "view_id": 12, "point_pitch": -0.6529499729487558, "camera_rotation_from_original_to_final": [0.6444050073623657, 0.18509012460708618, 0.33959347009658813], "camera_location": [4.4801106452941895, 1.6890642642974854, -0.8462904095649719], "point_normal": [0.7864901423454285, 0.6175901889801025, 0.003958132583647966], "camera_rotation_final_quaternion": [0.2750229239463806, 0.10918397456407547, -0.42292526364326477, -0.8564901947975159], "skybox_img": 4, "point_uuid": "166", "field_of_view_rads": 1.5766701541034631, "camera_rotation_final": [0.9032382965087891, -0.045614100992679596, -2.542311668395996]}