{"camera_uuid": "6037", "obliqueness_angle": 0.5169809460639954, "nonfixated_points_in_view": [21, 54], "camera_rotation_original": [1.5707963705062866, 0.11538919061422348, -2.8969767093658447], "point_location": [2.745572328567505, -0.016294807195663452, -0.9296797513961792], "skybox_img_path": "./img/high/6037_skybox4.jpg", "resolution": 512, "camera_distance": 0.984960410340921, "view_id": 39, "point_pitch": 0.09181900421646638, "camera_rotation_from_original_to_final": [-0.11905127763748169, -0.026230856776237488, 0.2583686113357544], "camera_location": [2.275465250015259, 0.8409180045127869, -1.0493985414505005], "point_normal": [-0.5854119062423706, 0.6019739508628845, -0.5430656671524048], "camera_rotation_final_quaternion": [0.12827648222446442, 0.22618848085403442, -0.7138713002204895, -0.6502089500427246], "skybox_img": 4, "point_uuid": "102", "field_of_view_rads": 1.7197523314966958, "camera_rotation_final": [1.6934058666229248, 0.11122293025255203, -2.626291513442993]}