{"camera_uuid": "13526", "obliqueness_angle": 0.9426582455635071, "nonfixated_points_in_view": [], "camera_rotation_original": [-1.570796251296997, 3.0111515522003174, -0.10663691908121109], "point_location": [6.080295085906982, 1.5599316358566284, -1.4123303890228271], "skybox_img_path": "./img/high/13526_skybox4.jpg", "resolution": 512, "camera_distance": 0.8828501819906821, "view_id": 8, "point_pitch": -0.6317536075923105, "camera_rotation_from_original_to_final": [0.7079334259033203, -0.07111930847167969, -0.6362241506576538], "camera_location": [6.5193047523498535, 2.06475830078125, -0.8362705111503601], "point_normal": [0.9878883361816406, 0.1546885371208191, 0.012175889685750008], "camera_rotation_final_quaternion": [0.37411168217658997, 0.1198330745100975, 0.3992367386817932, 0.8284265398979187], "skybox_img": 4, "point_uuid": "94", "field_of_view_rads": 0.9322372163182677, "camera_rotation_final": [-2.286036491394043, 3.0412518978118896, -0.8025766611099243]}