{"camera_uuid": "4636", "obliqueness_angle": 0.9900450706481934, "nonfixated_points_in_view": [97], "camera_rotation_original": [1.5707963705062866, -0.17374581098556519, -1.0983272790908813], "point_location": [-0.014790859073400497, 3.0187888145446777, -1.4541010856628418], "skybox_img_path": "./img/high/4636_skybox4.jpg", "resolution": 512, "camera_distance": 0.8263747414856983, "view_id": 0, "point_pitch": -0.46393220027419524, "camera_rotation_from_original_to_final": [-0.2695178985595703, 0.5220109820365906, 0.6219329833984375], "camera_location": [-0.28142645955085754, 2.3816473484039307, -1.0003925561904907], "point_normal": [-0.0014163268497213721, 0.001087893615476787, 0.9999983906745911], "camera_rotation_final_quaternion": [0.8732985258102417, 0.45736163854599, -0.12768298387527466, -0.10893598198890686], "skybox_img": 4, "point_uuid": "3", "field_of_view_rads": 2.078591559549699, "camera_rotation_final": [0.9845225214958191, -0.12367953360080719, -0.3145887553691864]}