{"camera_uuid": "9990", "obliqueness_angle": 0.7569987177848816, "nonfixated_points_in_view": [99], "camera_rotation_original": [1.5707963705062866, -0.05335180088877678, -2.304593324661255], "point_location": [2.624671697616577, -0.7024632096290588, -0.5636605024337769], "skybox_img_path": "./img/high/9990_skybox4.jpg", "resolution": 512, "camera_distance": 0.5312928347288541, "view_id": 10, "point_pitch": -0.6192909916255136, "camera_rotation_from_original_to_final": [0.42006734013557434, 0.4220312535762787, -0.5885294675827026], "camera_location": [2.55507493019104, -0.26542937755584717, -0.2696710526943207], "point_normal": [-0.34883588552474976, 0.9258549809455872, -0.14528000354766846], "camera_rotation_final_quaternion": [0.09188517928123474, 0.025256268680095673, -0.4718988537788391, -0.8764877319335938], "skybox_img": 4, "point_uuid": "60", "field_of_view_rads": 1.957036885090066, "camera_rotation_final": [0.9838195443153381, -0.042460158467292786, -2.9554433822631836]}