{"camera_uuid": "2213", "obliqueness_angle": 1.1230134963989258, "nonfixated_points_in_view": [], "camera_rotation_original": [1.5707963705062866, 0.07214885205030441, -0.060921810567379], "point_location": [2.2359414100646973, 3.1619937419891357, -1.4091827869415283], "skybox_img_path": "./img/high/2213_skybox4.jpg", "resolution": 512, "camera_distance": 0.9619858806928633, "view_id": 5, "point_pitch": -0.34094540675612883, "camera_rotation_from_original_to_final": [-0.37263649702072144, 0.019213363528251648, -0.4526040256023407], "camera_location": [1.7982319593429565, 2.3804078102111816, -1.0585395097732544], "point_normal": [0.1874009370803833, -0.20707298815250397, 0.9602092504501343], "camera_rotation_final_quaternion": [0.7915589213371277, 0.5500104427337646, -0.12344539910554886, -0.2359750121831894], "skybox_img": 4, "point_uuid": "91", "field_of_view_rads": 2.0062308946333633, "camera_rotation_final": [1.1968930959701538, 0.06419291347265244, -0.535673201084137]}