{"camera_uuid": "13660", "obliqueness_angle": 1.4069610834121704, "nonfixated_points_in_view": [], "camera_rotation_original": [1.5707963705062866, 0.09414820373058319, 1.6774911880493164], "point_location": [1.1332991123199463, -0.8327366709709167, -1.4375404119491577], "skybox_img_path": "./img/high/13660_skybox4.jpg", "resolution": 512, "camera_distance": 0.36931781452000634, "view_id": 1, "point_pitch": -0.4381379326197763, "camera_rotation_from_original_to_final": [0.055333372205495834, -0.3770202696323395, 0.6643397212028503], "camera_location": [1.3772706985473633, -0.5918097496032715, -1.3003262281417847], "point_normal": [-0.5603585243225098, 0.8280418515205383, -0.018577322363853455], "camera_rotation_final_quaternion": [0.3500940203666687, 0.1949446052312851, 0.5255754590034485, 0.7504673600196838], "skybox_img": 4, "point_uuid": "147", "field_of_view_rads": 1.48952952790217, "camera_rotation_final": [1.1889927387237549, 0.07547416538000107, 2.319650173187256]}