{"camera_uuid": "14473", "obliqueness_angle": 1.1615400314331055, "nonfixated_points_in_view": [92], "camera_rotation_original": [1.5707963705062866, 0.1303064227104187, 0.10415849834680557], "point_location": [5.577847957611084, 0.5073602795600891, -0.8285789489746094], "skybox_img_path": "./img/high/14473_skybox4.jpg", "resolution": 512, "camera_distance": 0.7667204624955289, "view_id": 35, "point_pitch": -0.3574485023829599, "camera_rotation_from_original_to_final": [-0.3936168849468231, -0.036529429256916046, -0.2622623145580292], "camera_location": [5.461882591247559, -0.19069339334964752, -0.5333952903747559], "point_normal": [0.047805894166231155, -0.0227388683706522, 0.9985978007316589], "camera_rotation_final_quaternion": [0.8228976726531982, 0.5544645190238953, -0.008455278351902962, -0.12384282797574997], "skybox_img": 4, "point_uuid": "11", "field_of_view_rads": 1.794124606241639, "camera_rotation_final": [1.1723778247833252, 0.12373273074626923, -0.21652668714523315]}