{"camera_uuid": "3954", "obliqueness_angle": 0.9113571643829346, "nonfixated_points_in_view": [97, 42], "camera_rotation_original": [1.5707963705062866, 0.08045337349176407, -2.0550107955932617], "point_location": [-0.014790859073400497, 3.0187888145446777, -1.4541010856628418], "skybox_img_path": "./img/high/3954_skybox4.jpg", "resolution": 512, "camera_distance": 0.598008278100203, "view_id": 17, "point_pitch": -0.6678590019557138, "camera_rotation_from_original_to_final": [0.3615001142024994, 0.5626022815704346, 0.2554592490196228], "camera_location": [-0.4629347026348114, 3.1708712577819824, -1.0885167121887207], "point_normal": [-0.0014163268497213721, 0.001087893615476787, 0.9999983906745911], "camera_rotation_final_quaternion": [0.4852595627307892, 0.27459585666656494, -0.3448605239391327, -0.7551102638244629], "skybox_img": 4, "point_uuid": "3", "field_of_view_rads": 1.0039714359666843, "camera_rotation_final": [0.9105610251426697, 0.0800921693444252, -1.9600056409835815]}