{"camera_uuid": "5935", "obliqueness_angle": 1.0357322692871094, "nonfixated_points_in_view": [], "camera_rotation_original": [1.5707963705062866, -0.05143699422478676, 2.558093547821045], "point_location": [3.3059499263763428, 1.507105827331543, -1.4197665452957153], "skybox_img_path": "./img/high/5935_skybox4.jpg", "resolution": 512, "camera_distance": 0.7643887893824083, "view_id": 37, "point_pitch": -0.5628401478144784, "camera_rotation_from_original_to_final": [0.48292669653892517, -0.28887465596199036, -0.20371022820472717], "camera_location": [3.7329418659210205, 1.9957891702651978, -1.01583993434906], "point_normal": [-0.034560561180114746, 0.0017010869923979044, 0.9994011521339417], "camera_rotation_final_quaternion": [0.2823868989944458, 0.18425244092941284, 0.44926124811172485, 0.8273288607597351], "skybox_img": 4, "point_uuid": "155", "field_of_view_rads": 0.7824832778029851, "camera_rotation_final": [1.0132293701171875, -0.05116603896021843, 2.45534610748291]}