{"camera_uuid": "16040", "obliqueness_angle": 1.3196995258331299, "nonfixated_points_in_view": [], "camera_rotation_original": [1.5707963705062866, -0.09802288562059402, 1.528235912322998], "point_location": [5.327018737792969, -0.6150552034378052, -1.3985912799835205], "skybox_img_path": "./img/high/16040_skybox4.jpg", "resolution": 512, "camera_distance": 0.8174001792717176, "view_id": 15, "point_pitch": -0.24014370044204192, "camera_rotation_from_original_to_final": [-0.009235410951077938, -0.2551612854003906, 0.1444639414548874], "camera_location": [6.113932132720947, -0.5357201099395752, -1.1921541690826416], "point_normal": [-0.004159807693213224, -0.0008233638945966959, 0.9999910593032837], "camera_rotation_final_quaternion": [0.5008121728897095, 0.4321487843990326, 0.43240129947662354, 0.6127509474754333], "skybox_img": 4, "point_uuid": "39", "field_of_view_rads": 0.9239011772765595, "camera_rotation_final": [1.3142544031143188, -0.09664588421583176, 1.6965824365615845]}