{"camera_uuid": "8827", "obliqueness_angle": 0.8515307307243347, "nonfixated_points_in_view": [], "camera_rotation_original": [1.5707963705062866, 0.1213708445429802, 0.545175313949585], "point_location": [2.813992500305176, 1.206691026687622, -1.412956953048706], "skybox_img_path": "./img/high/8827_skybox4.jpg", "resolution": 512, "camera_distance": 0.822547340497246, "view_id": 24, "point_pitch": -0.30263928969832854, "camera_rotation_from_original_to_final": [-0.3203089237213135, -0.21502020955085754, -0.6664788722991943], "camera_location": [2.691715717315674, 0.45358723402023315, -1.1056017875671387], "point_normal": [-0.8119872808456421, -0.5835861563682556, 0.010192384012043476], "camera_rotation_final_quaternion": [0.8218871355056763, 0.559325635433197, -0.017988860607147217, -0.10645556449890137], "skybox_img": 4, "point_uuid": "163", "field_of_view_rads": 0.5256461677815203, "camera_rotation_final": [1.1862176656723022, 0.08963701874017715, -0.19717377424240112]}