{"camera_uuid": "9166", "obliqueness_angle": 0.6972169280052185, "nonfixated_points_in_view": [], "camera_rotation_original": [1.5707963705062866, 0.0814647451043129, -2.824700355529785], "point_location": [0.580907940864563, -0.050188999623060226, -1.4085019826889038], "skybox_img_path": "./img/high/9166_skybox4.jpg", "resolution": 512, "camera_distance": 0.5231859257357319, "view_id": 64, "point_pitch": -0.5366062363001962, "camera_rotation_from_original_to_final": [0.5124880075454712, 0.1478036642074585, 0.12318932265043259], "camera_location": [0.4032626450061798, 0.36439141631126404, -1.1433817148208618], "point_normal": [-0.16356271505355835, 0.2954562306404114, 0.941250741481781], "camera_rotation_final_quaternion": [0.13415567576885223, 0.12269264459609985, -0.48122286796569824, -0.8575391173362732], "skybox_img": 4, "point_uuid": "57", "field_of_view_rads": 0.554628086887159, "camera_rotation_final": [1.0374408960342407, 0.08139979094266891, -2.7847375869750977]}