{"camera_uuid": "0622", "obliqueness_angle": 1.3348143100738525, "nonfixated_points_in_view": [112], "camera_rotation_original": [-1.570796251296997, 3.0551304817199707, -0.00408378429710865], "point_location": [2.196098566055298, 2.2025678157806396, -1.3980869054794312], "skybox_img_path": "./img/high/0622_skybox4.jpg", "resolution": 512, "camera_distance": 0.9706980654279533, "view_id": 4, "point_pitch": -0.5260683735224863, "camera_rotation_from_original_to_final": [0.5158825516700745, -0.012928272597491741, 0.13580375909805298], "camera_location": [2.079577684402466, 3.0388543605804443, -0.9192315936088562], "point_normal": [0.9356234073638916, 0.2750264108181, 0.22129014134407043], "camera_rotation_final_quaternion": [-0.017035357654094696, -0.05961793288588524, 0.49979063868522644, 0.8639240860939026], "skybox_img": 4, "point_uuid": "165", "field_of_view_rads": 0.9904486154446002, "camera_rotation_final": [-2.088796615600586, 3.0555038452148438, 0.08947775512933731]}