{"camera_uuid": "13133", "obliqueness_angle": 1.318737268447876, "nonfixated_points_in_view": [], "camera_rotation_original": [1.5707963705062866, -0.15601183474063873, 1.0814334154129028], "point_location": [2.9207348823547363, -0.5152132511138916, -0.5628843903541565], "skybox_img_path": "./img/high/13133_skybox4.jpg", "resolution": 512, "camera_distance": 0.9399871022399776, "view_id": 45, "point_pitch": -0.5059820850703378, "camera_rotation_from_original_to_final": [-0.2335798293352127, -0.4477389454841614, -0.01662502996623516], "camera_location": [3.6170969009399414, -0.956705629825592, -0.11150851845741272], "point_normal": [-0.26315274834632874, 0.039460260421037674, 0.9639468193054199], "camera_rotation_final_quaternion": [0.7139331102371216, 0.4667704701423645, 0.20500856637954712, 0.4799961745738983], "skybox_img": 4, "point_uuid": "152", "field_of_view_rads": 0.6299741311869721, "camera_rotation_final": [1.0631786584854126, -0.15600328147411346, 1.0919612646102905]}