{"camera_uuid": "7816", "obliqueness_angle": 0.7036982774734497, "nonfixated_points_in_view": [], "camera_rotation_original": [1.5707963705062866, 0.09883961826562881, -2.2177181243896484], "point_location": [5.518570899963379, 1.8022818565368652, -0.9034366607666016], "skybox_img_path": "./img/high/7816_skybox4.jpg", "resolution": 512, "camera_distance": 0.8016005720797276, "view_id": 41, "point_pitch": -0.5416402061793466, "camera_rotation_from_original_to_final": [0.37123793363571167, 0.4282708168029785, -0.0686371922492981], "camera_location": [5.0415754318237305, 2.286374092102051, -0.4783560633659363], "point_normal": [-0.3810344636440277, 0.07813670486211777, 0.9212532639503479], "camera_rotation_final_quaternion": [0.2850315272808075, 0.20908929407596588, -0.437191903591156, -0.826983630657196], "skybox_img": 4, "point_uuid": "103", "field_of_view_rads": 1.689463874588242, "camera_rotation_final": [1.0089123249053955, 0.09675076603889465, -2.424320697784424]}