{"camera_uuid": "10352", "obliqueness_angle": 1.447197675704956, "nonfixated_points_in_view": [36], "camera_rotation_original": [1.5707963705062866, 0.04992815852165222, -1.6525154113769531], "point_location": [2.4280853271484375, -0.49214041233062744, -0.8174121379852295], "skybox_img_path": "./img/high/10352_skybox4.jpg", "resolution": 512, "camera_distance": 0.8402472120188487, "view_id": 0, "point_pitch": -0.6063093384120126, "camera_rotation_from_original_to_final": [0.0654720738530159, 0.5954381227493286, 0.1905679553747177], "camera_location": [1.736822485923767, -0.5557884573936462, -0.3439990282058716], "point_normal": [-0.53856360912323, -0.546765923500061, -0.641089916229248], "camera_rotation_final_quaternion": [0.635094404220581, 0.3544510006904602, -0.30439096689224243, -0.6151144504547119], "skybox_img": 4, "point_uuid": "141", "field_of_view_rads": 1.0386947080855735, "camera_rotation_final": [0.9714406132698059, 0.04944200441241264, -1.5127320289611816]}