{"camera_uuid": "10704", "obliqueness_angle": 1.0879886150360107, "nonfixated_points_in_view": [8, 92], "camera_rotation_original": [1.5707963705062866, 0.07201939076185226, -2.1616098880767822], "point_location": [5.437486171722412, 0.3159542977809906, -0.8787023425102234], "skybox_img_path": "./img/high/10704_skybox4.jpg", "resolution": 512, "camera_distance": 0.6382187043435468, "view_id": 12, "point_pitch": -0.44402305682631926, "camera_rotation_from_original_to_final": [0.2600393295288086, 0.3551228642463684, 0.16244949400424957], "camera_location": [4.922867298126221, 0.5797540545463562, -0.6087019443511963], "point_normal": [-0.5941973924636841, 0.5574745535850525, -0.5797858834266663], "camera_rotation_final_quaternion": [0.411010205745697, 0.2980007529258728, -0.4468434154987335, -0.7366119027137756], "skybox_img": 4, "point_uuid": "4", "field_of_view_rads": 0.9904486154446002, "camera_rotation_final": [1.1327788829803467, 0.07176899164915085, -2.078054904937744]}