{"camera_uuid": "6918", "obliqueness_angle": 1.1355925798416138, "nonfixated_points_in_view": [49], "camera_rotation_original": [1.5707963705062866, -0.15328942239284515, -1.1005362272262573], "point_location": [3.2907848358154297, 0.7151510119438171, -0.953556478023529], "skybox_img_path": "./img/high/6918_skybox4.jpg", "resolution": 512, "camera_distance": 0.5165558852948741, "view_id": 14, "point_pitch": -0.019835635027613208, "camera_rotation_from_original_to_final": [0.05414896085858345, -0.04743862524628639, -0.5987863540649414], "camera_location": [2.779607057571411, 0.7810121774673462, -0.9880467653274536], "point_normal": [-0.31622445583343506, 0.4023386836051941, -0.8591424822807312], "camera_rotation_final_quaternion": [0.4826289117336273, 0.4466644525527954, -0.5778197646141052, -0.48340925574302673], "skybox_img": 4, "point_uuid": "195", "field_of_view_rads": 1.949514490688795, "camera_rotation_final": [1.6381524801254272, -0.12623661756515503, -1.7074252367019653]}