{"camera_uuid": "12277", "obliqueness_angle": 1.1533348560333252, "nonfixated_points_in_view": [18, 46], "camera_rotation_original": [1.5707963705062866, 0.003258779877796769, -0.3875887393951416], "point_location": [1.9191844463348389, 0.03978348895907402, -1.4310652017593384], "skybox_img_path": "./img/high/12277_skybox4.jpg", "resolution": 512, "camera_distance": 0.7328520414424966, "view_id": 18, "point_pitch": -0.3704755743357797, "camera_rotation_from_original_to_final": [-0.3469284772872925, 0.13763223588466644, -0.5821521878242493], "camera_location": [1.3656235933303833, -0.359731525182724, -1.1645501852035522], "point_normal": [-0.03025132790207863, -0.0354352742433548, 0.9989140033721924], "camera_rotation_final_quaternion": [0.7345804572105408, 0.5025573968887329, -0.25612881779670715, -0.37712809443473816], "skybox_img": 4, "point_uuid": "175", "field_of_view_rads": 1.3087021427806742, "camera_rotation_final": [1.198592185974121, 0.0027625516522675753, -0.946721076965332]}