{"camera_uuid": "7322", "obliqueness_angle": 1.296020746231079, "nonfixated_points_in_view": [], "camera_rotation_original": [1.5707963705062866, 0.05505514144897461, 0.6907747387886047], "point_location": [2.133356809616089, 1.9143738746643066, -1.4239013195037842], "skybox_img_path": "./img/high/7322_skybox4.jpg", "resolution": 512, "camera_distance": 0.9463160232010491, "view_id": 10, "point_pitch": -0.2316647013041635, "camera_rotation_from_original_to_final": [-0.2007816880941391, -0.1775866597890854, -0.6721604466438293], "camera_location": [2.1325676441192627, 1.0015922784805298, -1.1742151975631714], "point_normal": [0.056367747485637665, -0.008248048834502697, 0.9983760714530945], "camera_rotation_final_quaternion": [0.7947412133216858, 0.6065533757209778, 0.012950253672897816, -0.01765560917556286], "skybox_img": 4, "point_uuid": "2", "field_of_view_rads": 1.957036885090066, "camera_rotation_final": [1.3035426139831543, 0.042014699429273605, -0.012364465743303299]}