{"camera_uuid": "9633", "obliqueness_angle": 1.2083710432052612, "nonfixated_points_in_view": [77], "camera_rotation_original": [1.5707963705062866, -0.1035303995013237, -0.5377963185310364], "point_location": [-0.4054321348667145, 1.2653040885925293, -0.6841932535171509], "skybox_img_path": "./img/high/9633_skybox4.jpg", "resolution": 512, "camera_distance": 0.8926067577252039, "view_id": 9, "point_pitch": -0.33908598025771575, "camera_rotation_from_original_to_final": [-0.3244030177593231, 0.18686223030090332, 0.28180375695228577], "camera_location": [-0.5913151502609253, 0.4550304412841797, -0.3591533303260803], "point_normal": [0.040700461715459824, 0.0009101604809984565, 0.9991709589958191], "camera_rotation_final_quaternion": [0.8243655562400818, 0.5561926960945129, -0.09260831773281097, -0.049947790801525116], "skybox_img": 4, "point_uuid": "104", "field_of_view_rads": 1.1263039557204935, "camera_rotation_final": [1.1962218284606934, -0.09727837145328522, -0.18734107911586761]}