{"camera_uuid": "8953", "obliqueness_angle": 0.6871011853218079, "nonfixated_points_in_view": [], "camera_rotation_original": [1.5707963705062866, 0.1106465682387352, -1.4207812547683716], "point_location": [2.745572328567505, -0.016294807195663452, -0.9296797513961792], "skybox_img_path": "./img/high/8953_skybox4.jpg", "resolution": 512, "camera_distance": 0.3195273896846861, "view_id": 11, "point_pitch": 0.4367562095311026, "camera_rotation_from_original_to_final": [0.07588355243206024, -0.4130222201347351, -0.19579021632671356], "camera_location": [2.453890800476074, -0.006989733781665564, -1.0598068237304688], "point_normal": [-0.5854119062423706, 0.6019739508628845, -0.5430656671524048], "camera_rotation_final_quaternion": [0.3546063303947449, 0.6187232136726379, -0.5663973093032837, -0.4130738079547882], "skybox_img": 4, "point_uuid": "102", "field_of_view_rads": 1.5766701541034631, "camera_rotation_final": [1.9929331541061401, 0.10968034714460373, -1.5535637140274048]}