{"camera_uuid": "10714", "obliqueness_angle": 1.4286140203475952, "nonfixated_points_in_view": [], "camera_rotation_original": [1.5707963705062866, 0.09013674408197403, -2.6484007835388184], "point_location": [4.966612815856934, 0.5080769658088684, -1.3585069179534912], "skybox_img_path": "./img/high/10714_skybox4.jpg", "resolution": 512, "camera_distance": 0.7140132191094476, "view_id": 28, "point_pitch": -0.6885320385310312, "camera_rotation_from_original_to_final": [0.6673994064331055, 0.30602937936782837, -0.2704596519470215], "camera_location": [4.9009857177734375, 1.0388829708099365, -0.885481595993042], "point_normal": [-0.30664733052253723, -0.5435833930969238, 0.7813350558280945], "camera_rotation_final_quaternion": [0.0064373863860964775, 0.047526221722364426, -0.4080406725406647, -0.9117031693458557], "skybox_img": 4, "point_uuid": "115", "field_of_view_rads": 0.9476384761560841, "camera_rotation_final": [0.843711793422699, 0.08149636536836624, -3.090879440307617]}