{"camera_uuid": "5346", "obliqueness_angle": 1.5358184576034546, "nonfixated_points_in_view": [], "camera_rotation_original": [1.5707963705062866, -0.0757407695055008, 1.392735242843628], "point_location": [1.6843894720077515, 1.1254421472549438, -1.4068831205368042], "skybox_img_path": "./img/high/5346_skybox4.jpg", "resolution": 512, "camera_distance": 0.9477503686570619, "view_id": 23, "point_pitch": -0.10436312755080657, "camera_rotation_from_original_to_final": [-0.039911285042762756, -0.1436728984117508, 0.6190611720085144], "camera_location": [2.53277850151062, 1.5239593982696533, -1.2667016983032227], "point_normal": [-0.13031253218650818, 0.011851518414914608, 0.9914022088050842], "camera_rotation_final_quaternion": [0.38611385226249695, 0.36686572432518005, 0.5398654341697693, 0.6518212556838989], "skybox_img": 4, "point_uuid": "111", "field_of_view_rads": 0.950131287597413, "camera_rotation_final": [1.4220595359802246, -0.06140131503343582, 2.019134044647217]}