{"camera_uuid": "3695", "obliqueness_angle": 0.8830468654632568, "nonfixated_points_in_view": [], "camera_rotation_original": [1.5707963705062866, 0.09927647560834885, -1.9534748792648315], "point_location": [4.561407566070557, 1.4919605255126953, -1.3709478378295898], "skybox_img_path": "./img/high/3695_skybox4.jpg", "resolution": 512, "camera_distance": 0.9810917763189715, "view_id": 4, "point_pitch": -0.37430541118117766, "camera_rotation_from_original_to_final": [0.15511515736579895, 0.3495641350746155, -0.022434549406170845], "camera_location": [3.734036922454834, 1.8725641965866089, -1.0060646533966064], "point_normal": [-0.47309228777885437, 0.8454535603523254, -0.2477739304304123], "camera_rotation_final_quaternion": [0.40904003381729126, 0.32702308893203735, -0.4550803601741791, -0.7201694250106812], "skybox_img": 4, "point_uuid": "26", "field_of_view_rads": 1.7779022957772381, "camera_rotation_final": [1.1877566576004028, 0.09889299422502518, -2.041710376739502]}