{"camera_uuid": "12370", "obliqueness_angle": 1.0527585744857788, "nonfixated_points_in_view": [], "camera_rotation_original": [1.5707963705062866, 0.10858692973852158, -0.9047673940658569], "point_location": [0.580907940864563, -0.050188999623060226, -1.4085019826889038], "skybox_img_path": "./img/high/12370_skybox4.jpg", "resolution": 512, "camera_distance": 0.7656442435434755, "view_id": 47, "point_pitch": -0.639520331225123, "camera_rotation_from_original_to_final": [-0.42507511377334595, 0.5132668614387512, -0.21124541759490967], "camera_location": [0.07142563164234161, -0.38169926404953003, -0.9429487586021423], "point_normal": [0.11274728178977966, 0.07453673332929611, 0.9908240437507629], "camera_rotation_final_quaternion": [0.757590651512146, 0.40248018503189087, -0.18434372544288635, -0.4796701669692993], "skybox_img": 4, "point_uuid": "57", "field_of_view_rads": 0.9320269806742028, "camera_rotation_final": [0.9127756357192993, 0.10700541734695435, -1.076306939125061]}