{"camera_uuid": "2353", "obliqueness_angle": 0.9215011596679688, "nonfixated_points_in_view": [], "camera_rotation_original": [1.5707963705062866, 0.07115127891302109, 1.6077139377593994], "point_location": [1.5920188426971436, 2.1285598278045654, -1.4049173593521118], "skybox_img_path": "./img/high/2353_skybox4.jpg", "resolution": 512, "camera_distance": 0.9062367758937063, "view_id": 2, "point_pitch": -0.2715310295436044, "camera_rotation_from_original_to_final": [0.021732904016971588, -0.31114524602890015, -0.5932004451751709], "camera_location": [2.3253722190856934, 1.6744632720947266, -1.126970887184143], "point_normal": [0.3241092562675476, -0.10795459151268005, 0.9398399591445923], "camera_rotation_final_quaternion": [0.717877209186554, 0.5053428411483765, 0.3021202087402344, 0.3714893162250519], "skybox_img": 4, "point_uuid": "107", "field_of_view_rads": 1.0910236528484336, "camera_rotation_final": [1.2585188150405884, 0.05834461748600006, 0.9975515007972717]}