{"camera_uuid": "4379", "obliqueness_angle": 1.100701093673706, "nonfixated_points_in_view": [], "camera_rotation_original": [1.5707963705062866, -0.0019221353577449918, -1.0610026121139526], "point_location": [3.365755796432495, 1.3757675886154175, -0.9474144577980042], "skybox_img_path": "./img/high/4379_skybox4.jpg", "resolution": 512, "camera_distance": 0.9511495750131742, "view_id": 2, "point_pitch": -0.15467767318221526, "camera_rotation_from_original_to_final": [-0.07567697018384933, 0.13448695838451385, -0.25369271636009216], "camera_location": [2.457772731781006, 1.1330547332763672, -0.8013229966163635], "point_normal": [-0.6433119773864746, 0.7428977489471436, 0.18507462739944458], "camera_rotation_final_quaternion": [0.6028271913528442, 0.5156164765357971, -0.3966641128063202, -0.4619486927986145], "skybox_img": 4, "point_uuid": "9", "field_of_view_rads": 1.0910236528484336, "camera_rotation_final": [1.4165911674499512, -0.0018630929989740252, -1.3093039989471436]}