{"camera_uuid": "9408", "obliqueness_angle": 0.7964855432510376, "nonfixated_points_in_view": [], "camera_rotation_original": [1.5707963705062866, 0.01582052744925022, -1.2224711179733276], "point_location": [5.518570899963379, 1.8022818565368652, -0.9034366607666016], "skybox_img_path": "./img/high/9408_skybox4.jpg", "resolution": 512, "camera_distance": 0.7526593397083817, "view_id": 25, "point_pitch": -0.36669592460128264, "camera_rotation_from_original_to_final": [-0.13466615974903107, 0.35089167952537537, -0.5619820952415466], "camera_location": [4.830775260925293, 1.9345519542694092, -0.6278684139251709], "point_normal": [-0.3810344636440277, 0.07813670486211777, 0.9212532639503479], "camera_rotation_final_quaternion": [0.5216898918151855, 0.3616754114627838, -0.4314253628253937, -0.6410169005393982], "skybox_img": 4, "point_uuid": "103", "field_of_view_rads": 1.4604219695947274, "camera_rotation_final": [1.1959176063537598, 0.013540036045014858, -1.7661147117614746]}