{"camera_uuid": "11053", "obliqueness_angle": 0.6495823860168457, "nonfixated_points_in_view": [124], "camera_rotation_original": [1.5707963705062866, 0.16143575310707092, 1.7055491209030151], "point_location": [-0.2083050161600113, 0.3665858805179596, -1.4489437341690063], "skybox_img_path": "./img/high/11053_skybox4.jpg", "resolution": 512, "camera_distance": 0.4747223896115353, "view_id": 0, "point_pitch": -0.5395793159815927, "camera_rotation_from_original_to_final": [0.10855401307344437, -0.6319604516029358, -0.6588425040245056], "camera_location": [0.12740634381771088, 0.1868443638086319, -1.165479063987732], "point_normal": [0.7123637795448303, 0.2571237087249756, 0.6530124545097351], "camera_rotation_final_quaternion": [0.7993684411048889, 0.36637794971466064, 0.2592467963695526, 0.3994601368904114], "skybox_img": 4, "point_uuid": "170", "field_of_view_rads": 0.7352830670651015, "camera_rotation_final": [0.9253028035163879, 0.1220635324716568, 0.9877833127975464]}