{"camera_uuid": "2153", "obliqueness_angle": 0.998251736164093, "nonfixated_points_in_view": [], "camera_rotation_original": [1.5707963705062866, 0.03169756755232811, 1.3278024196624756], "point_location": [0.22651520371437073, 2.849133014678955, -1.442795991897583], "skybox_img_path": "./img/high/2153_skybox4.jpg", "resolution": 512, "camera_distance": 0.9429943571114014, "view_id": 6, "point_pitch": -0.5400885780665536, "camera_rotation_from_original_to_final": [-0.14962469041347504, -0.5272270441055298, -0.14207278192043304], "camera_location": [0.9609311819076538, 2.5174427032470703, -0.9530481100082397], "point_normal": [0.024610353633761406, -0.009762244299054146, 0.9996494650840759], "camera_rotation_final_quaternion": [0.7407166361808777, 0.40694916248321533, 0.2733411192893982, 0.459364652633667], "skybox_img": 4, "point_uuid": "150", "field_of_view_rads": 0.6382884761446714, "camera_rotation_final": [1.0244081020355225, 0.031065501272678375, 1.1276938915252686]}