{"camera_uuid": "15951", "obliqueness_angle": 1.1798709630966187, "nonfixated_points_in_view": [92], "camera_rotation_original": [1.5707963705062866, 0.020875699818134308, 0.3344034254550934], "point_location": [5.577847957611084, 0.5073602795600891, -0.8285789489746094], "skybox_img_path": "./img/high/15951_skybox4.jpg", "resolution": 512, "camera_distance": 0.8472116640458821, "view_id": 53, "point_pitch": -0.3560107191416879, "camera_rotation_from_original_to_final": [-0.34038078784942627, -0.11423009634017944, -0.08786565810441971], "camera_location": [5.756496906280518, -0.265666127204895, -0.5314555168151855], "point_normal": [0.047805894166231155, -0.0227388683706522, 0.9985978007316589], "camera_rotation_final_quaternion": [0.8174870014190674, 0.5653581023216248, 0.07082779705524445, 0.08407536894083023], "skybox_img": 4, "point_uuid": "11", "field_of_view_rads": 1.7197523314966958, "camera_rotation_final": [1.2123894691467285, 0.020737716928124428, 0.21934868395328522]}