{"camera_uuid": "11107", "obliqueness_angle": 1.11124849319458, "nonfixated_points_in_view": [56], "camera_rotation_original": [1.5707963705062866, -0.1278408169746399, 2.4736862182617188], "point_location": [1.1332991123199463, -0.8327366709709167, -1.4375404119491577], "skybox_img_path": "./img/high/11107_skybox4.jpg", "resolution": 512, "camera_distance": 0.7756353323660927, "view_id": 11, "point_pitch": -0.7005371292445322, "camera_rotation_from_original_to_final": [0.6456378698348999, -0.4192993640899658, 0.23661799728870392], "camera_location": [1.3008064031600952, -0.2920122742652893, -0.907287061214447], "point_normal": [-0.5603585243225098, 0.8280418515205383, -0.018577322363853455], "camera_rotation_final_quaternion": [0.06606738269329071, 0.0900270864367485, 0.3873969316482544, 0.9151250720024109], "skybox_img": 4, "point_uuid": "147", "field_of_view_rads": 1.6924921945557647, "camera_rotation_final": [0.8119421005249023, -0.11382913589477539, 2.9484803676605225]}