{"camera_uuid": "4321", "obliqueness_angle": 0.503096878528595, "nonfixated_points_in_view": [123, 44], "camera_rotation_original": [1.5707963705062866, 0.06654845923185349, 2.324069023132324], "point_location": [0.4283650815486908, 1.0628477334976196, -1.424589991569519], "skybox_img_path": "./img/high/4321_skybox4.jpg", "resolution": 512, "camera_distance": 0.8754872727906886, "view_id": 2, "point_pitch": -0.33746640284987883, "camera_rotation_from_original_to_final": [0.22513502836227417, -0.23738223314285278, 0.16178223490715027], "camera_location": [0.9159225225448608, 1.733891248703003, -1.1444716453552246], "point_normal": [0.870360791683197, 0.48990392684936523, 0.049661390483379364], "camera_rotation_final_quaternion": [0.2776532471179962, 0.1608837991952896, 0.5604801177978516, 0.763470470905304], "skybox_img": 4, "point_uuid": "84", "field_of_view_rads": 1.7927549318813307, "camera_rotation_final": [1.244383692741394, 0.06562528014183044, 2.491062879562378]}