{"camera_uuid": "8157", "obliqueness_angle": 0.9726887941360474, "nonfixated_points_in_view": [], "camera_rotation_original": [1.5707963705062866, -0.08956992626190186, -0.02778930775821209], "point_location": [3.4670467376708984, 1.0758438110351562, -0.6993377804756165], "skybox_img_path": "./img/high/8157_skybox4.jpg", "resolution": 512, "camera_distance": 0.40753241482956043, "view_id": 41, "point_pitch": -0.08839444716903166, "camera_rotation_from_original_to_final": [-0.04356276988983154, 0.012859901413321495, -0.5226813554763794], "camera_location": [3.254262685775757, 0.728733241558075, -0.6814528107643127], "point_normal": [-0.728654682636261, -0.24732623994350433, -0.6386642456054688], "camera_rotation_final_quaternion": [0.7024286389350891, 0.6576265692710876, -0.21350494027137756, -0.16892868280410767], "skybox_img": 4, "point_uuid": "78", "field_of_view_rads": 2.0028936213055424, "camera_rotation_final": [1.5267629623413086, -0.07783857733011246, -0.5465083718299866]}