{"camera_uuid": "6188", "obliqueness_angle": 1.2737723588943481, "nonfixated_points_in_view": [], "camera_rotation_original": [1.5707963705062866, 0.08051542192697525, -0.43789589405059814], "point_location": [0.48665541410446167, 2.050424337387085, -1.4244725704193115], "skybox_img_path": "./img/high/6188_skybox4.jpg", "resolution": 512, "camera_distance": 0.9344025715955071, "view_id": 30, "point_pitch": -0.38966695865127043, "camera_rotation_from_original_to_final": [-0.3212847113609314, 0.14125239849090576, 0.5073720216751099], "camera_location": [0.5668135285377502, 1.1763195991516113, -1.1041231155395508], "point_normal": [-0.7788903117179871, -0.1622719019651413, 0.6058033108711243], "camera_rotation_final_quaternion": [0.8193745017051697, 0.571232795715332, 0.04768390581011772, 0.006690320558845997], "skybox_img": 4, "point_uuid": "167", "field_of_view_rads": 0.9476384761560841, "camera_rotation_final": [1.2199487686157227, 0.07055702060461044, 0.06565135717391968]}