{"camera_uuid": "0188", "obliqueness_angle": 0.9433863162994385, "nonfixated_points_in_view": [], "camera_rotation_original": [1.5707963705062866, 0.12457163631916046, 1.934254765510559], "point_location": [1.5920188426971436, 2.1285598278045654, -1.4049173593521118], "skybox_img_path": "./img/high/0188_skybox4.jpg", "resolution": 512, "camera_distance": 0.9909738491998148, "view_id": 13, "point_pitch": -0.6670898636195322, "camera_rotation_from_original_to_final": [0.23542627692222595, -0.5500792264938354, 0.60054612159729], "camera_location": [2.0144286155700684, 2.8331217765808105, -0.8506686687469482], "point_normal": [0.3241092562675476, -0.10795459151268005, 0.9398399591445923], "camera_rotation_final_quaternion": [0.2880566716194153, 0.09682651609182358, 0.45932140946388245, 0.8346686959266663], "skybox_img": 4, "point_uuid": "107", "field_of_view_rads": 0.6651429173367224, "camera_rotation_final": [0.9736478924751282, 0.10316798835992813, 2.5316033363342285]}