{"camera_uuid": "6458", "obliqueness_angle": 0.9804565906524658, "nonfixated_points_in_view": [], "camera_rotation_original": [1.5707963705062866, -0.13854438066482544, -2.5106143951416016], "point_location": [-0.4054321348667145, 1.2653040885925293, -0.6841932535171509], "skybox_img_path": "./img/high/6458_skybox4.jpg", "resolution": 512, "camera_distance": 0.9381380530035546, "view_id": 64, "point_pitch": -0.6636754711482187, "camera_rotation_from_original_to_final": [0.49362102150917053, 0.34092122316360474, -0.4985848665237427], "camera_location": [-0.43914321064949036, 2.0431969165802, -0.16088709235191345], "point_normal": [0.040700461715459824, 0.0009101604809984565, 0.9991709589958191], "camera_rotation_final_quaternion": [0.08360052853822708, -0.02423221617937088, -0.46958068013191223, -0.8785884976387024], "skybox_img": 4, "point_uuid": "104", "field_of_view_rads": 0.554628086887159, "camera_rotation_final": [0.9740562438964844, -0.12139260023832321, -3.0162010192871094]}