{"camera_uuid": "3369", "obliqueness_angle": 1.1355477571487427, "nonfixated_points_in_view": [2, 86], "camera_rotation_original": [1.5707963705062866, -0.0035737408325076103, 0.5082553029060364], "point_location": [0.22651520371437073, 2.849133014678955, -1.442795991897583], "skybox_img_path": "./img/high/3369_skybox4.jpg", "resolution": 512, "camera_distance": 0.6522155110293983, "view_id": 39, "point_pitch": -0.4073517759654184, "camera_rotation_from_original_to_final": [-0.36217260360717773, -0.19466634094715118, 0.5561420917510986], "camera_location": [0.7391060590744019, 2.5403993129730225, -1.183336615562439], "point_normal": [0.024610353633761406, -0.009762244299054146, 0.9996494650840759], "camera_rotation_final_quaternion": [0.7271446585655212, 0.4781796336174011, 0.269143283367157, 0.41251280903816223], "skybox_img": 4, "point_uuid": "150", "field_of_view_rads": 2.164655063613289, "camera_rotation_final": [1.1616631746292114, -0.003098250599578023, 1.030030608177185]}