{"camera_uuid": "8423", "obliqueness_angle": 0.7058833241462708, "nonfixated_points_in_view": [], "camera_rotation_original": [1.5707963705062866, 0.15874765813350677, 2.5184316635131836], "point_location": [4.562438011169434, 1.4008369445800781, -1.4019603729248047], "skybox_img_path": "./img/high/8423_skybox4.jpg", "resolution": 512, "camera_distance": 0.8445257708983139, "view_id": 7, "point_pitch": -0.37714163859816985, "camera_rotation_from_original_to_final": [0.3186470568180084, -0.2344602793455124, -0.10828093439340591], "camera_location": [5.059776782989502, 2.0018742084503174, -1.078491449356079], "point_normal": [0.223052978515625, 0.9637098908424377, -0.14666493237018585], "camera_rotation_final_quaternion": [0.34731030464172363, 0.1430034637451172, 0.536694347858429, 0.7555691599845886], "skybox_img": 4, "point_uuid": "75", "field_of_view_rads": 0.7352830670651015, "camera_rotation_final": [1.1725425720214844, 0.15734942257404327, 2.3844919204711914]}