{"camera_uuid": "5956", "obliqueness_angle": 0.9775415658950806, "nonfixated_points_in_view": [64], "camera_rotation_original": [1.5707963705062866, -0.03273940086364746, 1.110375165939331], "point_location": [-0.30368760228157043, 1.3439174890518188, -0.7665223479270935], "skybox_img_path": "./img/high/5956_skybox4.jpg", "resolution": 512, "camera_distance": 0.7438100846647795, "view_id": 12, "point_pitch": -0.5078462799403329, "camera_rotation_from_original_to_final": [-0.23902662098407745, -0.4537426233291626, 0.08051762729883194], "camera_location": [0.28493839502334595, 1.069273829460144, -0.4041086435317993], "point_normal": [0.9422652125358582, 0.29410141706466675, -0.16012726724147797], "camera_rotation_final_quaternion": [0.7185340523719788, 0.43209320306777954, 0.2639615833759308, 0.4767898619174957], "skybox_img": 4, "point_uuid": "180", "field_of_view_rads": 0.9904486154446002, "camera_rotation_final": [1.0615718364715576, -0.03271038457751274, 1.1524951457977295]}