{"camera_uuid": "11462", "obliqueness_angle": 1.1118706464767456, "nonfixated_points_in_view": [8, 92], "camera_rotation_original": [1.5707963705062866, 0.15191558003425598, -1.9382437467575073], "point_location": [5.437486171722412, 0.3159542977809906, -0.8787023425102234], "skybox_img_path": "./img/high/11462_skybox4.jpg", "resolution": 512, "camera_distance": 0.8451496365768526, "view_id": 2, "point_pitch": -0.43875376780959563, "camera_rotation_from_original_to_final": [0.19678297638893127, 0.45350512862205505, -0.2747246325016022], "camera_location": [4.860872745513916, 0.7878215909004211, -0.47978365421295166], "point_normal": [-0.5941973924636841, 0.5574745535850525, -0.5797858834266663], "camera_rotation_final_quaternion": [0.304438054561615, 0.25628185272216797, -0.44532549381256104, -0.8020737171173096], "skybox_img": 4, "point_uuid": "4", "field_of_view_rads": 1.0910236528484336, "camera_rotation_final": [1.0738970041275024, 0.1404268890619278, -2.3323779106140137]}