{"camera_uuid": "15381", "obliqueness_angle": 0.6712464690208435, "nonfixated_points_in_view": [], "camera_rotation_original": [1.5707963705062866, 0.07451228052377701, -2.038219690322876], "point_location": [6.403560161590576, -0.3128143846988678, -1.373155951499939], "skybox_img_path": "./img/high/15381_skybox4.jpg", "resolution": 512, "camera_distance": 0.5929389169599061, "view_id": 0, "point_pitch": -0.5397144993159433, "camera_rotation_from_original_to_final": [0.2865900695323944, 0.5084620118141174, -0.4357616603374481], "camera_location": [6.125903129577637, 0.09915817528963089, -1.049486756324768], "point_normal": [-0.4072767198085785, 0.9103356599807739, -0.07358577847480774], "camera_rotation_final_quaternion": [0.22484757006168365, 0.15640035271644592, -0.4501139521598816, -0.8499293923377991], "skybox_img": 4, "point_uuid": "113", "field_of_view_rads": 1.0910236528484336, "camera_rotation_final": [0.9920502305030823, 0.06348707526922226, -2.5899806022644043]}