{"camera_uuid": "0739", "obliqueness_angle": 0.6033346652984619, "nonfixated_points_in_view": [], "camera_rotation_original": [1.5707963705062866, 0.15057742595672607, 1.3379759788513184], "point_location": [1.3862135410308838, 3.035576343536377, -1.442712426185608], "skybox_img_path": "./img/high/0739_skybox4.jpg", "resolution": 512, "camera_distance": 0.6056458767864266, "view_id": 13, "point_pitch": -0.6421224315974374, "camera_rotation_from_original_to_final": [-0.18341763317584991, -0.5766491889953613, 0.37105047702789307], "camera_location": [1.8834733963012695, 3.0816211700439453, -1.10004723072052], "point_normal": [0.849090039730072, -0.445937842130661, 0.28317058086395264], "camera_rotation_final_quaternion": [0.6520073413848877, 0.28198811411857605, 0.3709317445755005, 0.5981461405754089], "skybox_img": 4, "point_uuid": "179", "field_of_view_rads": 1.2336953516850653, "camera_rotation_final": [0.9619228839874268, 0.146887868642807, 1.5614336729049683]}