{"camera_uuid": "10689", "obliqueness_angle": 0.9956381320953369, "nonfixated_points_in_view": [], "camera_rotation_original": [1.5707963705062866, 0.017534947022795677, -2.5519025325775146], "point_location": [2.9207348823547363, -0.5152132511138916, -0.5628843903541565], "skybox_img_path": "./img/high/10689_skybox4.jpg", "resolution": 512, "camera_distance": 0.382768156441677, "view_id": 21, "point_pitch": -0.44341222842666106, "camera_rotation_from_original_to_final": [0.379515141248703, 0.2413305640220642, -0.13149093091487885], "camera_location": [2.78249454498291, -0.19887015223503113, -0.39757221937179565], "point_normal": [-0.26315274834632874, 0.039460260421037674, 0.9639468193054199], "camera_rotation_final_quaternion": [0.16514736413955688, 0.1139923706650734, -0.520637035369873, -0.8298609256744385], "skybox_img": 4, "point_uuid": "152", "field_of_view_rads": 0.6025778511851491, "camera_rotation_final": [1.1241427659988403, 0.017232835292816162, -2.7378592491149902]}