{"camera_uuid": "8021", "obliqueness_angle": 1.1245160102844238, "nonfixated_points_in_view": [], "camera_rotation_original": [1.5707963705062866, 0.12207216024398804, 1.4570368528366089], "point_location": [-0.34234288334846497, 0.8369564414024353, -0.7921566963195801], "skybox_img_path": "./img/high/8021_skybox4.jpg", "resolution": 512, "camera_distance": 0.29834266417773164, "view_id": 22, "point_pitch": -0.42212812503310637, "camera_rotation_from_original_to_final": [-0.049093082547187805, -0.3796074092388153, 0.3626323342323303], "camera_location": [-0.07351157069206238, 0.9027758836746216, -0.6807750463485718], "point_normal": [0.04777548089623451, 0.07583989202976227, 0.9959748387336731], "camera_rotation_final_quaternion": [0.5514389872550964, 0.317251056432724, 0.4611772298812866, 0.6185324192047119], "skybox_img": 4, "point_uuid": "121", "field_of_view_rads": 1.384811670309553, "camera_rotation_final": [1.1854509115219116, 0.11642492562532425, 1.7638250589370728]}