{"camera_uuid": "8542", "obliqueness_angle": 0.9723107218742371, "nonfixated_points_in_view": [], "camera_rotation_original": [1.5707963705062866, 0.09990611672401428, 1.8838084936141968], "point_location": [4.562438011169434, 1.4008369445800781, -1.4019603729248047], "skybox_img_path": "./img/high/8542_skybox4.jpg", "resolution": 512, "camera_distance": 0.8731434745172066, "view_id": 1, "point_pitch": -0.6790742119166513, "camera_rotation_from_original_to_final": [0.21036683022975922, -0.6106414794921875, 0.3512231707572937], "camera_location": [5.080790996551514, 1.8708006143569946, -0.8796349167823792], "point_normal": [0.223052978515625, 0.9637098908424377, -0.14666493237018585], "camera_rotation_final_quaternion": [0.40940016508102417, 0.15730588138103485, 0.41970065236091614, 0.7946683168411255], "skybox_img": 4, "point_uuid": "75", "field_of_view_rads": 2.119048415795751, "camera_rotation_final": [0.9262292385101318, 0.09377644211053848, 2.2370028495788574]}