{"camera_uuid": "4674", "obliqueness_angle": 1.3694902658462524, "nonfixated_points_in_view": [], "camera_rotation_original": [1.5707963705062866, -0.03339545056223869, 0.942673921585083], "point_location": [0.48665541410446167, 2.050424337387085, -1.4244725704193115], "skybox_img_path": "./img/high/4674_skybox4.jpg", "resolution": 512, "camera_distance": 0.43064835253756323, "view_id": 18, "point_pitch": -0.44508878787490325, "camera_rotation_from_original_to_final": [-0.26296231150627136, -0.3357611298561096, -0.6709281802177429], "camera_location": [0.575439453125, 1.6679648160934448, -1.2475541830062866], "point_normal": [-0.7508701086044312, -0.09726908802986145, 0.6532478928565979], "camera_rotation_final_quaternion": [0.8330129981040955, 0.5400463938713074, 0.05422689765691757, 0.10723176598548889], "skybox_img": 4, "point_uuid": "167", "field_of_view_rads": 0.5256461677815203, "camera_rotation_final": [1.1472982168197632, -0.025479597970843315, 0.23958347737789154]}