{"camera_uuid": "7158", "obliqueness_angle": 1.0956690311431885, "nonfixated_points_in_view": [90], "camera_rotation_original": [1.5707963705062866, 0.11318594217300415, 2.4722681045532227], "point_location": [4.301836967468262, 1.017685055732727, -0.9298179745674133], "skybox_img_path": "./img/high/7158_skybox4.jpg", "resolution": 512, "camera_distance": 0.8954368971947226, "view_id": 34, "point_pitch": 0.016416386761937574, "camera_rotation_from_original_to_final": [-0.048232100903987885, 0.057675015181303024, 0.5247995257377625], "camera_location": [4.428720951080322, 1.9016389846801758, -0.9956443905830383], "point_normal": [0.8843962550163269, 0.35868605971336365, 0.2986428737640381], "camera_rotation_final_quaternion": [0.08160337060689926, 0.016396891325712204, 0.7324532270431519, 0.6757102608680725], "skybox_img": 4, "point_uuid": "143", "field_of_view_rads": 2.0028936213055424, "camera_rotation_final": [1.6447278261184692, 0.09753677994012833, 3.0062379837036133]}