{"camera_uuid": "15752", "obliqueness_angle": 1.2512056827545166, "nonfixated_points_in_view": [], "camera_rotation_original": [1.5707963705062866, 0.01712687313556671, -2.694112777709961], "point_location": [6.496413230895996, -0.9186689257621765, -1.3843356370925903], "skybox_img_path": "./img/high/15752_skybox4.jpg", "resolution": 512, "camera_distance": 0.835504417446422, "view_id": 19, "point_pitch": -0.3030087192866464, "camera_rotation_from_original_to_final": [0.2774849832057953, 0.13010567426681519, -0.14047026634216309], "camera_location": [6.269413948059082, -0.1549369990825653, -1.1328352689743042], "point_normal": [-0.002619897248223424, 0.013651745393872261, 0.9999033808708191], "camera_rotation_final_quaternion": [0.10902754217386246, 0.09028096497058868, -0.5842442512512207, -0.7991376519203186], "skybox_img": 4, "point_uuid": "21", "field_of_view_rads": 1.8083336999188173, "camera_rotation_final": [1.26499342918396, 0.01689719967544079, -2.8580191135406494]}