{"camera_uuid": "1580", "obliqueness_angle": 0.8823602199554443, "nonfixated_points_in_view": [30], "camera_rotation_original": [1.5707963705062866, -0.10179588198661804, 0.7571963667869568], "point_location": [2.155930757522583, 2.4535746574401855, -1.421875], "skybox_img_path": "./img/high/1580_skybox4.jpg", "resolution": 512, "camera_distance": 0.8510095918666193, "view_id": 15, "point_pitch": -0.6633788784358163, "camera_rotation_from_original_to_final": [-0.5182775259017944, -0.46352484822273254, 0.2626660466194153], "camera_location": [2.6680784225463867, 2.034937620162964, -0.8864638209342957], "point_normal": [0.01849367655813694, 0.009777815081179142, 0.9997811913490295], "camera_rotation_final_quaternion": [0.7890487909317017, 0.4001115560531616, 0.15917493402957916, 0.4381507337093353], "skybox_img": 4, "point_uuid": "168", "field_of_view_rads": 1.1399099232606629, "camera_rotation_final": [0.8863023519515991, -0.0995892882347107, 0.9664918184280396]}