{"camera_uuid": "6148", "obliqueness_angle": 1.3468204736709595, "nonfixated_points_in_view": [], "camera_rotation_original": [1.5707963705062866, 0.0776071548461914, 2.005474090576172], "point_location": [1.8005895614624023, 0.6414239406585693, -0.9798945188522339], "skybox_img_path": "./img/high/6148_skybox4.jpg", "resolution": 512, "camera_distance": 0.81774131570826, "view_id": 71, "point_pitch": -0.21002261241408782, "camera_rotation_from_original_to_final": [0.10357900708913803, -0.21289753913879395, -0.34904640913009644], "camera_location": [2.591898202896118, 0.7179281711578369, -0.7883780002593994], "point_normal": [-0.012308535166084766, -0.0017647614004090428, 0.9999226927757263], "camera_rotation_final_quaternion": [0.5494605898857117, 0.398531973361969, 0.4733617603778839, 0.5614213943481445], "skybox_img": 4, "point_uuid": "193", "field_of_view_rads": 1.3050277495951415, "camera_rotation_final": [1.3337596654891968, 0.07276269793510437, 1.6496169567108154]}