{"camera_uuid": "2160", "obliqueness_angle": 0.995602548122406, "nonfixated_points_in_view": [97], "camera_rotation_original": [1.5707963705062866, 0.08617914468050003, 0.7316141724586487], "point_location": [-0.014790859073400497, 3.0187888145446777, -1.4541010856628418], "skybox_img_path": "./img/high/2160_skybox4.jpg", "resolution": 512, "camera_distance": 0.9260396958806822, "view_id": 1, "point_pitch": -0.5705849369380136, "camera_rotation_from_original_to_final": [-0.4597342014312744, -0.3621886074542999, 0.03498529642820358], "camera_location": [0.47671353816986084, 2.4180948734283447, -0.9489874839782715], "point_normal": [-0.0014163268497213721, 0.001087893615476787, 0.9999983906745911], "camera_rotation_final_quaternion": [0.841913640499115, 0.440194696187973, 0.1830323040485382, 0.25280267000198364], "skybox_img": 4, "point_uuid": "3", "field_of_view_rads": 1.6316217442386929, "camera_rotation_final": [0.9914626479148865, 0.0857350155711174, 0.6297949552536011]}