{"camera_uuid": "9771", "obliqueness_angle": 1.1110706329345703, "nonfixated_points_in_view": [34], "camera_rotation_original": [1.5707963705062866, 0.014447205699980259, 1.4899653196334839], "point_location": [0.2828949987888336, -0.2686469852924347, -1.422070026397705], "skybox_img_path": "./img/high/9771_skybox4.jpg", "resolution": 512, "camera_distance": 0.9009184169633785, "view_id": 40, "point_pitch": -0.2694343765589853, "camera_rotation_from_original_to_final": [-0.019310472533106804, -0.260348916053772, 0.6245256662368774], "camera_location": [1.0290532112121582, 0.17950449883937836, -1.189557433128357], "point_normal": [0.22545656561851501, 0.011161365546286106, 0.974189281463623], "camera_rotation_final_quaternion": [0.3948124349117279, 0.2967309355735779, 0.5318918228149414, 0.6878699064254761], "skybox_img": 4, "point_uuid": "105", "field_of_view_rads": 1.1399099232606629, "camera_rotation_final": [1.309739589691162, 0.0117707010358572, 2.1085212230682373]}