{"camera_uuid": "7443", "obliqueness_angle": 0.29760032892227173, "nonfixated_points_in_view": [], "camera_rotation_original": [1.5707963705062866, 0.004864259622991085, -1.8138388395309448], "point_location": [3.4670467376708984, 1.0758438110351562, -0.6993377804756165], "skybox_img_path": "./img/high/7443_skybox4.jpg", "resolution": 512, "camera_distance": 0.9480172059443813, "view_id": 7, "point_pitch": 0.5221706191685538, "camera_rotation_from_original_to_final": [-0.1375039964914322, -0.5067257881164551, 0.30659154057502747], "camera_location": [2.64629864692688, 1.0530641078948975, -1.1732473373413086], "point_normal": [-0.728654682636261, -0.24732623994350433, -0.6386642456054688], "camera_rotation_final_quaternion": [0.35751771926879883, 0.6224178075790405, -0.6021161675453186, -0.34961873292922974], "skybox_img": 4, "point_uuid": "78", "field_of_view_rads": 0.5961933550608073, "camera_rotation_final": [2.094280958175659, 0.0046834759414196014, -1.540345549583435]}