{"camera_uuid": "13606", "obliqueness_angle": 1.1750764846801758, "nonfixated_points_in_view": [], "camera_rotation_original": [1.5707963705062866, 0.1389051377773285, -0.18886633217334747], "point_location": [0.14699065685272217, -0.1122998520731926, -1.4476916790008545], "skybox_img_path": "./img/high/13606_skybox4.jpg", "resolution": 512, "camera_distance": 0.8637377321763265, "view_id": 8, "point_pitch": -0.69918696483108, "camera_rotation_from_original_to_final": [-0.6149667501449585, 0.11791855096817017, 0.5700312852859497], "camera_location": [0.433849960565567, -0.751512885093689, -0.9425567388534546], "point_normal": [0.0340309739112854, 0.2575204074382782, 0.9656734466552734], "camera_rotation_final_quaternion": [0.8818907141685486, 0.43720167875289917, 0.12822823226451874, 0.12116526812314987], "skybox_img": 4, "point_uuid": "178", "field_of_view_rads": 0.6299741311869721, "camera_rotation_final": [0.9408555030822754, 0.12051073461771011, 0.33441078662872314]}