{"camera_uuid": "0927", "obliqueness_angle": 0.6551058292388916, "nonfixated_points_in_view": [], "camera_rotation_original": [1.5707963705062866, -0.1032237559556961, 2.2191052436828613], "point_location": [1.5920188426971436, 2.1285598278045654, -1.4049173593521118], "skybox_img_path": "./img/high/0927_skybox4.jpg", "resolution": 512, "camera_distance": 0.8099516142048008, "view_id": 17, "point_pitch": -0.701440497240748, "camera_rotation_from_original_to_final": [0.4701932668685913, -0.5089322328567505, -0.38440120220184326], "camera_location": [2.1780881881713867, 2.361809253692627, -0.8968434929847717], "point_normal": [0.3241092562675476, -0.10795459151268005, 0.9398399591445923], "camera_rotation_final_quaternion": [0.4566406011581421, 0.2650863528251648, 0.3407120108604431, 0.7778971195220947], "skybox_img": 4, "point_uuid": "107", "field_of_view_rads": 1.0039714359666843, "camera_rotation_final": [0.8885608911514282, -0.10142775624990463, 2.0316386222839355]}