{"camera_uuid": "2293", "obliqueness_angle": 1.0246106386184692, "nonfixated_points_in_view": [112, 30], "camera_rotation_original": [1.5707963705062866, 0.13298332691192627, -0.19305185973644257], "point_location": [2.295008659362793, 2.27626895904541, -1.3962150812149048], "skybox_img_path": "./img/high/2293_skybox4.jpg", "resolution": 512, "camera_distance": 0.731812231017368, "view_id": 4, "point_pitch": -0.6731876571986337, "camera_rotation_from_original_to_final": [-0.7094879746437073, 0.14841583371162415, -0.3865242898464203], "camera_location": [2.02506160736084, 1.797825574874878, -0.9127177596092224], "point_normal": [-0.9679071307182312, -0.2512916922569275, -0.0028668304439634085], "camera_rotation_final_quaternion": [0.8597726821899414, 0.4055304229259491, -0.07212904840707779, -0.30188313126564026], "skybox_img": 4, "point_uuid": "18", "field_of_view_rads": 1.7779022957772381, "camera_rotation_final": [0.8425520658493042, 0.12111229449510574, -0.6210200190544128]}