{"camera_uuid": "11703", "obliqueness_angle": 0.9367344975471497, "nonfixated_points_in_view": [], "camera_rotation_original": [1.5707963705062866, -0.011683402583003044, 1.7515581846237183], "point_location": [4.810020923614502, 1.166747808456421, -1.332459807395935], "skybox_img_path": "./img/high/11703_skybox4.jpg", "resolution": 512, "camera_distance": 0.8137547932633483, "view_id": 21, "point_pitch": -0.7785352905604501, "camera_rotation_from_original_to_final": [0.17948922514915466, -0.7605728507041931, -0.18175563216209412], "camera_location": [5.388692855834961, 1.2067539691925049, -0.7617276906967163], "point_normal": [0.7864901423454285, 0.6175901889801025, 0.003958132583647966], "camera_rotation_final_quaternion": [0.6237689256668091, 0.26594528555870056, 0.2803478240966797, 0.6794045567512512], "skybox_img": 4, "point_uuid": "166", "field_of_view_rads": 1.6403442297244761, "camera_rotation_final": [0.7934312224388123, -0.011624651961028576, 1.651259422302246]}