{"camera_uuid": "12900", "obliqueness_angle": 0.9059725999832153, "nonfixated_points_in_view": [], "camera_rotation_original": [1.5707963705062866, -0.01682022213935852, -0.6210978031158447], "point_location": [5.4932861328125, 0.18884922564029694, -0.9166303277015686], "skybox_img_path": "./img/high/12900_skybox4.jpg", "resolution": 512, "camera_distance": 0.9548566596572844, "view_id": 74, "point_pitch": -0.5773932178828378, "camera_rotation_from_original_to_final": [-0.487275630235672, 0.32019394636154175, -0.173986554145813], "camera_location": [4.967764377593994, -0.4154500961303711, -0.39662984013557434], "point_normal": [-0.48851633071899414, 0.18398629128932953, 0.8529366254806519], "camera_rotation_final_quaternion": [0.8261532187461853, 0.4452586770057678, -0.17161700129508972, -0.29960501194000244], "skybox_img": 4, "point_uuid": "142", "field_of_view_rads": 0.8546880344112765, "camera_rotation_final": [0.9948112964630127, -0.01676120236515999, -0.7049007415771484]}