{"camera_uuid": "11775", "obliqueness_angle": 1.5100167989730835, "nonfixated_points_in_view": [], "camera_rotation_original": [-1.570796251296997, 2.9773190021514893, 0.09592357277870178], "point_location": [2.745572328567505, -0.016294807195663452, -0.9296797513961792], "skybox_img_path": "./img/high/11775_skybox4.jpg", "resolution": 512, "camera_distance": 0.7087477839827007, "view_id": 5, "point_pitch": -0.7099272449824472, "camera_rotation_from_original_to_final": [0.7440877556800842, 0.02729683369398117, -0.13973070681095123], "camera_location": [2.763580560684204, 0.5053139328956604, -0.4501763880252838], "point_normal": [-0.5854119062423706, 0.6019739508628845, -0.5430656671524048], "camera_rotation_final_quaternion": [0.11413633078336716, -0.03633469343185425, 0.40050560235977173, 0.9084315896034241], "skybox_img": 4, "point_uuid": "102", "field_of_view_rads": 1.8083336999188173, "camera_rotation_final": [-2.3255293369293213, 2.9834952354431152, -0.18151195347309113]}