{"camera_uuid": "13016", "obliqueness_angle": 0.6513707041740417, "nonfixated_points_in_view": [90], "camera_rotation_original": [1.5707963705062866, 0.14212274551391602, 1.082711935043335], "point_location": [4.591547966003418, 0.7892270088195801, -1.4046629667282104], "skybox_img_path": "./img/high/13016_skybox4.jpg", "resolution": 512, "camera_distance": 0.6802917020209367, "view_id": 9, "point_pitch": -0.5557674606654306, "camera_rotation_from_original_to_final": [-0.33276206254959106, -0.5658082365989685, -0.5573750734329224], "camera_location": [4.815096855163574, 0.29460278153419495, -0.9945781230926514], "point_normal": [0.17283882200717926, -0.9842202663421631, 0.037912383675575256], "camera_rotation_final_quaternion": [0.8856748342514038, 0.42848464846611023, 0.12246360629796982, 0.13032159209251404], "skybox_img": 4, "point_uuid": "159", "field_of_view_rads": 1.384811670309553, "camera_rotation_final": [0.9195556640625, 0.10543952137231827, 0.34443819522857666]}