{"camera_uuid": "12571", "obliqueness_angle": 1.156827688217163, "nonfixated_points_in_view": [], "camera_rotation_original": [1.5707963705062866, -0.0961335077881813, 0.6375885009765625], "point_location": [5.518570899963379, 1.8022818565368652, -0.9034366607666016], "skybox_img_path": "./img/high/12571_skybox4.jpg", "resolution": 512, "camera_distance": 0.4334971496438549, "view_id": 5, "point_pitch": -0.6893426616999765, "camera_rotation_from_original_to_final": [-0.5554124116897583, -0.3947536051273346, -0.1306387484073639], "camera_location": [5.646148681640625, 1.487006425857544, -0.6346521973609924], "point_normal": [-0.3810344636440277, 0.07813670486211777, 0.9212532639503479], "camera_rotation_final_quaternion": [0.8714458346366882, 0.43208253383636475, 0.05732326954603195, 0.22494636476039886], "skybox_img": 4, "point_uuid": "103", "field_of_view_rads": 0.9904486154446002, "camera_rotation_final": [0.8984496593475342, -0.09462367743253708, 0.4595872759819031]}