{"camera_uuid": "14274", "obliqueness_angle": 1.0266106128692627, "nonfixated_points_in_view": [115], "camera_rotation_original": [1.5707963705062866, -0.14417868852615356, -0.6825196146965027], "point_location": [1.5582280158996582, -0.07981093972921371, -1.376783013343811], "skybox_img_path": "./img/high/14274_skybox4.jpg", "resolution": 512, "camera_distance": 0.7792074479632971, "view_id": 4, "point_pitch": -0.589037342867579, "camera_rotation_from_original_to_final": [-0.5442333817481995, 0.38573718070983887, 0.32762983441352844], "camera_location": [1.4050681591033936, -0.678225040435791, -0.901802122592926], "point_normal": [0.37050071358680725, -0.9113456606864929, -0.17938350141048431], "camera_rotation_final_quaternion": [0.8961285352706909, 0.43266361951828003, -0.08954104781150818, -0.041692838072776794], "skybox_img": 4, "point_uuid": "72", "field_of_view_rads": 1.7779022957772381, "camera_rotation_final": [0.9092451930046082, -0.12472575157880783, -0.15400627255439758]}