{"camera_uuid": "12755", "obliqueness_angle": 1.56576669216156, "nonfixated_points_in_view": [], "camera_rotation_original": [1.5707963705062866, -0.08205337822437286, 2.895411968231201], "point_location": [4.966612815856934, 0.5080769658088684, -1.3585069179534912], "skybox_img_path": "./img/high/12755_skybox4.jpg", "resolution": 512, "camera_distance": 0.796743297913189, "view_id": 3, "point_pitch": -0.7044569691035409, "camera_rotation_from_original_to_final": [0.6596187949180603, -0.14036700129508972, -0.4793458878993988], "camera_location": [5.3600382804870605, 0.9917677640914917, -0.8624630570411682], "point_normal": [-0.30664733052253723, -0.5435833930969238, 0.7813350558280945], "camera_rotation_final_quaternion": [0.2598143219947815, 0.1652500480413437, 0.40174341201782227, 0.8624333143234253], "skybox_img": 4, "point_uuid": "115", "field_of_view_rads": 0.7352830670651015, "camera_rotation_final": [0.8964223861694336, -0.07635105401277542, 2.5196456909179688]}