{"camera_uuid": "7791", "obliqueness_angle": 1.2690327167510986, "nonfixated_points_in_view": [], "camera_rotation_original": [1.5707963705062866, -0.038249723613262177, 2.9906115531921387], "point_location": [2.9207348823547363, -0.5152132511138916, -0.5628843903541565], "skybox_img_path": "./img/high/7791_skybox4.jpg", "resolution": 512, "camera_distance": 0.969186069417852, "view_id": 67, "point_pitch": -0.18069641192885832, "camera_rotation_from_original_to_final": [0.1942135989665985, -0.032265253365039825, 0.42835527658462524], "camera_location": [2.6573281288146973, 0.3980327248573303, -0.373357892036438], "point_normal": [-0.26315274834632874, 0.039460260421037674, 0.9639468193054199], "camera_rotation_final_quaternion": [-0.12169769406318665, -0.07765223830938339, 0.6294394731521606, 0.7635219693183899], "skybox_img": 4, "point_uuid": "152", "field_of_view_rads": 1.4547424917401932, "camera_rotation_final": [1.3738561868667603, -0.03463120386004448, 3.4293084144592285]}