{"camera_uuid": "6062", "obliqueness_angle": 1.4270105361938477, "nonfixated_points_in_view": [], "camera_rotation_original": [1.5707963705062866, 0.07026105374097824, -1.7745747566223145], "point_location": [4.301836967468262, 1.017685055732727, -0.9298179745674133], "skybox_img_path": "./img/high/6062_skybox4.jpg", "resolution": 512, "camera_distance": 0.7916554253599905, "view_id": 7, "point_pitch": -0.2921796282145639, "camera_rotation_from_original_to_final": [0.06411413103342056, 0.31523048877716064, -0.408751904964447], "camera_location": [3.6919517517089844, 1.4560884237289429, -0.6796963810920715], "point_normal": [0.34493890404701233, 0.21770301461219788, 0.9130293130874634], "camera_rotation_final_quaternion": [0.3457014262676239, 0.2841086983680725, -0.5111833810806274, -0.7338013052940369], "skybox_img": 4, "point_uuid": "143", "field_of_view_rads": 1.274054123740192, "camera_rotation_final": [1.2486670017242432, 0.06356785446405411, -2.2152464389801025]}