{"camera_uuid": "8744", "obliqueness_angle": 1.1250954866409302, "nonfixated_points_in_view": [], "camera_rotation_original": [1.5707963705062866, -0.150199294090271, -1.3577085733413696], "point_location": [0.7851385474205017, 1.2789015769958496, -1.4171496629714966], "skybox_img_path": "./img/high/8744_skybox4.jpg", "resolution": 512, "camera_distance": 0.6063573411815313, "view_id": 44, "point_pitch": -0.4908282001826425, "camera_rotation_from_original_to_final": [-0.1315983086824417, 0.473400354385376, -0.07486774027347565], "camera_location": [0.2572914659976959, 1.1910141706466675, -1.1319786310195923], "point_normal": [0.04163115471601486, 0.017202280461788177, 0.9989850521087646], "camera_rotation_final_quaternion": [0.6989419460296631, 0.3629356622695923, -0.3648654520511627, -0.49661967158317566], "skybox_img": 4, "point_uuid": "187", "field_of_view_rads": 1.188507872007912, "camera_rotation_final": [1.07509183883667, -0.15012075006961823, -1.3251124620437622]}