{"camera_uuid": "8582", "obliqueness_angle": 1.2192268371582031, "nonfixated_points_in_view": [], "camera_rotation_original": [1.5707963705062866, 0.08280391246080399, -2.355353355407715], "point_location": [3.2907848358154297, 0.7151510119438171, -0.953556478023529], "skybox_img_path": "./img/high/8582_skybox4.jpg", "resolution": 512, "camera_distance": 0.9476070394666082, "view_id": 3, "point_pitch": -0.032228632769312426, "camera_rotation_from_original_to_final": [-0.03435283899307251, -0.0014916514046490192, 0.7680377960205078], "camera_location": [2.34360671043396, 0.7305440902709961, -0.977551281452179], "point_normal": [-0.31622445583343506, 0.4023386836051941, -0.8591424822807312], "camera_rotation_final_quaternion": [0.4745725989341736, 0.5171303749084473, -0.4952140748500824, -0.5119765996932983], "skybox_img": 4, "point_uuid": "195", "field_of_view_rads": 1.6924921945557647, "camera_rotation_final": [1.5961655378341675, 0.05952237546443939, -1.585537075996399]}