{"camera_uuid": "9453", "obliqueness_angle": 1.4423152208328247, "nonfixated_points_in_view": [80], "camera_rotation_original": [1.5707963705062866, 0.0959174856543541, -2.2070510387420654], "point_location": [6.416158676147461, 2.537578821182251, -1.2911784648895264], "skybox_img_path": "./img/high/9453_skybox4.jpg", "resolution": 512, "camera_distance": 0.9891589874168779, "view_id": 34, "point_pitch": -0.14689569076034026, "camera_rotation_from_original_to_final": [0.061422258615493774, 0.09306788444519043, 0.3889833688735962], "camera_location": [5.463794708251953, 2.781236410140991, -1.181317925453186], "point_normal": [-0.00751654664054513, 0.040270037949085236, 0.9991605877876282], "camera_rotation_final_quaternion": [0.4301843047142029, 0.4320701062679291, -0.5077235102653503, -0.6086655259132385], "skybox_img": 4, "point_uuid": "148", "field_of_view_rads": 1.7513250082996996, "camera_rotation_final": [1.4590555429458618, 0.08926144242286682, -1.8312708139419556]}