{"camera_uuid": "4738", "obliqueness_angle": 1.351822853088379, "nonfixated_points_in_view": [107], "camera_rotation_original": [1.5707963705062866, 0.16942676901817322, 0.02862505055963993], "point_location": [1.5920188426971436, 2.1285598278045654, -1.4049173593521118], "skybox_img_path": "./img/high/4738_skybox4.jpg", "resolution": 512, "camera_distance": 0.7195298742639434, "view_id": 1, "point_pitch": -0.19601778586837248, "camera_rotation_from_original_to_final": [-0.2745406925678253, -0.022432204335927963, -0.4607868194580078], "camera_location": [1.298709511756897, 1.5012550354003906, -1.2095162868499756], "point_normal": [0.3241092562675476, -0.10795459151268005, 0.9398399591445923], "camera_rotation_final_quaternion": [0.7627353072166443, 0.5974639654159546, -0.0851646363735199, -0.23241913318634033], "skybox_img": 4, "point_uuid": "107", "field_of_view_rads": 1.6316217442386929, "camera_rotation_final": [1.2926397323608398, 0.1483515352010727, -0.4795522093772888]}