{"camera_uuid": "7546", "obliqueness_angle": 0.9489630460739136, "nonfixated_points_in_view": [], "camera_rotation_original": [1.5707963705062866, 0.03546718880534172, 1.7941793203353882], "point_location": [0.580907940864563, -0.050188999623060226, -1.4085019826889038], "skybox_img_path": "./img/high/7546_skybox4.jpg", "resolution": 512, "camera_distance": 0.9681410490667274, "view_id": 87, "point_pitch": -0.49477021296950774, "camera_rotation_from_original_to_final": [0.11321303248405457, -0.4761482775211334, 0.16138261556625366], "camera_location": [1.3638750314712524, 0.29318130016326904, -0.9542372226715088], "point_normal": [0.11274728178977966, 0.07453673332929611, 0.9908240437507629], "camera_rotation_final_quaternion": [0.48291805386543274, 0.27319514751434326, 0.4367581605911255, 0.7080938220024109], "skybox_img": 4, "point_uuid": "57", "field_of_view_rads": 1.6097076868571798, "camera_rotation_final": [1.0820717811584473, 0.034948308020830154, 1.9655100107192993]}