{"camera_uuid": "8519", "obliqueness_angle": 1.490419864654541, "nonfixated_points_in_view": [], "camera_rotation_original": [1.5707963705062866, -0.011950709857046604, -2.124197006225586], "point_location": [5.518570899963379, 1.8022818565368652, -0.9034366607666016], "skybox_img_path": "./img/high/8519_skybox4.jpg", "resolution": 512, "camera_distance": 0.8105658161294188, "view_id": 28, "point_pitch": 0.3230882445957999, "camera_rotation_from_original_to_final": [-0.17106623947620392, -0.26965978741645813, 0.4444451928138733], "camera_location": [4.755427837371826, 1.9038301706314087, -1.1570457220077515], "point_normal": [-0.3810344636440277, 0.07813670486211777, 0.9212532639503479], "camera_rotation_final_quaternion": [0.3886924088001251, 0.5302709937095642, -0.6125783324241638, -0.4387238919734955], "skybox_img": 4, "point_uuid": "103", "field_of_view_rads": 1.794124606241639, "camera_rotation_final": [1.8890388011932373, -0.01092419121414423, -1.7066839933395386]}