{"camera_uuid": "4470", "obliqueness_angle": 0.8863523602485657, "nonfixated_points_in_view": [42], "camera_rotation_original": [1.5707963705062866, 0.07680433243513107, -1.4872921705245972], "point_location": [0.22651520371437073, 2.849133014678955, -1.442795991897583], "skybox_img_path": "./img/high/4470_skybox4.jpg", "resolution": 512, "camera_distance": 0.7319113875615729, "view_id": 38, "point_pitch": -0.7095762928340097, "camera_rotation_from_original_to_final": [-0.04706721007823944, 0.7065267562866211, 0.03388208523392677], "camera_location": [-0.3240047097206116, 2.7694590091705322, -0.967113196849823], "point_normal": [0.024610353633761406, -0.009762244299054146, 0.9996494650840759], "camera_rotation_final_quaternion": [0.6557782292366028, 0.3297525644302368, -0.2574955224990845, -0.6284220218658447], "skybox_img": 4, "point_uuid": "150", "field_of_view_rads": 0.9620873346593017, "camera_rotation_final": [0.8607878684997559, 0.07680311053991318, -1.492924690246582]}