{"camera_uuid": "2819", "obliqueness_angle": 0.5277316570281982, "nonfixated_points_in_view": [], "camera_rotation_original": [1.5707963705062866, -0.020319411531090736, 0.7147015333175659], "point_location": [1.1355481147766113, 2.277404546737671, -1.37511146068573], "skybox_img_path": "./img/high/2819_skybox4.jpg", "resolution": 512, "camera_distance": 0.7424912787822935, "view_id": 23, "point_pitch": -0.5176605423304697, "camera_rotation_from_original_to_final": [-0.3971671164035797, -0.32272225618362427, -0.5340070724487305], "camera_location": [1.2103596925735474, 1.6323790550231934, -1.0150578022003174], "point_normal": [-0.34670761227607727, -0.666063666343689, 0.6604189276695251], "camera_rotation_final_quaternion": [0.8597073554992676, 0.5068944096565247, 0.02438967116177082, 0.05802151933312416], "skybox_img": 4, "point_uuid": "162", "field_of_view_rads": 1.0364683158521881, "camera_rotation_final": [1.0644382238388062, -0.016886411234736443, 0.12483073025941849]}