{"camera_uuid": "5596", "obliqueness_angle": 1.3868716955184937, "nonfixated_points_in_view": [], "camera_rotation_original": [1.5707963705062866, 0.04944206029176712, -2.808302402496338], "point_location": [1.8005895614624023, 0.6414239406585693, -0.9798945188522339], "skybox_img_path": "./img/high/5596_skybox4.jpg", "resolution": 512, "camera_distance": 0.7042876082449142, "view_id": 103, "point_pitch": -0.20071832736464934, "camera_rotation_from_original_to_final": [0.1642724871635437, 0.06284160166978836, 0.5407412052154541], "camera_location": [1.2713176012039185, 1.0894646644592285, -0.8568021059036255], "point_normal": [-0.012308535166084766, -0.0017647614004090428, 0.9999226927757263], "camera_rotation_final_quaternion": [0.30722886323928833, 0.282785564661026, -0.5767533779144287, -0.702138364315033], "skybox_img": 4, "point_uuid": "193", "field_of_view_rads": 1.4562860134661757, "camera_rotation_final": [1.394956111907959, 0.04273161664605141, -2.280858039855957]}