{"camera_uuid": "0445", "obliqueness_angle": 1.174877643585205, "nonfixated_points_in_view": [], "camera_rotation_original": [1.5707963705062866, -0.15882311761379242, 2.619039297103882], "point_location": [1.5920188426971436, 2.1285598278045654, -1.4049173593521118], "skybox_img_path": "./img/high/0445_skybox4.jpg", "resolution": 512, "camera_distance": 0.9782091882042657, "view_id": 38, "point_pitch": -0.4283310612055917, "camera_rotation_from_original_to_final": [0.4399787187576294, -0.2393231987953186, 0.35735023021698], "camera_location": [1.6879152059555054, 2.9830164909362793, -0.938440203666687], "point_normal": [0.3241092562675476, -0.10795459151268005, 0.9398399591445923], "camera_rotation_final_quaternion": [-0.02075769379734993, 0.0693012923002243, 0.5067178606987, 0.8590712547302246], "skybox_img": 4, "point_uuid": "107", "field_of_view_rads": 0.9322372163182677, "camera_rotation_final": [1.0682950019836426, -0.1405685544013977, 3.1066734790802]}