{"camera_uuid": "7992", "obliqueness_angle": 0.7155187129974365, "nonfixated_points_in_view": [], "camera_rotation_original": [1.5707963705062866, 0.043085601180791855, -0.1331588178873062], "point_location": [2.448582887649536, 0.7421338558197021, -1.3952909708023071], "skybox_img_path": "./img/high/7992_skybox4.jpg", "resolution": 512, "camera_distance": 0.47034218956221047, "view_id": 9, "point_pitch": -0.5832559307429452, "camera_rotation_from_original_to_final": [-0.5803408622741699, 0.08045851439237595, -0.057530540972948074], "camera_location": [2.3845362663269043, 0.3553227186203003, -1.1354892253875732], "point_normal": [-0.7041676044464111, -0.69074547290802, 0.16437388956546783], "camera_rotation_final_quaternion": [0.8758946061134338, 0.47234416007995605, -0.026593932881951332, -0.09482840448617935], "skybox_img": 4, "point_uuid": "158", "field_of_view_rads": 0.9322372163182677, "camera_rotation_final": [0.9849811792373657, 0.04300958290696144, -0.1926080584526062]}