{"camera_uuid": "10893", "obliqueness_angle": 0.9720456004142761, "nonfixated_points_in_view": [], "camera_rotation_original": [1.5707963705062866, 0.0872122123837471, 0.15932604670524597], "point_location": [-0.4054321348667145, 1.2653040885925293, -0.6841932535171509], "skybox_img_path": "./img/high/10893_skybox4.jpg", "resolution": 512, "camera_distance": 0.5436790454954611, "view_id": 12, "point_pitch": -0.5703913410517831, "camera_rotation_from_original_to_final": [-0.6077299118041992, -0.08792183548212051, -0.46148285269737244], "camera_location": [-0.5488197803497314, 0.8444486260414124, -0.3712913990020752], "point_normal": [0.040700461715459824, 0.0009101604809984565, 0.9991709589958191], "camera_rotation_final_quaternion": [0.868069052696228, 0.4574655294418335, -0.054423801600933075, -0.18498508632183075], "skybox_img": 4, "point_uuid": "104", "field_of_view_rads": 0.9904486154446002, "camera_rotation_final": [0.9555718898773193, 0.07483118772506714, -0.3811570405960083]}