{"camera_uuid": "16379", "obliqueness_angle": 1.031863808631897, "nonfixated_points_in_view": [], "camera_rotation_original": [1.5707963705062866, -0.004095811862498522, -1.898019552230835], "point_location": [6.496413230895996, -0.9186689257621765, -1.3843356370925903], "skybox_img_path": "./img/high/16379_skybox4.jpg", "resolution": 512, "camera_distance": 0.4666224675961448, "view_id": 25, "point_pitch": -0.5356435020777841, "camera_rotation_from_original_to_final": [0.18886594474315643, 0.5059754848480225, 0.4363662004470825], "camera_location": [6.09623908996582, -0.9427458047866821, -1.1455522775650024], "point_normal": [-0.002619897248223424, 0.013651745393872261, 0.9999033808708191], "camera_rotation_final_quaternion": [0.634265661239624, 0.3589734137058258, -0.33952102065086365, -0.5946180820465088], "skybox_img": 4, "point_uuid": "21", "field_of_view_rads": 1.5766701541034631, "camera_rotation_final": [1.0335981845855713, -0.0037888900842517614, -1.5084458589553833]}