{"camera_uuid": "7985", "obliqueness_angle": 0.8856639862060547, "nonfixated_points_in_view": [], "camera_rotation_original": [1.5707963705062866, 0.0955045223236084, 2.4541945457458496], "point_location": [3.54880690574646, 0.15072500705718994, -1.4055030345916748], "skybox_img_path": "./img/high/7985_skybox4.jpg", "resolution": 512, "camera_distance": 0.9933440908920514, "view_id": 10, "point_pitch": -0.6162375648829599, "camera_rotation_from_original_to_final": [0.491484135389328, -0.3908747136592865, -0.08544009178876877], "camera_location": [4.0496649742126465, 0.7871838808059692, -0.8303562998771667], "point_normal": [0.23840555548667908, 0.9557468891143799, -0.17236833274364471], "camera_rotation_final_quaternion": [0.33938324451446533, 0.12450551986694336, 0.4415859878063202, 0.821169376373291], "skybox_img": 4, "point_uuid": "83", "field_of_view_rads": 1.8970819167949853, "camera_rotation_final": [0.950046718120575, 0.09539816528558731, 2.406857967376709]}