{"camera_uuid": "5368", "obliqueness_angle": 1.5205435752868652, "nonfixated_points_in_view": [], "camera_rotation_original": [1.5707963705062866, 0.11972092092037201, -2.43548583984375], "point_location": [1.8005895614624023, 0.6414239406585693, -0.9798945188522339], "skybox_img_path": "./img/high/5368_skybox4.jpg", "resolution": 512, "camera_distance": 0.9850249557295833, "view_id": 16, "point_pitch": -0.06507663329574065, "camera_rotation_from_original_to_final": [0.0303148552775383, 0.028654970228672028, 0.20028050243854523], "camera_location": [1.0260611772537231, 1.2486283779144287, -0.9388736486434937], "point_normal": [-0.012308535166084766, -0.0017647614004090428, 0.9999226927757263], "camera_rotation_final_quaternion": [0.2771521806716919, 0.3389819860458374, -0.6035470366477966, -0.6663398742675781], "skybox_img": 4, "point_uuid": "193", "field_of_view_rads": 0.8339714968154048, "camera_rotation_final": [1.5288506746292114, 0.11747568100690842, -2.240603446960449]}