{"camera_uuid": "14262", "obliqueness_angle": 1.0979468822479248, "nonfixated_points_in_view": [106], "camera_rotation_original": [1.5707963705062866, -0.06742837280035019, 0.10413195192813873], "point_location": [4.528530120849609, 1.0438001155853271, -1.4141380786895752], "skybox_img_path": "./img/high/14262_skybox4.jpg", "resolution": 512, "camera_distance": 0.9163141557186627, "view_id": 33, "point_pitch": -0.5291229923579355, "camera_rotation_from_original_to_final": [-0.5005087852478027, -0.05372707545757294, -0.3984874486923218], "camera_location": [4.284290790557861, 0.27909234166145325, -0.9723227620124817], "point_normal": [0.012244894169270992, 0.0278637632727623, 0.9995367527008057], "camera_rotation_final_quaternion": [0.8547935485839844, 0.4996488690376282, -0.09627097845077515, -0.10203349590301514], "skybox_img": 4, "point_uuid": "140", "field_of_view_rads": 1.82720328702949, "camera_rotation_final": [1.0665885210037231, -0.06266278028488159, -0.27460914850234985]}