{"camera_uuid": "13272", "obliqueness_angle": 1.4071379899978638, "nonfixated_points_in_view": [], "camera_rotation_original": [1.5707963705062866, 0.011484663002192974, 2.4743480682373047], "point_location": [5.518570899963379, 1.8022818565368652, -0.9034366607666016], "skybox_img_path": "./img/high/13272_skybox4.jpg", "resolution": 512, "camera_distance": 0.8043875320350505, "view_id": 45, "point_pitch": -0.4257914265010019, "camera_rotation_from_original_to_final": [0.3437572419643402, -0.2604818642139435, -0.2500501573085785], "camera_location": [6.078664302825928, 2.2732346057891846, -0.569463312625885], "point_normal": [-0.3810344636440277, 0.07813670486211777, 0.9212532639503479], "camera_rotation_final_quaternion": [0.3598114252090454, 0.2252468466758728, 0.49159854650497437, 0.760348916053772], "skybox_img": 4, "point_uuid": "103", "field_of_view_rads": 0.6299741311869721, "camera_rotation_final": [1.1426165103912354, 0.01123340055346489, 2.2648255825042725]}