{"camera_uuid": "7071", "obliqueness_angle": 1.2867538928985596, "nonfixated_points_in_view": [], "camera_rotation_original": [1.5707963705062866, -0.029492706060409546, -2.9412384033203125], "point_location": [2.745572328567505, -0.016294807195663452, -0.9296797513961792], "skybox_img_path": "./img/high/7071_skybox4.jpg", "resolution": 512, "camera_distance": 0.8669725014105226, "view_id": 54, "point_pitch": -0.6960803707453866, "camera_rotation_from_original_to_final": [0.6995429396629333, 0.133519247174263, 0.532524585723877], "camera_location": [2.330932855606079, 0.4939222037792206, -0.3645302355289459], "point_normal": [-0.5854119062423706, 0.6019739508628845, -0.5430656671524048], "camera_rotation_final_quaternion": [0.3186507225036621, 0.1328967660665512, -0.39548149704933167, -0.8511137366294861], "skybox_img": 4, "point_uuid": "102", "field_of_view_rads": 1.1173938933188836, "camera_rotation_final": [0.8604675531387329, -0.02582329325377941, -2.436967372894287]}