{"camera_uuid": "11906", "obliqueness_angle": 1.2696928977966309, "nonfixated_points_in_view": [115], "camera_rotation_original": [1.5707963705062866, 0.06094525754451752, -1.2094625234603882], "point_location": [1.5582280158996582, -0.07981093972921371, -1.376783013343811], "skybox_img_path": "./img/high/11906_skybox4.jpg", "resolution": 512, "camera_distance": 0.6958156597487507, "view_id": 0, "point_pitch": -0.7060405453059335, "camera_rotation_from_original_to_final": [-0.2698695957660675, 0.624934196472168, 0.49506956338882446], "camera_location": [1.2401357889175415, -0.5209867358207703, -0.9428006410598755], "point_normal": [0.37050071358680725, -0.9113456606864929, -0.17938350141048431], "camera_rotation_final_quaternion": [0.847709596157074, 0.4169940948486328, -0.11943360418081284, -0.30535218119621277], "skybox_img": 4, "point_uuid": "72", "field_of_view_rads": 2.078591559549699, "camera_rotation_final": [0.8962365388870239, 0.052193783223629, -0.6663843989372253]}