{"camera_uuid": "4258", "obliqueness_angle": 0.9965935349464417, "nonfixated_points_in_view": [67], "camera_rotation_original": [1.5707963705062866, -0.08067075908184052, 0.5241789817810059], "point_location": [0.22651520371437073, 2.849133014678955, -1.442795991897583], "skybox_img_path": "./img/high/4258_skybox4.jpg", "resolution": 512, "camera_distance": 0.9279254505748848, "view_id": 1, "point_pitch": -0.6226469715449472, "camera_rotation_from_original_to_final": [-0.5091758966445923, -0.26829978823661804, -0.6639155745506287], "camera_location": [0.0652223452925682, 2.0847182273864746, -0.9420961737632751], "point_normal": [0.024610353633761406, -0.009762244299054146, 0.9996494650840759], "camera_rotation_final_quaternion": [0.8754081726074219, 0.47504183650016785, -0.0673794373869896, -0.058786310255527496], "skybox_img": 4, "point_uuid": "150", "field_of_view_rads": 2.1523097516304066, "camera_rotation_final": [0.9996050596237183, -0.062157124280929565, -0.1680530458688736]}