{"camera_uuid": "7127", "obliqueness_angle": 0.8401304483413696, "nonfixated_points_in_view": [], "camera_rotation_original": [1.5707963705062866, -0.15202192962169647, 1.394181728363037], "point_location": [-0.34234288334846497, 0.8369564414024353, -0.7921566963195801], "skybox_img_path": "./img/high/7127_skybox4.jpg", "resolution": 512, "camera_distance": 0.9290335623311291, "view_id": 52, "point_pitch": -0.6980919082972665, "camera_rotation_from_original_to_final": [-0.10247699171304703, -0.6978790163993835, 0.021235356107354164], "camera_location": [0.3509780168533325, 0.6892720460891724, -0.19165782630443573], "point_normal": [0.04777548089623451, 0.07583989202976227, 0.9959748387336731], "camera_rotation_final_quaternion": [0.6450714468955994, 0.3514920473098755, 0.23080012202262878, 0.6380183696746826], "skybox_img": 4, "point_uuid": "121", "field_of_view_rads": 0.6299741311869721, "camera_rotation_final": [0.8581457138061523, -0.15132854878902435, 1.4904651641845703]}