{"camera_uuid": "6592", "obliqueness_angle": 0.3770437240600586, "nonfixated_points_in_view": [], "camera_rotation_original": [1.5707963705062866, -0.05853331461548805, 1.5050381422042847], "point_location": [-0.30368760228157043, 1.3439174890518188, -0.7665223479270935], "skybox_img_path": "./img/high/6592_skybox4.jpg", "resolution": 512, "camera_distance": 0.48962735023024556, "view_id": 11, "point_pitch": 0.514917449155126, "camera_rotation_from_original_to_final": [0.043566182255744934, 0.5024094581604004, 0.21142804622650146], "camera_location": [0.12105729430913925, 1.402207612991333, -1.003015398979187], "point_normal": [0.9422652125358582, 0.29410141706466675, -0.16012726724147797], "camera_rotation_final_quaternion": [0.3213755190372467, 0.5870598554611206, 0.6299713253974915, 0.3939729630947113], "skybox_img": 4, "point_uuid": "180", "field_of_view_rads": 0.7352830670651015, "camera_rotation_final": [2.0758004188537598, -0.05768868327140808, 1.6753171682357788]}