{"camera_uuid": "3611", "obliqueness_angle": 0.4114111065864563, "nonfixated_points_in_view": [123], "camera_rotation_original": [1.5707963705062866, -0.1341739296913147, 2.0596675872802734], "point_location": [0.4283650815486908, 1.0628477334976196, -1.424589991569519], "skybox_img_path": "./img/high/3611_skybox4.jpg", "resolution": 512, "camera_distance": 0.9712624348884015, "view_id": 4, "point_pitch": -0.19301549991103606, "camera_rotation_from_original_to_final": [0.11051269620656967, -0.22016017138957977, 0.37692171335220337], "camera_location": [1.0293430089950562, 1.7883214950561523, -1.1882340908050537], "point_normal": [0.870360791683197, 0.48990392684936523, 0.049661390483379364], "camera_rotation_final_quaternion": [0.21994806826114655, 0.24467355012893677, 0.564322829246521, 0.7571640610694885], "skybox_img": 4, "point_uuid": "84", "field_of_view_rads": 1.384811670309553, "camera_rotation_final": [1.3230817317962646, -0.12257937341928482, 2.4806907176971436]}