{"camera_uuid": "9704", "obliqueness_angle": 0.8210760354995728, "nonfixated_points_in_view": [], "camera_rotation_original": [1.5707963705062866, 0.14590904116630554, 2.918335437774658], "point_location": [4.810020923614502, 1.166747808456421, -1.332459807395935], "skybox_img_path": "./img/high/9704_skybox4.jpg", "resolution": 512, "camera_distance": 0.9083534772561217, "view_id": 20, "point_pitch": -0.673298760256495, "camera_rotation_from_original_to_final": [0.6978562474250793, -0.17266085743904114, -0.3044555187225342], "camera_location": [5.10920524597168, 1.7841819524765015, -0.7371701002120972], "point_normal": [0.7864901423454285, 0.6175901889801025, 0.003958132583647966], "camera_rotation_final_quaternion": [0.2833276093006134, 0.05567535385489464, 0.4113698899745941, 0.8645232915878296], "skybox_img": 4, "point_uuid": "166", "field_of_view_rads": 1.82720328702949, "camera_rotation_final": [0.8478812575340271, 0.13727030158042908, 2.5702285766601562]}