{"camera_uuid": "14595", "obliqueness_angle": 1.4360718727111816, "nonfixated_points_in_view": [13], "camera_rotation_original": [1.5707963705062866, -0.03802419826388359, -0.980781614780426], "point_location": [0.580907940864563, -0.050188999623060226, -1.4085019826889038], "skybox_img_path": "./img/high/14595_skybox4.jpg", "resolution": 512, "camera_distance": 0.8719431858164468, "view_id": 14, "point_pitch": -0.2108899792048593, "camera_rotation_from_original_to_final": [-0.12172970920801163, 0.1783989816904068, 0.10943502187728882], "camera_location": [-0.06487080454826355, -0.6055772304534912, -1.221958041191101], "point_normal": [-0.16356271505355835, 0.2954562306404114, 0.941250741481781], "camera_rotation_final_quaternion": [0.7142171263694763, 0.5646299123764038, -0.2724389433860779, -0.31122976541519165], "skybox_img": 4, "point_uuid": "57", "field_of_view_rads": 1.274054123740192, "camera_rotation_final": [1.3550337553024292, -0.03771079704165459, -0.8522459268569946]}