{"camera_uuid": "5014", "obliqueness_angle": 1.5321080684661865, "nonfixated_points_in_view": [], "camera_rotation_original": [1.5707963705062866, 0.13348126411437988, 2.5240299701690674], "point_location": [2.3592991828918457, 0.36116912961006165, -1.4106029272079468], "skybox_img_path": "./img/high/5014_skybox4.jpg", "resolution": 512, "camera_distance": 0.906374848743637, "view_id": 2, "point_pitch": -0.7686247070643564, "camera_rotation_from_original_to_final": [0.6234148740768433, -0.4312400221824646, 0.11661960929632187], "camera_location": [2.5839340686798096, 0.991542637348175, -0.7993060946464539], "point_normal": [-0.7301523685455322, 0.6114823222160339, -0.3049046993255615], "camera_rotation_final_quaternion": [0.23586562275886536, 0.03288641571998596, 0.402116596698761, 0.8840747475624084], "skybox_img": 4, "point_uuid": "28", "field_of_view_rads": 1.0910236528484336, "camera_rotation_final": [0.8225516080856323, 0.13192521035671234, 2.6777572631835938]}