{"camera_uuid": "9372", "obliqueness_angle": 0.9701842665672302, "nonfixated_points_in_view": [], "camera_rotation_original": [1.5707963705062866, 0.00765513489022851, -2.484764575958252], "point_location": [4.810020923614502, 1.166747808456421, -1.332459807395935], "skybox_img_path": "./img/high/9372_skybox4.jpg", "resolution": 512, "camera_distance": 0.6394633572751744, "view_id": 14, "point_pitch": -0.23397664626571135, "camera_rotation_from_original_to_final": [0.18940040469169617, 0.14561684429645538, -0.5966542959213257], "camera_location": [4.781340599060059, 1.787467360496521, -1.1814695596694946], "point_normal": [0.7864901423454285, 0.6175901889801025, 0.003958132583647966], "camera_rotation_final_quaternion": [0.015613130293786526, 0.016259942203760147, -0.617798924446106, -0.7860129475593567], "skybox_img": 4, "point_uuid": "166", "field_of_view_rads": 1.949514490688795, "camera_rotation_final": [1.3324203491210938, 0.0062695397064089775, -3.0969419479370117]}