{"camera_uuid": "2783", "obliqueness_angle": 1.0965287685394287, "nonfixated_points_in_view": [], "camera_rotation_original": [1.5707963705062866, -0.08051750808954239, 0.3760303854942322], "point_location": [0.23549170792102814, 2.561976432800293, -1.4406388998031616], "skybox_img_path": "./img/high/2783_skybox4.jpg", "resolution": 512, "camera_distance": 0.9646421677516387, "view_id": 2, "point_pitch": -0.6998755176875253, "camera_rotation_from_original_to_final": [-0.6919338703155518, -0.26044395565986633, 0.47234320640563965], "camera_location": [0.7233738303184509, 2.0354042053222656, -0.7962576150894165], "point_normal": [-0.3735734224319458, -0.8979271650314331, 0.23274387419223785], "camera_rotation_final_quaternion": [0.832853376865387, 0.3861583471298218, 0.12992925941944122, 0.3746403455734253], "skybox_img": 4, "point_uuid": "55", "field_of_view_rads": 1.0910236528484336, "camera_rotation_final": [0.836879551410675, -0.07298170030117035, 0.8129541873931885]}