{"camera_uuid": "7760", "obliqueness_angle": 0.9247068762779236, "nonfixated_points_in_view": [], "camera_rotation_original": [1.5707963705062866, -0.07264533638954163, -1.1205554008483887], "point_location": [0.7851385474205017, 1.2789015769958496, -1.4171496629714966], "skybox_img_path": "./img/high/7760_skybox4.jpg", "resolution": 512, "camera_distance": 0.9429047419007792, "view_id": 75, "point_pitch": -0.6962587078425546, "camera_rotation_from_original_to_final": [-0.362736314535141, 0.6024046540260315, -0.2070430964231491], "camera_location": [0.10245120525360107, 1.0302953720092773, -0.816148579120636], "point_normal": [0.04163115471601486, 0.017202280461788177, 0.9989850521087646], "camera_rotation_final_quaternion": [0.7648509740829468, 0.3369213342666626, -0.2603602707386017, -0.4834248125553131], "skybox_img": 4, "point_uuid": "187", "field_of_view_rads": 0.8546880344112765, "camera_rotation_final": [0.8775001764297485, -0.07258506119251251, -1.1613798141479492]}