{"camera_uuid": "14139", "obliqueness_angle": 0.8678640723228455, "nonfixated_points_in_view": [], "camera_rotation_original": [1.5707963705062866, 0.038078051060438156, 2.241908311843872], "point_location": [5.577847957611084, 0.5073602795600891, -0.8285789489746094], "skybox_img_path": "./img/high/14139_skybox4.jpg", "resolution": 512, "camera_distance": 0.9360237379576596, "view_id": 25, "point_pitch": -0.7169353206965585, "camera_rotation_from_original_to_final": [0.4792228937149048, -0.5347058176994324, 0.28000321984291077], "camera_location": [5.909814834594727, 1.140255331993103, -0.22411033511161804], "point_normal": [0.047805894166231155, -0.0227388683706522, 0.9985978007316589], "camera_rotation_final_quaternion": [0.23726685345172882, 0.09119825810194016, 0.41084203124046326, 0.8755547404289246], "skybox_img": 4, "point_uuid": "11", "field_of_view_rads": 1.5766701541034631, "camera_rotation_final": [0.8682210445404053, 0.03526756167411804, 2.6286749839782715]}