{"camera_uuid": "9399", "obliqueness_angle": 1.2094290256500244, "nonfixated_points_in_view": [93], "camera_rotation_original": [1.5707963705062866, 0.015995196998119354, 2.3740363121032715], "point_location": [4.528530120849609, 1.0438001155853271, -1.4141380786895752], "skybox_img_path": "./img/high/9399_skybox4.jpg", "resolution": 512, "camera_distance": 0.6966629362111015, "view_id": 18, "point_pitch": -0.3386562307688852, "camera_rotation_from_original_to_final": [0.2432393878698349, -0.22705596685409546, 0.45955872535705566], "camera_location": [4.710781574249268, 1.6768901348114014, -1.187597393989563], "point_normal": [0.012244894169270992, 0.0278637632727623, 0.9995367527008057], "camera_rotation_final_quaternion": [0.11974286288022995, 0.07683029025793076, 0.5757666826248169, 0.8051406741142273], "skybox_img": 4, "point_uuid": "140", "field_of_view_rads": 1.9554518605800617, "camera_rotation_final": [1.2395601272583008, 0.014169997535645962, 2.8564226627349854]}