{"camera_uuid": "0746", "obliqueness_angle": 1.0310455560684204, "nonfixated_points_in_view": [], "camera_rotation_original": [1.5707963705062866, 0.08852989226579666, 2.1112914085388184], "point_location": [0.8357325792312622, 3.0001583099365234, -1.4500991106033325], "skybox_img_path": "./img/high/0746_skybox4.jpg", "resolution": 512, "camera_distance": 0.5229647996506515, "view_id": 4, "point_pitch": -0.48869649966689543, "camera_rotation_from_original_to_final": [0.26955917477607727, -0.4336400628089905, -0.23464001715183258], "camera_location": [1.2625142335891724, 3.1648263931274414, -1.1966547966003418], "point_normal": [0.02106740139424801, 0.04000088572502136, 0.998977541923523], "camera_rotation_final_quaternion": [0.5218855142593384, 0.2661398947238922, 0.43226686120033264, 0.6855292916297913], "skybox_img": 4, "point_uuid": "133", "field_of_view_rads": 0.9239011772765595, "camera_rotation_final": [1.062780737876892, 0.08640173077583313, 1.8910257816314697]}