{"camera_uuid": "4165", "obliqueness_angle": 1.1494303941726685, "nonfixated_points_in_view": [], "camera_rotation_original": [1.5707963705062866, -0.07383458316326141, -2.685044050216675], "point_location": [0.7851385474205017, 1.2789015769958496, -1.4171496629714966], "skybox_img_path": "./img/high/4165_skybox4.jpg", "resolution": 512, "camera_distance": 0.6340757053893373, "view_id": 5, "point_pitch": -0.4244193275782724, "camera_rotation_from_original_to_final": [0.3815879821777344, 0.18806205689907074, 0.006279179360717535], "camera_location": [0.5468448400497437, 1.8056137561798096, -1.1566839218139648], "point_normal": [0.04163115471601486, 0.017202280461788177, 0.9989850521087646], "camera_rotation_final_quaternion": [0.21017181873321533, 0.09286230802536011, -0.534777045249939, -0.813153088092804], "skybox_img": 4, "point_uuid": "187", "field_of_view_rads": 1.792492522379571, "camera_rotation_final": [1.1462554931640625, -0.07383465021848679, -2.6833975315093994]}