{"camera_uuid": "0623", "obliqueness_angle": 0.6455423831939697, "nonfixated_points_in_view": [], "camera_rotation_original": [1.5707963705062866, 0.08145494759082794, 1.7652610540390015], "point_location": [1.3862135410308838, 3.035576343536377, -1.442712426185608], "skybox_img_path": "./img/high/0623_skybox4.jpg", "resolution": 512, "camera_distance": 0.7146888165040645, "view_id": 8, "point_pitch": -0.46352283557387786, "camera_rotation_from_original_to_final": [0.08748050779104233, -0.4582352638244629, -0.03065614216029644], "camera_location": [2.013676166534424, 3.1539788246154785, -1.121695876121521], "point_normal": [0.849090039730072, -0.445937842130661, 0.28317058086395264], "camera_rotation_final_quaternion": [0.5725159645080566, 0.3161802291870117, 0.41886186599731445, 0.6299287676811218], "skybox_img": 4, "point_uuid": "179", "field_of_view_rads": 1.6719092344888167, "camera_rotation_final": [1.1032915115356445, 0.08135784417390823, 1.7162998914718628]}