{"camera_uuid": "6338", "obliqueness_angle": 0.44792765378952026, "nonfixated_points_in_view": [], "camera_rotation_original": [1.5707963705062866, -0.1397397220134735, -1.2302721738815308], "point_location": [2.813992500305176, 1.206691026687622, -1.412956953048706], "skybox_img_path": "./img/high/6338_skybox4.jpg", "resolution": 512, "camera_distance": 0.7158702817288125, "view_id": 8, "point_pitch": -0.37420682509871916, "camera_rotation_from_original_to_final": [-0.15133467316627502, 0.41012874245643616, 0.39532041549682617], "camera_location": [2.3471972942352295, 0.7557955980300903, -1.1108546257019043], "point_normal": [-0.8119872808456421, -0.5835861563682556, 0.010192384012043476], "camera_rotation_final_quaternion": [0.7968717813491821, 0.47937583923339844, -0.24330084025859833, -0.27567899227142334], "skybox_img": 4, "point_uuid": "163", "field_of_view_rads": 1.6816280418618088, "camera_rotation_final": [1.131547212600708, -0.1237671822309494, -0.7447819709777832]}