{"camera_uuid": "6152", "obliqueness_angle": 1.5153127908706665, "nonfixated_points_in_view": [], "camera_rotation_original": [1.5707963705062866, 0.014604713767766953, -2.4044506549835205], "point_location": [1.8005895614624023, 0.6414239406585693, -0.9798945188522339], "skybox_img_path": "./img/high/6152_skybox4.jpg", "resolution": 512, "camera_distance": 0.4460146009697286, "view_id": 81, "point_pitch": -0.05079202254744963, "camera_rotation_from_original_to_final": [0.032538674771785736, 0.03111851215362549, 0.40830227732658386], "camera_location": [1.394827127456665, 0.8254979252815247, -0.9598286747932434], "point_normal": [-0.012308535166084766, -0.0017647614004090428, 0.9999226927757263], "camera_rotation_final_quaternion": [0.38747256994247437, 0.37821316719055176, -0.5783253908157349, -0.6102127432823181], "skybox_img": 4, "point_uuid": "193", "field_of_view_rads": 1.6435806639213024, "camera_rotation_final": [1.5257879495620728, 0.013410952873528004, -1.99728524684906]}