{"camera_uuid": "10432", "obliqueness_angle": 1.0561614036560059, "nonfixated_points_in_view": [92], "camera_rotation_original": [1.5707963705062866, 0.04201403632760048, -2.736790895462036], "point_location": [5.437486171722412, 0.3159542977809906, -0.8787023425102234], "skybox_img_path": "./img/high/10432_skybox4.jpg", "resolution": 512, "camera_distance": 0.8299106114723905, "view_id": 18, "point_pitch": -0.44214694102736907, "camera_rotation_from_original_to_final": [0.38586360216140747, 0.1642119437456131, 0.6614948511123657], "camera_location": [4.785927772521973, 0.7043821811676025, -0.5420318245887756], "point_normal": [-0.5941973924636841, 0.5574745535850525, -0.5797858834266663], "camera_rotation_final_quaternion": [0.4003116190433502, 0.2781192362308502, -0.468843549489975, -0.7366043925285339], "skybox_img": 4, "point_uuid": "4", "field_of_view_rads": 1.9554518605800617, "camera_rotation_final": [1.15282142162323, 0.03436741605401039, -2.1236414909362793]}