{"camera_uuid": "9861", "obliqueness_angle": 0.7812294363975525, "nonfixated_points_in_view": [], "camera_rotation_original": [1.5707963705062866, -0.006410540081560612, -2.103640556335449], "point_location": [2.624671697616577, -0.7024632096290588, -0.5636605024337769], "skybox_img_path": "./img/high/9861_skybox4.jpg", "resolution": 512, "camera_distance": 0.6247179676533977, "view_id": 11, "point_pitch": -0.2948016365382333, "camera_rotation_from_original_to_final": [0.1527182161808014, 0.25297150015830994, -0.005591444205492735], "camera_location": [2.1175320148468018, -0.38596856594085693, -0.38224101066589355], "point_normal": [-0.34883588552474976, 0.9258549809455872, -0.14528000354766846], "camera_rotation_final_quaternion": [0.39197054505348206, 0.28717926144599915, -0.5218495726585388, -0.7011135220527649], "skybox_img": 4, "point_uuid": "60", "field_of_view_rads": 0.7352830670651015, "camera_rotation_final": [1.276142954826355, -0.0064088162034749985, -2.1267871856689453]}