{"camera_uuid": "12526", "obliqueness_angle": 1.2938789129257202, "nonfixated_points_in_view": [92], "camera_rotation_original": [1.5707963705062866, -0.09851362556219101, -0.9487612247467041], "point_location": [5.577847957611084, 0.5073602795600891, -0.8285789489746094], "skybox_img_path": "./img/high/12526_skybox4.jpg", "resolution": 512, "camera_distance": 0.9223535354446722, "view_id": 61, "point_pitch": -0.2987653454157968, "camera_rotation_from_original_to_final": [-0.18317964673042297, 0.24154479801654816, -0.0037508998066186905], "camera_location": [4.871458053588867, -0.018448514863848686, -0.5542170405387878], "point_normal": [0.047805894166231155, -0.0227388683706522, 0.9985978007316589], "camera_rotation_final_quaternion": [0.7374199628829956, 0.5152220129966736, -0.29294541478157043, -0.323946088552475], "skybox_img": 4, "point_uuid": "11", "field_of_view_rads": 1.0364683158521881, "camera_rotation_final": [1.267251968383789, -0.09839802235364914, -0.9001530408859253]}