{"camera_uuid": "14780", "obliqueness_angle": 1.3457375764846802, "nonfixated_points_in_view": [], "camera_rotation_original": [1.5707963705062866, -0.017075443640351295, 2.9635932445526123], "point_location": [5.4932861328125, 0.18884922564029694, -0.9166303277015686], "skybox_img_path": "./img/high/14780_skybox4.jpg", "resolution": 512, "camera_distance": 0.5400674133033136, "view_id": 69, "point_pitch": -0.5476786335322519, "camera_rotation_from_original_to_final": [0.5298581719398499, -0.09197308123111725, -0.7028740048408508], "camera_location": [5.843590259552002, 0.49319028854370117, -0.6403400301933289], "point_normal": [-0.48851633071899414, 0.18398629128932953, 0.8529366254806519], "camera_rotation_final_quaternion": [0.3544563353061676, 0.2084912210702896, 0.4480390250682831, 0.7938218712806702], "skybox_img": 4, "point_uuid": "142", "field_of_view_rads": 1.633880848593436, "camera_rotation_final": [1.0337146520614624, -0.01338961347937584, 2.294071674346924]}