{"camera_uuid": "10559", "obliqueness_angle": 1.1419227123260498, "nonfixated_points_in_view": [], "camera_rotation_original": [1.5707963705062866, -0.034063272178173065, 0.2581874430179596], "point_location": [2.148512840270996, 0.3360629677772522, -1.4039963483810425], "skybox_img_path": "./img/high/10559_skybox4.jpg", "resolution": 512, "camera_distance": 0.4558727423472244, "view_id": 0, "point_pitch": -0.5783316334101816, "camera_rotation_from_original_to_final": [-0.5540358424186707, -0.14266334474086761, -0.2088269144296646], "camera_location": [2.151263475418091, -0.047672029584646225, -1.157907247543335], "point_normal": [0.08817529678344727, -0.8383643627166748, -0.5379315614700317], "camera_rotation_final_quaternion": [0.8772071599960327, 0.47961485385894775, -0.007731665391474962, 0.020431317389011383], "skybox_img": 4, "point_uuid": "156", "field_of_view_rads": 1.5766701541034631, "camera_rotation_final": [1.000220537185669, -0.03316895291209221, 0.028448035940527916]}