{"camera_uuid": "7940", "obliqueness_angle": 0.8967624306678772, "nonfixated_points_in_view": [], "camera_rotation_original": [1.5707963705062866, 0.0762704387307167, -1.7214640378952026], "point_location": [2.745572328567505, -0.016294807195663452, -0.9296797513961792], "skybox_img_path": "./img/high/7940_skybox4.jpg", "resolution": 512, "camera_distance": 0.6625575880671575, "view_id": 24, "point_pitch": -0.1497477730128427, "camera_rotation_from_original_to_final": [0.02437439374625683, 0.1563289910554886, -0.10325589030981064], "camera_location": [2.1125779151916504, 0.14925041794776917, -0.8252986073493958], "point_normal": [-0.5854119062423706, 0.6019739508628845, -0.5430656671524048], "camera_rotation_final_quaternion": [0.441504567861557, 0.4160490930080414, -0.4981282949447632, -0.6195523142814636], "skybox_img": 4, "point_uuid": "102", "field_of_view_rads": 0.9322372163182677, "camera_rotation_final": [1.4121357202529907, 0.07574891299009323, -1.8387024402618408]}