{"camera_uuid": "11934", "obliqueness_angle": 1.4695130586624146, "nonfixated_points_in_view": [117], "camera_rotation_original": [1.5707963705062866, -0.10926041752099991, -1.5622365474700928], "point_location": [1.9553519487380981, 0.06541500240564346, -1.4134390354156494], "skybox_img_path": "./img/high/11934_skybox4.jpg", "resolution": 512, "camera_distance": 0.9778310890235121, "view_id": 4, "point_pitch": -0.2596110542628427, "camera_rotation_from_original_to_final": [0.02070973999798298, 0.33216944336891174, 0.7104080319404602], "camera_location": [1.2600234746932983, -0.5437717437744141, -1.094748854637146], "point_normal": [-0.5318350791931152, 0.001723279245197773, -0.8468462228775024], "camera_rotation_final_quaternion": [0.7552698850631714, 0.51800537109375, -0.26213139295578003, -0.3041791617870331], "skybox_img": 4, "point_uuid": "24", "field_of_view_rads": 1.7779022957772381, "camera_rotation_final": [1.237684965133667, -0.08091524988412857, -0.8233768343925476]}