{"camera_uuid": "6187", "obliqueness_angle": 0.5073468089103699, "nonfixated_points_in_view": [], "camera_rotation_original": [1.5707963705062866, -0.06967823207378387, -0.9818798899650574], "point_location": [3.4670467376708984, 1.0758438110351562, -0.6993377804756165], "skybox_img_path": "./img/high/6187_skybox4.jpg", "resolution": 512, "camera_distance": 0.561528399901646, "view_id": 11, "point_pitch": 0.218393282094274, "camera_rotation_from_original_to_final": [0.12351218611001968, -0.18518054485321045, -0.058397144079208374], "camera_location": [2.9978749752044678, 0.7932140231132507, -0.8230810761451721], "point_normal": [-0.728654682636261, -0.24732623994350433, -0.6386642456054688], "camera_rotation_final_quaternion": [0.5541837811470032, 0.6659616827964783, -0.4082639515399933, -0.28756895661354065], "skybox_img": 4, "point_uuid": "78", "field_of_view_rads": 0.7352830670651015, "camera_rotation_final": [1.7935364246368408, -0.06954275816679001, -1.044350266456604]}