{"camera_uuid": "3189", "obliqueness_angle": 0.15359482169151306, "nonfixated_points_in_view": [], "camera_rotation_original": [1.5707963705062866, -0.11737046390771866, -0.027562446892261505], "point_location": [1.1355481147766113, 2.277404546737671, -1.37511146068573], "skybox_img_path": "./img/high/3189_skybox4.jpg", "resolution": 512, "camera_distance": 0.8453890369196959, "view_id": 44, "point_pitch": -0.6648880680415292, "camera_rotation_from_original_to_final": [-0.6042611598968506, 0.009471213445067406, -0.5793255567550659], "camera_location": [0.7391406297683716, 1.7057151794433594, -0.8947834372520447], "point_normal": [-0.34670761227607727, -0.666063666343689, 0.6604189276695251], "camera_rotation_final_quaternion": [0.8599607348442078, 0.43395674228668213, -0.16611607372760773, -0.21107956767082214], "skybox_img": 4, "point_uuid": "162", "field_of_view_rads": 1.2654133589566097, "camera_rotation_final": [0.9628500938415527, -0.10268816351890564, -0.5350693464279175]}