{"camera_uuid": "7466", "obliqueness_angle": 1.3585004806518555, "nonfixated_points_in_view": [], "camera_rotation_original": [1.5707963705062866, 0.0052380310371518135, 1.9208265542984009], "point_location": [1.8005895614624023, 0.6414239406585693, -0.9798945188522339], "skybox_img_path": "./img/high/7466_skybox4.jpg", "resolution": 512, "camera_distance": 0.7987255156447755, "view_id": 46, "point_pitch": -0.22138015826674895, "camera_rotation_from_original_to_final": [0.07857459038496017, -0.2100517898797989, -0.5454491376876831], "camera_location": [2.5657432079315186, 0.4964883327484131, -0.8024234175682068], "point_normal": [-0.012308535166084766, -0.0017647614004090428, 0.9999226927757263], "camera_rotation_final_quaternion": [0.6031568646430969, 0.4793325364589691, 0.3989284336566925, 0.4972909092903137], "skybox_img": 4, "point_uuid": "193", "field_of_view_rads": 1.0948971454717533, "camera_rotation_final": [1.3467310667037964, 0.0044974060729146, 1.3825691938400269]}