{"camera_uuid": "14492", "obliqueness_angle": 1.2555534839630127, "nonfixated_points_in_view": [13, 118], "camera_rotation_original": [1.5707963705062866, 0.10010884702205658, -0.9838592410087585], "point_location": [0.2828949987888336, -0.2686469852924347, -1.422070026397705], "skybox_img_path": "./img/high/14492_skybox4.jpg", "resolution": 512, "camera_distance": 0.7145606507009057, "view_id": 33, "point_pitch": -0.5637690265986581, "camera_rotation_from_original_to_final": [-0.3058026134967804, 0.43912455439567566, 0.3085450828075409], "camera_location": [-0.06734021008014679, -0.7763530611991882, -1.0612837076187134], "point_normal": [0.28670570254325867, 0.045856814831495285, 0.9569205641746521], "camera_rotation_final_quaternion": [0.8127630352973938, 0.48244979977607727, -0.12160967290401459, -0.30309993028640747], "skybox_img": 4, "point_uuid": "105", "field_of_view_rads": 1.82720328702949, "camera_rotation_final": [1.0388753414154053, 0.09492380917072296, -0.6595947742462158]}