{"camera_uuid": "13033", "obliqueness_angle": 1.1685936450958252, "nonfixated_points_in_view": [95], "camera_rotation_original": [-1.570796251296997, -2.998483180999756, -0.07310572266578674], "point_location": [0.9536174535751343, -0.7778398990631104, -1.5063177347183228], "skybox_img_path": "./img/high/13033_skybox4.jpg", "resolution": 512, "camera_distance": 0.5205563483234269, "view_id": 14, "point_pitch": -0.40177397330733733, "camera_rotation_from_original_to_final": [0.40385013818740845, -0.01728789322078228, -0.015889307484030724], "camera_location": [0.9956883788108826, -0.30104660987854004, -1.3016787767410278], "point_normal": [-0.008941924199461937, -0.0010165447602048516, 0.9999595284461975], "camera_rotation_final_quaternion": [0.028188347816467285, -0.0669223815202713, -0.5467754006385803, -0.8341243863105774], "skybox_img": 4, "point_uuid": "89", "field_of_view_rads": 1.3001655876812834, "camera_rotation_final": [-1.979224681854248, -2.9986376762390137, -0.026430506259202957]}