{"camera_uuid": "12641", "obliqueness_angle": 1.0947604179382324, "nonfixated_points_in_view": [], "camera_rotation_original": [1.5707963705062866, 0.006511825602501631, -1.3073824644088745], "point_location": [0.580907940864563, -0.050188999623060226, -1.4085019826889038], "skybox_img_path": "./img/high/12641_skybox4.jpg", "resolution": 512, "camera_distance": 0.9909237450276895, "view_id": 46, "point_pitch": -0.6137808998438974, "camera_rotation_from_original_to_final": [-0.1796925812959671, 0.587805449962616, 0.2975381016731262], "camera_location": [-0.08140064775943756, -0.518807590007782, -0.8395785689353943], "point_normal": [0.11274728178977966, 0.07453673332929611, 0.9908240437507629], "camera_rotation_final_quaternion": [0.7864016890525818, 0.4106200039386749, -0.21053291857242584, -0.4106573462486267], "skybox_img": 4, "point_uuid": "57", "field_of_view_rads": 0.8278892494736719, "camera_rotation_final": [0.9592368602752686, 0.006121386773884296, -0.9593117833137512]}