{"camera_uuid": "13810", "obliqueness_angle": 0.46636807918548584, "nonfixated_points_in_view": [], "camera_rotation_original": [1.5707963705062866, 0.08364281058311462, -1.964361310005188], "point_location": [0.35382547974586487, -0.5060790181159973, -1.460171103477478], "skybox_img_path": "./img/high/13810_skybox4.jpg", "resolution": 512, "camera_distance": 0.9321551863760899, "view_id": 8, "point_pitch": -0.7051414688441415, "camera_rotation_from_original_to_final": [0.31803464889526367, 0.6126540899276733, 0.4260669946670532], "camera_location": [-0.36932069063186646, -0.46141764521598816, -0.8736745119094849], "point_normal": [-0.8047041893005371, -0.3797302544116974, 0.4563511312007904], "camera_rotation_final_quaternion": [0.5832318067550659, 0.31083375215530396, -0.2979776859283447, -0.688790500164032], "skybox_img": 4, "point_uuid": "17", "field_of_view_rads": 1.6816280418618088, "camera_rotation_final": [0.8876479268074036, 0.08070611953735352, -1.697998046875]}