{"camera_uuid": "11276", "obliqueness_angle": 1.4571850299835205, "nonfixated_points_in_view": [], "camera_rotation_original": [1.5707963705062866, -0.012639718130230904, -1.5341882705688477], "point_location": [5.577847957611084, 0.5073602795600891, -0.8285789489746094], "skybox_img_path": "./img/high/11276_skybox4.jpg", "resolution": 512, "camera_distance": 0.6022317827744121, "view_id": 15, "point_pitch": -0.17328946193191008, "camera_rotation_from_original_to_final": [-0.0028384437318891287, 0.164693221449852, -0.7499839067459106], "camera_location": [5.128432273864746, 0.8958970308303833, -0.7298476696014404], "point_normal": [0.047805894166231155, -0.0227388683706522, 0.9985978007316589], "camera_rotation_final_quaternion": [0.320552796125412, 0.26615339517593384, -0.5892293453216553, -0.6922550797462463], "skybox_img": 4, "point_uuid": "11", "field_of_view_rads": 0.9239011772765595, "camera_rotation_final": [1.406103491783142, -0.009266308508813381, -2.282130002975464]}