{"camera_uuid": "12558", "obliqueness_angle": 1.2267569303512573, "nonfixated_points_in_view": [], "camera_rotation_original": [1.5707963705062866, -0.11954057216644287, -2.2338290214538574], "point_location": [6.416158676147461, 2.537578821182251, -1.2911784648895264], "skybox_img_path": "./img/high/12558_skybox4.jpg", "resolution": 512, "camera_distance": 0.3042373954734096, "view_id": 20, "point_pitch": -0.3458070000025888, "camera_rotation_from_original_to_final": [0.19238662719726562, 0.23914967477321625, -0.3370521068572998], "camera_location": [6.265101909637451, 2.7852776050567627, -1.1995948553085327], "point_normal": [-0.00751654664054513, 0.040270037949085236, 0.9991605877876282], "camera_rotation_final_quaternion": [0.2638454735279083, 0.12575456500053406, -0.577643871307373, -0.76216721534729], "skybox_img": 4, "point_uuid": "148", "field_of_view_rads": 1.1399099232606629, "camera_rotation_final": [1.2629871368408203, -0.11336810141801834, -2.5580203533172607]}