{"camera_uuid": "0815", "obliqueness_angle": 0.8585875630378723, "nonfixated_points_in_view": [], "camera_rotation_original": [1.5707963705062866, -0.0019177484791725874, 1.03817880153656], "point_location": [1.904913306236267, 3.043900966644287, -1.3826780319213867], "skybox_img_path": "./img/high/0815_skybox4.jpg", "resolution": 512, "camera_distance": 0.7729767380597192, "view_id": 1, "point_pitch": -0.6212841709468027, "camera_rotation_from_original_to_final": [-0.3479480743408203, -0.5247769355773926, -0.3137931823730469], "camera_location": [2.275395631790161, 2.5357425212860107, -0.9332218170166016], "point_normal": [-0.06379000097513199, -0.9967313408851624, 0.04957450553774834], "camera_rotation_final_quaternion": [0.8451825380325317, 0.43510618805885315, 0.1412511020898819, 0.27640044689178467], "skybox_img": 4, "point_uuid": "74", "field_of_view_rads": 1.6316217442386929, "camera_rotation_final": [0.9502713084220886, -0.001761160558089614, 0.6312285661697388]}