{"camera_uuid": "10422", "obliqueness_angle": 1.3804466724395752, "nonfixated_points_in_view": [], "camera_rotation_original": [1.5707963705062866, -0.04141324758529663, -2.7054693698883057], "point_location": [5.518570899963379, 1.8022818565368652, -0.9034366607666016], "skybox_img_path": "./img/high/10422_skybox4.jpg", "resolution": 512, "camera_distance": 0.879947691715404, "view_id": 61, "point_pitch": -0.26700560649367766, "camera_rotation_from_original_to_final": [0.22184914350509644, 0.09253638982772827, -0.7078639268875122], "camera_location": [5.755575180053711, 2.6235110759735107, -0.6943446397781372], "point_normal": [-0.3810344636440277, 0.07813670486211777, 0.9212532639503479], "camera_rotation_final_quaternion": [-0.09753042459487915, -0.09632804244756699, -0.6098455190658569, -0.7805749177932739], "skybox_img": 4, "point_uuid": "103", "field_of_view_rads": 1.1173938933188836, "camera_rotation_final": [1.3307617902755737, -0.031430695205926895, -3.4148645401000977]}