{"camera_uuid": "8433", "obliqueness_angle": 0.9501572847366333, "nonfixated_points_in_view": [116], "camera_rotation_original": [1.5707963705062866, 0.1201535165309906, -0.9413586854934692], "point_location": [0.48665541410446167, 2.050424337387085, -1.4244725704193115], "skybox_img_path": "./img/high/8433_skybox4.jpg", "resolution": 512, "camera_distance": 0.7164232231217805, "view_id": 19, "point_pitch": -0.2667555054042001, "camera_rotation_from_original_to_final": [-0.13521945476531982, 0.17150481045246124, 0.4212040901184082], "camera_location": [0.14561766386032104, 1.4397079944610596, -1.2696144580841064], "point_normal": [-0.7508701086044312, -0.09726908802986145, 0.6532478928565979], "camera_rotation_final_quaternion": [0.7423409819602966, 0.613793134689331, -0.12321018427610397, -0.2387615591287613], "skybox_img": 4, "point_uuid": "167", "field_of_view_rads": 1.5766701541034631, "camera_rotation_final": [1.3515660762786865, 0.11039657890796661, -0.533829391002655]}