{"camera_uuid": "3837", "obliqueness_angle": 1.5050814151763916, "nonfixated_points_in_view": [], "camera_rotation_original": [1.5707963705062866, 0.05835763365030289, -0.06077789142727852], "point_location": [3.4955337047576904, 2.483621597290039, -0.9530870914459229], "skybox_img_path": "./img/high/3837_skybox4.jpg", "resolution": 512, "camera_distance": 0.8234869804072794, "view_id": 1, "point_pitch": 0.023165897527013257, "camera_rotation_from_original_to_final": [0.008065561763942242, -0.0024388590827584267, -0.2597618103027344], "camera_location": [3.236093044281006, 1.702100157737732, -0.9598386883735657], "point_normal": [-0.05499757453799248, -0.04231813922524452, -0.9975893497467041], "camera_rotation_final_quaternion": [0.6917324662208557, 0.7038179039955139, -0.09348629415035248, -0.13193491101264954], "skybox_img": 4, "point_uuid": "46", "field_of_view_rads": 1.6316217442386929, "camera_rotation_final": [1.5790082216262817, 0.05641121417284012, -0.3200588822364807]}