{"camera_uuid": "11290", "obliqueness_angle": 1.180853009223938, "nonfixated_points_in_view": [90], "camera_rotation_original": [1.5707963705062866, 0.06447838246822357, 0.9165424108505249], "point_location": [4.301836967468262, 1.017685055732727, -0.9298179745674133], "skybox_img_path": "./img/high/11290_skybox4.jpg", "resolution": 512, "camera_distance": 0.7989827769420998, "view_id": 60, "point_pitch": -0.02753095229598479, "camera_rotation_from_original_to_final": [-0.02379164658486843, -0.03322644159197807, -0.2063542902469635], "camera_location": [4.822064399719238, 0.4121500551700592, -0.8971955180168152], "point_normal": [0.8034110069274902, 0.2184903621673584, 0.553888738155365], "camera_rotation_final_quaternion": [0.6840194463729858, 0.6414504647254944, 0.26101037859916687, 0.22919924557209015], "skybox_img": 4, "point_uuid": "143", "field_of_view_rads": 1.494443233462961, "camera_rotation_final": [1.5298737287521362, 0.0630742609500885, 0.7071843147277832]}