{"camera_uuid": "10948", "obliqueness_angle": 1.046875, "nonfixated_points_in_view": [], "camera_rotation_original": [1.5707963705062866, -0.08213567733764648, -2.057734966278076], "point_location": [6.416158676147461, 2.537578821182251, -1.2911784648895264], "skybox_img_path": "./img/high/10948_skybox4.jpg", "resolution": 512, "camera_distance": 0.8422674027935373, "view_id": 25, "point_pitch": -0.49913827975722747, "camera_rotation_from_original_to_final": [0.23928752541542053, 0.4403512179851532, 0.011706043034791946], "camera_location": [5.778177738189697, 2.913022756576538, -0.889386773109436], "point_normal": [-0.00751654664054513, 0.040270037949085236, 0.9991605877876282], "camera_rotation_final_quaternion": [0.46098044514656067, 0.2328147441148758, -0.45527949929237366, -0.7252688407897949], "skybox_img": 4, "point_uuid": "148", "field_of_view_rads": 2.081073338083007, "camera_rotation_final": [1.0716805458068848, -0.08213566243648529, -2.058011531829834]}