{"camera_uuid": "15918", "obliqueness_angle": 1.059826374053955, "nonfixated_points_in_view": [], "camera_rotation_original": [1.5707963705062866, -0.14169329404830933, -2.7339234352111816], "point_location": [6.496413230895996, -0.9186689257621765, -1.3843356370925903], "skybox_img_path": "./img/high/15918_skybox4.jpg", "resolution": 512, "camera_distance": 0.6935336847544026, "view_id": 0, "point_pitch": -0.41334013541671233, "camera_rotation_from_original_to_final": [0.4726349115371704, 0.17689025402069092, 0.685545802116394], "camera_location": [5.967471599578857, -0.6189219355583191, -1.0506269931793213], "point_normal": [-0.002619897248223424, 0.013651745393872261, 0.9999033808708191], "camera_rotation_final_quaternion": [0.4782630205154419, 0.22883251309394836, -0.45502740144729614, -0.7154370546340942], "skybox_img": 4, "point_uuid": "21", "field_of_view_rads": 2.078591559549699, "camera_rotation_final": [1.065584659576416, -0.10802502930164337, -2.026803970336914]}