{"camera_uuid": "8936", "obliqueness_angle": 1.3909417390823364, "nonfixated_points_in_view": [], "camera_rotation_original": [1.5707963705062866, -0.05525452643632889, 2.593282699584961], "point_location": [2.3317840099334717, 0.14568398892879486, -1.3473780155181885], "skybox_img_path": "./img/high/8936_skybox4.jpg", "resolution": 512, "camera_distance": 0.5271241684564006, "view_id": 6, "point_pitch": -0.30314938624831633, "camera_rotation_from_original_to_final": [0.22927486896514893, -0.14691117405891418, -0.6347284913063049], "camera_location": [2.7983593940734863, 0.34614691138267517, -1.2060205936431885], "point_normal": [0.2968771159648895, 0.3930782675743103, -0.8702605962753296], "camera_rotation_final_quaternion": [0.4222283363342285, 0.34460198879241943, 0.4971577525138855, 0.6751347184181213], "skybox_img": 4, "point_uuid": "123", "field_of_view_rads": 1.48952952790217, "camera_rotation_final": [1.2990179061889648, -0.04549304023385048, 1.989269495010376]}