{"camera_uuid": "10177", "obliqueness_angle": 1.2949011325836182, "nonfixated_points_in_view": [], "camera_rotation_original": [1.5707963705062866, -0.03834865614771843, 0.8224437236785889], "point_location": [-0.34234288334846497, 0.8369564414024353, -0.7921566963195801], "skybox_img_path": "./img/high/10177_skybox4.jpg", "resolution": 512, "camera_distance": 0.9413716796605727, "view_id": 68, "point_pitch": -0.2672116001460214, "camera_rotation_from_original_to_final": [-0.18945202231407166, -0.20089370012283325, 0.22526907920837402], "camera_location": [0.43360576033592224, 0.36938637495040894, -0.5363001823425293], "point_normal": [0.04777548089623451, 0.07583989202976227, 0.9959748387336731], "camera_rotation_final_quaternion": [0.6865321397781372, 0.5310449600219727, 0.28652334213256836, 0.4056713879108429], "skybox_img": 4, "point_uuid": "121", "field_of_view_rads": 1.1173938933188836, "camera_rotation_final": [1.2953442335128784, -0.03745327889919281, 1.0390657186508179]}