{"camera_uuid": "13899", "obliqueness_angle": 0.9752107262611389, "nonfixated_points_in_view": [56], "camera_rotation_original": [1.5707963705062866, -0.1048063337802887, -2.0691585540771484], "point_location": [1.1332991123199463, -0.8327366709709167, -1.4375404119491577], "skybox_img_path": "./img/high/13899_skybox4.jpg", "resolution": 512, "camera_distance": 0.7012602091643628, "view_id": 14, "point_pitch": -0.45687214930983977, "camera_rotation_from_original_to_final": [0.2520023584365845, 0.4352620840072632, 0.4437764883041382], "camera_location": [0.5213257074356079, -0.7642488479614258, -1.1020350456237793], "point_normal": [-0.5603585243225098, 0.8280418515205383, -0.018577322363853455], "camera_rotation_final_quaternion": [0.6069544553756714, 0.3193521499633789, -0.3984949588775635, -0.60895174741745], "skybox_img": 4, "point_uuid": "147", "field_of_view_rads": 1.8083336999188173, "camera_rotation_final": [1.0694618225097656, -0.09493904560804367, -1.6303404569625854]}