{"camera_uuid": "11709", "obliqueness_angle": 1.502769947052002, "nonfixated_points_in_view": [], "camera_rotation_original": [1.5707963705062866, -0.1301020085811615, 2.0240726470947266], "point_location": [3.54880690574646, 0.15072500705718994, -1.4055030345916748], "skybox_img_path": "./img/high/11709_skybox4.jpg", "resolution": 512, "camera_distance": 0.7123678805648046, "view_id": 5, "point_pitch": -0.5854946812007089, "camera_rotation_from_original_to_final": [0.28456154465675354, -0.48727187514305115, -0.3178820312023163], "camera_location": [4.140980243682861, 0.27107784152030945, -1.0282578468322754], "point_normal": [0.19957615435123444, 0.8647677302360535, -0.4608103036880493], "camera_rotation_final_quaternion": [0.5006230473518372, 0.33439934253692627, 0.35127562284469604, 0.7170488834381104], "skybox_img": 4, "point_uuid": "83", "field_of_view_rads": 1.188507872007912, "camera_rotation_final": [1.0075347423553467, -0.12819889187812805, 1.8518661260604858]}