{"camera_uuid": "15688", "obliqueness_angle": 0.9047473669052124, "nonfixated_points_in_view": [], "camera_rotation_original": [1.5707963705062866, 0.15845921635627747, -0.18693125247955322], "point_location": [5.577847957611084, 0.5073602795600891, -0.8285789489746094], "skybox_img_path": "./img/high/15688_skybox4.jpg", "resolution": 512, "camera_distance": 0.8671159628839444, "view_id": 43, "point_pitch": -0.6976618011805673, "camera_rotation_from_original_to_final": [-0.6193878650665283, 0.12899334728717804, 0.4429793357849121], "camera_location": [5.78830623626709, -0.16064245998859406, -0.3173356056213379], "point_normal": [0.047805894166231155, -0.0227388683706522, 0.9985978007316589], "camera_rotation_final_quaternion": [0.8898348808288574, 0.43959400057792664, 0.1093701422214508, 0.05467307195067406], "skybox_img": 4, "point_uuid": "11", "field_of_view_rads": 0.9196569054818151, "camera_rotation_final": [0.9322511553764343, 0.14710479974746704, 0.19683778285980225]}