{"camera_uuid": "0914", "obliqueness_angle": 1.5194554328918457, "nonfixated_points_in_view": [], "camera_rotation_original": [1.5707963705062866, -0.003666925709694624, 1.5444324016571045], "point_location": [1.1355481147766113, 2.277404546737671, -1.37511146068573], "skybox_img_path": "./img/high/0914_skybox4.jpg", "resolution": 512, "camera_distance": 0.979959861185168, "view_id": 47, "point_pitch": -0.6845747669551034, "camera_rotation_from_original_to_final": [-0.02060868591070175, -0.6851531863212585, 0.23676136136054993], "camera_location": [1.8786581754684448, 2.4301388263702393, -0.754804253578186], "point_normal": [-0.34670761227607727, -0.666063666343689, 0.6604189276695251], "camera_rotation_final_quaternion": [0.5693986415863037, 0.2714671194553375, 0.3313750624656677, 0.7016276121139526], "skybox_img": 4, "point_uuid": "162", "field_of_view_rads": 0.8339714968154048, "camera_rotation_final": [0.8853787183761597, -0.0035686269402503967, 1.7764252424240112]}