{"camera_uuid": "2160", "obliqueness_angle": 0.7693527936935425, "nonfixated_points_in_view": [2], "camera_rotation_original": [1.5707963705062866, 0.08617914468050003, 0.7316141724586487], "point_location": [0.22651520371437073, 2.849133014678955, -1.442795991897583], "skybox_img_path": "./img/high/2160_skybox4.jpg", "resolution": 512, "camera_distance": 0.7015981255217695, "view_id": 5, "point_pitch": -0.759740992388453, "camera_rotation_from_original_to_final": [-0.6485018730163574, -0.4714716970920563, -0.057038433849811554], "camera_location": [0.47671353816986084, 2.4180948734283447, -0.9489874839782715], "point_normal": [0.024610353633761406, -0.009762244299054146, 0.9996494650840759], "camera_rotation_final_quaternion": [0.9037189483642578, 0.36513495445251465, 0.1214890256524086, 0.18764054775238037], "skybox_img": 4, "point_uuid": "150", "field_of_view_rads": 1.3896106772310381, "camera_rotation_final": [0.7866168022155762, 0.08264968544244766, 0.443755179643631]}