{"camera_uuid": "9758", "obliqueness_angle": 1.2897534370422363, "nonfixated_points_in_view": [], "camera_rotation_original": [1.5707963705062866, -0.06600642949342728, 2.3906326293945312], "point_location": [2.9207348823547363, -0.5152132511138916, -0.5628843903541565], "skybox_img_path": "./img/high/9758_skybox4.jpg", "resolution": 512, "camera_distance": 0.9795307520750882, "view_id": 38, "point_pitch": -0.41273777087661223, "camera_rotation_from_original_to_final": [0.319458544254303, -0.27834612131118774, 0.05962466448545456], "camera_location": [3.460050106048584, 0.1980327069759369, -0.16300977766513824], "point_normal": [-0.26315274834632874, 0.039460260421037674, 0.9639468193054199], "camera_rotation_final_quaternion": [0.23823358118534088, 0.19139167666435242, 0.5091698169708252, 0.8045868873596191], "skybox_img": 4, "point_uuid": "152", "field_of_view_rads": 2.081073338083007, "camera_rotation_final": [1.149322271347046, -0.06542643904685974, 2.5234766006469727]}