{"camera_uuid": "13362", "obliqueness_angle": 0.9535488486289978, "nonfixated_points_in_view": [], "camera_rotation_original": [1.5707963705062866, 0.06784287095069885, -1.467166543006897], "point_location": [5.4932861328125, 0.18884922564029694, -0.9166303277015686], "skybox_img_path": "./img/high/13362_skybox4.jpg", "resolution": 512, "camera_distance": 0.7687219794548567, "view_id": 30, "point_pitch": -0.03495006164046721, "camera_rotation_from_original_to_final": [-0.018146291375160217, 0.07025926560163498, -0.5720377564430237], "camera_location": [4.809042930603027, 0.5348362326622009, -0.8615149855613708], "point_normal": [-0.48851633071899414, 0.18398629128932953, 0.8529366254806519], "camera_rotation_final_quaternion": [0.36549112200737, 0.3732795715332031, -0.5699243545532227, -0.6342434883117676], "skybox_img": 4, "point_uuid": "142", "field_of_view_rads": 1.7804764599127723, "camera_rotation_final": [1.4989209175109863, 0.056926436722278595, -2.0430495738983154]}