{"camera_uuid": "9692", "obliqueness_angle": 0.5016567707061768, "nonfixated_points_in_view": [], "camera_rotation_original": [1.5707963705062866, -0.06949294358491898, -0.9529547095298767], "point_location": [2.6072916984558105, 0.47235140204429626, -1.3380800485610962], "skybox_img_path": "./img/high/9692_skybox4.jpg", "resolution": 512, "camera_distance": 0.7633210947321556, "view_id": 9, "point_pitch": -0.46936790545913176, "camera_rotation_from_original_to_final": [-0.27175164222717285, 0.35676297545433044, -0.42408066987991333], "camera_location": [1.938419222831726, 0.3069848120212555, -1.0095642805099487], "point_normal": [-0.9810226559638977, -0.18625010550022125, -0.0539044626057148], "camera_rotation_final_quaternion": [0.6843522191047668, 0.40802058577537537, -0.3439924120903015, -0.4968405067920685], "skybox_img": 4, "point_uuid": "87", "field_of_view_rads": 0.6651429173367224, "camera_rotation_final": [1.1248635053634644, -0.06542827188968658, -1.2971793413162231]}