{"camera_uuid": "4494", "obliqueness_angle": 1.5086506605148315, "nonfixated_points_in_view": [], "camera_rotation_original": [1.5707963705062866, 0.041572537273168564, 2.931666612625122], "point_location": [1.8005895614624023, 0.6414239406585693, -0.9798945188522339], "skybox_img_path": "./img/high/4494_skybox4.jpg", "resolution": 512, "camera_distance": 0.7612802806985153, "view_id": 104, "point_pitch": -0.05592159827681975, "camera_rotation_from_original_to_final": [0.06913734972476959, -0.012230848893523216, -0.34880053997039795], "camera_location": [2.202939033508301, 1.2854844331741333, -0.9265216588973999], "point_normal": [-0.012308535166084766, -0.0017647614004090428, 0.9999226927757263], "camera_rotation_final_quaternion": [0.2152997851371765, 0.17504994571208954, 0.6590166091918945, 0.6990712881088257], "skybox_img": 4, "point_uuid": "193", "field_of_view_rads": 1.6062519346438284, "camera_rotation_final": [1.5005759000778198, 0.039037417620420456, 2.580458402633667]}