{"camera_uuid": "12276", "obliqueness_angle": 0.6558767557144165, "nonfixated_points_in_view": [], "camera_rotation_original": [1.5707963705062866, -0.005432805046439171, 0.9965407848358154], "point_location": [5.601480484008789, 2.1461212635040283, -1.4044468402862549], "skybox_img_path": "./img/high/12276_skybox4.jpg", "resolution": 512, "camera_distance": 0.5271716434420016, "view_id": 9, "point_pitch": -0.6840593059870859, "camera_rotation_from_original_to_final": [-0.4189590513706207, -0.5617972612380981, 0.7091957330703735], "camera_location": [6.009008884429932, 2.151120901107788, -1.0700734853744507], "point_normal": [0.8320084810256958, 0.5058020949363708, 0.2278733104467392], "camera_rotation_final_quaternion": [0.6333816051483154, 0.3014012575149536, 0.303345263004303, 0.6449548006057739], "skybox_img": 4, "point_uuid": "56", "field_of_view_rads": 1.1263039557204935, "camera_rotation_final": [0.8837139010429382, -0.004513735417276621, 1.5867671966552734]}