{"camera_uuid": "13783", "obliqueness_angle": 0.30748623609542847, "nonfixated_points_in_view": [], "camera_rotation_original": [1.5707963705062866, 0.056053727865219116, -2.062493324279785], "point_location": [0.35382547974586487, -0.5060790181159973, -1.460171103477478], "skybox_img_path": "./img/high/13783_skybox4.jpg", "resolution": 512, "camera_distance": 0.6799467874411617, "view_id": 14, "point_pitch": -0.4760297973963876, "camera_rotation_from_original_to_final": [0.21857206523418427, 0.3912105858325958, 0.6349474787712097], "camera_location": [-0.2567979395389557, -0.5666946172714233, -1.1672676801681519], "point_normal": [-0.8047041893005371, -0.3797302544116974, 0.4563511312007904], "camera_rotation_final_quaternion": [0.6118366122245789, 0.4046708047389984, -0.3476414084434509, -0.5839888453483582], "skybox_img": 4, "point_uuid": "17", "field_of_view_rads": 1.274054123740192, "camera_rotation_final": [1.1249123811721802, 0.04726461321115494, -1.494431972503662]}