{"camera_uuid": "2509", "obliqueness_angle": 1.1280328035354614, "nonfixated_points_in_view": [], "camera_rotation_original": [1.5707963705062866, -0.08298152685165405, -2.3732619285583496], "point_location": [0.8357325792312622, 3.0001583099365234, -1.4500991106033325], "skybox_img_path": "./img/high/2509_skybox4.jpg", "resolution": 512, "camera_distance": 0.9367303788685805, "view_id": 17, "point_pitch": -0.4095805128428598, "camera_rotation_from_original_to_final": [0.3396695554256439, 0.3055350184440613, 0.5833823680877686], "camera_location": [0.02409529872238636, 3.2254159450531006, -1.0402604341506958], "point_normal": [0.02106740139424801, 0.04000088572502136, 0.998977541923523], "camera_rotation_final_quaternion": [0.539012610912323, 0.30426228046417236, -0.4343549907207489, -0.6543894410133362], "skybox_img": 4, "point_uuid": "133", "field_of_view_rads": 0.6025778511851491, "camera_rotation_final": [1.1167590618133545, -0.07009096443653107, -1.8073514699935913]}