{"camera_uuid": "4386", "obliqueness_angle": 1.3873227834701538, "nonfixated_points_in_view": [], "camera_rotation_original": [1.5707963705062866, 0.04096987470984459, -2.076993465423584], "point_location": [0.7851385474205017, 1.2789015769958496, -1.4171496629714966], "skybox_img_path": "./img/high/4386_skybox4.jpg", "resolution": 512, "camera_distance": 0.7959200493388298, "view_id": 22, "point_pitch": -0.10201994975539641, "camera_rotation_from_original_to_final": [0.05489446967840195, 0.11258649080991745, -0.5905169248580933], "camera_location": [0.42709648609161377, 1.9827799797058105, -1.3179035186767578], "point_normal": [0.012679249048233032, 0.07213246822357178, 0.9973145127296448], "camera_rotation_final_quaternion": [0.16234470903873444, 0.1651722937822342, -0.6406022906303406, -0.7321140766143799], "skybox_img": 4, "point_uuid": "187", "field_of_view_rads": 1.689463874588242, "camera_rotation_final": [1.4457051753997803, 0.03385961055755615, -2.6752898693084717]}