{"camera_uuid": "4384", "obliqueness_angle": 0.9929700493812561, "nonfixated_points_in_view": [6], "camera_rotation_original": [1.5707963705062866, -0.013852429576218128, -1.8082129955291748], "point_location": [3.4670467376708984, 1.0758438110351562, -0.6993377804756165], "skybox_img_path": "./img/high/4384_skybox4.jpg", "resolution": 512, "camera_distance": 0.8679705779400161, "view_id": 86, "point_pitch": -0.2661493261668344, "camera_rotation_from_original_to_final": [0.06523909419775009, 0.26253604888916016, 0.3140239119529724], "camera_location": [2.6325342655181885, 1.0189988613128662, -0.46753937005996704], "point_normal": [-0.728654682636261, -0.24732623994350433, -0.6386642456054688], "camera_rotation_final_quaternion": [0.5853351354598999, 0.43952685594558716, -0.41627782583236694, -0.5393623113632202], "skybox_img": 4, "point_uuid": "78", "field_of_view_rads": 0.8526318947095067, "camera_rotation_final": [1.3004335165023804, -0.013196015730500221, -1.499126672744751]}