{"camera_uuid": "14067", "obliqueness_angle": 1.1046273708343506, "nonfixated_points_in_view": [], "camera_rotation_original": [1.5707963705062866, -0.07599041610956192, 1.7616679668426514], "point_location": [5.601480484008789, 2.1461212635040283, -1.4044468402862549], "skybox_img_path": "./img/high/14067_skybox4.jpg", "resolution": 512, "camera_distance": 0.7977092503939823, "view_id": 3, "point_pitch": -0.22607557376357512, "camera_rotation_from_original_to_final": [0.013347554951906204, -0.1739303469657898, -0.7764483094215393], "camera_location": [6.257596969604492, 1.713759422302246, -1.266917109489441], "point_normal": [0.8320084810256958, 0.5058020949363708, 0.2278733104467392], "camera_rotation_final_quaternion": [0.6636925339698792, 0.5746257305145264, 0.2891407012939453, 0.38172653317451477], "skybox_img": 4, "point_uuid": "56", "field_of_view_rads": 1.0386947080855735, "camera_rotation_final": [1.3972604274749756, -0.05492633953690529, 0.9977637529373169]}