{"camera_uuid": "5554", "obliqueness_angle": 1.0214205980300903, "nonfixated_points_in_view": [], "camera_rotation_original": [1.5707963705062866, 0.08232053369283676, 2.208475112915039], "point_location": [1.8005895614624023, 0.6414239406585693, -0.9798945188522339], "skybox_img_path": "./img/high/5554_skybox4.jpg", "resolution": 512, "camera_distance": 0.28916369097506484, "view_id": 27, "point_pitch": -0.5515815456721445, "camera_rotation_from_original_to_final": [0.3479255735874176, -0.4493740200996399, -0.1709127277135849], "camera_location": [2.0092108249664307, 0.7696430683135986, -0.8261002898216248], "point_normal": [-0.012308535166084766, -0.0017647614004090428, 0.9999226927757263], "camera_rotation_final_quaternion": [0.46341192722320557, 0.21551738679409027, 0.4331545829772949, 0.742414116859436], "skybox_img": 4, "point_uuid": "193", "field_of_view_rads": 1.633880848593436, "camera_rotation_final": [1.0079071521759033, 0.0815420001745224, 2.0705342292785645]}