{"camera_uuid": "7509", "obliqueness_angle": 1.0635836124420166, "nonfixated_points_in_view": [54], "camera_rotation_original": [1.5707963705062866, -0.03349829092621803, -3.0459437370300293], "point_location": [2.3592991828918457, 0.36116912961006165, -1.4106029272079468], "skybox_img_path": "./img/high/7509_skybox4.jpg", "resolution": 512, "camera_distance": 0.7325636662881649, "view_id": 10, "point_pitch": -0.5620500286433359, "camera_rotation_from_original_to_final": [0.5649287104606628, 0.05610020086169243, 0.16724729537963867], "camera_location": [2.209475040435791, 0.9605054259300232, -1.0169047117233276], "point_normal": [-0.7301523685455322, 0.6114823222160339, -0.3049046993255615], "camera_rotation_final_quaternion": [0.12413152307271957, 0.04940258711576462, -0.47837936878204346, -0.8679308295249939], "skybox_img": 4, "point_uuid": "28", "field_of_view_rads": 1.957036885090066, "camera_rotation_final": [1.003067970275879, -0.033013857901096344, -2.875581741333008]}