{"camera_uuid": "13812", "obliqueness_angle": 1.261974573135376, "nonfixated_points_in_view": [65, 118, 127], "camera_rotation_original": [1.5707963705062866, 0.07328678667545319, -0.12214570492506027], "point_location": [0.06814911961555481, 0.24820655584335327, -1.4617801904678345], "skybox_img_path": "./img/high/13812_skybox4.jpg", "resolution": 512, "camera_distance": 0.982490357401984, "view_id": 2, "point_pitch": -0.37009982665511565, "camera_rotation_from_original_to_final": [-0.36223387718200684, 0.048249367624521255, 0.07038306444883347], "camera_location": [0.02962983213365078, -0.6686614155769348, -1.110843300819397], "point_normal": [-0.7559177279472351, -0.4688270390033722, -0.4569351077079773], "camera_rotation_final_quaternion": [0.8222779631614685, 0.5668317079544067, 0.010311765596270561, -0.04954209551215172], "skybox_img": 4, "point_uuid": "131", "field_of_view_rads": 1.0910236528484336, "camera_rotation_final": [1.2045109272003174, 0.07318765670061111, -0.07002921402454376]}