{"camera_uuid": "2010", "obliqueness_angle": 0.9716591238975525, "nonfixated_points_in_view": [], "camera_rotation_original": [1.5707963705062866, 0.16014422476291656, 2.0212531089782715], "point_location": [-0.014790859073400497, 3.0187888145446777, -1.4541010856628418], "skybox_img_path": "./img/high/2010_skybox4.jpg", "resolution": 512, "camera_distance": 0.8308787266065327, "view_id": 11, "point_pitch": -0.49228636821242766, "camera_rotation_from_original_to_final": [0.3081844449043274, -0.5247133374214172, -0.7832515835762024], "camera_location": [0.6482129693031311, 2.845064401626587, -0.9844147562980652], "point_normal": [-0.0014163268497213721, 0.001087893615476787, 0.9999983906745911], "camera_rotation_final_quaternion": [0.7359740138053894, 0.3485621511936188, 0.30961287021636963, 0.4909037947654724], "skybox_img": 4, "point_uuid": "3", "field_of_view_rads": 0.7352830670651015, "camera_rotation_final": [0.9655482172966003, 0.11375828087329865, 1.2361559867858887]}