{"camera_uuid": "0803", "obliqueness_angle": 0.9809306263923645, "nonfixated_points_in_view": [], "camera_rotation_original": [1.5707963705062866, 0.12990395724773407, 1.6070194244384766], "point_location": [0.8357325792312622, 3.0001583099365234, -1.4500991106033325], "skybox_img_path": "./img/high/0803_skybox4.jpg", "resolution": 512, "camera_distance": 0.7599149026557731, "view_id": 5, "point_pitch": -0.5731283863398691, "camera_rotation_from_original_to_final": [-0.0009398755501024425, -0.5638349056243896, 0.10969560593366623], "camera_location": [1.4707432985305786, 3.0977838039398193, -1.0442650318145752], "point_normal": [0.02106740139424801, 0.04000088572502136, 0.998977541923523], "camera_rotation_final_quaternion": [0.6196537613868713, 0.2852443754673004, 0.38937079906463623, 0.6189145445823669], "skybox_img": 4, "point_uuid": "133", "field_of_view_rads": 1.6924921945557647, "camera_rotation_final": [1.0020396709442139, 0.12983083724975586, 1.640771508216858]}