{"camera_uuid": "8703", "obliqueness_angle": 1.1848139762878418, "nonfixated_points_in_view": [], "camera_rotation_original": [1.5707963705062866, 0.030912362039089203, 1.3763266801834106], "point_location": [-0.5961403846740723, 1.2346282005310059, -0.7860416769981384], "skybox_img_path": "./img/high/8703_skybox4.jpg", "resolution": 512, "camera_distance": 0.8172229487460164, "view_id": 0, "point_pitch": 0.08426161209610505, "camera_rotation_from_original_to_final": [0.01900939643383026, 0.06269562989473343, -0.6655391454696655], "camera_location": [-0.06432848423719406, 0.6164084672927856, -0.8392751812934875], "point_normal": [0.8782632350921631, 0.290557324886322, -0.37977638840675354], "camera_rotation_final_quaternion": [0.6438624858856201, 0.6810722947120667, 0.26212653517723083, 0.22993753850460052], "skybox_img": 4, "point_uuid": "157", "field_of_view_rads": 1.6316217442386929, "camera_rotation_final": [1.636001467704773, 0.024341098964214325, 0.7119932770729065]}