{"camera_uuid": "13821", "obliqueness_angle": 0.45815509557724, "nonfixated_points_in_view": [], "camera_rotation_original": [1.5707963705062866, -0.05836937576532364, 1.7615113258361816], "point_location": [5.601480484008789, 2.1461212635040283, -1.4044468402862549], "skybox_img_path": "./img/high/13821_skybox4.jpg", "resolution": 512, "camera_distance": 0.946218736985947, "view_id": 12, "point_pitch": -0.5527531345698495, "camera_rotation_from_original_to_final": [0.1266208291053772, -0.54084712266922, -0.029800761491060257], "camera_location": [6.391232013702393, 2.3005881309509277, -0.906689465045929], "point_normal": [0.8320084810256958, 0.5058020949363708, 0.2278733104467392], "camera_rotation_final_quaternion": [0.5317785739898682, 0.3221300542354584, 0.36497634649276733, 0.6929906606674194], "skybox_img": 4, "point_uuid": "56", "field_of_view_rads": 0.9904486154446002, "camera_rotation_final": [1.015794277191162, -0.05832608789205551, 1.8000738620758057]}