{"camera_uuid": "4519", "obliqueness_angle": 1.0887064933776855, "nonfixated_points_in_view": [], "camera_rotation_original": [1.5707963705062866, -0.05689116194844246, 1.5017900466918945], "point_location": [-0.0037994040176272392, 1.4926419258117676, -1.4197502136230469], "skybox_img_path": "./img/high/4519_skybox4.jpg", "resolution": 512, "camera_distance": 0.9949051230472717, "view_id": 3, "point_pitch": -0.4144230326029916, "camera_rotation_from_original_to_final": [-0.02612382546067238, -0.4211404323577881, 0.1254124939441681], "camera_location": [0.9027501940727234, 1.537814736366272, -1.0123640298843384], "point_normal": [0.5946656465530396, -0.7973978519439697, -0.10261386632919312], "camera_rotation_final_quaternion": [0.5596047043800354, 0.38651448488235474, 0.381929874420166, 0.6257625222206116], "skybox_img": 4, "point_uuid": "70", "field_of_view_rads": 1.0386947080855735, "camera_rotation_final": [1.1482083797454834, -0.05630282685160637, 1.6458840370178223]}