{"camera_uuid": "14620", "obliqueness_angle": 1.0107364654541016, "nonfixated_points_in_view": [34, 118], "camera_rotation_original": [1.5707963705062866, -0.04593745246529579, 0.8192160129547119], "point_location": [0.2828949987888336, -0.2686469852924347, -1.422070026397705], "skybox_img_path": "./img/high/14620_skybox4.jpg", "resolution": 512, "camera_distance": 0.7087180895997188, "view_id": 39, "point_pitch": -0.3912500580165048, "camera_rotation_from_original_to_final": [-0.27507200837135315, -0.2875292897224426, 0.1183345764875412], "camera_location": [0.7939316630363464, -0.6768860816955566, -1.1491895914077759], "point_normal": [0.22545656561851501, 0.011161365546286106, 0.974189281463623], "camera_rotation_final_quaternion": [0.740749716758728, 0.505499541759491, 0.22793270647525787, 0.37921857833862305], "skybox_img": 4, "point_uuid": "105", "field_of_view_rads": 2.1797545326211765, "camera_rotation_final": [1.1751153469085693, -0.045723382383584976, 0.9158502221107483]}