{"camera_uuid": "11492", "obliqueness_angle": 0.8524266481399536, "nonfixated_points_in_view": [127], "camera_rotation_original": [1.5707963705062866, -0.0053141978569328785, 1.2191067934036255], "point_location": [-0.1822434514760971, 0.2831597626209259, -1.431676983833313], "skybox_img_path": "./img/high/11492_skybox4.jpg", "resolution": 512, "camera_distance": 0.770995596075592, "view_id": 14, "point_pitch": -0.3668972690913339, "camera_rotation_from_original_to_final": [-0.13090278208255768, -0.3421376943588257, -0.26342687010765076], "camera_location": [0.39629051089286804, -0.14559948444366455, -1.156180739402771], "point_normal": [0.12324375659227371, -0.9915743470191956, 0.03989033028483391], "camera_rotation_final_quaternion": [0.7347682118415833, 0.5069888830184937, 0.2535736858844757, 0.37252965569496155], "skybox_img": 4, "point_uuid": "188", "field_of_view_rads": 2.0062308946333633, "camera_rotation_final": [1.2053887844085693, -0.0051010726019740105, 0.9349585175514221]}