{"camera_uuid": "10218", "obliqueness_angle": 0.9760000109672546, "nonfixated_points_in_view": [110], "camera_rotation_original": [1.5707963705062866, 0.021992607042193413, 2.3080360889434814], "point_location": [4.562438011169434, 1.4008369445800781, -1.4019603729248047], "skybox_img_path": "./img/high/10218_skybox4.jpg", "resolution": 512, "camera_distance": 0.9266794571548406, "view_id": 6, "point_pitch": -0.5392886837336679, "camera_rotation_from_original_to_final": [0.38240787386894226, -0.39399245381355286, -0.1940610706806183], "camera_location": [5.207926273345947, 1.8629931211471558, -0.9239526391029358], "point_normal": [0.223052978515625, 0.9637098908424377, -0.14666493237018585], "camera_rotation_final_quaternion": [0.40775296092033386, 0.21930643916130066, 0.4404434561729431, 0.7691890001296997], "skybox_img": 4, "point_uuid": "75", "field_of_view_rads": 1.957036885090066, "camera_rotation_final": [1.0286786556243896, 0.0218097735196352, 2.1790318489074707]}