{"camera_uuid": "11838", "obliqueness_angle": 1.0910170078277588, "nonfixated_points_in_view": [], "camera_rotation_original": [1.5707963705062866, 0.06127730756998062, 0.03846961259841919], "point_location": [4.528530120849609, 1.0438001155853271, -1.4141380786895752], "skybox_img_path": "./img/high/11838_skybox4.jpg", "resolution": 512, "camera_distance": 0.4675591324830558, "view_id": 5, "point_pitch": -0.4996339519831796, "camera_rotation_from_original_to_final": [-0.5086216330528259, -0.0117998281493783, -0.1305394172668457], "camera_location": [4.4905781745910645, 0.6372091770172119, -1.1864211559295654], "point_normal": [0.012244894169270992, 0.0278637632727623, 0.9995367527008057], "camera_rotation_final_quaternion": [0.8594368100166321, 0.506405770778656, -0.006039719562977552, -0.06989340484142303], "skybox_img": 4, "point_uuid": "140", "field_of_view_rads": 2.119048415795751, "camera_rotation_final": [1.0610859394073486, 0.06044413149356842, -0.1268257349729538]}