{"camera_uuid": "5595", "obliqueness_angle": 0.6305637955665588, "nonfixated_points_in_view": [6], "camera_rotation_original": [1.5707963705062866, -0.12058649957180023, -1.2765295505523682], "point_location": [3.4670467376708984, 1.0758438110351562, -0.6993377804756165], "skybox_img_path": "./img/high/5595_skybox4.jpg", "resolution": 512, "camera_distance": 0.8046724654559337, "view_id": 43, "point_pitch": 0.0601371089604239, "camera_rotation_from_original_to_final": [0.019729256629943848, -0.06499107927083969, -0.06125137582421303], "camera_location": [2.686044931411743, 0.8899623155593872, -0.7539455890655518], "point_normal": [-0.728654682636261, -0.24732623994350433, -0.6386642456054688], "camera_rotation_final_quaternion": [0.5602395534515381, 0.5450581908226013, -0.4866655468940735, -0.3901280164718628], "skybox_img": 4, "point_uuid": "78", "field_of_view_rads": 0.9196569054818151, "camera_rotation_final": [1.6392072439193726, -0.12030366063117981, -1.3453625440597534]}