{"camera_uuid": "7212", "obliqueness_angle": 1.2499494552612305, "nonfixated_points_in_view": [], "camera_rotation_original": [1.5707963705062866, 0.06981261074542999, -2.816816806793213], "point_location": [2.745572328567505, -0.016294807195663452, -0.9296797513961792], "skybox_img_path": "./img/high/7212_skybox4.jpg", "resolution": 512, "camera_distance": 0.8009650228878823, "view_id": 6, "point_pitch": -0.7070931633326669, "camera_rotation_from_original_to_final": [0.6473122835159302, 0.19373521208763123, 0.6196449995040894], "camera_location": [2.2614822387695312, 0.38218986988067627, -0.431270569562912], "point_normal": [-0.5854119062423706, 0.6019739508628845, -0.5430656671524048], "camera_rotation_final_quaternion": [0.35243839025497437, 0.20069268345832825, -0.38547632098197937, -0.8288049697875977], "skybox_img": 4, "point_uuid": "102", "field_of_view_rads": 1.7927549318813307, "camera_rotation_final": [0.8976868987083435, 0.06099469214677811, -2.3080663681030273]}