{"camera_uuid": "12811", "obliqueness_angle": 1.089555025100708, "nonfixated_points_in_view": [13], "camera_rotation_original": [1.5707963705062866, 0.008775599300861359, -2.0267553329467773], "point_location": [0.580907940864563, -0.050188999623060226, -1.4085019826889038], "skybox_img_path": "./img/high/12811_skybox4.jpg", "resolution": 512, "camera_distance": 0.8936953043123717, "view_id": 29, "point_pitch": -0.3891828497264047, "camera_rotation_from_original_to_final": [0.17534849047660828, 0.3436603844165802, 0.6330295205116272], "camera_location": [-0.23876804113388062, -0.17103569209575653, -1.0735114812850952], "point_normal": [-0.16356271505355835, 0.2954562306404114, 0.941250741481781], "camera_rotation_final_quaternion": [0.6254456043243408, 0.4246106445789337, -0.3637128472328186, -0.5442761778831482], "skybox_img": 4, "point_uuid": "57", "field_of_view_rads": 2.0062308946333633, "camera_rotation_final": [1.1865642070770264, 0.007245771586894989, -1.427348256111145]}