{"camera_uuid": "14035", "obliqueness_angle": 0.41873472929000854, "nonfixated_points_in_view": [], "camera_rotation_original": [1.5707963705062866, 0.007714421488344669, 1.69298255443573], "point_location": [5.601480484008789, 2.1461212635040283, -1.4044468402862549], "skybox_img_path": "./img/high/14035_skybox4.jpg", "resolution": 512, "camera_distance": 0.3716288968130779, "view_id": 20, "point_pitch": -0.5520395477625986, "camera_rotation_from_original_to_final": [0.0735112726688385, -0.5466243028640747, 0.1104302629828453], "camera_location": [5.907973766326904, 2.225555181503296, -1.2098699808120728], "point_normal": [0.8320084810256958, 0.5058020949363708, 0.2278733104467392], "camera_rotation_final_quaternion": [0.5372623801231384, 0.2969675362110138, 0.387325644493103, 0.6878504753112793], "skybox_img": 4, "point_uuid": "56", "field_of_view_rads": 1.7927549318813307, "camera_rotation_final": [1.0197328329086304, 0.007652566768229008, 1.8196840286254883]}