{"camera_uuid": "10862", "obliqueness_angle": 1.1401214599609375, "nonfixated_points_in_view": [90], "camera_rotation_original": [1.5707963705062866, -0.10501728951931, 1.4506700038909912], "point_location": [4.301836967468262, 1.017685055732727, -0.9298179745674133], "skybox_img_path": "./img/high/10862_skybox4.jpg", "resolution": 512, "camera_distance": 0.8796034449734592, "view_id": 47, "point_pitch": 0.0034219781544546635, "camera_rotation_from_original_to_final": [-0.010781909339129925, -0.0326998345553875, 0.3608776926994324], "camera_location": [5.155598163604736, 1.2272387742996216, -0.9001316428184509], "point_normal": [0.34493890404701233, 0.21770301461219788, 0.9130293130874634], "camera_rotation_final_quaternion": [0.4153485596179962, 0.45526552200317383, 0.5252223014831543, 0.5868223309516907], "skybox_img": 4, "point_uuid": "143", "field_of_view_rads": 1.7513250082996996, "camera_rotation_final": [1.5368767976760864, -0.09817692637443542, 1.8148119449615479]}