{"camera_uuid": "3922", "obliqueness_angle": 1.3718533515930176, "nonfixated_points_in_view": [1], "camera_rotation_original": [1.5707963705062866, -0.057406991720199585, 0.2753177583217621], "point_location": [2.196098566055298, 2.2025678157806396, -1.3980869054794312], "skybox_img_path": "./img/high/3922_skybox4.jpg", "resolution": 512, "camera_distance": 0.8881601893616569, "view_id": 9, "point_pitch": -0.44032709201308684, "camera_rotation_from_original_to_final": [-0.4322931170463562, -0.12296681106090546, 0.1548718959093094], "camera_location": [2.50917387008667, 1.4659606218338013, -1.0130904912948608], "point_normal": [0.9356234073638916, 0.2750264108181, 0.22129014134407043], "camera_rotation_final_quaternion": [0.8238391876220703, 0.5245994925498962, 0.08976239711046219, 0.1950051486492157], "skybox_img": 4, "point_uuid": "165", "field_of_view_rads": 1.0039714359666843, "camera_rotation_final": [1.1216745376586914, -0.05673006549477577, 0.42921140789985657]}