{"camera_uuid": "8106", "obliqueness_angle": 1.2706295251846313, "nonfixated_points_in_view": [], "camera_rotation_original": [1.5707963705062866, -0.09906839579343796, -1.4623721837997437], "point_location": [2.745572328567505, -0.016294807195663452, -0.9296797513961792], "skybox_img_path": "./img/high/8106_skybox4.jpg", "resolution": 512, "camera_distance": 0.4957557037100428, "view_id": 29, "point_pitch": -0.6665498455378671, "camera_rotation_from_original_to_final": [-0.09174848347902298, 0.6198045015335083, -0.48515990376472473], "camera_location": [2.3683085441589355, 0.12220379710197449, -0.6393973231315613], "point_normal": [-0.5854119062423706, 0.6019739508628845, -0.5430656671524048], "camera_rotation_final_quaternion": [0.5500948429107666, 0.23909945785999298, -0.3873807489871979, -0.7001166343688965], "skybox_img": 4, "point_uuid": "102", "field_of_view_rads": 0.9196569054818151, "camera_rotation_final": [0.9422169327735901, -0.09152503311634064, -1.8562918901443481]}