{"camera_uuid": "9800", "obliqueness_angle": 0.6453623175621033, "nonfixated_points_in_view": [110], "camera_rotation_original": [1.5707963705062866, -0.10740143805742264, 2.13277268409729], "point_location": [4.301836967468262, 1.017685055732727, -0.9298179745674133], "skybox_img_path": "./img/high/9800_skybox4.jpg", "resolution": 512, "camera_distance": 0.9667117958009854, "view_id": 1, "point_pitch": 0.3034663955357413, "camera_rotation_from_original_to_final": [-0.1586536318063736, 0.2544593811035156, 0.03794344887137413], "camera_location": [5.053194522857666, 1.55522620677948, -1.214498519897461], "point_normal": [0.8843962550163269, 0.35868605971336365, 0.2986428737640381], "camera_rotation_final_quaternion": [0.24148410558700562, 0.40745773911476135, 0.6937001347541809, 0.5426267385482788], "skybox_img": 4, "point_uuid": "143", "field_of_view_rads": 1.6816280418618088, "camera_rotation_final": [1.871496319770813, -0.10736598074436188, 2.1585826873779297]}