{"camera_uuid": "8627", "obliqueness_angle": 1.4759547710418701, "nonfixated_points_in_view": [], "camera_rotation_original": [1.5707963705062866, -0.09034702926874161, -1.1606674194335938], "point_location": [4.301836967468262, 1.017685055732727, -0.9298179745674133], "skybox_img_path": "./img/high/8627_skybox4.jpg", "resolution": 512, "camera_distance": 0.6330302387797618, "view_id": 66, "point_pitch": -0.6044513424250741, "camera_rotation_from_original_to_final": [-0.2973799407482147, 0.6032620668411255, 0.6029369831085205], "camera_location": [4.079478740692139, 0.5716113448143005, -0.5395586490631104], "point_normal": [0.8034110069274902, 0.2184903621673584, 0.553888738155365], "camera_rotation_final_quaternion": [0.8829876184463501, 0.4216485619544983, -0.11817601323127747, -0.1690557301044464], "skybox_img": 4, "point_uuid": "143", "field_of_view_rads": 1.6704098442162183, "camera_rotation_final": [0.9047955274581909, -0.06617999076843262, -0.4105125367641449]}