{"camera_uuid": "3982", "obliqueness_angle": 0.7557494640350342, "nonfixated_points_in_view": [], "camera_rotation_original": [1.5707963705062866, -0.05667495355010033, 1.396636962890625], "point_location": [-0.4168107807636261, 2.6449878215789795, -1.3910259008407593], "skybox_img_path": "./img/high/3982_skybox4.jpg", "resolution": 512, "camera_distance": 0.9757069998499345, "view_id": 0, "point_pitch": -0.2977546890589853, "camera_rotation_from_original_to_final": [-0.05143728107213974, -0.2700274884700775, -0.4188093841075897], "camera_location": [0.3584893047809601, 2.1150460243225098, -1.1263079643249512], "point_normal": [0.9926148056983948, 0.12025166302919388, 0.015980595722794533], "camera_rotation_final_quaternion": [0.6948058009147644, 0.5412396192550659, 0.2672176659107208, 0.3910233974456787], "skybox_img": 4, "point_uuid": "109", "field_of_view_rads": 2.078591559549699, "camera_rotation_final": [1.2956626415252686, -0.05196929723024368, 0.9858720302581787]}