{"camera_uuid": "9257", "obliqueness_angle": 1.3291722536087036, "nonfixated_points_in_view": [], "camera_rotation_original": [1.5707963705062866, -0.001984015107154846, 1.029151201248169], "point_location": [-0.30368760228157043, 1.3439174890518188, -0.7665223479270935], "skybox_img_path": "./img/high/9257_skybox4.jpg", "resolution": 512, "camera_distance": 0.9693670461145115, "view_id": 49, "point_pitch": 0.46488268772629304, "camera_rotation_from_original_to_final": [0.2535802721977234, 0.39516136050224304, -0.4846486747264862], "camera_location": [0.10653778165578842, 0.5811856389045715, -1.2019850015640259], "point_normal": [0.9422652125358582, 0.29410141706466675, -0.16012726724147797], "camera_rotation_final_quaternion": [0.5087599754333496, 0.8256608843803406, 0.20711326599121094, 0.12865275144577026], "skybox_img": 4, "point_uuid": "180", "field_of_view_rads": 0.9791046545667723, "camera_rotation_final": [2.0366930961608887, -0.001705194590613246, 0.4925996661186218]}