{"camera_uuid": "8494", "obliqueness_angle": 0.9996267557144165, "nonfixated_points_in_view": [], "camera_rotation_original": [1.5707963705062866, 0.0364593006670475, -1.1261839866638184], "point_location": [2.9207348823547363, -0.5152132511138916, -0.5628843903541565], "skybox_img_path": "./img/high/8494_skybox4.jpg", "resolution": 512, "camera_distance": 0.45984936938382837, "view_id": 9, "point_pitch": -0.27990953525039153, "camera_rotation_from_original_to_final": [-0.13989105820655823, 0.2697715163230896, -0.7001878023147583], "camera_location": [2.4941701889038086, -0.41189587116241455, -0.42566367983818054], "point_normal": [-0.26315274834632874, 0.039460260421037674, 0.9639468193054199], "camera_rotation_final_quaternion": [0.4888101816177368, 0.3730228543281555, -0.4600568115711212, -0.6405203342437744], "skybox_img": 4, "point_uuid": "152", "field_of_view_rads": 1.6924921945557647, "camera_rotation_final": [1.267653465270996, 0.02810022421181202, -1.8172160387039185]}