{"camera_uuid": "11420", "obliqueness_angle": 1.234565019607544, "nonfixated_points_in_view": [65, 124, 118], "camera_rotation_original": [1.5707963705062866, -0.05035984888672829, 1.9093886613845825], "point_location": [-0.11395721882581711, -0.04560520127415657, -1.4123445749282837], "skybox_img_path": "./img/high/11420_skybox4.jpg", "resolution": 512, "camera_distance": 0.8366068272750709, "view_id": 50, "point_pitch": -0.33536820014449553, "camera_rotation_from_original_to_final": [0.11957847326993942, -0.3191445767879486, 0.06611602008342743], "camera_location": [0.6050594449043274, 0.2785094380378723, -1.1332824230194092], "point_normal": [0.004181658383458853, -0.01849798485636711, 0.9998201131820679], "camera_rotation_final_quaternion": [0.42477360367774963, 0.3260447382926941, 0.47635361552238464, 0.6973875761032104], "skybox_img": 4, "point_uuid": "192", "field_of_view_rads": 2.0816637958161985, "camera_rotation_final": [1.2302701473236084, -0.050095174461603165, 2.012035369873047]}