{"camera_uuid": "6775", "obliqueness_angle": 1.265711784362793, "nonfixated_points_in_view": [67], "camera_rotation_original": [1.5707963705062866, 0.07435298711061478, 0.48723652958869934], "point_location": [-0.014790859073400497, 3.0187888145446777, -1.4541010856628418], "skybox_img_path": "./img/high/6775_skybox4.jpg", "resolution": 512, "camera_distance": 0.9644485758850475, "view_id": 20, "point_pitch": -0.26766829093429045, "camera_rotation_from_original_to_final": [-0.2688596248626709, -0.1483606994152069, -0.5123394131660461], "camera_location": [-0.05747922882437706, 2.1001646518707275, -1.1634665727615356], "point_normal": [-0.0014163268497213721, 0.001087893615476787, 0.9999983906745911], "camera_rotation_final_quaternion": [0.8053609728813171, 0.5910087823867798, 0.005889170337468386, -0.0454711951315403], "skybox_img": 4, "point_uuid": "3", "field_of_view_rads": 1.7927549318813307, "camera_rotation_final": [1.2640565633773804, 0.0632757842540741, -0.06646218150854111]}