{"camera_uuid": "15376", "obliqueness_angle": 1.2826411724090576, "nonfixated_points_in_view": [8], "camera_rotation_original": [1.5707963705062866, 0.06410941481590271, -0.36079320311546326], "point_location": [5.4932861328125, 0.18884922564029694, -0.9166303277015686], "skybox_img_path": "./img/high/15376_skybox4.jpg", "resolution": 512, "camera_distance": 0.6619359544649631, "view_id": 22, "point_pitch": -0.6753842075678964, "camera_rotation_from_original_to_final": [-0.6090164184570312, 0.2167104035615921, 0.502741277217865], "camera_location": [5.604823112487793, -0.329521507024765, -0.5203848481178284], "point_normal": [-0.48851633071899414, 0.18398629128932953, 0.8529366254806519], "camera_rotation_final_quaternion": [0.8917592763900757, 0.44357287883758545, 0.06273061037063599, 0.06382261961698532], "skybox_img": 4, "point_uuid": "142", "field_of_view_rads": 0.9791046545667723, "camera_rotation_final": [0.9278799891471863, 0.055289410054683685, 0.17056521773338318]}