{"camera_uuid": "10149", "obliqueness_angle": 1.4347517490386963, "nonfixated_points_in_view": [59], "camera_rotation_original": [1.5707963705062866, -0.04618680477142334, -0.7670478224754333], "point_location": [4.591547966003418, 0.7892270088195801, -1.4046629667282104], "skybox_img_path": "./img/high/10149_skybox4.jpg", "resolution": 512, "camera_distance": 0.8594948316603727, "view_id": 5, "point_pitch": -0.1916646202418466, "camera_rotation_from_original_to_final": [-0.1384458690881729, 0.1311204433441162, -0.041037239134311676], "camera_location": [3.986677646636963, 0.20066356658935547, -1.242008924484253], "point_normal": [0.5981144309043884, -0.7100459337234497, 0.3716098964214325], "camera_rotation_final_quaternion": [0.7172425389289856, 0.5805647969245911, -0.26138612627983093, -0.2831694483757019], "skybox_img": 4, "point_uuid": "159", "field_of_view_rads": 1.9554518605800617, "camera_rotation_final": [1.3801989555358887, -0.04617447406053543, -0.7901555895805359]}