{"camera_uuid": "15216", "obliqueness_angle": 0.9911233186721802, "nonfixated_points_in_view": [], "camera_rotation_original": [1.5707963705062866, -0.11663642525672913, -2.7466721534729004], "point_location": [6.481565952301025, 0.8570258617401123, -1.4156475067138672], "skybox_img_path": "./img/high/15216_skybox4.jpg", "resolution": 512, "camera_distance": 0.9540492902044218, "view_id": 0, "point_pitch": -0.6207112511012216, "camera_rotation_from_original_to_final": [0.5413223505020142, 0.22655542194843292, -0.30542007088661194], "camera_location": [6.464585304260254, 1.6537121534347534, -0.8910403847694397], "point_normal": [-0.010680751875042915, -0.002730970038101077, 0.9999393224716187], "camera_rotation_final_quaternion": [0.06810976564884186, -0.02661818638443947, -0.47366058826446533, -0.8776662945747375], "skybox_img": 4, "point_uuid": "134", "field_of_view_rads": 1.1498058012590282, "camera_rotation_final": [0.9844652414321899, -0.1114763393998146, -3.046520948410034]}