{"camera_uuid": "10233", "obliqueness_angle": 1.4720563888549805, "nonfixated_points_in_view": [], "camera_rotation_original": [1.5707963705062866, 0.036394815891981125, 3.0452985763549805], "point_location": [3.9741721153259277, -0.9291063547134399, -0.6485407948493958], "skybox_img_path": "./img/high/10233_skybox4.jpg", "resolution": 512, "camera_distance": 0.9820446025635583, "view_id": 5, "point_pitch": -0.4605063637110849, "camera_rotation_from_original_to_final": [0.44103366136550903, -0.040222298353910446, 0.5087555646896362], "camera_location": [3.6113438606262207, -0.11931866407394409, -0.22781386971473694], "point_normal": [0.019443031400442123, 0.5589542388916016, -0.8289705514907837], "camera_rotation_final_quaternion": [-0.16206541657447815, -0.12097471207380295, 0.5207259058952332, 0.8294241428375244], "skybox_img": 4, "point_uuid": "189", "field_of_view_rads": 0.9904486154446002, "camera_rotation_final": [1.1278122663497925, 0.031900785863399506, 3.5476956367492676]}