{"camera_uuid": "15417", "obliqueness_angle": 0.867071807384491, "nonfixated_points_in_view": [], "camera_rotation_original": [1.5707963705062866, -0.12114420533180237, 2.381495475769043], "point_location": [5.022676944732666, -0.4345104992389679, -1.360304355621338], "skybox_img_path": "./img/high/15417_skybox4.jpg", "resolution": 512, "camera_distance": 0.9712329930396127, "view_id": 15, "point_pitch": -0.590664072832789, "camera_rotation_from_original_to_final": [0.5002176761627197, -0.411405473947525, 0.24374128878116608], "camera_location": [5.33779764175415, 0.28034281730651855, -0.7832625508308411], "point_normal": [0.020464561879634857, 0.0647537112236023, 0.9976915121078491], "camera_rotation_final_quaternion": [0.12362262606620789, 0.1228807270526886, 0.43339803814888, 0.8841854333877563], "skybox_img": 4, "point_uuid": "62", "field_of_view_rads": 0.9239011772765595, "camera_rotation_final": [0.9300799369812012, -0.11036701500415802, 2.808345317840576]}