{"camera_uuid": "4023", "obliqueness_angle": 0.9634854197502136, "nonfixated_points_in_view": [], "camera_rotation_original": [1.5707963705062866, 0.0278422012925148, 0.572577953338623], "point_location": [0.23549170792102814, 2.561976432800293, -1.4406388998031616], "skybox_img_path": "./img/high/4023_skybox4.jpg", "resolution": 512, "camera_distance": 0.6190307682181257, "view_id": 4, "point_pitch": -0.39297954638930754, "camera_rotation_from_original_to_final": [-0.3355773091316223, -0.2067267894744873, 0.07295019924640656], "camera_location": [0.5636000633239746, 2.093366861343384, -1.2041033506393433], "point_normal": [-0.3735734224319458, -0.8979271650314331, 0.23274387419223785], "camera_rotation_final_quaternion": [0.7964981198310852, 0.5275293588638306, 0.17509908974170685, 0.2379995584487915], "skybox_img": 4, "point_uuid": "55", "field_of_view_rads": 1.7779022957772381, "camera_rotation_final": [1.178561806678772, 0.0278322696685791, 0.5993316173553467]}