{"camera_uuid": "15001", "obliqueness_angle": 1.3897919654846191, "nonfixated_points_in_view": [38], "camera_rotation_original": [1.5707963705062866, 0.11027832329273224, 2.6003341674804688], "point_location": [5.327018737792969, -0.6150552034378052, -1.3985912799835205], "skybox_img_path": "./img/high/15001_skybox4.jpg", "resolution": 512, "camera_distance": 0.8619258616590908, "view_id": 25, "point_pitch": -0.16485731204482512, "camera_rotation_from_original_to_final": [0.15849143266677856, -0.0945313423871994, -0.17532570660114288], "camera_location": [5.878738880157471, 0.02803184650838375, -1.2406034469604492], "point_normal": [-0.004159807693213224, -0.0008233638945966959, 0.9999910593032837], "camera_rotation_final_quaternion": [0.30635809898376465, 0.18849457800388336, 0.6105912327766418, 0.7055444121360779], "skybox_img": 4, "point_uuid": "39", "field_of_view_rads": 1.5766701541034631, "camera_rotation_final": [1.3853578567504883, 0.10834839195013046, 2.4122328758239746]}