{"camera_uuid": "8391", "obliqueness_angle": 1.5298525094985962, "nonfixated_points_in_view": [4], "camera_rotation_original": [1.5707963705062866, -0.13252931833267212, 1.3297669887542725], "point_location": [2.7213988304138184, 0.7782269716262817, -1.3615648746490479], "skybox_img_path": "./img/high/8391_skybox4.jpg", "resolution": 512, "camera_distance": 0.9512560452734083, "view_id": 4, "point_pitch": -0.6176220615718027, "camera_rotation_from_original_to_final": [-0.13468500971794128, -0.5709437727928162, -0.2496223896741867], "camera_location": [3.4029974937438965, 0.3722526729106903, -0.8366875648498535], "point_normal": [0.6617732048034668, 0.7121241688728333, -0.2343832552433014], "camera_rotation_final_quaternion": [0.7296524047851562, 0.4285220205783844, 0.20120252668857574, 0.49345090985298157], "skybox_img": 4, "point_uuid": "12", "field_of_view_rads": 1.7779022957772381, "camera_rotation_final": [0.9806971549987793, -0.12965629994869232, 1.1199753284454346]}