{"camera_uuid": "11027", "obliqueness_angle": 1.3802956342697144, "nonfixated_points_in_view": [], "camera_rotation_original": [1.5707963705062866, 0.00856827013194561, -1.6426230669021606], "point_location": [6.416158676147461, 2.537578821182251, -1.2911784648895264], "skybox_img_path": "./img/high/11027_skybox4.jpg", "resolution": 512, "camera_distance": 0.8827615908907278, "view_id": 3, "point_pitch": -0.18956963618728118, "camera_rotation_from_original_to_final": [0.013647719286382198, 0.18746523559093475, 0.19158044457435608], "camera_location": [5.555022716522217, 2.435079574584961, -1.126233696937561], "point_normal": [-0.00751654664054513, 0.040270037949085236, 0.9991605877876282], "camera_rotation_final_quaternion": [0.5738090872764587, 0.4785844087600708, -0.42134493589401245, -0.5139732956886292], "skybox_img": 4, "point_uuid": "148", "field_of_view_rads": 2.056502920039658, "camera_rotation_final": [1.3828340768814087, 0.00841620471328497, -1.4539265632629395]}