{"camera_uuid": "2434", "obliqueness_angle": 1.4042656421661377, "nonfixated_points_in_view": [], "camera_rotation_original": [1.5707963705062866, -0.004723154008388519, 0.8014244437217712], "point_location": [1.1355481147766113, 2.277404546737671, -1.37511146068573], "skybox_img_path": "./img/high/2434_skybox4.jpg", "resolution": 512, "camera_distance": 0.9729599641296347, "view_id": 3, "point_pitch": -0.6053914268824716, "camera_rotation_from_original_to_final": [-0.4511430263519287, -0.4228941798210144, 0.7383497953414917], "camera_location": [1.9273474216461182, 2.174351215362549, -0.8191573619842529], "point_normal": [-0.34670761227607727, -0.666063666343689, 0.6604189276695251], "camera_rotation_final_quaternion": [0.6646488308906555, 0.34852123260498047, 0.3046810030937195, 0.5864676833152771], "skybox_img": 4, "point_uuid": "162", "field_of_view_rads": 2.0028936213055424, "camera_rotation_final": [0.9625746607780457, -0.003781143808737397, 1.4440057277679443]}