{"camera_uuid": "13276", "obliqueness_angle": 1.0194618701934814, "nonfixated_points_in_view": [], "camera_rotation_original": [1.5707963705062866, 0.030510427430272102, -1.4817787408828735], "point_location": [5.4932861328125, 0.18884922564029694, -0.9166303277015686], "skybox_img_path": "./img/high/13276_skybox4.jpg", "resolution": 512, "camera_distance": 0.6331013532413875, "view_id": 12, "point_pitch": -0.41994182666274504, "camera_rotation_from_original_to_final": [-0.04276374727487564, 0.3979923725128174, 0.7041763067245483], "camera_location": [5.087360382080078, -0.22974584996700287, -0.6700136661529541], "point_normal": [-0.48851633071899414, 0.18398629128932953, 0.8529366254806519], "camera_rotation_final_quaternion": [0.7684851288795471, 0.5146155953407288, -0.20100285112857819, -0.32279905676841736], "skybox_img": 4, "point_uuid": "142", "field_of_view_rads": 2.1797545326211765, "camera_rotation_final": [1.170552372932434, 0.023301560431718826, -0.7798908948898315]}