{"camera_uuid": "13442", "obliqueness_angle": 1.0687811374664307, "nonfixated_points_in_view": [], "camera_rotation_original": [1.5707963705062866, 0.14859262108802795, -0.3398142457008362], "point_location": [1.8005895614624023, 0.6414239406585693, -0.9798945188522339], "skybox_img_path": "./img/high/13442_skybox4.jpg", "resolution": 512, "camera_distance": 0.8807388527711837, "view_id": 25, "point_pitch": -0.4510964592311044, "camera_rotation_from_original_to_final": [-0.46654263138771057, 0.16814671456813812, -0.2964790463447571], "camera_location": [1.3669055700302124, -0.0015578566817566752, -0.5625295042991638], "point_normal": [-0.012308535166084766, -0.0017647614004090428, 0.9999226927757263], "camera_rotation_final_quaternion": [0.7982733249664307, 0.5008938312530518, -0.11029545962810516, -0.3157530128955841], "skybox_img": 4, "point_uuid": "193", "field_of_view_rads": 1.7038416286700269, "camera_rotation_final": [1.0717260837554932, 0.14068929851055145, -0.669686496257782]}