{"camera_uuid": "2369", "obliqueness_angle": 1.2639282941818237, "nonfixated_points_in_view": [], "camera_rotation_original": [1.5707963705062866, -0.0598926804959774, -2.660709857940674], "point_location": [1.1355481147766113, 2.277404546737671, -1.37511146068573], "skybox_img_path": "./img/high/2369_skybox4.jpg", "resolution": 512, "camera_distance": 0.8658380834888523, "view_id": 28, "point_pitch": -0.4486509998652597, "camera_rotation_from_original_to_final": [0.43738260865211487, 0.2124800980091095, 0.6489142775535583], "camera_location": [0.4580266773700714, 2.6362876892089844, -0.97281414270401], "point_normal": [-0.34670761227607727, -0.666063666343689, 0.6604189276695251], "camera_rotation_final_quaternion": [0.46122443675994873, 0.2545853853225708, -0.450410395860672, -0.7208250761032104], "skybox_img": 4, "point_uuid": "162", "field_of_view_rads": 0.63963352615166, "camera_rotation_final": [1.086958408355713, -0.048476509749889374, -2.0324618816375732]}