{"camera_uuid": "1630", "obliqueness_angle": 0.6010743975639343, "nonfixated_points_in_view": [], "camera_rotation_original": [1.5707963705062866, -0.14005038142204285, 1.495884656906128], "point_location": [1.5920188426971436, 2.1285598278045654, -1.4049173593521118], "skybox_img_path": "./img/high/1630_skybox4.jpg", "resolution": 512, "camera_distance": 0.6496619490006927, "view_id": 22, "point_pitch": -0.6404239376399179, "camera_rotation_from_original_to_final": [-0.021745456382632256, -0.6225137114524841, -0.16419745981693268], "camera_location": [2.10270094871521, 1.994672417640686, -1.026316523551941], "point_normal": [0.3241092562675476, -0.10795459151268005, 0.9398399591445923], "camera_rotation_final_quaternion": [0.6549949049949646, 0.38424956798553467, 0.2469196617603302, 0.6019672751426697], "skybox_img": 4, "point_uuid": "107", "field_of_view_rads": 1.384811670309553, "camera_rotation_final": [0.9416050910949707, -0.13960207998752594, 1.415332317352295]}