{"camera_uuid": "11429", "obliqueness_angle": 1.5646226406097412, "nonfixated_points_in_view": [], "camera_rotation_original": [1.5707963705062866, 0.05904705822467804, -0.9469900727272034], "point_location": [4.896637916564941, 0.275483638048172, -1.4008036851882935], "skybox_img_path": "./img/high/11429_skybox4.jpg", "resolution": 512, "camera_distance": 0.9312158411916931, "view_id": 9, "point_pitch": -0.6554755409571786, "camera_rotation_from_original_to_final": [-0.4143185317516327, 0.5282290577888489, -0.15263627469539642], "camera_location": [4.2847900390625, -0.1341780722141266, -0.8307313919067383], "point_normal": [-0.7319196462631226, 0.15615351498126984, -0.6632569432258606], "camera_rotation_final_quaternion": [0.7757219076156616, 0.3959047794342041, -0.19279292225837708, -0.45204630494117737], "skybox_img": 4, "point_uuid": "93", "field_of_view_rads": 1.1263039557204935, "camera_rotation_final": [0.9106371402740479, 0.058861203491687775, -1.0264407396316528]}