{"camera_uuid": "6703", "obliqueness_angle": 0.851936936378479, "nonfixated_points_in_view": [], "camera_rotation_original": [1.5707963705062866, 0.06424708664417267, -2.730483055114746], "point_location": [5.518570899963379, 1.8022818565368652, -0.9034366607666016], "skybox_img_path": "./img/high/6703_skybox4.jpg", "resolution": 512, "camera_distance": 0.9972018567028771, "view_id": 40, "point_pitch": -0.372615977129664, "camera_rotation_from_original_to_final": [0.29770925641059875, 0.14194326102733612, 0.7867745757102966], "camera_location": [4.647994518280029, 2.1668941974639893, -0.5816196799278259], "point_normal": [-0.3810344636440277, 0.07813670486211777, 0.9212532639503479], "camera_rotation_final_quaternion": [0.43347421288490295, 0.3343242108821869, -0.4763060212135315, -0.6880843043327332], "skybox_img": 4, "point_uuid": "103", "field_of_view_rads": 0.9320269806742028, "camera_rotation_final": [1.2418149709701538, 0.04717123135924339, -1.9835147857666016]}