{"camera_uuid": "11261", "obliqueness_angle": 1.177809715270996, "nonfixated_points_in_view": [], "camera_rotation_original": [1.5707963705062866, 0.12336912006139755, 2.9553017616271973], "point_location": [5.518570899963379, 1.8022818565368652, -0.9034366607666016], "skybox_img_path": "./img/high/11261_skybox4.jpg", "resolution": 512, "camera_distance": 0.6505061725698178, "view_id": 15, "point_pitch": -0.5281066139552255, "camera_rotation_from_original_to_final": [0.5711902976036072, -0.10848098993301392, -0.4350273609161377], "camera_location": [5.819895267486572, 2.2552592754364014, -0.5468229055404663], "point_normal": [-0.3810344636440277, 0.07813670486211777, 0.9212532639503479], "camera_rotation_final_quaternion": [0.30934593081474304, 0.10729698836803436, 0.4630146324634552, 0.823656439781189], "skybox_img": 4, "point_uuid": "103", "field_of_view_rads": 1.384811670309553, "camera_rotation_final": [0.9865882396697998, 0.10993298143148422, 2.4821860790252686]}