{"camera_uuid": "3341", "obliqueness_angle": 1.033897876739502, "nonfixated_points_in_view": [], "camera_rotation_original": [1.5707963705062866, 0.02750529535114765, 2.1636064052581787], "point_location": [0.7851385474205017, 1.2789015769958496, -1.4171496629714966], "skybox_img_path": "./img/high/3341_skybox4.jpg", "resolution": 512, "camera_distance": 0.7119792442675206, "view_id": 65, "point_pitch": -0.48779837687941985, "camera_rotation_from_original_to_final": [0.28632137179374695, -0.4022486209869385, -0.1019146591424942], "camera_location": [1.320753574371338, 1.6076997518539429, -1.0826010704040527], "point_normal": [0.012679249048233032, 0.07213246822357178, 0.9973145127296448], "camera_rotation_final_quaternion": [0.4301847815513611, 0.24436697363853455, 0.45314693450927734, 0.7415414452552795], "skybox_img": 4, "point_uuid": "187", "field_of_view_rads": 0.6308923629985653, "camera_rotation_final": [1.081434726715088, 0.027460796758532524, 2.1067302227020264]}