{"camera_uuid": "12311", "obliqueness_angle": 0.8817917704582214, "nonfixated_points_in_view": [8, 3], "camera_rotation_original": [1.5707963705062866, 0.093011274933815, -1.0928995609283447], "point_location": [5.4932861328125, 0.18884922564029694, -0.9166303277015686], "skybox_img_path": "./img/high/12311_skybox4.jpg", "resolution": 512, "camera_distance": 0.8783112991154488, "view_id": 45, "point_pitch": -0.12553076346847014, "camera_rotation_from_original_to_final": [-0.09053824841976166, 0.1476876437664032, -0.53057461977005], "camera_location": [4.628988742828369, 0.22950665652751923, -0.7657405734062195], "point_normal": [-0.48851633071899414, 0.18398629128932953, 0.8529366254806519], "camera_rotation_final_quaternion": [0.5054926872253418, 0.46271902322769165, -0.4472063183784485, -0.5747823715209961], "skybox_img": 4, "point_uuid": "142", "field_of_view_rads": 0.7907185303916441, "camera_rotation_final": [1.3975865840911865, 0.0798913761973381, -1.6317648887634277]}