{"camera_uuid": "1145", "obliqueness_angle": 1.0941929817199707, "nonfixated_points_in_view": [42], "camera_rotation_original": [1.5707963705062866, 0.1289544701576233, 2.13028621673584], "point_location": [0.22651520371437073, 2.849133014678955, -1.442795991897583], "skybox_img_path": "./img/high/1145_skybox4.jpg", "resolution": 512, "camera_distance": 0.9895781556629786, "view_id": 24, "point_pitch": -0.4138046940180917, "camera_rotation_from_original_to_final": [0.24980400502681732, -0.38488078117370605, -0.34964635968208313], "camera_location": [1.0853575468063354, 3.0776712894439697, -1.007566213607788], "point_normal": [0.024610353633761406, -0.009762244299054146, 0.9996494650840759], "camera_rotation_final_quaternion": [0.5611687898635864, 0.29359254240989685, 0.44033703207969666, 0.6363931894302368], "skybox_img": 4, "point_uuid": "150", "field_of_view_rads": 1.7856823478588526, "camera_rotation_final": [1.111806035041809, 0.12081997096538544, 1.7713769674301147]}