{"camera_uuid": "6740", "obliqueness_angle": 0.9118325114250183, "nonfixated_points_in_view": [], "camera_rotation_original": [1.5707963705062866, -0.15325936675071716, 2.9320154190063477], "point_location": [2.9207348823547363, -0.5152132511138916, -0.5628843903541565], "skybox_img_path": "./img/high/6740_skybox4.jpg", "resolution": 512, "camera_distance": 0.9085691842311336, "view_id": 19, "point_pitch": -0.4216819246623178, "camera_rotation_from_original_to_final": [0.5079919099807739, -0.12251990288496017, 0.6350218057632446], "camera_location": [2.568641424179077, 0.18983803689479828, -0.11074413359165192], "point_normal": [-0.26315274834632874, 0.039460260421037674, 0.9639468193054199], "camera_rotation_final_quaternion": [-0.2534087896347046, -0.08279404789209366, 0.4942927062511444, 0.8274078965187073], "skybox_img": 4, "point_uuid": "152", "field_of_view_rads": 1.6071546237233685, "camera_rotation_final": [1.046184778213501, -0.11375246942043304, 3.670342206954956]}