{"camera_uuid": "11858", "obliqueness_angle": 0.9943544864654541, "nonfixated_points_in_view": [], "camera_rotation_original": [1.5707963705062866, 0.0965176522731781, -0.7467664480209351], "point_location": [0.580907940864563, -0.050188999623060226, -1.4085019826889038], "skybox_img_path": "./img/high/11858_skybox4.jpg", "resolution": 512, "camera_distance": 0.9596895346484886, "view_id": 31, "point_pitch": -0.4432522495600839, "camera_rotation_from_original_to_final": [-0.38912925124168396, 0.3258449137210846, -0.6968592405319214], "camera_location": [-0.24534040689468384, -0.20843824744224548, -0.9466850757598877], "point_normal": [-0.16356271505355835, 0.2954562306404114, 0.941250741481781], "camera_rotation_final_quaternion": [0.6391117572784424, 0.40613365173339844, -0.30732396245002747, -0.5763190388679504], "skybox_img": 4, "point_uuid": "57", "field_of_view_rads": 1.792492522379571, "camera_rotation_final": [1.067192792892456, 0.07536772638559341, -1.4230244159698486]}