{"camera_uuid": "7754", "obliqueness_angle": 0.8115386366844177, "nonfixated_points_in_view": [], "camera_rotation_original": [1.5707963705062866, -0.08010692894458771, -0.8659260272979736], "point_location": [5.615777015686035, 2.4743409156799316, -1.4249221086502075], "skybox_img_path": "./img/high/7754_skybox4.jpg", "resolution": 512, "camera_distance": 0.6536235246478329, "view_id": 14, "point_pitch": -0.5941950519892831, "camera_rotation_from_original_to_final": [-0.36014461517333984, 0.4085022509098053, -0.8801148533821106], "camera_location": [5.056973934173584, 2.5283327102661133, -1.0901868343353271], "point_normal": [-0.9627537131309509, -0.11571325361728668, -0.2443682849407196], "camera_rotation_final_quaternion": [0.6058406829833984, 0.3195423185825348, -0.37660524249076843, -0.6237133145332336], "skybox_img": 4, "point_uuid": "125", "field_of_view_rads": 1.7927549318813307, "camera_rotation_final": [1.0321463346481323, -0.057752057909965515, -1.6326383352279663]}