{"camera_uuid": "12928", "obliqueness_angle": 0.6346119046211243, "nonfixated_points_in_view": [56], "camera_rotation_original": [-1.570796251296997, 3.05450701713562, 0.07936468720436096], "point_location": [1.1332991123199463, -0.8327366709709167, -1.4375404119491577], "skybox_img_path": "./img/high/12928_skybox4.jpg", "resolution": 512, "camera_distance": 0.7889837423998752, "view_id": 12, "point_pitch": -0.6214567859980722, "camera_rotation_from_original_to_final": [0.5939749479293823, 0.03295781463384628, 0.34744173288345337], "camera_location": [0.8662242889404297, -0.23624078929424286, -0.9955459833145142], "point_normal": [-0.5603585243225098, 0.8280418515205383, -0.018577322363853455], "camera_rotation_final_quaternion": [-0.1407177597284317, -0.12099248915910721, 0.45305314660072327, 0.8719530701637268], "skybox_img": 4, "point_uuid": "147", "field_of_view_rads": 1.0039714359666843, "camera_rotation_final": [-2.167804002761841, 3.0580010414123535, 0.3642778694629669]}