{"camera_uuid": "1926", "obliqueness_angle": 0.7319995760917664, "nonfixated_points_in_view": [], "camera_rotation_original": [1.5707963705062866, 0.03246661648154259, -1.4647424221038818], "point_location": [2.295008659362793, 2.27626895904541, -1.3962150812149048], "skybox_img_path": "./img/high/1926_skybox4.jpg", "resolution": 512, "camera_distance": 0.6999880219184031, "view_id": 20, "point_pitch": -0.6942424019190927, "camera_rotation_from_original_to_final": [-0.07975289225578308, 0.6770597696304321, 0.4026269316673279], "camera_location": [1.828217625617981, 1.997184157371521, -0.9555326104164124], "point_normal": [-0.9679071307182312, -0.2512916922569275, -0.0028668304439634085], "camera_rotation_final_quaternion": [0.7764555811882019, 0.37834814190864563, -0.20511971414089203, -0.4603208899497986], "skybox_img": 4, "point_uuid": "18", "field_of_view_rads": 1.7927549318813307, "camera_rotation_final": [0.8894533514976501, 0.02979481779038906, -1.0560895204544067]}