{"camera_uuid": "10688", "obliqueness_angle": 1.0279055833816528, "nonfixated_points_in_view": [72], "camera_rotation_original": [1.5707963705062866, -0.13182711601257324, -1.3484055995941162], "point_location": [4.896637916564941, 0.275483638048172, -1.4008036851882935], "skybox_img_path": "./img/high/10688_skybox4.jpg", "resolution": 512, "camera_distance": 0.6721330219336002, "view_id": 23, "point_pitch": -0.3464398821208139, "camera_rotation_from_original_to_final": [-0.02823636867105961, 0.2571365237236023, -0.7686744332313538], "camera_location": [4.338626384735107, 0.6089856624603271, -1.2300338745117188], "point_normal": [-0.7319196462631226, 0.15615351498126984, -0.6632569432258606], "camera_rotation_final_quaternion": [0.4251289963722229, 0.27405592799186707, -0.5457632541656494, -0.6680577397346497], "skybox_img": 4, "point_uuid": "93", "field_of_view_rads": 2.056502920039658, "camera_rotation_final": [1.3126412630081177, -0.09802611917257309, -2.083658218383789]}