{"camera_uuid": "14699", "obliqueness_angle": 1.3057944774627686, "nonfixated_points_in_view": [], "camera_rotation_original": [1.5707963705062866, 0.16739191114902496, 2.54195499420166], "point_location": [5.955779075622559, 2.723067283630371, -1.4248358011245728], "skybox_img_path": "./img/high/14699_skybox4.jpg", "resolution": 512, "camera_distance": 0.6474453361783451, "view_id": 0, "point_pitch": -0.08290831645461516, "camera_rotation_from_original_to_final": [0.1818869709968567, -0.07591723650693893, -0.7099940776824951], "camera_location": [6.5691633224487305, 2.8890206813812256, -1.3007200956344604], "point_normal": [0.2606496810913086, 0.6150020956993103, -0.7442003488540649], "camera_rotation_final_quaternion": [0.5072545409202576, 0.3534570336341858, 0.5284106731414795, 0.5818445682525635], "skybox_img": 4, "point_uuid": "41", "field_of_view_rads": 2.078591559549699, "camera_rotation_final": [1.3763633966445923, 0.12508933246135712, 1.8104606866836548]}