{"camera_uuid": "4196", "obliqueness_angle": 1.513604760169983, "nonfixated_points_in_view": [107], "camera_rotation_original": [1.5707963705062866, 0.1253734976053238, -0.6863951683044434], "point_location": [1.5920188426971436, 2.1285598278045654, -1.4049173593521118], "skybox_img_path": "./img/high/4196_skybox4.jpg", "resolution": 512, "camera_distance": 0.9979030856414225, "view_id": 4, "point_pitch": -0.2415233095500131, "camera_rotation_from_original_to_final": [-0.22094984352588654, 0.17500698566436768, -0.3228066563606262], "camera_location": [0.7904343008995056, 1.6025277376174927, -1.128217101097107], "point_normal": [0.3241092562675476, -0.10795459151268005, 0.9398399591445923], "camera_rotation_final_quaternion": [0.6785128712654114, 0.5455473065376282, -0.2524624466896057, -0.42220985889434814], "skybox_img": 4, "point_uuid": "107", "field_of_view_rads": 1.7779022957772381, "camera_rotation_final": [1.2877990007400513, 0.11834894120693207, -1.0243691205978394]}