{"camera_uuid": "8721", "obliqueness_angle": 0.9561383128166199, "nonfixated_points_in_view": [], "camera_rotation_original": [1.5707963705062866, 0.019655780866742134, -2.7392656803131104], "point_location": [5.518570899963379, 1.8022818565368652, -0.9034366607666016], "skybox_img_path": "./img/high/8721_skybox4.jpg", "resolution": 512, "camera_distance": 0.5091466452526683, "view_id": 46, "point_pitch": -0.47359268268081145, "camera_rotation_from_original_to_final": [0.4440971612930298, 0.17873461544513702, -0.10241226851940155], "camera_location": [5.4022603034973145, 2.239511728286743, -0.6699153780937195], "point_normal": [-0.3810344636440277, 0.07813670486211777, 0.9212532639503479], "camera_rotation_final_quaternion": [0.10144276171922684, 0.07307814806699753, -0.5151053071022034, -0.847959578037262], "skybox_img": 4, "point_uuid": "103", "field_of_view_rads": 1.7197523314966958, "camera_rotation_final": [1.0942209959030151, 0.019428448751568794, -2.8916263580322266]}