{"camera_uuid": "10908", "obliqueness_angle": 0.825911283493042, "nonfixated_points_in_view": [113, 126], "camera_rotation_original": [1.5707963705062866, -0.06688706576824188, -2.997316837310791], "point_location": [5.601480484008789, 2.1461212635040283, -1.4044468402862549], "skybox_img_path": "./img/high/10908_skybox4.jpg", "resolution": 512, "camera_distance": 0.9855194147316026, "view_id": 10, "point_pitch": -0.1275086840006967, "camera_rotation_from_original_to_final": [0.10484600812196732, 0.011883341707289219, -0.33899590373039246], "camera_location": [5.791543006896973, 3.1075587272644043, -1.3007031679153442], "point_normal": [0.8320084810256958, 0.5058020949363708, 0.2278733104467392], "camera_rotation_final_quaternion": [-0.04887503385543823, -0.08629246801137924, -0.6632644534111023, -0.7417851090431213], "skybox_img": 4, "point_uuid": "56", "field_of_view_rads": 1.957036885090066, "camera_rotation_final": [1.4651211500167847, -0.06322891265153885, -3.330059766769409]}