{"camera_uuid": "0943", "obliqueness_angle": 0.47446316480636597, "nonfixated_points_in_view": [], "camera_rotation_original": [1.5707963705062866, 0.16213200986385345, 1.6610815525054932], "point_location": [1.3862135410308838, 3.035576343536377, -1.442712426185608], "skybox_img_path": "./img/high/0943_skybox4.jpg", "resolution": 512, "camera_distance": 0.927506562581677, "view_id": 14, "point_pitch": -0.2410805662486215, "camera_rotation_from_original_to_final": [0.01946861296892166, -0.25700879096984863, -0.08488965034484863], "camera_location": [2.283061981201172, 3.0431723594665527, -1.206336498260498], "point_normal": [0.849090039730072, -0.445937842130661, 0.28317058086395264], "camera_rotation_final_quaternion": [0.6025484204292297, 0.39226198196411133, 0.4676591157913208, 0.5141603350639343], "skybox_img": 4, "point_uuid": "179", "field_of_view_rads": 0.554628086887159, "camera_rotation_final": [1.30965256690979, 0.16089674830436707, 1.5364782810211182]}