{"camera_uuid": "0352", "obliqueness_angle": 1.322021484375, "nonfixated_points_in_view": [], "camera_rotation_original": [1.5707963705062866, -0.010842387564480305, -2.52711820602417], "point_location": [2.295008659362793, 2.27626895904541, -1.3962150812149048], "skybox_img_path": "./img/high/0352_skybox4.jpg", "resolution": 512, "camera_distance": 0.983884795307712, "view_id": 14, "point_pitch": -0.7398897846552988, "camera_rotation_from_original_to_final": [0.6393176317214966, 0.4016695022583008, 0.11821958422660828], "camera_location": [1.8866835832595825, 2.8774449825286865, -0.7329750657081604], "point_normal": [-0.9679071307182312, -0.2512916922569275, -0.0028668304439634085], "camera_rotation_final_quaternion": [0.27531346678733826, 0.11580850929021835, -0.38669973611831665, -0.8724988102912903], "skybox_img": 4, "point_uuid": "18", "field_of_view_rads": 1.274054123740192, "camera_rotation_final": [0.8309925198554993, -0.01084192655980587, -2.5350611209869385]}