{"camera_uuid": "14274", "obliqueness_angle": 0.9531099200248718, "nonfixated_points_in_view": [46], "camera_rotation_original": [1.5707963705062866, -0.14417868852615356, -0.6825196146965027], "point_location": [1.7417666912078857, -0.21807560324668884, -1.426782488822937], "skybox_img_path": "./img/high/14274_skybox4.jpg", "resolution": 512, "camera_distance": 0.7750534169953986, "view_id": 15, "point_pitch": -0.7274264534327646, "camera_rotation_from_original_to_final": [-0.6411680579185486, 0.4106360375881195, -0.06806942820549011], "camera_location": [1.4050681591033936, -0.678225040435791, -0.901802122592926], "point_normal": [0.059019673615694046, -0.998093843460083, 0.018043018877506256], "camera_rotation_final_quaternion": [0.8938807845115662, 0.36796265840530396, -0.1610274612903595, -0.19912496209144592], "skybox_img": 4, "point_uuid": "171", "field_of_view_rads": 1.6924921945557647, "camera_rotation_final": [0.8172684907913208, -0.14181245863437653, -0.49986112117767334]}