{"camera_uuid": "11037", "obliqueness_angle": 0.753467321395874, "nonfixated_points_in_view": [], "camera_rotation_original": [-1.570796251296997, -2.9976751804351807, 0.10270372778177261], "point_location": [1.1332991123199463, -0.8327366709709167, -1.4375404119491577], "skybox_img_path": "./img/high/11037_skybox4.jpg", "resolution": 512, "camera_distance": 0.9083419488613469, "view_id": 7, "point_pitch": -0.6654240330073495, "camera_rotation_from_original_to_final": [0.7140331268310547, 0.0901298001408577, 0.3635005056858063], "camera_location": [0.853608250617981, -0.20855379104614258, -0.8398332595825195], "point_normal": [-0.5603585243225098, 0.8280418515205383, -0.018577322363853455], "camera_rotation_final_quaternion": [0.2670205235481262, 0.050988759845495224, -0.41035380959510803, -0.8704653382301331], "skybox_img": 4, "point_uuid": "147", "field_of_view_rads": 0.9904486154446002, "camera_rotation_final": [-2.2965304851531982, -3.0108425617218018, 0.5364331603050232]}