{"camera_uuid": "12612", "obliqueness_angle": 1.0788347721099854, "nonfixated_points_in_view": [], "camera_rotation_original": [1.5707963705062866, 0.12321152538061142, -2.4341347217559814], "point_location": [6.416158676147461, 2.537578821182251, -1.2911784648895264], "skybox_img_path": "./img/high/12612_skybox4.jpg", "resolution": 512, "camera_distance": 0.7929896107640396, "view_id": 33, "point_pitch": -0.5442721088740488, "camera_rotation_from_original_to_final": [0.36945539712905884, 0.3063470125198364, 0.6803650856018066], "camera_location": [5.731660842895508, 2.7066376209259033, -0.928253710269928], "point_normal": [-0.00751654664054513, 0.040270037949085236, 0.9991605877876282], "camera_rotation_final_quaternion": [0.4861140847206116, 0.34448936581611633, -0.3905046284198761, -0.7018021941184998], "skybox_img": 4, "point_uuid": "148", "field_of_view_rads": 1.7197523314966958, "camera_rotation_final": [1.0926262140274048, 0.10405485332012177, -1.8667138814926147]}