{"camera_uuid": "13344", "obliqueness_angle": 1.398145079612732, "nonfixated_points_in_view": [126], "camera_rotation_original": [1.5707963705062866, -0.06546053290367126, 2.878382682800293], "point_location": [5.955779075622559, 2.723067283630371, -1.4248358011245728], "skybox_img_path": "./img/high/13344_skybox4.jpg", "resolution": 512, "camera_distance": 0.47236335364801163, "view_id": 1, "point_pitch": -0.5691181858393808, "camera_rotation_from_original_to_final": [0.5444579720497131, -0.1292303502559662, -0.22426298260688782], "camera_location": [6.13168478012085, 3.083111524581909, -1.174730896949768], "point_normal": [0.2606496810913086, 0.6150020956993103, -0.7442003488540649], "camera_rotation_final_quaternion": [0.16436004638671875, 0.12721668183803558, 0.4680578112602234, 0.8589083552360535], "skybox_img": 4, "point_uuid": "41", "field_of_view_rads": 1.6316217442386929, "camera_rotation_final": [1.011504054069519, -0.06472011655569077, 2.727595329284668]}