{"camera_uuid": "9395", "obliqueness_angle": 1.2707589864730835, "nonfixated_points_in_view": [], "camera_rotation_original": [1.5707963705062866, 0.009699026122689247, 1.2548987865447998], "point_location": [0.7851385474205017, 1.2789015769958496, -1.4171496629714966], "skybox_img_path": "./img/high/9395_skybox4.jpg", "resolution": 512, "camera_distance": 0.8852819447777082, "view_id": 11, "point_pitch": -0.35189144214126067, "camera_rotation_from_original_to_final": [-0.11376092582941055, -0.34094271063804626, -0.758260190486908], "camera_location": [1.1654287576675415, 0.54234778881073, -1.1063570976257324], "point_normal": [0.012679249048233032, 0.07213246822357178, 0.9973145127296448], "camera_rotation_final_quaternion": [0.7993888854980469, 0.5530238747596741, 0.13649767637252808, 0.19107691943645477], "skybox_img": 4, "point_uuid": "187", "field_of_view_rads": 1.3001655876812834, "camera_rotation_final": [1.2120780944824219, 0.00688932416960597, 0.4740274250507355]}