{"camera_uuid": "5053", "obliqueness_angle": 0.31463757157325745, "nonfixated_points_in_view": [], "camera_rotation_original": [1.5707963705062866, 0.013598024845123291, 0.8341878652572632], "point_location": [-0.30368760228157043, 1.3439174890518188, -0.7665223479270935], "skybox_img_path": "./img/high/5053_skybox4.jpg", "resolution": 512, "camera_distance": 0.7245032824427186, "view_id": 93, "point_pitch": 0.14153345028427644, "camera_rotation_from_original_to_final": [0.10393759608268738, 0.1091127097606659, 0.7262308597564697], "camera_location": [0.41253483295440674, 1.3325917720794678, -0.8751601576805115], "point_normal": [0.9422652125358582, 0.29410141706466675, -0.16012726724147797], "camera_rotation_final_quaternion": [0.46697473526000977, 0.5376486778259277, 0.5347036719322205, 0.4549291431903839], "skybox_img": 4, "point_uuid": "180", "field_of_view_rads": 1.9181515624810694, "camera_rotation_final": [1.7213200330734253, 0.010202297940850258, 1.5565321445465088]}