{"camera_uuid": "8691", "obliqueness_angle": 0.8339293003082275, "nonfixated_points_in_view": [], "camera_rotation_original": [1.5707963705062866, -0.05822109058499336, -0.2913985550403595], "point_location": [1.8005895614624023, 0.6414239406585693, -0.9798945188522339], "skybox_img_path": "./img/high/8691_skybox4.jpg", "resolution": 512, "camera_distance": 0.36484715582158506, "view_id": 31, "point_pitch": -0.7232412536952157, "camera_rotation_from_original_to_final": [-0.7152315378189087, 0.18006780743598938, 0.0904194563627243], "camera_location": [1.762587547302246, 0.3730696439743042, -0.7356502413749695], "point_normal": [-0.012308535166084766, -0.0017647614004090428, 0.9999226927757263], "camera_rotation_final_quaternion": [0.9131651520729065, 0.4041433036327362, -0.04412271827459335, -0.02916792966425419], "skybox_img": 4, "point_uuid": "193", "field_of_view_rads": 0.8863655597235185, "camera_rotation_final": [0.8358690738677979, -0.057037532329559326, -0.08919716626405716]}