{"camera_uuid": "5098", "obliqueness_angle": 0.9522516131401062, "nonfixated_points_in_view": [], "camera_rotation_original": [1.5707963705062866, -0.1213444247841835, -2.7762088775634766], "point_location": [3.4670467376708984, 1.0758438110351562, -0.6993377804756165], "skybox_img_path": "./img/high/5098_skybox4.jpg", "resolution": 512, "camera_distance": 0.6871486383684706, "view_id": 36, "point_pitch": 0.5669019977238516, "camera_rotation_from_original_to_final": [-0.5025238990783691, -0.17009074985980988, 0.40073972940444946], "camera_location": [3.0730068683624268, 1.5197410583496094, -1.045547366142273], "point_normal": [-0.728654682636261, -0.24732623994350433, -0.6386642456054688], "camera_rotation_final_quaternion": [0.2077794224023819, 0.25264713168144226, -0.8295100331306458, -0.4526700973510742], "skybox_img": 4, "point_uuid": "78", "field_of_view_rads": 0.9476384761560841, "camera_rotation_final": [2.1027965545654297, -0.1162402406334877, -2.4837849140167236]}