{"camera_uuid": "6429", "obliqueness_angle": 0.7707382440567017, "nonfixated_points_in_view": [], "camera_rotation_original": [1.5707963705062866, 0.04922636225819588, -2.960524559020996], "point_location": [4.561407566070557, 1.4919605255126953, -1.3709478378295898], "skybox_img_path": "./img/high/6429_skybox4.jpg", "resolution": 512, "camera_distance": 0.6788340285399346, "view_id": 2, "point_pitch": -0.5070721348139902, "camera_rotation_from_original_to_final": [0.47346124053001404, 0.08522967249155045, 0.6024749875068665], "camera_location": [4.145636558532715, 1.9272757768630981, -1.0571792125701904], "point_normal": [-0.47309228777885437, 0.8454535603523254, -0.2477739304304123], "camera_rotation_final_quaternion": [0.2993619740009308, 0.2041977345943451, -0.476649671792984, -0.8009312152862549], "skybox_img": 4, "point_uuid": "26", "field_of_view_rads": 1.0910236528484336, "camera_rotation_final": [1.0898487567901611, 0.0417272113263607, -2.400918483734131]}