{"camera_uuid": "14526", "obliqueness_angle": 1.5459266901016235, "nonfixated_points_in_view": [], "camera_rotation_original": [1.5707963705062866, -0.09655608236789703, -0.8072199821472168], "point_location": [5.4932861328125, 0.18884922564029694, -0.9166303277015686], "skybox_img_path": "./img/high/14526_skybox4.jpg", "resolution": 512, "camera_distance": 0.7884086647687708, "view_id": 32, "point_pitch": 0.17275865475204988, "camera_rotation_from_original_to_final": [0.11152846366167068, -0.1166861355304718, 0.12102877348661423], "camera_location": [5.004202365875244, -0.41643190383911133, -1.0432007312774658], "point_normal": [-0.48851633071899414, 0.18398629128932953, 0.8529366254806519], "camera_rotation_final_quaternion": [0.6205913424491882, 0.7050105333328247, -0.2884954810142517, -0.18600240349769592], "skybox_img": 4, "point_uuid": "142", "field_of_view_rads": 1.9352794957620667, "camera_rotation_final": [1.7327847480773926, -0.09595545381307602, -0.6952722668647766]}