{"camera_uuid": "3824", "obliqueness_angle": 1.3956464529037476, "nonfixated_points_in_view": [], "camera_rotation_original": [1.5707963705062866, -0.16283106803894043, 2.267653465270996], "point_location": [1.6843894720077515, 1.1254421472549438, -1.4068831205368042], "skybox_img_path": "./img/high/3824_skybox4.jpg", "resolution": 512, "camera_distance": 0.9049385340179051, "view_id": 9, "point_pitch": -0.3267492493006845, "camera_rotation_from_original_to_final": [0.1910795271396637, -0.21817925572395325, -0.27913907170295715], "camera_location": [2.4698398113250732, 1.493503451347351, -1.148983120918274], "point_normal": [-0.13031253218650818, 0.011851518414914608, 0.9914022088050842], "camera_rotation_final_quaternion": [0.3723960518836975, 0.3615708649158478, 0.4762044847011566, 0.709800660610199], "skybox_img": 4, "point_uuid": "111", "field_of_view_rads": 0.9476384761560841, "camera_rotation_final": [1.277984380722046, -0.15928585827350616, 2.056791305541992]}