{"camera_uuid": "7161", "obliqueness_angle": 1.1404463052749634, "nonfixated_points_in_view": [], "camera_rotation_original": [1.5707963705062866, -0.1013982817530632, -2.792231321334839], "point_location": [2.745572328567505, -0.016294807195663452, -0.9296797513961792], "skybox_img_path": "./img/high/7161_skybox4.jpg", "resolution": 512, "camera_distance": 0.8304254231674743, "view_id": 27, "point_pitch": -0.510754986605372, "camera_rotation_from_original_to_final": [0.4928312301635742, 0.18375316262245178, 0.1438473016023636], "camera_location": [2.437206506729126, 0.633620023727417, -0.5147971510887146], "point_normal": [-0.5854119062423706, 0.6019739508628845, -0.5430656671524048], "camera_rotation_final_quaternion": [0.23879991471767426, 0.0814761370420456, -0.4935184121131897, -0.8323315382003784], "skybox_img": 4, "point_uuid": "102", "field_of_view_rads": 2.0028936213055424, "camera_rotation_final": [1.0447442531585693, -0.1002417653799057, -2.640535831451416]}