{"camera_uuid": "4642", "obliqueness_angle": 1.207946538925171, "nonfixated_points_in_view": [], "camera_rotation_original": [1.5707963705062866, -0.1626141220331192, -2.3068714141845703], "point_location": [3.4670467376708984, 1.0758438110351562, -0.6993377804756165], "skybox_img_path": "./img/high/4642_skybox4.jpg", "resolution": 512, "camera_distance": 0.614612909953342, "view_id": 34, "point_pitch": -0.3347324570033212, "camera_rotation_from_original_to_final": [0.3095015585422516, 0.30037569999694824, 0.6222686171531677], "camera_location": [2.9146265983581543, 1.1632717847824097, -0.4445096552371979], "point_normal": [-0.728654682636261, -0.24732623994350433, -0.6386642456054688], "camera_rotation_final_quaternion": [0.5908094644546509, 0.3208879232406616, -0.43557223677635193, -0.5985414981842041], "skybox_img": 4, "point_uuid": "78", "field_of_view_rads": 1.6403442297244761, "camera_rotation_final": [1.1393394470214844, -0.13092459738254547, -1.6677265167236328]}