{"camera_uuid": "14080", "obliqueness_angle": 0.6176523566246033, "nonfixated_points_in_view": [117], "camera_rotation_original": [1.5707963705062866, -0.06976345926523209, -0.7976742386817932], "point_location": [1.7417666912078857, -0.21807560324668884, -1.426782488822937], "skybox_img_path": "./img/high/14080_skybox4.jpg", "resolution": 512, "camera_distance": 0.7342031393824006, "view_id": 10, "point_pitch": -0.5712651451441904, "camera_rotation_from_original_to_final": [-0.4563943147659302, 0.4306582510471344, 0.5906674265861511], "camera_location": [1.679843783378601, -0.8137544989585876, -1.002063274383545], "point_normal": [0.059019673615694046, -0.998093843460083, 0.018043018877506256], "camera_rotation_final_quaternion": [0.8882144689559937, 0.45748239755630493, -0.0383618138730526, -0.01769823394715786], "skybox_img": 4, "point_uuid": "171", "field_of_view_rads": 0.7352830670651015, "camera_rotation_final": [0.9529772996902466, -0.05197717621922493, -0.06667874753475189]}