{"camera_uuid": "6930", "obliqueness_angle": 1.0599793195724487, "nonfixated_points_in_view": [], "camera_rotation_original": [1.5707963705062866, -0.05553405359387398, 0.3388131856918335], "point_location": [3.778554677963257, 2.2078869342803955, -0.9307063221931458], "skybox_img_path": "./img/high/6930_skybox4.jpg", "resolution": 512, "camera_distance": 0.7594946154823571, "view_id": 0, "point_pitch": 0.455838874974523, "camera_rotation_from_original_to_final": [0.41097143292427063, 0.13949276506900787, 0.4703090786933899], "camera_location": [4.263503074645996, 1.717761516571045, -1.2491936683654785], "point_normal": [0.23373255133628845, 0.10200545191764832, -0.966935396194458], "camera_rotation_final_quaternion": [0.49242955446243286, 0.7877981662750244, 0.29840344190597534, 0.2187293916940689], "skybox_img": 4, "point_uuid": "128", "field_of_view_rads": 2.056502920039658, "camera_rotation_final": [2.0041117668151855, -0.05076567828655243, 0.75661700963974]}