{"camera_uuid": "11964", "obliqueness_angle": 1.129783034324646, "nonfixated_points_in_view": [34], "camera_rotation_original": [1.5707963705062866, 0.13955409824848175, -2.2600009441375732], "point_location": [0.35382547974586487, -0.5060790181159973, -1.460171103477478], "skybox_img_path": "./img/high/11964_skybox4.jpg", "resolution": 512, "camera_distance": 0.8833497530982571, "view_id": 22, "point_pitch": -0.4285941561076303, "camera_rotation_from_original_to_final": [0.3097815215587616, 0.33822667598724365, -0.10290321707725525], "camera_location": [-0.17439748346805573, 0.08631881326436996, -1.072418451309204], "point_normal": [-0.8047041893005371, -0.3797302544116974, 0.4563511312007904], "camera_rotation_final_quaternion": [0.24111706018447876, 0.22557507455348969, -0.479204922914505, -0.8132287859916687], "skybox_img": 4, "point_uuid": "17", "field_of_view_rads": 1.384811670309553, "camera_rotation_final": [1.111785650253296, 0.13622023165225983, -2.4804129600524902]}