{"camera_uuid": "0524", "obliqueness_angle": 1.3704596757888794, "nonfixated_points_in_view": [31], "camera_rotation_original": [1.5707963705062866, -0.1441769152879715, -2.0392205715179443], "point_location": [2.295008659362793, 2.27626895904541, -1.3962150812149048], "skybox_img_path": "./img/high/0524_skybox4.jpg", "resolution": 512, "camera_distance": 0.956558733698731, "view_id": 18, "point_pitch": -0.7052220543238779, "camera_rotation_from_original_to_final": [0.30785083770751953, 0.5587249994277954, -0.504374623298645], "camera_location": [1.9210281372070312, 2.952808141708374, -0.8327987790107727], "point_normal": [-0.9679071307182312, -0.2512916922569275, -0.0028668304439634085], "camera_rotation_final_quaternion": [0.2895200550556183, 0.07855450361967087, -0.44646120071411133, -0.8430182337760925], "skybox_img": 4, "point_uuid": "18", "field_of_view_rads": 1.9554518605800617, "camera_rotation_final": [0.9350966215133667, -0.12640957534313202, -2.543853759765625]}