{"camera_uuid": "10524", "obliqueness_angle": 0.9598038196563721, "nonfixated_points_in_view": [], "camera_rotation_original": [1.5707963705062866, 0.07563940435647964, 1.4483003616333008], "point_location": [-0.1822434514760971, 0.2831597626209259, -1.431676983833313], "skybox_img_path": "./img/high/10524_skybox4.jpg", "resolution": 512, "camera_distance": 0.3546918537906176, "view_id": 27, "point_pitch": -0.4546648701045175, "camera_rotation_from_original_to_final": [-0.06546623259782791, -0.48359575867652893, -0.41779106855392456], "camera_location": [0.08386322855949402, 0.1177113950252533, -1.2654831409454346], "point_normal": [0.12324375659227371, -0.9915743470191956, 0.03989033028483391], "camera_rotation_final_quaternion": [0.7643444538116455, 0.4406757354736328, 0.26744285225868225, 0.38737165927886963], "skybox_img": 4, "point_uuid": "188", "field_of_view_rads": 1.5082571856068028, "camera_rotation_final": [1.0819278955459595, 0.06747753918170929, 0.9786958694458008]}