{"camera_uuid": "15400", "obliqueness_angle": 0.2919481098651886, "nonfixated_points_in_view": [], "camera_rotation_original": [1.5707963705062866, -0.13411833345890045, 2.0523643493652344], "point_location": [5.635040283203125, 1.0644794702529907, -1.395928978919983], "skybox_img_path": "./img/high/15400_skybox4.jpg", "resolution": 512, "camera_distance": 0.9175114182332118, "view_id": 4, "point_pitch": -0.07857577403518157, "camera_rotation_from_original_to_final": [0.03592588007450104, -0.06777792423963547, -0.02041584812104702], "camera_location": [6.453803062438965, 1.4725388288497925, -1.3256276845932007], "point_normal": [0.9823573231697083, 0.185846209526062, -0.02086620032787323], "camera_rotation_final_quaternion": [0.34333035349845886, 0.39561596512794495, 0.5524284839630127, 0.6484096050262451], "skybox_img": 4, "point_uuid": "116", "field_of_view_rads": 1.7779022957772381, "camera_rotation_final": [1.4934033155441284, -0.1341131180524826, 2.043520212173462]}