{"camera_uuid": "8629", "obliqueness_angle": 1.1882039308547974, "nonfixated_points_in_view": [43], "camera_rotation_original": [1.5707963705062866, -0.0448603630065918, 0.7045544385910034], "point_location": [-0.30368760228157043, 1.3439174890518188, -0.7665223479270935], "skybox_img_path": "./img/high/8629_skybox4.jpg", "resolution": 512, "camera_distance": 0.7034563449451998, "view_id": 79, "point_pitch": 0.2589166919377188, "camera_rotation_from_original_to_final": [0.20189790427684784, 0.166975200176239, -0.029695194214582443], "camera_location": [0.11195751279592514, 0.8062626123428345, -0.9482287168502808], "point_normal": [0.9422652125358582, 0.29410141706466675, -0.16012726724147797], "camera_rotation_final_quaternion": [0.5715847611427307, 0.7563750743865967, 0.23885014653205872, 0.2100909799337387], "skybox_img": 4, "point_uuid": "180", "field_of_view_rads": 1.0218518288922764, "camera_rotation_final": [1.8323322534561157, -0.044783927500247955, 0.6461210250854492]}