{"camera_uuid": "9498", "obliqueness_angle": 1.25196373462677, "nonfixated_points_in_view": [], "camera_rotation_original": [1.5707963705062866, -0.11646685749292374, -2.21321439743042], "point_location": [2.9207348823547363, -0.5152132511138916, -0.5628843903541565], "skybox_img_path": "./img/high/9498_skybox4.jpg", "resolution": 512, "camera_distance": 0.5322855277491985, "view_id": 49, "point_pitch": 0.009060339131627515, "camera_rotation_from_original_to_final": [0.042434483766555786, 0.03025795705616474, 0.5270430445671082], "camera_location": [2.3926548957824707, -0.453881174325943, -0.5364686250686646], "point_normal": [-0.26315274834632874, 0.039460260421037674, 0.9639468193054199], "camera_rotation_final_quaternion": [0.508400022983551, 0.4319884181022644, -0.5371894836425781, -0.5160841941833496], "skybox_img": 4, "point_uuid": "152", "field_of_view_rads": 1.3499468538769375, "camera_rotation_final": [1.5208970308303833, -0.10049863904714584, -1.6814095973968506]}