{"camera_uuid": "6281", "obliqueness_angle": 1.011102318763733, "nonfixated_points_in_view": [], "camera_rotation_original": [-1.570796251296997, -3.010676622390747, 0.10130181908607483], "point_location": [-0.4054321348667145, 1.2653040885925293, -0.6841932535171509], "skybox_img_path": "./img/high/6281_skybox4.jpg", "resolution": 512, "camera_distance": 0.3642376331945473, "view_id": 57, "point_pitch": -0.5659319599482675, "camera_rotation_from_original_to_final": [0.5559448599815369, 0.07380205392837524, -0.05971696600317955], "camera_location": [-0.4096554219722748, 1.5739043951034546, -0.49075832962989807], "point_normal": [0.040700461715459824, 0.0009101604809984565, 0.9991709589958191], "camera_rotation_final_quaternion": [0.07356718182563782, -0.03410736098885536, -0.48301419615745544, -0.8718496561050415], "skybox_img": 4, "point_uuid": "104", "field_of_view_rads": 1.7804764599127723, "camera_rotation_final": [-2.136075496673584, -3.0106780529022217, 0.09630194306373596]}