{"camera_uuid": "7787", "obliqueness_angle": 0.728312075138092, "nonfixated_points_in_view": [36], "camera_rotation_original": [1.5707963705062866, 0.10894042998552322, -2.6517109870910645], "point_location": [2.9207348823547363, -0.5152132511138916, -0.5628843903541565], "skybox_img_path": "./img/high/7787_skybox4.jpg", "resolution": 512, "camera_distance": 0.9247568071774317, "view_id": 52, "point_pitch": -0.6921760280940195, "camera_rotation_from_original_to_final": [0.6397138833999634, 0.2811441123485565, 0.14602571725845337], "camera_location": [2.54560923576355, 0.09130361676216125, 0.025837281718850136], "point_normal": [-0.26315274834632874, 0.039460260421037674, 0.9639468193054199], "camera_rotation_final_quaternion": [0.18525350093841553, 0.14522133767604828, -0.40074825286865234, -0.8854336738586426], "skybox_img": 4, "point_uuid": "152", "field_of_view_rads": 1.9352794957620667, "camera_rotation_final": [0.8757551312446594, 0.10890281945466995, -2.6780693531036377]}