{"camera_uuid": "3700", "obliqueness_angle": 1.0716084241867065, "nonfixated_points_in_view": [102], "camera_rotation_original": [1.5707963705062866, -0.12126921117305756, -2.0760912895202637], "point_location": [3.4670467376708984, 1.0758438110351562, -0.6993377804756165], "skybox_img_path": "./img/high/3700_skybox4.jpg", "resolution": 512, "camera_distance": 0.990121101356308, "view_id": 5, "point_pitch": 0.3099486390736441, "camera_rotation_from_original_to_final": [-0.17605870962142944, -0.31185194849967957, -0.3474982976913452], "camera_location": [2.8766486644744873, 1.791556477546692, -1.0450620651245117], "point_normal": [-0.728654682636261, -0.24732623994350433, -0.6386642456054688], "camera_rotation_final_quaternion": [0.22429217398166656, 0.2314387559890747, -0.78805011510849, -0.524505615234375], "skybox_img": 4, "point_uuid": "78", "field_of_view_rads": 2.119048415795751, "camera_rotation_final": [1.929792046546936, -0.11095261573791504, -2.493372917175293]}