{"camera_uuid": "13242", "obliqueness_angle": 1.160146713256836, "nonfixated_points_in_view": [], "camera_rotation_original": [1.5707963705062866, -0.07707270979881287, -1.424159288406372], "point_location": [4.896637916564941, 0.275483638048172, -1.4008036851882935], "skybox_img_path": "./img/high/13242_skybox4.jpg", "resolution": 512, "camera_distance": 0.30726315546583116, "view_id": 12, "point_pitch": -0.4180162390086313, "camera_rotation_from_original_to_final": [-0.038210492581129074, 0.3624580204486847, -0.7983918190002441], "camera_location": [4.6665873527526855, 0.44730624556541443, -1.291421890258789], "point_normal": [-0.7319196462631226, 0.15615351498126984, -0.6632569432258606], "camera_rotation_final_quaternion": [0.3906838595867157, 0.23909133672714233, -0.5146276950836182, -0.7248170375823975], "skybox_img": 4, "point_uuid": "93", "field_of_view_rads": 0.9904486154446002, "camera_rotation_final": [1.2062374353408813, -0.05554709956049919, -2.1911211013793945]}