{"camera_uuid": "8312", "obliqueness_angle": 0.943447470664978, "nonfixated_points_in_view": [64], "camera_rotation_original": [1.5707963705062866, -0.15117357671260834, -0.3673800230026245], "point_location": [-0.34234288334846497, 0.8369564414024353, -0.7921566963195801], "skybox_img_path": "./img/high/8312_skybox4.jpg", "resolution": 512, "camera_distance": 0.3808449534595713, "view_id": 6, "point_pitch": -0.6017770012232919, "camera_rotation_from_original_to_final": [-0.6586941480636597, 0.23065072298049927, 0.5146333575248718], "camera_location": [-0.2766188383102417, 0.5512242317199707, -0.5490922331809998], "point_normal": [0.04777548089623451, 0.07583989202976227, 0.9959748387336731], "camera_rotation_final_quaternion": [0.8889209032058716, 0.42501774430274963, 0.015743354335427284, 0.17009302973747253], "skybox_img": 4, "point_uuid": "121", "field_of_view_rads": 1.48952952790217, "camera_rotation_final": [0.8729003071784973, -0.1168617308139801, 0.3235659897327423]}