{"camera_uuid": "10800", "obliqueness_angle": 1.261296272277832, "nonfixated_points_in_view": [124], "camera_rotation_original": [1.5707963705062866, 0.143881157040596, 1.1009039878845215], "point_location": [-0.11395721882581711, -0.04560520127415657, -1.4123445749282837], "skybox_img_path": "./img/high/10800_skybox4.jpg", "resolution": 512, "camera_distance": 0.7329736083492995, "view_id": 4, "point_pitch": -0.3673448999735971, "camera_rotation_from_original_to_final": [-0.13624641299247742, -0.2741703987121582, 0.48736605048179626], "camera_location": [0.585112988948822, -0.047227054834365845, -1.192007303237915], "point_normal": [0.004181658383458853, -0.01849798485636711, 0.9998201131820679], "camera_rotation_final_quaternion": [0.6086803078651428, 0.3889351785182953, 0.4454501271247864, 0.5289725065231323], "skybox_img": 4, "point_uuid": "192", "field_of_view_rads": 2.119048415795751, "camera_rotation_final": [1.2627345323562622, 0.13117730617523193, 1.5268805027008057]}