{"camera_uuid": "5586", "obliqueness_angle": 1.3141827583312988, "nonfixated_points_in_view": [], "camera_rotation_original": [1.5707963705062866, 0.031149400398135185, 1.7176988124847412], "point_location": [1.8005895614624023, 0.6414239406585693, -0.9798945188522339], "skybox_img_path": "./img/high/5586_skybox4.jpg", "resolution": 512, "camera_distance": 0.9421962078919364, "view_id": 7, "point_pitch": -0.2793873985621591, "camera_rotation_from_original_to_final": [0.041151657700538635, -0.26508042216300964, 0.3667498230934143], "camera_location": [2.5894649028778076, 1.0920671224594116, -0.7302345037460327], "point_normal": [-0.012308535166084766, -0.0017647614004090428, 0.9999226927757263], "camera_rotation_final_quaternion": [0.4095610976219177, 0.2963692843914032, 0.528844952583313, 0.6817243099212646], "skybox_img": 4, "point_uuid": "193", "field_of_view_rads": 1.5023104524077913, "camera_rotation_final": [1.3025002479553223, 0.029108446091413498, 2.0818047523498535]}