{"camera_uuid": "8434", "obliqueness_angle": 1.0094599723815918, "nonfixated_points_in_view": [], "camera_rotation_original": [1.5707963705062866, -0.06453511863946915, 0.17751123011112213], "point_location": [0.48665541410446167, 2.050424337387085, -1.4244725704193115], "skybox_img_path": "./img/high/8434_skybox4.jpg", "resolution": 512, "camera_distance": 0.9790382664613008, "view_id": 28, "point_pitch": -0.4912854870173593, "camera_rotation_from_original_to_final": [-0.4598195254802704, -0.08181721717119217, -0.38934504985809326], "camera_location": [0.2859329879283905, 1.1993577480316162, -0.9841180443763733], "point_normal": [-0.7508701086044312, -0.09726908802986145, 0.6532478928565979], "camera_rotation_final_quaternion": [0.8485286235809326, 0.5186663866043091, -0.07806264609098434, -0.06993243843317032], "skybox_img": 4, "point_uuid": "167", "field_of_view_rads": 1.6403442297244761, "camera_rotation_final": [1.1033670902252197, -0.05996951088309288, -0.2013740986585617]}