{"camera_uuid": "8803", "obliqueness_angle": 1.384541630744934, "nonfixated_points_in_view": [], "camera_rotation_original": [1.5707963705062866, -0.03971726447343826, 0.014516826719045639], "point_location": [3.4670467376708984, 1.0758438110351562, -0.6993377804756165], "skybox_img_path": "./img/high/8803_skybox4.jpg", "resolution": 512, "camera_distance": 0.7153484407697496, "view_id": 64, "point_pitch": 0.44526417652634187, "camera_rotation_from_original_to_final": [0.4290464222431183, 0.005747892428189516, 0.4292319416999817], "camera_location": [3.7456300258636475, 0.4880152642726898, -0.9969488978385925], "point_normal": [-0.728654682636261, -0.24732623994350433, -0.6386642456054688], "camera_rotation_final_quaternion": [0.52469801902771, 0.8244534730911255, 0.16821040213108063, 0.12912669777870178], "skybox_img": 4, "point_uuid": "78", "field_of_view_rads": 0.554628086887159, "camera_rotation_final": [2.0001821517944336, -0.03640661761164665, 0.42590171098709106]}