{"camera_uuid": "13420", "obliqueness_angle": 1.1953235864639282, "nonfixated_points_in_view": [], "camera_rotation_original": [1.5707963705062866, 0.05182691663503647, 0.3656595051288605], "point_location": [0.580907940864563, -0.050188999623060226, -1.4085019826889038], "skybox_img_path": "./img/high/13420_skybox4.jpg", "resolution": 512, "camera_distance": 0.889960261571822, "view_id": 62, "point_pitch": -0.43941633304091887, "camera_rotation_from_original_to_final": [-0.43595021963119507, -0.1607213318347931, -0.4219166338443756], "camera_location": [0.5077207684516907, -0.8431434631347656, -1.0111404657363892], "point_normal": [0.11274728178977966, 0.07453673332929611, 0.9908240437507629], "camera_rotation_final_quaternion": [0.8482538461685181, 0.5259646773338318, -0.010695263743400574, -0.06092791259288788], "skybox_img": 4, "point_uuid": "57", "field_of_view_rads": 0.6720038838202558, "camera_rotation_final": [1.1074259281158447, 0.04596344381570816, -0.1149897575378418]}