{"camera_uuid": "4891", "obliqueness_angle": 0.9378387928009033, "nonfixated_points_in_view": [97, 42, 116], "camera_rotation_original": [1.5707963705062866, -0.13530167937278748, -2.5051803588867188], "point_location": [0.32991182804107666, 2.4133899211883545, -1.3794349431991577], "skybox_img_path": "./img/high/4891_skybox4.jpg", "resolution": 512, "camera_distance": 0.8078290916183345, "view_id": 14, "point_pitch": -0.2672651251170297, "camera_rotation_from_original_to_final": [0.17093819379806519, 0.10874410718679428, -0.5100002884864807], "camera_location": [0.23638483881950378, 3.1992695331573486, -1.2174664735794067], "point_normal": [0.7323230504989624, 0.6650322675704956, 0.14640741050243378], "camera_rotation_final_quaternion": [0.09284912794828415, -0.0010617802618071437, -0.6322576403617859, -0.7691737413406372], "skybox_img": 4, "point_uuid": "151", "field_of_view_rads": 1.5766701541034631, "camera_rotation_final": [1.3674638271331787, -0.11932548880577087, -2.998600959777832]}