{"camera_uuid": "9697", "obliqueness_angle": 1.1726691722869873, "nonfixated_points_in_view": [], "camera_rotation_original": [1.5707963705062866, -0.0974847748875618, 0.7433602213859558], "point_location": [-0.1822434514760971, 0.2831597626209259, -1.431676983833313], "skybox_img_path": "./img/high/9697_skybox4.jpg", "resolution": 512, "camera_distance": 0.40565030832716803, "view_id": 1, "point_pitch": -0.23269133170577483, "camera_rotation_from_original_to_final": [-0.21972298622131348, -0.18242458999156952, 0.5661320090293884], "camera_location": [0.1919747292995453, 0.17564640939235687, -1.3178621530532837], "point_normal": [0.12324375659227371, -0.9915743470191956, 0.03989033028483391], "camera_rotation_final_quaternion": [0.6180176734924316, 0.4940658211708069, 0.34001776576042175, 0.5082725882530212], "skybox_img": 4, "point_uuid": "188", "field_of_view_rads": 1.6924921945557647, "camera_rotation_final": [1.2854174375534058, -0.08205827325582504, 1.3150733709335327]}