{"camera_uuid": "9029", "obliqueness_angle": 1.1614872217178345, "nonfixated_points_in_view": [36], "camera_rotation_original": [1.5707963705062866, -0.005962564144283533, -3.098219633102417], "point_location": [2.9207348823547363, -0.5152132511138916, -0.5628843903541565], "skybox_img_path": "./img/high/9029_skybox4.jpg", "resolution": 512, "camera_distance": 0.8086752850432348, "view_id": 69, "point_pitch": -0.23088280757399993, "camera_rotation_from_original_to_final": [0.2338075041770935, 0.009341249242424965, 0.5484791398048401], "camera_location": [2.482530355453491, 0.13806802034378052, -0.37538477778434753], "point_normal": [-0.26315274834632874, 0.039460260421037674, 0.9639468193054199], "camera_rotation_final_quaternion": [0.2304544597864151, 0.1788797676563263, -0.5933565497398376, -0.7502138018608093], "skybox_img": 4, "point_uuid": "152", "field_of_view_rads": 1.5023104524077913, "camera_rotation_final": [1.3368037939071655, -0.005087198223918676, -2.5495388507843018]}