{"camera_uuid": "16371", "obliqueness_angle": 0.6606788039207458, "nonfixated_points_in_view": [], "camera_rotation_original": [1.5707963705062866, 0.028212156146764755, 0.10429520159959793], "point_location": [6.472002983093262, 0.15190300345420837, -1.4097909927368164], "skybox_img_path": "./img/high/16371_skybox4.jpg", "resolution": 512, "camera_distance": 0.9299885538861943, "view_id": 5, "point_pitch": -0.5576917370173593, "camera_rotation_from_original_to_final": [-0.5545840859413147, -0.050799157470464706, 0.05898391827940941], "camera_location": [6.59019136428833, -0.628792941570282, -0.9184417128562927], "point_normal": [-0.32529330253601074, -0.9426379203796387, 0.07495465129613876], "camera_rotation_final_quaternion": [0.8726717233657837, 0.4835820496082306, 0.04448490962386131, 0.05112306401133537], "skybox_img": 4, "point_uuid": "86", "field_of_view_rads": 1.6816280418618088, "camera_rotation_final": [1.0139057636260986, 0.028200788423419, 0.13269317150115967]}