{"camera_uuid": "1600", "obliqueness_angle": 1.4350876808166504, "nonfixated_points_in_view": [57, 5, 31], "camera_rotation_original": [1.5707963705062866, -0.02242867834866047, -1.2155482769012451], "point_location": [2.772310256958008, 3.1618707180023193, -1.40426504611969], "skybox_img_path": "./img/high/1600_skybox4.jpg", "resolution": 512, "camera_distance": 0.7610865946983331, "view_id": 1, "point_pitch": -0.13391797145339446, "camera_rotation_from_original_to_final": [-0.046843260526657104, 0.12499967217445374, -0.025488555431365967], "camera_location": [2.0593488216400146, 2.9155280590057373, -1.3030025959014893], "point_normal": [-0.01028609462082386, 0.022713176906108856, 0.9996891021728516], "camera_rotation_final_quaternion": [0.6179016828536987, 0.531851589679718, -0.38808372616767883, -0.42979344725608826], "skybox_img": 4, "point_uuid": "32", "field_of_view_rads": 1.6316217442386929, "camera_rotation_final": [1.4373170137405396, -0.022424397990107536, -1.2351070642471313]}