{"camera_uuid": "4196", "obliqueness_angle": 0.40654194355010986, "nonfixated_points_in_view": [66], "camera_rotation_original": [1.5707963705062866, 0.1253734976053238, -0.6863951683044434], "point_location": [1.1355481147766113, 2.277404546737671, -1.37511146068573], "skybox_img_path": "./img/high/4196_skybox4.jpg", "resolution": 512, "camera_distance": 0.7971944986564786, "view_id": 45, "point_pitch": -0.3389398296687265, "camera_rotation_from_original_to_final": [-0.24409815669059753, 0.20098349452018738, 0.18823140859603882], "camera_location": [0.7904343008995056, 1.6025277376174927, -1.128217101097107], "point_normal": [-0.34670761227607727, -0.666063666343689, 0.6604189276695251], "camera_rotation_final_quaternion": [0.772769570350647, 0.578886091709137, -0.10019426792860031, -0.24016495048999786], "skybox_img": 4, "point_uuid": "162", "field_of_view_rads": 2.1466993855908125, "camera_rotation_final": [1.2534130811691284, 0.12351596355438232, -0.5131529569625854]}