{"camera_uuid": "7545", "obliqueness_angle": 1.0694539546966553, "nonfixated_points_in_view": [], "camera_rotation_original": [1.5707963705062866, 0.04664251580834389, 2.3928329944610596], "point_location": [2.745572328567505, -0.016294807195663452, -0.9296797513961792], "skybox_img_path": "./img/high/7545_skybox4.jpg", "resolution": 512, "camera_distance": 0.6777589667088376, "view_id": 79, "point_pitch": 0.47925885120895906, "camera_rotation_from_original_to_final": [-0.3763168752193451, 0.32431086897850037, 0.19593960046768188], "camera_location": [3.027601480484009, 0.5104314684867859, -1.2496426105499268], "point_normal": [-0.5854119062423706, 0.6019739508628845, -0.5430656671524048], "camera_rotation_final_quaternion": [0.13763980567455292, 0.18754172325134277, 0.8371815085411072, 0.49498534202575684], "skybox_img": 4, "point_uuid": "102", "field_of_view_rads": 1.9181515624810694, "camera_rotation_final": [2.0629942417144775, 0.044813212007284164, 2.674015522003174]}