{"camera_uuid": "6507", "obliqueness_angle": 0.9243102669715881, "nonfixated_points_in_view": [], "camera_rotation_original": [1.5707963705062866, 0.15812163054943085, -1.1546852588653564], "point_location": [1.8005895614624023, 0.6414239406585693, -0.9798945188522339], "skybox_img_path": "./img/high/6507_skybox4.jpg", "resolution": 512, "camera_distance": 0.652395769396539, "view_id": 101, "point_pitch": -0.548742457232203, "camera_rotation_from_original_to_final": [-0.2873486578464508, 0.5738261938095093, -0.6124891638755798], "camera_location": [1.2783478498458862, 0.6992928385734558, -0.5931969285011292], "point_normal": [-0.012308535166084766, -0.0017647614004090428, 0.9999226927757263], "camera_rotation_final_quaternion": [0.5401303768157959, 0.32694700360298157, -0.31102779507637024, -0.7103707194328308], "skybox_img": 4, "point_uuid": "193", "field_of_view_rads": 1.7231832842833434, "camera_rotation_final": [0.9301782250404358, 0.12887246906757355, -1.7766724824905396]}