{"camera_uuid": "7470", "obliqueness_angle": 0.3483930826187134, "nonfixated_points_in_view": [], "camera_rotation_original": [1.5707963705062866, -0.010212494991719723, -0.17271865904331207], "point_location": [3.4670467376708984, 1.0758438110351562, -0.6993377804756165], "skybox_img_path": "./img/high/7470_skybox4.jpg", "resolution": 512, "camera_distance": 0.88787383413151, "view_id": 51, "point_pitch": 0.447403029599462, "camera_rotation_from_original_to_final": [0.44889897108078003, -0.07370040565729141, -0.7826048135757446], "camera_location": [2.8233139514923096, 0.6046808958053589, -1.089124321937561], "point_normal": [-0.728654682636261, -0.24732623994350433, -0.6386642456054688], "camera_rotation_final_quaternion": [0.4732879102230072, 0.7548872828483582, -0.3868471384048462, -0.23768261075019836], "skybox_img": 4, "point_uuid": "78", "field_of_view_rads": 2.0816637958161985, "camera_rotation_final": [2.0253071784973145, -0.007333051413297653, -0.9425481557846069]}