{"camera_uuid": "3626", "obliqueness_angle": 0.931179404258728, "nonfixated_points_in_view": [], "camera_rotation_original": [1.5707963705062866, -0.10382333397865295, -2.7111358642578125], "point_location": [3.3059499263763428, 1.507105827331543, -1.4197665452957153], "skybox_img_path": "./img/high/3626_skybox4.jpg", "resolution": 512, "camera_distance": 0.3416546975475355, "view_id": 19, "point_pitch": -0.617416306338038, "camera_rotation_from_original_to_final": [0.5719671249389648, 0.2640688717365265, 0.1058591976761818], "camera_location": [3.1851301193237305, 1.7568070888519287, -1.2203178405761719], "point_normal": [-0.034560561180114746, 0.0017010869923979044, 0.9994011521339417], "camera_rotation_final_quaternion": [0.25364089012145996, 0.07340707629919052, -0.45024996995925903, -0.8529669642448425], "skybox_img": 4, "point_uuid": "155", "field_of_view_rads": 0.8546880344112765, "camera_rotation_final": [0.9435654282569885, -0.10335991531610489, -2.616291046142578]}