{"camera_uuid": "8735", "obliqueness_angle": 0.5842036604881287, "nonfixated_points_in_view": [], "camera_rotation_original": [-1.570796251296997, 3.0712521076202393, -0.06814566999673843], "point_location": [0.580907940864563, -0.050188999623060226, -1.4085019826889038], "skybox_img_path": "./img/high/8735_skybox4.jpg", "resolution": 512, "camera_distance": 0.9467248552871278, "view_id": 21, "point_pitch": -0.6837622364375253, "camera_rotation_from_original_to_final": [0.6669357419013977, -0.056164294481277466, 0.21705810725688934], "camera_location": [0.45190876722335815, 0.6813297867774963, -0.821537435054779], "point_normal": [-0.16356271505355835, 0.2954562306404114, 0.941250741481781], "camera_rotation_final_quaternion": [-0.038880787789821625, -0.05708371475338936, 0.43213897943496704, 0.8991582989692688], "skybox_img": 4, "point_uuid": "57", "field_of_view_rads": 0.7376648996792496, "camera_rotation_final": [-2.241424322128296, 3.0724868774414062, 0.11982804536819458]}