{"camera_uuid": "6036", "obliqueness_angle": 1.2060116529464722, "nonfixated_points_in_view": [], "camera_rotation_original": [1.5707963705062866, 0.05384475365281105, -2.199763298034668], "point_location": [2.745572328567505, -0.016294807195663452, -0.9296797513961792], "skybox_img_path": "./img/high/6036_skybox4.jpg", "resolution": 512, "camera_distance": 0.8328820700510683, "view_id": 8, "point_pitch": -0.49782054027053313, "camera_rotation_from_original_to_final": [0.3290051519870758, 0.4261469542980194, -0.6047664284706116], "camera_location": [2.558567762374878, 0.676645040512085, -0.507120668888092], "point_normal": [-0.5854119062423706, 0.6019739508628845, -0.5430656671524048], "camera_rotation_final_quaternion": [0.09352396428585052, 0.07694128155708313, -0.4903133511543274, -0.8630910515785217], "skybox_img": 4, "point_uuid": "102", "field_of_view_rads": 1.384811670309553, "camera_rotation_final": [1.0381964445114136, 0.04111413657665253, -2.9022228717803955]}