{"camera_uuid": "8288", "obliqueness_angle": 0.33380332589149475, "nonfixated_points_in_view": [], "camera_rotation_original": [1.5707963705062866, 0.16100557148456573, -0.9793511629104614], "point_location": [2.813992500305176, 1.206691026687622, -1.412956953048706], "skybox_img_path": "./img/high/8288_skybox4.jpg", "resolution": 512, "camera_distance": 0.6229779465434025, "view_id": 1, "point_pitch": -0.3355436762187143, "camera_rotation_from_original_to_final": [-0.17188291251659393, 0.26069942116737366, 0.15503500401973724], "camera_location": [2.3882789611816406, 0.7937721014022827, -1.2222543954849243], "point_normal": [-0.8119872808456421, -0.5835861563682556, 0.010192384012043476], "camera_rotation_final_quaternion": [0.7152024507522583, 0.5597814917564392, -0.18326887488365173, -0.376221626996994], "skybox_img": 4, "point_uuid": "163", "field_of_view_rads": 1.6316217442386929, "camera_rotation_final": [1.2555384635925293, 0.15973350405693054, -0.852480411529541]}