{"camera_uuid": "14104", "obliqueness_angle": 1.4798885583877563, "nonfixated_points_in_view": [92], "camera_rotation_original": [1.5707963705062866, 0.0913732722401619, -0.13780970871448517], "point_location": [5.577847957611084, 0.5073602795600891, -0.8285789489746094], "skybox_img_path": "./img/high/14104_skybox4.jpg", "resolution": 512, "camera_distance": 0.7169785985448666, "view_id": 37, "point_pitch": -0.06833426555129485, "camera_rotation_from_original_to_final": [-0.0828012004494667, 0.010465805418789387, -0.16306941211223602], "camera_location": [5.366371154785156, -0.17510885000228882, -0.7688146829605103], "point_normal": [0.047805894166231155, -0.0227388683706522, 0.9985978007316589], "camera_rotation_final_quaternion": [0.7219774127006531, 0.6732624769210815, -0.07099168002605438, -0.1429210752248764], "skybox_img": 4, "point_uuid": "11", "field_of_view_rads": 1.3001655876812834, "camera_rotation_final": [1.4870034456253052, 0.09005971252918243, -0.30804094672203064]}