{"camera_uuid": "11698", "obliqueness_angle": 1.498915672302246, "nonfixated_points_in_view": [], "camera_rotation_original": [1.5707963705062866, 0.10386738926172256, 1.6371883153915405], "point_location": [5.518570899963379, 1.8022818565368652, -0.9034366607666016], "skybox_img_path": "./img/high/11698_skybox4.jpg", "resolution": 512, "camera_distance": 0.6806312180945286, "view_id": 63, "point_pitch": -0.40318529208632903, "camera_rotation_from_original_to_final": [0.03334016725420952, -0.34650570154190063, 0.5736847519874573], "camera_location": [6.030153274536133, 2.1865882873535156, -0.6713786721229553], "point_normal": [-0.3810344636440277, 0.07813670486211777, 0.9212532639503479], "camera_rotation_final_quaternion": [0.4001160264015198, 0.23196479678153992, 0.5250902771949768, 0.7144086360931396], "skybox_img": 4, "point_uuid": "103", "field_of_view_rads": 1.188507872007912, "camera_rotation_final": [1.221436858177185, 0.08887574076652527, 2.182748317718506]}