{"camera_uuid": "13880", "obliqueness_angle": 1.5621880292892456, "nonfixated_points_in_view": [92], "camera_rotation_original": [1.5707963705062866, 0.16756227612495422, -1.0023484230041504], "point_location": [5.577847957611084, 0.5073602795600891, -0.8285789489746094], "skybox_img_path": "./img/high/13880_skybox4.jpg", "resolution": 512, "camera_distance": 0.6799349860103909, "view_id": 40, "point_pitch": -0.052977128824915454, "camera_rotation_from_original_to_final": [-0.017433173954486847, 0.024661831557750702, 0.1395023763179779], "camera_location": [5.061624526977539, 0.0653146356344223, -0.8080703020095825], "point_normal": [0.047805894166231155, -0.0227388683706522, 0.9985978007316589], "camera_rotation_final_quaternion": [0.624813437461853, 0.6545591354370117, -0.23763632774353027, -0.3531140685081482], "skybox_img": 4, "point_uuid": "11", "field_of_view_rads": 1.1399099232606629, "camera_rotation_final": [1.540208101272583, 0.16607366502285004, -0.8677104711532593]}