{"camera_uuid": "14350", "obliqueness_angle": 1.4322574138641357, "nonfixated_points_in_view": [], "camera_rotation_original": [1.5707963705062866, -0.08531871438026428, 0.2898825705051422], "point_location": [4.301836967468262, 1.017685055732727, -0.9298179745674133], "skybox_img_path": "./img/high/14350_skybox4.jpg", "resolution": 512, "camera_distance": 0.4663693473344783, "view_id": 16, "point_pitch": -0.322780772051539, "camera_rotation_from_original_to_final": [-0.3265855014324188, -0.09828785806894302, 0.21181589365005493], "camera_location": [4.506771087646484, 0.6287890076637268, -0.7740545868873596], "point_normal": [0.5320354104042053, 0.411212295293808, 0.7401641011238098], "camera_rotation_final_quaternion": [0.7833795547485352, 0.5657496452331543, 0.11371742188930511, 0.2308943122625351], "skybox_img": 4, "point_uuid": "143", "field_of_view_rads": 2.056502920039658, "camera_rotation_final": [1.2290315628051758, -0.0831848531961441, 0.5145333409309387]}