{"camera_uuid": "3935", "obliqueness_angle": 1.5414481163024902, "nonfixated_points_in_view": [120], "camera_rotation_original": [1.5707963705062866, -0.16649526357650757, 2.449007034301758], "point_location": [-0.4054321348667145, 1.2653040885925293, -0.6841932535171509], "skybox_img_path": "./img/high/3935_skybox4.jpg", "resolution": 512, "camera_distance": 0.6245274252152352, "view_id": 50, "point_pitch": 0.05482883850601716, "camera_rotation_from_original_to_final": [0.0036925673484802246, -0.02549785189330578, 0.4604399502277374], "camera_location": [-0.2619040608406067, 1.872997760772705, -0.6722519993782043], "point_normal": [0.040700461715459824, 0.0009101604809984565, 0.9991709589958191], "camera_rotation_final_quaternion": [0.029510855674743652, 0.1326597034931183, 0.6876345872879028, 0.7132245302200317], "skybox_img": 4, "point_uuid": "104", "field_of_view_rads": 0.950131287597413, "camera_rotation_final": [1.5514601469039917, -0.14919985830783844, 2.912533760070801]}