{"camera_uuid": "5850", "obliqueness_angle": 1.4892051219940186, "nonfixated_points_in_view": [], "camera_rotation_original": [1.5707963705062866, 0.13460898399353027, 2.706667184829712], "point_location": [1.8005895614624023, 0.6414239406585693, -0.9798945188522339], "skybox_img_path": "./img/high/5850_skybox4.jpg", "resolution": 512, "camera_distance": 0.7437375283497898, "view_id": 73, "point_pitch": -0.027713461718287036, "camera_rotation_from_original_to_final": [0.0908302590250969, -0.024126296862959862, -0.4985526502132416], "camera_location": [2.3956215381622314, 1.0822863578796387, -0.911172091960907], "point_normal": [-0.012308535166084766, -0.0017647614004090428, 0.9999226927757263], "camera_rotation_final_quaternion": [0.37085506319999695, 0.2669552266597748, 0.6184934973716736, 0.6392708420753479], "skybox_img": 4, "point_uuid": "193", "field_of_view_rads": 1.484026425663521, "camera_rotation_final": [1.4776164293289185, 0.11770111322402954, 2.1974782943725586]}