{"camera_uuid": "8717", "obliqueness_angle": 1.3371734619140625, "nonfixated_points_in_view": [33], "camera_rotation_original": [1.5707963705062866, 0.0603780522942543, -2.465888500213623], "point_location": [5.615777015686035, 2.4743409156799316, -1.4249221086502075], "skybox_img_path": "./img/high/8717_skybox4.jpg", "resolution": 512, "camera_distance": 0.5132286131881456, "view_id": 6, "point_pitch": -0.7594892223689218, "camera_rotation_from_original_to_final": [0.6458232402801514, 0.43036577105522156, 0.18440468609333038], "camera_location": [5.369204521179199, 2.7536702156066895, -1.0719621181488037], "point_normal": [-0.9627537131309509, -0.11571325361728668, -0.2443682849407196], "camera_rotation_final_quaternion": [0.28895893692970276, 0.15503986179828644, -0.3634560704231262, -0.8719891309738159], "skybox_img": 4, "point_uuid": "125", "field_of_view_rads": 0.9904486154446002, "camera_rotation_final": [0.8107155561447144, 0.06037507206201553, -2.475696563720703]}