{"camera_uuid": "6757", "obliqueness_angle": 1.2318538427352905, "nonfixated_points_in_view": [], "camera_rotation_original": [1.5707963705062866, -0.09838999062776566, -1.4731086492538452], "point_location": [3.2907848358154297, 0.7151510119438171, -0.953556478023529], "skybox_img_path": "./img/high/6757_skybox4.jpg", "resolution": 512, "camera_distance": 0.2691393842170251, "view_id": 13, "point_pitch": -0.22597496112319426, "camera_rotation_from_original_to_final": [0.0020119384862482548, 0.1674693077802658, -0.6582873463630676], "camera_location": [3.065798282623291, 0.8559637665748596, -0.908960223197937], "point_normal": [-0.31622445583343506, 0.4023386836051941, -0.8591424822807312], "camera_rotation_final_quaternion": [0.39626452326774597, 0.2901051938533783, -0.5770522356033325, -0.6525520086288452], "skybox_img": 4, "point_uuid": "195", "field_of_view_rads": 1.6071546237233685, "camera_rotation_final": [1.403806209564209, -0.07879474759101868, -2.116755247116089]}