{"camera_uuid": "3592", "obliqueness_angle": 1.1504963636398315, "nonfixated_points_in_view": [], "camera_rotation_original": [1.5707963705062866, 0.14194181561470032, 1.1105411052703857], "point_location": [2.3265388011932373, 1.823689341545105, -1.379395604133606], "skybox_img_path": "./img/high/3592_skybox4.jpg", "resolution": 512, "camera_distance": 0.8157559661476084, "view_id": 0, "point_pitch": -0.5303017338130136, "camera_rotation_from_original_to_final": [-0.2581665813922882, -0.44174203276634216, 0.25791969895362854], "camera_location": [3.0165131092071533, 1.6433850526809692, -0.9833102226257324], "point_normal": [0.44639652967453003, -0.8364235162734985, -0.31800320744514465], "camera_rotation_final_quaternion": [0.7223295569419861, 0.3751392960548401, 0.3413190245628357, 0.47011902928352356], "skybox_img": 4, "point_uuid": "10", "field_of_view_rads": 2.078591559549699, "camera_rotation_final": [1.05824875831604, 0.1408344805240631, 1.2363686561584473]}