{"camera_uuid": "9727", "obliqueness_angle": 1.372692346572876, "nonfixated_points_in_view": [], "camera_rotation_original": [1.5707963705062866, 0.11303386092185974, 0.7223250269889832], "point_location": [3.4670467376708984, 1.0758438110351562, -0.6993377804756165], "skybox_img_path": "./img/high/9727_skybox4.jpg", "resolution": 512, "camera_distance": 0.9423697969792935, "view_id": 14, "point_pitch": 0.28261907497910066, "camera_rotation_from_original_to_final": [0.1816299557685852, 0.14809094369411469, -0.4478575587272644], "camera_location": [3.7043652534484863, 0.1903436928987503, -0.9175813794136047], "point_normal": [-0.728654682636261, -0.24732623994350433, -0.6386642456054688], "camera_rotation_final_quaternion": [0.6179473996162415, 0.771532416343689, 0.14329303801059723, 0.04843377321958542], "skybox_img": 4, "point_uuid": "78", "field_of_view_rads": 1.274054123740192, "camera_rotation_final": [1.8057656288146973, 0.10253826528787613, 0.2863503396511078]}