{"camera_uuid": "10491", "obliqueness_angle": 1.3997350931167603, "nonfixated_points_in_view": [], "camera_rotation_original": [1.5707963705062866, -0.04108601436018944, 2.3788528442382812], "point_location": [5.518570899963379, 1.8022818565368652, -0.9034366607666016], "skybox_img_path": "./img/high/10491_skybox4.jpg", "resolution": 512, "camera_distance": 0.9281102352701891, "view_id": 69, "point_pitch": -0.2687881430003305, "camera_rotation_from_original_to_final": [0.20614250004291534, -0.19412943720817566, 0.30705246329307556], "camera_location": [5.894570350646973, 2.6104965209960938, -0.6449756622314453], "point_normal": [-0.3810344636440277, 0.07813670486211777, 0.9212532639503479], "camera_rotation_final_quaternion": [0.1569156050682068, 0.1415446698665619, 0.5837162137031555, 0.7839757800102234], "skybox_img": 4, "point_uuid": "103", "field_of_view_rads": 1.5023104524077913, "camera_rotation_final": [1.2883661985397339, -0.03875652700662613, 2.717395782470703]}