{"camera_uuid": "6933", "obliqueness_angle": 0.9334011673927307, "nonfixated_points_in_view": [], "camera_rotation_original": [1.5707963705062866, 0.050139956176280975, -2.073824405670166], "point_location": [5.518570899963379, 1.8022818565368652, -0.9034366607666016], "skybox_img_path": "./img/high/6933_skybox4.jpg", "resolution": 512, "camera_distance": 0.8510638363303943, "view_id": 7, "point_pitch": -0.260385318598475, "camera_rotation_from_original_to_final": [0.11557119339704514, 0.21160396933555603, 0.42232024669647217], "camera_location": [4.6956329345703125, 1.879287838935852, -0.700575053691864], "point_normal": [-0.3810344636440277, 0.07813670486211777, 0.9212532639503479], "camera_rotation_final_quaternion": [0.515863299369812, 0.42627307772636414, -0.4462176263332367, -0.594193696975708], "skybox_img": 4, "point_uuid": "103", "field_of_view_rads": 1.274054123740192, "camera_rotation_final": [1.3298548460006714, 0.046219438314437866, -1.6754515171051025]}