{"camera_uuid": "12511", "obliqueness_angle": 1.3115607500076294, "nonfixated_points_in_view": [106], "camera_rotation_original": [1.5707963705062866, -0.12295781821012497, 1.0940110683441162], "point_location": [4.810020923614502, 1.166747808456421, -1.332459807395935], "skybox_img_path": "./img/high/12511_skybox4.jpg", "resolution": 512, "camera_distance": 0.7454216311388786, "view_id": 19, "point_pitch": -0.7712969024989267, "camera_rotation_from_original_to_final": [-0.38283902406692505, -0.6876618266105652, 0.09107670187950134], "camera_location": [5.26775598526001, 0.889903724193573, -0.8133361339569092], "point_normal": [0.7864901423454285, 0.6175901889801025, 0.003958132583647966], "camera_rotation_final_quaternion": [0.7605467438697815, 0.3545152544975281, 0.16158857941627502, 0.5194002985954285], "skybox_img": 4, "point_uuid": "166", "field_of_view_rads": 1.4604219695947274, "camera_rotation_final": [0.7930167317390442, -0.12278764694929123, 1.1468926668167114]}