{"camera_uuid": "8165", "obliqueness_angle": 1.1451520919799805, "nonfixated_points_in_view": [], "camera_rotation_original": [1.5707963705062866, 0.16391976177692413, -2.4256374835968018], "point_location": [-0.34234288334846497, 0.8369564414024353, -0.7921566963195801], "skybox_img_path": "./img/high/8165_skybox4.jpg", "resolution": 512, "camera_distance": 0.48411117567559736, "view_id": 19, "point_pitch": -0.44467632373305754, "camera_rotation_from_original_to_final": [0.33242642879486084, 0.2599143385887146, 0.23654726147651672], "camera_location": [-0.6919894814491272, 1.1078097820281982, -0.5953081250190735], "point_normal": [0.04777548089623451, 0.07583989202976227, 0.9959748387336731], "camera_rotation_final_quaternion": [0.3007007837295532, 0.2823699116706848, -0.46578747034072876, -0.7828718423843384], "skybox_img": 4, "point_uuid": "121", "field_of_view_rads": 1.8083336999188173, "camera_rotation_final": [1.1460813283920288, 0.16271056234836578, -2.3030166625976562]}