{"camera_uuid": "6671", "obliqueness_angle": 1.341019868850708, "nonfixated_points_in_view": [64, 120], "camera_rotation_original": [1.5707963705062866, 0.06208742409944534, 1.4789453744888306], "point_location": [-0.34234288334846497, 0.8369564414024353, -0.7921566963195801], "skybox_img_path": "./img/high/6671_skybox4.jpg", "resolution": 512, "camera_distance": 0.7015556564241527, "view_id": 0, "point_pitch": -0.18663732608291106, "camera_rotation_from_original_to_final": [-0.016244152560830116, -0.1746571660041809, 0.1888922154903412], "camera_location": [0.3452928066253662, 0.9029080271720886, -0.6697315573692322], "point_normal": [0.04777548089623451, 0.07583989202976227, 0.9959748387336731], "camera_rotation_final_quaternion": [0.5327098369598389, 0.41709011793136597, 0.4886545240879059, 0.5508837103843689], "skybox_img": 4, "point_uuid": "121", "field_of_view_rads": 2.078591559549699, "camera_rotation_final": [1.3950614929199219, 0.06112389266490936, 1.6555681228637695]}