{"camera_uuid": "7759", "obliqueness_angle": 0.43895113468170166, "nonfixated_points_in_view": [], "camera_rotation_original": [1.5707963705062866, 0.08445297926664352, 0.05650680139660835], "point_location": [2.813992500305176, 1.206691026687622, -1.412956953048706], "skybox_img_path": "./img/high/7759_skybox4.jpg", "resolution": 512, "camera_distance": 0.7249051978553438, "view_id": 3, "point_pitch": -0.28539244731399016, "camera_rotation_from_original_to_final": [-0.33975735306739807, -0.0355718620121479, -0.7005481123924255], "camera_location": [2.3988289833068848, 0.6641771793365479, -1.170458436012268], "point_normal": [-0.8119872808456421, -0.5835861563682556, 0.010192384012043476], "camera_rotation_final_quaternion": [0.764508068561554, 0.5522120594978333, -0.16673223674297333, -0.2877318263053894], "skybox_img": 4, "point_uuid": "163", "field_of_view_rads": 1.0386947080855735, "camera_rotation_final": [1.2289927005767822, 0.06288313120603561, -0.675548791885376]}