{"camera_uuid": "12906", "obliqueness_angle": 0.7214713096618652, "nonfixated_points_in_view": [96], "camera_rotation_original": [1.5707963705062866, 0.10996878147125244, -2.016188144683838], "point_location": [6.586917400360107, 2.625067710876465, -1.3898545503616333], "skybox_img_path": "./img/high/12906_skybox4.jpg", "resolution": 512, "camera_distance": 0.554230474859409, "view_id": 2, "point_pitch": -0.5945588787409921, "camera_rotation_from_original_to_final": [0.31489986181259155, 0.543034553527832, -0.10860809683799744], "camera_location": [6.223827362060547, 2.893031358718872, -1.0680898427963257], "point_normal": [-0.5904265642166138, 0.8058854937553406, -0.04410218074917793], "camera_rotation_final_quaternion": [0.34804829955101013, 0.23258960247039795, -0.3944889008998871, -0.8180115818977356], "skybox_img": 4, "point_uuid": "15", "field_of_view_rads": 1.0910236528484336, "camera_rotation_final": [0.9473390579223633, 0.10611867159605026, -2.2826037406921387]}