{"camera_uuid": "2667", "obliqueness_angle": 0.5449235439300537, "nonfixated_points_in_view": [], "camera_rotation_original": [1.5707963705062866, 0.014467617496848106, -1.8731495141983032], "point_location": [1.1355481147766113, 2.277404546737671, -1.37511146068573], "skybox_img_path": "./img/high/2667_skybox4.jpg", "resolution": 512, "camera_distance": 0.7515462542500995, "view_id": 5, "point_pitch": -0.5274488170954843, "camera_rotation_from_original_to_final": [0.16565591096878052, 0.4925191104412079, 0.8086216449737549], "camera_location": [0.5514212846755981, 1.985154390335083, -1.0033488273620605], "point_normal": [-0.34670761227607727, -0.666063666343689, 0.6604189276695251], "camera_rotation_final_quaternion": [0.7326775789260864, 0.4292086958885193, -0.26162582635879517, -0.45881953835487366], "skybox_img": 4, "point_uuid": "162", "field_of_view_rads": 0.9196569054818151, "camera_rotation_final": [1.0533173084259033, 0.010484110563993454, -1.1128606796264648]}