{"camera_uuid": "14629", "obliqueness_angle": 0.6334068179130554, "nonfixated_points_in_view": [56], "camera_rotation_original": [1.5707963705062866, 0.02326728031039238, -2.392402172088623], "point_location": [1.1332991123199463, -0.8327366709709167, -1.4375404119491577], "skybox_img_path": "./img/high/14629_skybox4.jpg", "resolution": 512, "camera_distance": 0.7937489122379539, "view_id": 32, "point_pitch": -0.18064241012069182, "camera_rotation_from_original_to_final": [0.12406598031520844, 0.1172674298286438, 0.4604678750038147], "camera_location": [0.4036004841327667, -0.5508871078491211, -1.3028630018234253], "point_normal": [-0.5603585243225098, 0.8280418515205383, -0.018577322363853455], "camera_rotation_final_quaternion": [0.4257698953151703, 0.37003034353256226, -0.5274858474731445, -0.6352607607841492], "skybox_img": 4, "point_uuid": "147", "field_of_view_rads": 1.3001655876812834, "camera_rotation_final": [1.4002611637115479, 0.020957855507731438, -1.9430062770843506]}