{"camera_uuid": "1215", "obliqueness_angle": 1.560699701309204, "nonfixated_points_in_view": [57], "camera_rotation_original": [1.5707963705062866, -0.024105271324515343, -1.2042338848114014], "point_location": [2.5494112968444824, 3.0172948837280273, -1.405600666999817], "skybox_img_path": "./img/high/1215_skybox4.jpg", "resolution": 512, "camera_distance": 0.7892245655000375, "view_id": 2, "point_pitch": -0.1571860750529428, "camera_rotation_from_original_to_final": [-0.05111798644065857, 0.13785205781459808, -0.4436892569065094], "camera_location": [1.7707982063293457, 3.0745856761932373, -1.2900376319885254], "point_normal": [-0.03991111367940903, -0.9602947235107422, 0.2761182188987732], "camera_rotation_final_quaternion": [0.521431565284729, 0.4393622577190399, -0.4834747314453125, -0.5489281415939331], "skybox_img": 4, "point_uuid": "54", "field_of_view_rads": 1.0910236528484336, "camera_rotation_final": [1.4238066673278809, -0.0218430757522583, -1.6410106420516968]}