{"camera_uuid": "12222", "obliqueness_angle": 1.5045106410980225, "nonfixated_points_in_view": [], "camera_rotation_original": [1.5707963705062866, -0.0024674106389284134, 0.26900237798690796], "point_location": [1.8005895614624023, 0.6414239406585693, -0.9798945188522339], "skybox_img_path": "./img/high/12222_skybox4.jpg", "resolution": 512, "camera_distance": 0.9842582821005592, "view_id": 48, "point_pitch": -0.062207504114832446, "camera_rotation_from_original_to_final": [-0.0587800070643425, -0.015782291069626808, -0.5781806111335754], "camera_location": [1.501235008239746, -0.29429376125335693, -0.9200313091278076], "point_normal": [-0.012308535166084766, -0.0017647614004090428, 0.9999226927757263], "camera_rotation_final_quaternion": [0.7196982502937317, 0.6769607067108154, -0.10636687278747559, -0.11155610531568527], "skybox_img": 4, "point_uuid": "193", "field_of_view_rads": 1.2250570306337096, "camera_rotation_final": [1.5099380016326904, -0.0020659053698182106, -0.30950427055358887]}