{"camera_uuid": "14166", "obliqueness_angle": 0.49572402238845825, "nonfixated_points_in_view": [], "camera_rotation_original": [1.5707963705062866, -0.10169751197099686, -0.13413651287555695], "point_location": [4.966612815856934, 0.5080769658088684, -1.3585069179534912], "skybox_img_path": "./img/high/14166_skybox4.jpg", "resolution": 512, "camera_distance": 0.9408748168433582, "view_id": 7, "point_pitch": -0.5885409553858896, "camera_rotation_from_original_to_final": [-0.6083428263664246, 0.06169898062944412, 0.1731034517288208], "camera_location": [5.007056713104248, -0.26160281896591187, -0.8188748955726624], "point_normal": [-0.30664733052253723, -0.5435833930969238, 0.7813350558280945], "camera_rotation_final_quaternion": [0.8836955428123474, 0.46150198578834534, -0.01563478261232376, 0.07650907337665558], "skybox_img": 4, "point_uuid": "115", "field_of_view_rads": 0.9239011772765595, "camera_rotation_final": [0.9565638899803162, -0.09840971976518631, 0.12167778611183167]}