{"camera_uuid": "7223", "obliqueness_angle": 0.794866144657135, "nonfixated_points_in_view": [], "camera_rotation_original": [1.5707963705062866, 0.15103264153003693, 0.34147217869758606], "point_location": [-0.4054321348667145, 1.2653040885925293, -0.6841932535171509], "skybox_img_path": "./img/high/7223_skybox4.jpg", "resolution": 512, "camera_distance": 0.37487385566557196, "view_id": 2, "point_pitch": -0.7305492599818368, "camera_rotation_from_original_to_final": [-0.7518474459648132, -0.20282453298568726, -0.15039564669132233], "camera_location": [-0.37056347727775574, 0.9990654587745667, -0.4225989580154419], "point_normal": [0.040700461715459824, 0.0009101604809984565, 0.9991709589958191], "camera_rotation_final_quaternion": [0.9208210110664368, 0.38345423340797424, 0.0636640414595604, -0.03159697726368904], "skybox_img": 4, "point_uuid": "104", "field_of_view_rads": 1.0910236528484336, "camera_rotation_final": [0.788500189781189, 0.14195464551448822, -0.00946113746613264]}