{"camera_uuid": "12246", "obliqueness_angle": 0.32869940996170044, "nonfixated_points_in_view": [56], "camera_rotation_original": [1.5707963705062866, 0.0872032418847084, -2.66951584815979], "point_location": [1.1332991123199463, -0.8327366709709167, -1.4375404119491577], "skybox_img_path": "./img/high/12246_skybox4.jpg", "resolution": 512, "camera_distance": 0.9196523506422535, "view_id": 5, "point_pitch": -0.24611918529006438, "camera_rotation_from_original_to_final": [0.20222990214824677, 0.10206031054258347, 0.25076159834861755], "camera_location": [0.5474212765693665, -0.154531329870224, -1.2312757968902588], "point_normal": [-0.45164352655410767, 0.8921916484832764, 0.0034896915312856436], "camera_rotation_final_quaternion": [0.24059851467609406, 0.24246981739997864, -0.5736425518989563, -0.7444829940795898], "skybox_img": 4, "point_uuid": "147", "field_of_view_rads": 1.957036885090066, "camera_rotation_final": [1.3437509536743164, 0.08509688824415207, -2.448737859725952]}