{"camera_uuid": "12182", "obliqueness_angle": 1.342488408088684, "nonfixated_points_in_view": [], "camera_rotation_original": [1.5707963705062866, 0.12537214159965515, -0.40603750944137573], "point_location": [5.518570899963379, 1.8022818565368652, -0.9034366607666016], "skybox_img_path": "./img/high/12182_skybox4.jpg", "resolution": 512, "camera_distance": 0.5427987532393056, "view_id": 66, "point_pitch": -0.030036850771631762, "camera_rotation_from_original_to_final": [-0.05785590782761574, 0.020690711215138435, -0.24958142638206482], "camera_location": [5.188482284545898, 1.3726710081100464, -0.8701725006103516], "point_normal": [-0.3810344636440277, 0.07813670486211777, 0.9212532639503479], "camera_rotation_final_quaternion": [0.6742104887962341, 0.6608585715293884, -0.1806231588125229, -0.2758285701274872], "skybox_img": 4, "point_uuid": "103", "field_of_view_rads": 1.6704098442162183, "camera_rotation_final": [1.5090209245681763, 0.1213085725903511, -0.6626227498054504]}