{"camera_uuid": "15789", "obliqueness_angle": 1.3652552366256714, "nonfixated_points_in_view": [38], "camera_rotation_original": [1.5707963705062866, -0.08728203922510147, 2.5405850410461426], "point_location": [5.327018737792969, -0.6150552034378052, -1.3985912799835205], "skybox_img_path": "./img/high/15789_skybox4.jpg", "resolution": 512, "camera_distance": 0.7607922323315254, "view_id": 23, "point_pitch": -0.2397680719706674, "camera_rotation_from_original_to_final": [0.17171220481395721, -0.12054046988487244, -0.3748643696308136], "camera_location": [5.93881893157959, -0.19139565527439117, -1.2404206991195679], "point_normal": [-0.004159807693213224, -0.0008233638945966959, 0.9999910593032837], "camera_rotation_final_quaternion": [0.33143121004104614, 0.31517714262008667, 0.5447129011154175, 0.7029256820678711], "skybox_img": 4, "point_uuid": "39", "field_of_view_rads": 2.056502920039658, "camera_rotation_final": [1.3606476783752441, -0.08211476355791092, 2.19395112991333]}