{"camera_uuid": "10631", "obliqueness_angle": 0.9731234908103943, "nonfixated_points_in_view": [], "camera_rotation_original": [1.5707963705062866, 0.03897051140666008, -0.6459351778030396], "point_location": [5.518570899963379, 1.8022818565368652, -0.9034366607666016], "skybox_img_path": "./img/high/10631_skybox4.jpg", "resolution": 512, "camera_distance": 0.5592913040222574, "view_id": 78, "point_pitch": -0.48749224742385344, "camera_rotation_from_original_to_final": [-0.3965926766395569, 0.28875648975372314, -0.011191306635737419], "camera_location": [5.240379333496094, 1.3934197425842285, -0.6421934962272644], "point_normal": [-0.3810344636440277, 0.07813670486211777, 0.9212532639503479], "camera_rotation_final_quaternion": [0.8127917647361755, 0.49655523896217346, -0.1410123109817505, -0.27003318071365356], "skybox_img": 4, "point_uuid": "103", "field_of_view_rads": 0.8339714968154048, "camera_rotation_final": [1.084390640258789, 0.038955364376306534, -0.6180437803268433]}