{"camera_uuid": "6429", "obliqueness_angle": 1.4090023040771484, "nonfixated_points_in_view": [], "camera_rotation_original": [1.5707963705062866, 0.04922636225819588, -2.960524559020996], "point_location": [4.301836967468262, 1.017685055732727, -0.9298179745674133], "skybox_img_path": "./img/high/6429_skybox4.jpg", "resolution": 512, "camera_distance": 0.9316516071847888, "view_id": 56, "point_pitch": 0.13750822941330476, "camera_rotation_from_original_to_final": [-0.13483725488185883, -0.02507513202726841, -0.009274966083467007], "camera_location": [4.145636558532715, 1.9272757768630981, -1.0571792125701904], "point_normal": [0.8843962550163269, 0.35868605971336365, 0.2986428737640381], "camera_rotation_final_quaternion": [0.03951924666762352, 0.08267133682966232, -0.7493450045585632, -0.655809223651886], "skybox_img": 4, "point_uuid": "143", "field_of_view_rads": 1.2336953516850653, "camera_rotation_final": [1.70809805393219, 0.049226030707359314, -2.964725971221924]}