{"camera_uuid": "15952", "obliqueness_angle": 1.056117057800293, "nonfixated_points_in_view": [], "camera_rotation_original": [1.5707963705062866, -0.031273674219846725, -2.8449201583862305], "point_location": [6.496413230895996, -0.9186689257621765, -1.3843356370925903], "skybox_img_path": "./img/high/15952_skybox4.jpg", "resolution": 512, "camera_distance": 0.9957010762068995, "view_id": 16, "point_pitch": -0.5137488087031503, "camera_rotation_from_original_to_final": [0.48245757818222046, 0.14236003160476685, -0.37740620970726013], "camera_location": [6.597665786743164, -0.05143233388662338, -0.9057238698005676], "point_normal": [-0.002619897248223424, 0.013651745393872261, 0.9999033808708191], "camera_rotation_final_quaternion": [-0.035841166973114014, -0.03795856609940529, -0.5081536173820496, -0.8596827387809753], "skybox_img": 4, "point_uuid": "21", "field_of_view_rads": 1.6924921945557647, "camera_rotation_final": [1.0691404342651367, -0.02884300984442234, -3.242004632949829]}