{"camera_uuid": "9518", "obliqueness_angle": 0.30112797021865845, "nonfixated_points_in_view": [], "camera_rotation_original": [1.5707963705062866, 0.05855615809559822, 1.4148985147476196], "point_location": [2.8440728187561035, 0.5467994809150696, -1.3693242073059082], "skybox_img_path": "./img/high/9518_skybox4.jpg", "resolution": 512, "camera_distance": 0.9579372853358448, "view_id": 11, "point_pitch": -0.24930815299483733, "camera_rotation_from_original_to_final": [-0.03982074186205864, -0.23942719399929047, 0.1258520632982254], "camera_location": [3.773388624191284, 0.5145741701126099, -1.1391557455062866], "point_normal": [0.9891408681869507, 0.14696341753005981, 0.0014960329281166196], "camera_rotation_final_quaternion": [0.5825559496879578, 0.4302588403224945, 0.441293329000473, 0.5298736691474915], "skybox_img": 4, "point_uuid": "6", "field_of_view_rads": 0.7352830670651015, "camera_rotation_final": [1.32772696018219, 0.05822330340743065, 1.5217052698135376]}