{"camera_uuid": "10196", "obliqueness_angle": 1.1258851289749146, "nonfixated_points_in_view": [], "camera_rotation_original": [1.5707963705062866, -0.09440583735704422, -1.7529442310333252], "point_location": [2.745572328567505, -0.016294807195663452, -0.9296797513961792], "skybox_img_path": "./img/high/10196_skybox4.jpg", "resolution": 512, "camera_distance": 0.4948982642607929, "view_id": 25, "point_pitch": -0.6074527939173837, "camera_rotation_from_original_to_final": [0.11951079219579697, 0.532518744468689, -0.7238134145736694], "camera_location": [2.4943952560424805, 0.32449477910995483, -0.6733658313751221], "point_normal": [-0.5854119062423706, 0.6019739508628845, -0.5430656671524048], "camera_rotation_final_quaternion": [0.3064797818660736, 0.13363417983055115, -0.4724254012107849, -0.8154914379119873], "skybox_img": 4, "point_uuid": "102", "field_of_view_rads": 2.1797545326211765, "camera_rotation_final": [1.0248280763626099, -0.07168398052453995, -2.4629464149475098]}