{"camera_uuid": "0074", "obliqueness_angle": 1.315529227256775, "nonfixated_points_in_view": [], "camera_rotation_original": [1.5707963705062866, -0.0789635181427002, -1.1529415845870972], "point_location": [2.950843095779419, 3.0527775287628174, -0.6373903751373291], "skybox_img_path": "./img/high/0074_skybox4.jpg", "resolution": 512, "camera_distance": 0.9875749712734048, "view_id": 19, "point_pitch": -0.02215246757003264, "camera_rotation_from_original_to_final": [0.0016206615837290883, 0.0028255032375454903, -0.2593819499015808], "camera_location": [1.975644826889038, 2.896928071975708, -0.6354895234107971], "point_normal": [-0.1132572814822197, -0.8965836763381958, -0.42814773321151733], "camera_rotation_final_quaternion": [0.5556594133377075, 0.5196061730384827, -0.47858861088752747, -0.4384118914604187], "skybox_img": 4, "point_uuid": "42", "field_of_view_rads": 1.8083336999188173, "camera_rotation_final": [1.5688660144805908, -0.07633556425571442, -1.4121761322021484]}