{"camera_uuid": "12311", "obliqueness_angle": 1.1076979637145996, "nonfixated_points_in_view": [8, 92], "camera_rotation_original": [1.5707963705062866, 0.093011274933815, -1.0928995609283447], "point_location": [5.437486171722412, 0.3159542977809906, -0.8787023425102234], "skybox_img_path": "./img/high/12311_skybox4.jpg", "resolution": 512, "camera_distance": 0.820915136761913, "view_id": 9, "point_pitch": -0.1038120230052133, "camera_rotation_from_original_to_final": [-0.06901293992996216, 0.11979253590106964, -0.37511080503463745], "camera_location": [4.628988742828369, 0.22950665652751923, -0.7657405734062195], "point_normal": [-0.5941973924636841, 0.5574745535850525, -0.5797858834266663], "camera_rotation_final_quaternion": [0.5384392142295837, 0.5070381164550781, -0.4172649085521698, -0.5280961394309998], "skybox_img": 4, "point_uuid": "4", "field_of_view_rads": 1.1263039557204935, "camera_rotation_final": [1.432234764099121, 0.08629322052001953, -1.4762957096099854]}