{"camera_uuid": "11964", "obliqueness_angle": 0.9604958891868591, "nonfixated_points_in_view": [13], "camera_rotation_original": [1.5707963705062866, 0.13955409824848175, -2.2600009441375732], "point_location": [0.580907940864563, -0.050188999623060226, -1.4085019826889038], "skybox_img_path": "./img/high/11964_skybox4.jpg", "resolution": 512, "camera_distance": 0.837897829767298, "view_id": 22, "point_pitch": -0.47737924655410247, "camera_rotation_from_original_to_final": [0.26979953050613403, 0.3162389397621155, 0.5541968941688538], "camera_location": [-0.17439748346805573, 0.08631881326436996, -1.072418451309204], "point_normal": [-0.16356271505355835, 0.2954562306404114, 0.941250741481781], "camera_rotation_final_quaternion": [0.49138718843460083, 0.3787863254547119, -0.3949294984340668, -0.6775619983673096], "skybox_img": 4, "point_uuid": "57", "field_of_view_rads": 1.384811670309553, "camera_rotation_final": [1.1546014547348022, 0.12550503015518188, -1.8048714399337769]}