{"camera_uuid": "5137", "obliqueness_angle": 1.439152479171753, "nonfixated_points_in_view": [], "camera_rotation_original": [1.5707963705062866, 0.08063117414712906, 0.836818277835846], "point_location": [-0.4168107807636261, 2.6449878215789795, -1.3910259008407593], "skybox_img_path": "./img/high/5137_skybox4.jpg", "resolution": 512, "camera_distance": 0.8227973745392329, "view_id": 5, "point_pitch": -0.581424399218287, "camera_rotation_from_original_to_final": [-0.45082393288612366, -0.44712647795677185, -0.42745453119277954], "camera_location": [-0.21563023328781128, 2.008225202560425, -0.9103438258171082], "point_normal": [0.9920056462287903, 0.12320997565984726, -0.027280181646347046], "camera_rotation_final_quaternion": [0.8844844102859497, 0.44735032320022583, 0.08817796409130096, 0.09894252568483353], "skybox_img": 4, "point_uuid": "109", "field_of_view_rads": 2.119048415795751, "camera_rotation_final": [0.9452521204948425, 0.06751139461994171, 0.2573294937610626]}