{"camera_uuid": "16219", "obliqueness_angle": 0.4583163857460022, "nonfixated_points_in_view": [], "camera_rotation_original": [1.5707963705062866, -0.1732489913702011, -0.3913530111312866], "point_location": [6.472002983093262, 0.15190300345420837, -1.4097909927368164], "skybox_img_path": "./img/high/16219_skybox4.jpg", "resolution": 512, "camera_distance": 0.9249691983036965, "view_id": 7, "point_pitch": -0.4902192791316171, "camera_rotation_from_original_to_final": [-0.49294260144233704, 0.17262914776802063, 0.0842880979180336], "camera_location": [6.258331298828125, -0.622072160243988, -0.950579822063446], "point_normal": [-0.2145971804857254, -0.974611759185791, 0.06387608498334885], "camera_rotation_final_quaternion": [0.8644082546234131, 0.4882920980453491, -0.11550050973892212, -0.03207603842020035], "skybox_img": 4, "point_uuid": "86", "field_of_view_rads": 1.957036885090066, "camera_rotation_final": [1.042978048324585, -0.16915982961654663, -0.17152567207813263]}