{"camera_uuid": "0689", "obliqueness_angle": 1.2876759767532349, "nonfixated_points_in_view": [22], "camera_rotation_original": [1.5707963705062866, -0.02758394181728363, -1.3303297758102417], "point_location": [2.6776621341705322, 3.1887404918670654, -1.4092918634414673], "skybox_img_path": "./img/high/0689_skybox4.jpg", "resolution": 512, "camera_distance": 0.818322592844147, "view_id": 1, "point_pitch": -0.6988460262629648, "camera_rotation_from_original_to_final": [-0.20717167854309082, 0.6830301880836487, 0.2897297441959381], "camera_location": [2.1656105518341064, 2.8370728492736816, -0.8765771985054016], "point_normal": [0.23367324471473694, -0.9722421765327454, 0.01191556267440319], "camera_rotation_final_quaternion": [0.8110149502754211, 0.36633193492889404, -0.20077119767665863, -0.40956881642341614], "skybox_img": 4, "point_uuid": "7", "field_of_view_rads": 1.6316217442386929, "camera_rotation_final": [0.8616359829902649, -0.025583401322364807, -0.9470504522323608]}