{"camera_uuid": "12419", "obliqueness_angle": 0.5227252840995789, "nonfixated_points_in_view": [], "camera_rotation_original": [1.5707963705062866, -0.14779554307460785, 1.4413509368896484], "point_location": [4.119651794433594, 0.2007019966840744, -1.4227880239486694], "skybox_img_path": "./img/high/12419_skybox4.jpg", "resolution": 512, "camera_distance": 0.7086982956099754, "view_id": 5, "point_pitch": -0.6443700035426279, "camera_rotation_from_original_to_final": [-0.0741698369383812, -0.6849687099456787, 0.27884358167648315], "camera_location": [4.6638689041137695, 0.2616172432899475, -0.9729321002960205], "point_normal": [0.5798438191413879, -0.38847625255584717, 0.7161476612091064], "camera_rotation_final_quaternion": [0.5397334694862366, 0.31232571601867676, 0.2916690707206726, 0.7253065705299377], "skybox_img": 4, "point_uuid": "23", "field_of_view_rads": 2.119048415795751, "camera_rotation_final": [0.8751065135002136, -0.13866056501865387, 1.7971595525741577]}