{"camera_uuid": "10724", "obliqueness_angle": 1.075931429862976, "nonfixated_points_in_view": [], "camera_rotation_original": [1.5707963705062866, 0.11753836274147034, -1.0766700506210327], "point_location": [6.416158676147461, 2.537578821182251, -1.2911784648895264], "skybox_img_path": "./img/high/10724_skybox4.jpg", "resolution": 512, "camera_distance": 0.8923881402783392, "view_id": 0, "point_pitch": -0.43655984004470305, "camera_rotation_from_original_to_final": [-0.24799497425556183, 0.4268876016139984, -0.4974800944328308], "camera_location": [5.629712104797363, 2.4977784156799316, -0.8713281154632568], "point_normal": [-0.00751654664054513, 0.040270037949085236, 0.9991605877876282], "camera_rotation_final_quaternion": [0.5857986211776733, 0.39303719997406006, -0.33208733797073364, -0.6261627078056335], "skybox_img": 4, "point_uuid": "148", "field_of_view_rads": 1.7927549318813307, "camera_rotation_final": [1.078101396560669, 0.10332159698009491, -1.575545072555542]}