{"camera_uuid": "11980", "obliqueness_angle": 0.5550698041915894, "nonfixated_points_in_view": [], "camera_rotation_original": [1.5707963705062866, -0.028952594846487045, -2.01839542388916], "point_location": [0.35382547974586487, -0.5060790181159973, -1.460171103477478], "skybox_img_path": "./img/high/11980_skybox4.jpg", "resolution": 512, "camera_distance": 0.9421404077138773, "view_id": 12, "point_pitch": -0.5847026546809335, "camera_rotation_from_original_to_final": [0.2795152962207794, 0.5292937159538269, 0.3328865170478821], "camera_location": [-0.4134286642074585, -0.3566586971282959, -0.9342212677001953], "point_normal": [-0.8047041893005371, -0.3797302544116974, 0.4563511312007904], "camera_rotation_final_quaternion": [0.5726969242095947, 0.29274117946624756, -0.3676651120185852, -0.6716719269752502], "skybox_img": 4, "point_uuid": "17", "field_of_view_rads": 0.9904486154446002, "camera_rotation_final": [0.9782599210739136, -0.027872944250702858, -1.7443753480911255]}