{"camera_uuid": "13434", "obliqueness_angle": 0.6345496773719788, "nonfixated_points_in_view": [118, 127], "camera_rotation_original": [1.5707963705062866, -0.0749676525592804, -0.3170230984687805], "point_location": [-0.1822434514760971, 0.2831597626209259, -1.431676983833313], "skybox_img_path": "./img/high/13434_skybox4.jpg", "resolution": 512, "camera_distance": 0.8444867008538646, "view_id": 16, "point_pitch": -0.36542193492385344, "camera_rotation_from_original_to_final": [-0.3421638011932373, 0.10502965748310089, -0.1401052176952362], "camera_location": [-0.5190966725349426, -0.4327034056186676, -1.136333703994751], "point_normal": [0.12324375659227371, -0.9915743470191956, 0.03989033028483391], "camera_rotation_final_quaternion": [0.8082190752029419, 0.5510784983634949, -0.1464478075504303, -0.14713089168071747], "skybox_img": 4, "point_uuid": "188", "field_of_view_rads": 1.792492522379571, "camera_rotation_final": [1.2124700546264648, -0.07463174313306808, -0.41189974546432495]}