{"camera_uuid": "11555", "obliqueness_angle": 0.9441108703613281, "nonfixated_points_in_view": [], "camera_rotation_original": [1.5707963705062866, 0.08315928280353546, 0.42486852407455444], "point_location": [4.591547966003418, 0.7892270088195801, -1.4046629667282104], "skybox_img_path": "./img/high/11555_skybox4.jpg", "resolution": 512, "camera_distance": 0.8509181410807506, "view_id": 0, "point_pitch": -0.7563165863368173, "camera_rotation_from_original_to_final": [-0.6867518424987793, -0.26167869567871094, 0.4810246229171753], "camera_location": [5.056567192077637, 0.3556656241416931, -0.8391160368919373], "point_normal": [-0.18465906381607056, -0.9283809065818787, 0.32250577211380005], "camera_rotation_final_quaternion": [0.8546613454818726, 0.3663828670978546, 0.18288785219192505, 0.31917014718055725], "skybox_img": 4, "point_uuid": "159", "field_of_view_rads": 0.6651429173367224, "camera_rotation_final": [0.8410224914550781, 0.07881899923086166, 0.7500770688056946]}