{"camera_uuid": "6510", "obliqueness_angle": 0.9348418116569519, "nonfixated_points_in_view": [], "camera_rotation_original": [1.5707963705062866, 0.10662370175123215, -1.949607014656067], "point_location": [1.8005895614624023, 0.6414239406585693, -0.9798945188522339], "skybox_img_path": "./img/high/6510_skybox4.jpg", "resolution": 512, "camera_distance": 0.9264043630418944, "view_id": 58, "point_pitch": -0.6671544750544687, "camera_rotation_from_original_to_final": [0.2731689214706421, 0.5680042505264282, 0.5326725244522095], "camera_location": [1.050842523574829, 0.5823911428451538, -0.438951313495636], "point_normal": [-0.012308535166084766, -0.0017647614004090428, 0.9999226927757263], "camera_rotation_final_quaternion": [0.6155084371566772, 0.3531703054904938, -0.2886386811733246, -0.6427346467971802], "skybox_img": 4, "point_uuid": "193", "field_of_view_rads": 1.7622115047449698, "camera_rotation_final": [0.9437194466590881, 0.09883131086826324, -1.5636013746261597]}