{"camera_uuid": "3352", "obliqueness_angle": 0.8247979283332825, "nonfixated_points_in_view": [], "camera_rotation_original": [1.5707963705062866, -0.027742404490709305, -1.8119229078292847], "point_location": [3.3059499263763428, 1.507105827331543, -1.4197665452957153], "skybox_img_path": "./img/high/3352_skybox4.jpg", "resolution": 512, "camera_distance": 0.6630198118472165, "view_id": 13, "point_pitch": -0.7167758186671396, "camera_rotation_from_original_to_final": [0.19564205408096313, 0.6905738115310669, -0.06354336440563202], "camera_location": [2.8400566577911377, 1.6923707723617554, -0.9859282970428467], "point_normal": [-0.034560561180114746, 0.0017010869923979044, 0.9994011521339417], "camera_rotation_final_quaternion": [0.5242787003517151, 0.22710958123207092, -0.3482138216495514, -0.7431690692901611], "skybox_img": 4, "point_uuid": "155", "field_of_view_rads": 1.3435070464124403, "camera_rotation_final": [0.8571622371673584, -0.027564045041799545, -1.9254206418991089]}