{"camera_uuid": "9932", "obliqueness_angle": 1.2863776683807373, "nonfixated_points_in_view": [], "camera_rotation_original": [1.5707963705062866, -0.020669186487793922, -1.1930029392242432], "point_location": [1.8005895614624023, 0.6414239406585693, -0.9798945188522339], "skybox_img_path": "./img/high/9932_skybox4.jpg", "resolution": 512, "camera_distance": 0.8460603272378519, "view_id": 63, "point_pitch": -0.26345150073501067, "camera_rotation_from_original_to_final": [-0.10012833029031754, 0.2593352794647217, 0.7343257069587708], "camera_location": [1.450396180152893, -0.09304472804069519, -0.7480790615081787], "point_normal": [-0.012308535166084766, -0.0017647614004090428, 0.9999226927757263], "camera_rotation_final_quaternion": [0.7798113822937012, 0.5865897536277771, -0.1375335305929184, -0.1699742078781128], "skybox_img": 4, "point_uuid": "193", "field_of_view_rads": 1.6775272364394038, "camera_rotation_final": [1.2932204008102417, -0.015090741217136383, -0.4406149089336395]}