{"camera_uuid": "13605", "obliqueness_angle": 1.3464016914367676, "nonfixated_points_in_view": [], "camera_rotation_original": [1.5707963705062866, -0.07856208086013794, -1.8710650205612183], "point_location": [5.577847957611084, 0.5073602795600891, -0.8285789489746094], "skybox_img_path": "./img/high/13605_skybox4.jpg", "resolution": 512, "camera_distance": 0.6166442641224924, "view_id": 11, "point_pitch": -0.20496420463057952, "camera_rotation_from_original_to_final": [0.0962398573756218, 0.24078665673732758, 0.7476353645324707], "camera_location": [5.037988185882568, 0.2543811798095703, -0.6710887551307678], "point_normal": [0.047805894166231155, -0.0227388683706522, 0.9985978007316589], "camera_rotation_final_quaternion": [0.6809077858924866, 0.5049828290939331, -0.34248074889183044, -0.40504804253578186], "skybox_img": 4, "point_uuid": "11", "field_of_view_rads": 0.7352830670651015, "camera_rotation_final": [1.3121014833450317, -0.057342421263456345, -1.1174169778823853]}