{"camera_uuid": "9324", "obliqueness_angle": 1.4510765075683594, "nonfixated_points_in_view": [62], "camera_rotation_original": [1.5707963705062866, -0.030932148918509483, -2.1248764991760254], "point_location": [2.4280853271484375, -0.49214041233062744, -0.8174121379852295], "skybox_img_path": "./img/high/9324_skybox4.jpg", "resolution": 512, "camera_distance": 0.8122163429886887, "view_id": 16, "point_pitch": 0.12370987335709138, "camera_rotation_from_original_to_final": [-0.06803268939256668, -0.10988033562898636, -0.1715541034936905], "camera_location": [1.827558159828186, 0.04462548345327377, -0.9220300316810608], "point_normal": [-0.53856360912323, -0.546765923500061, -0.641089916229248], "camera_rotation_final_quaternion": [0.2787570655345917, 0.29625898599624634, -0.6903864145278931, -0.5982405543327332], "skybox_img": 4, "point_uuid": "141", "field_of_view_rads": 1.8083336999188173, "camera_rotation_final": [1.7000209093093872, -0.030436603352427483, -2.3041436672210693]}