{"camera_uuid": "0561", "obliqueness_angle": 0.9067957997322083, "nonfixated_points_in_view": [], "camera_rotation_original": [1.5707963705062866, 0.060172680765390396, 3.0417587757110596], "point_location": [2.066779375076294, 2.579990863800049, -1.4030261039733887], "skybox_img_path": "./img/high/0561_skybox4.jpg", "resolution": 512, "camera_distance": 0.815193773738252, "view_id": 11, "point_pitch": -0.6727623184535165, "camera_rotation_from_original_to_final": [0.675989031791687, -0.0754721611738205, -0.118204265832901], "camera_location": [2.1838531494140625, 3.2032907009124756, -0.890842616558075], "point_normal": [0.0033442084677517414, -0.016241353005170822, 0.9998626112937927], "camera_rotation_final_quaternion": [0.11801934987306595, 0.023480093106627464, 0.43046534061431885, 0.8945500254631042], "skybox_img": 4, "point_uuid": "51", "field_of_view_rads": 0.7352830670651015, "camera_rotation_final": [0.8899956941604614, 0.059633586555719376, 2.9076905250549316]}