{"camera_uuid": "8445", "obliqueness_angle": 1.5619161128997803, "nonfixated_points_in_view": [46], "camera_rotation_original": [1.5707963705062866, -0.06897479295730591, 1.1542555093765259], "point_location": [1.46160089969635, 0.19978925585746765, -1.450141191482544], "skybox_img_path": "./img/high/8445_skybox4.jpg", "resolution": 512, "camera_distance": 0.9524693559581912, "view_id": 22, "point_pitch": -0.6524666984889169, "camera_rotation_from_original_to_final": [-0.29504379630088806, -0.6078863739967346, 0.2893368899822235], "camera_location": [2.1907312870025635, 0.0321369469165802, -0.8606842756271362], "point_normal": [-0.5807929635047913, 0.19898450374603271, 0.7893571853637695], "camera_rotation_final_quaternion": [0.6793294548988342, 0.3527950346469879, 0.2570982873439789, 0.5898708701133728], "skybox_img": 4, "point_uuid": "100", "field_of_view_rads": 1.384811670309553, "camera_rotation_final": [0.9017199277877808, -0.06694815307855606, 1.3976407051086426]}