{"camera_uuid": "13795", "obliqueness_angle": 1.3812586069107056, "nonfixated_points_in_view": [34], "camera_rotation_original": [1.5707963705062866, 0.08034978806972504, -0.7799733877182007], "point_location": [0.14699065685272217, -0.1122998520731926, -1.4476916790008545], "skybox_img_path": "./img/high/13795_skybox4.jpg", "resolution": 512, "camera_distance": 0.47020490805209214, "view_id": 43, "point_pitch": -0.5193738182398935, "camera_rotation_from_original_to_final": [-0.430110901594162, 0.384416401386261, -0.7245714068412781], "camera_location": [-0.2447904348373413, -0.17127402126789093, -1.1944679021835327], "point_normal": [0.33598119020462036, 0.20910274982452393, 0.9183641672134399], "camera_rotation_final_quaternion": [0.6430821418762207, 0.37542152404785156, -0.2996482849121094, -0.5964184403419495], "skybox_img": 4, "point_uuid": "178", "field_of_view_rads": 1.6097076868571798, "camera_rotation_final": [1.0008445978164673, 0.062460318207740784, -1.461373209953308]}