{"camera_uuid": "13547", "obliqueness_angle": 0.9947981238365173, "nonfixated_points_in_view": [], "camera_rotation_original": [1.5707963705062866, 0.007372591178864241, 1.6546543836593628], "point_location": [5.601480484008789, 2.1461212635040283, -1.4044468402862549], "skybox_img_path": "./img/high/13547_skybox4.jpg", "resolution": 512, "camera_distance": 0.7749002164584348, "view_id": 1, "point_pitch": -0.3169582327220102, "camera_rotation_from_original_to_final": [0.02868035063147545, -0.3197121322154999, -0.575763463973999], "camera_location": [6.25117826461792, 1.8017321825027466, -1.1599897146224976], "point_normal": [0.8320084810256958, 0.5058020949363708, 0.2278733104467392], "camera_rotation_final_quaternion": [0.6962644457817078, 0.5002933740615845, 0.3032688796520233, 0.4158730208873749], "skybox_img": 4, "point_uuid": "56", "field_of_view_rads": 1.6316217442386929, "camera_rotation_final": [1.2498390674591064, 0.006193653214722872, 1.0813194513320923]}