{"camera_uuid": "12781", "obliqueness_angle": 1.1433342695236206, "nonfixated_points_in_view": [], "camera_rotation_original": [1.5707963705062866, -0.03649788722395897, -2.546071767807007], "point_location": [6.416158676147461, 2.537578821182251, -1.2911784648895264], "skybox_img_path": "./img/high/12781_skybox4.jpg", "resolution": 512, "camera_distance": 0.7106090877029696, "view_id": 29, "point_pitch": -0.38485483725997405, "camera_rotation_from_original_to_final": [0.3386974632740021, 0.21997308731079102, 0.5053961277008057], "camera_location": [5.8444671630859375, 2.855384111404419, -1.0134485960006714], "point_normal": [-0.00751654664054513, 0.040270037949085236, 0.9991605877876282], "camera_rotation_final_quaternion": [0.43537160754203796, 0.2714138627052307, -0.4805390238761902, -0.7112442255020142], "skybox_img": 4, "point_uuid": "148", "field_of_view_rads": 0.9791046545667723, "camera_rotation_final": [1.169037103652954, -0.032348692417144775, -2.064419984817505]}