{"camera_uuid": "7528", "obliqueness_angle": 1.2189915180206299, "nonfixated_points_in_view": [], "camera_rotation_original": [1.5707963705062866, 0.00631560618057847, 1.293049931526184], "point_location": [0.7851385474205017, 1.2789015769958496, -1.4171496629714966], "skybox_img_path": "./img/high/7528_skybox4.jpg", "resolution": 512, "camera_distance": 0.737264472925762, "view_id": 17, "point_pitch": -0.33864323695632415, "camera_rotation_from_original_to_final": [-0.09641027450561523, -0.32933688163757324, -0.6727301478385925], "camera_location": [1.1795674562454224, 0.7073943614959717, -1.1694315671920776], "point_normal": [0.04163115471601486, 0.017202280461788177, 0.9989850521087646], "camera_rotation_final_quaternion": [0.7809378504753113, 0.5496671199798584, 0.17282359302043915, 0.24111030995845795], "skybox_img": 4, "point_uuid": "187", "field_of_view_rads": 0.9196569054818151, "camera_rotation_final": [1.2281293869018555, 0.004868173040449619, 0.6023517847061157]}