{"camera_uuid": "13077", "obliqueness_angle": 1.1317237615585327, "nonfixated_points_in_view": [], "camera_rotation_original": [1.5707963705062866, -0.11067933589220047, 0.3927706778049469], "point_location": [5.518570899963379, 1.8022818565368652, -0.9034366607666016], "skybox_img_path": "./img/high/13077_skybox4.jpg", "resolution": 512, "camera_distance": 0.9566471886244157, "view_id": 76, "point_pitch": -0.6949342926356454, "camera_rotation_from_original_to_final": [-0.6548033952713013, -0.2741008698940277, 0.11711641401052475], "camera_location": [5.805861949920654, 1.1302459239959717, -0.286180317401886], "point_normal": [-0.3810344636440277, 0.07813670486211777, 0.9212532639503479], "camera_rotation_final_quaternion": [0.8731135129928589, 0.41762635111808777, 0.054533086717128754, 0.24553436040878296], "skybox_img": 4, "point_uuid": "103", "field_of_view_rads": 2.1466993855908125, "camera_rotation_final": [0.8643196821212769, -0.11007826775312424, 0.49746108055114746]}