{"camera_uuid": "8378", "obliqueness_angle": 1.2311906814575195, "nonfixated_points_in_view": [], "camera_rotation_original": [1.5707963705062866, 0.10421568155288696, 1.5353660583496094], "point_location": [0.580907940864563, -0.050188999623060226, -1.4085019826889038], "skybox_img_path": "./img/high/8378_skybox4.jpg", "resolution": 512, "camera_distance": 0.8174252014836233, "view_id": 39, "point_pitch": -0.4218023260447641, "camera_rotation_from_original_to_final": [-0.009263895452022552, -0.3724924325942993, 0.513384997844696], "camera_location": [1.2578455209732056, 0.2982364892959595, -1.1109466552734375], "point_normal": [-0.16356271505355835, 0.2954562306404114, 0.941250741481781], "camera_rotation_final_quaternion": [0.4646260440349579, 0.2693166732788086, 0.4954400956630707, 0.6827373504638672], "skybox_img": 4, "point_uuid": "57", "field_of_view_rads": 2.1797545326211765, "camera_rotation_final": [1.1965323686599731, 0.09277667105197906, 2.0097694396972656]}