{"camera_uuid": "11581", "obliqueness_angle": 1.2395572662353516, "nonfixated_points_in_view": [8, 92], "camera_rotation_original": [1.5707963705062866, 0.09393996000289917, -2.498760223388672], "point_location": [5.437486171722412, 0.3159542977809906, -0.8787023425102234], "skybox_img_path": "./img/high/11581_skybox4.jpg", "resolution": 512, "camera_distance": 0.6240824640143791, "view_id": 14, "point_pitch": -0.5938564976069589, "camera_rotation_from_original_to_final": [0.5118632316589355, 0.33294162154197693, 0.02531723864376545], "camera_location": [5.15294075012207, 0.7443834543228149, -0.5252037048339844], "point_normal": [-0.5941973924636841, 0.5574745535850525, -0.5797858834266663], "camera_rotation_final_quaternion": [0.20736607909202576, 0.15954571962356567, -0.4374133050441742, -0.8603569269180298], "skybox_img": 4, "point_uuid": "4", "field_of_view_rads": 1.274054123740192, "camera_rotation_final": [0.9656266570091248, 0.09325828403234482, -2.619657039642334]}