{"camera_uuid": "4151", "obliqueness_angle": 1.4465510845184326, "nonfixated_points_in_view": [], "camera_rotation_original": [1.5707963705062866, -0.08975446969270706, -2.0466933250427246], "point_location": [2.6072916984558105, 0.47235140204429626, -1.3380800485610962], "skybox_img_path": "./img/high/4151_skybox4.jpg", "resolution": 512, "camera_distance": 0.9998920920757676, "view_id": 21, "point_pitch": -0.22447292407485442, "camera_rotation_from_original_to_final": [0.0959104597568512, 0.133185014128685, -0.767814576625824], "camera_location": [2.29443359375, 1.408204436302185, -1.1765773296356201], "point_normal": [-0.9810226559638977, -0.18625010550022125, -0.0539044626057148], "camera_rotation_final_quaternion": [0.1471150815486908, 0.0828818753361702, -0.6421607732772827, -0.7477414608001709], "skybox_img": 4, "point_uuid": "87", "field_of_view_rads": 1.5766701541034631, "camera_rotation_final": [1.4082186222076416, -0.06504049152135849, -2.808310031890869]}