{"camera_uuid": "6784", "obliqueness_angle": 0.9439306855201721, "nonfixated_points_in_view": [64], "camera_rotation_original": [1.5707963705062866, 0.09322265535593033, 0.8523967862129211], "point_location": [-0.30368760228157043, 1.3439174890518188, -0.7665223479270935], "skybox_img_path": "./img/high/6784_skybox4.jpg", "resolution": 512, "camera_distance": 0.4021667512426269, "view_id": 0, "point_pitch": -0.2457170923564096, "camera_rotation_from_original_to_final": [-0.15567274391651154, -0.17302177846431732, 0.16978174448013306], "camera_location": [0.027499189600348473, 1.1353813409805298, -0.6739692687988281], "point_normal": [0.9422652125358582, 0.29410141706466675, -0.16012726724147797], "camera_rotation_final_quaternion": [0.703797459602356, 0.5283151268959045, 0.3252923786640167, 0.34603050351142883], "skybox_img": 4, "point_uuid": "180", "field_of_view_rads": 2.078591559549699, "camera_rotation_final": [1.3375660181045532, 0.0923849567770958, 0.9869390726089478]}