{"camera_uuid": "15539", "obliqueness_angle": 0.707075297832489, "nonfixated_points_in_view": [], "camera_rotation_original": [1.5707963705062866, -0.06788964569568634, 2.5104615688323975], "point_location": [6.095944881439209, -0.5426977872848511, -1.423715353012085], "skybox_img_path": "./img/high/15539_skybox4.jpg", "resolution": 512, "camera_distance": 0.6776664188625634, "view_id": 0, "point_pitch": -0.4103259285304208, "camera_rotation_from_original_to_final": [0.355807900428772, -0.24546390771865845, 0.2243957668542862], "camera_location": [6.314825534820557, 0.03330034017562866, -1.1416707038879395], "point_normal": [-0.36893877387046814, 0.8434303998947144, 0.3905245363712311], "camera_rotation_final_quaternion": [0.12231719493865967, 0.1164667159318924, 0.5275751948356628, 0.8325493335723877], "skybox_img": 4, "point_uuid": "20", "field_of_view_rads": 2.078591559549699, "camera_rotation_final": [1.1405681371688843, -0.06491111218929291, 2.808201551437378]}