{"camera_uuid": "8537", "obliqueness_angle": 0.9380298852920532, "nonfixated_points_in_view": [], "camera_rotation_original": [1.5707963705062866, -0.12431421130895615, 1.3140314817428589], "point_location": [-0.34234288334846497, 0.8369564414024353, -0.7921566963195801], "skybox_img_path": "./img/high/8537_skybox4.jpg", "resolution": 512, "camera_distance": 0.9901174592890536, "view_id": 29, "point_pitch": -0.7168127735469003, "camera_rotation_from_original_to_final": [-0.177817240357399, -0.6361160278320312, -0.48138731718063354], "camera_location": [0.2024545520544052, 0.2731579840183258, -0.18745867908000946], "point_normal": [0.04777548089623451, 0.07583989202976227, 0.9959748387336731], "camera_rotation_final_quaternion": [0.8062566518783569, 0.4196551442146301, 0.13609859347343445, 0.3941027522087097], "skybox_img": 4, "point_uuid": "121", "field_of_view_rads": 2.0062308946333633, "camera_rotation_final": [0.9089774489402771, -0.1115448921918869, 0.8547598719596863]}