{"camera_uuid": "6038", "obliqueness_angle": 1.3865158557891846, "nonfixated_points_in_view": [], "camera_rotation_original": [1.5707963705062866, 0.011029643937945366, -2.099032402038574], "point_location": [2.6072916984558105, 0.47235140204429626, -1.3380800485610962], "skybox_img_path": "./img/high/6038_skybox4.jpg", "resolution": 512, "camera_distance": 0.5531014699430017, "view_id": 0, "point_pitch": -0.23140196402999358, "camera_rotation_from_original_to_final": [0.12000184506177902, 0.2061552107334137, -0.6389369368553162], "camera_location": [2.4024674892425537, 0.969292402267456, -1.207627296447754], "point_normal": [-0.9810226559638977, -0.18625010550022125, -0.0539044626057148], "camera_rotation_final_quaternion": [0.14920906722545624, 0.12279032915830612, -0.605800449848175, -0.7717933654785156], "skybox_img": 4, "point_uuid": "87", "field_of_view_rads": 1.7779022957772381, "camera_rotation_final": [1.3326870203018188, 0.008755783550441265, -2.7527642250061035]}