{"camera_uuid": "5500", "obliqueness_angle": 0.6286246180534363, "nonfixated_points_in_view": [], "camera_rotation_original": [1.5707963705062866, -0.17054054141044617, -2.374542236328125], "point_location": [0.48665541410446167, 2.050424337387085, -1.4244725704193115], "skybox_img_path": "./img/high/5500_skybox4.jpg", "resolution": 512, "camera_distance": 0.9276544315628084, "view_id": 40, "point_pitch": -0.36807136138411956, "camera_rotation_from_original_to_final": [0.3061520457267761, 0.28995221853256226, 0.31149739027023315], "camera_location": [-0.2409808486700058, 2.4851553440093994, -1.047514796257019], "point_normal": [-0.7508701086044312, -0.09726908802986145, 0.6532478928565979], "camera_rotation_final_quaternion": [0.4764918386936188, 0.22607554495334625, -0.4956933856010437, -0.6900242567062378], "skybox_img": 4, "point_uuid": "167", "field_of_view_rads": 0.8278892494736719, "camera_rotation_final": [1.1464931964874268, -0.1610882580280304, -2.037013530731201]}