{"camera_uuid": "6586", "obliqueness_angle": 0.8185808658599854, "nonfixated_points_in_view": [64, 120], "camera_rotation_original": [1.5707963705062866, -0.028446506708860397, 1.6049824953079224], "point_location": [-0.34234288334846497, 0.8369564414024353, -0.7921566963195801], "skybox_img_path": "./img/high/6586_skybox4.jpg", "resolution": 512, "camera_distance": 0.727900762062608, "view_id": 54, "point_pitch": -0.6677471836421152, "camera_rotation_from_original_to_final": [0.032682642340660095, -0.6780619025230408, 0.37533101439476013], "camera_location": [0.1751781851053238, 1.0675909519195557, -0.3351893424987793], "point_normal": [0.04777548089623451, 0.07583989202976227, 0.9959748387336731], "camera_rotation_final_quaternion": [0.478445827960968, 0.24093469977378845, 0.35784974694252014, 0.7648422122001648], "skybox_img": 4, "point_uuid": "121", "field_of_view_rads": 1.7513250082996996, "camera_rotation_final": [0.8918125629425049, -0.026133621111512184, 2.011112689971924]}