{"camera_uuid": "0847", "obliqueness_angle": 1.3875728845596313, "nonfixated_points_in_view": [57, 5, 31], "camera_rotation_original": [1.5707963705062866, 0.02852204628288746, -1.2314497232437134], "point_location": [2.772310256958008, 3.1618707180023193, -1.40426504611969], "skybox_img_path": "./img/high/0847_skybox4.jpg", "resolution": 512, "camera_distance": 0.9778759839713583, "view_id": 3, "point_pitch": -0.180174513659205, "camera_rotation_from_original_to_final": [-0.06030993536114693, 0.17046993970870972, -0.02191966399550438], "camera_location": [1.8599904775619507, 2.8568787574768066, -1.2284982204437256], "point_normal": [-0.01028609462082386, 0.022713176906108856, 0.9996891021728516], "camera_rotation_final_quaternion": [0.616685152053833, 0.5250623226165771, -0.36665767431259155, -0.45778942108154297], "skybox_img": 4, "point_uuid": "32", "field_of_view_rads": 1.0386947080855735, "camera_rotation_final": [1.3899964094161987, 0.028515160083770752, -1.2533843517303467]}