{"camera_uuid": "13265", "obliqueness_angle": 0.6250694990158081, "nonfixated_points_in_view": [], "camera_rotation_original": [1.5707963705062866, 0.013849876821041107, -2.594611406326294], "point_location": [1.1332991123199463, -0.8327366709709167, -1.4375404119491577], "skybox_img_path": "./img/high/13265_skybox4.jpg", "resolution": 512, "camera_distance": 0.9356901978867965, "view_id": 19, "point_pitch": -0.41406719287368254, "camera_rotation_from_original_to_final": [0.35265854001045227, 0.2080560326576233, 0.5558637380599976], "camera_location": [0.3815006911754608, -0.4168393909931183, -1.0669398307800293], "point_normal": [-0.5603585243225098, 0.8280418515205383, -0.018577322363853455], "camera_rotation_final_quaternion": [0.419607937335968, 0.28220289945602417, -0.47151419520378113, -0.7224715352058411], "skybox_img": 4, "point_uuid": "147", "field_of_view_rads": 0.5256461677815203, "camera_rotation_final": [1.1635301113128662, 0.012065226212143898, -2.0813002586364746]}