{"camera_uuid": "10441", "obliqueness_angle": 0.9363152980804443, "nonfixated_points_in_view": [65, 127], "camera_rotation_original": [1.5707963705062866, 0.017062146216630936, 2.8111572265625], "point_location": [0.14699065685272217, -0.1122998520731926, -1.4476916790008545], "skybox_img_path": "./img/high/10441_skybox4.jpg", "resolution": 512, "camera_distance": 0.5966752890317036, "view_id": 21, "point_pitch": -0.2822221954676767, "camera_rotation_from_original_to_final": [0.27066677808761597, -0.09184812754392624, -0.2012483924627304], "camera_location": [0.43102794885635376, 0.38480356335639954, -1.2796666622161865], "point_normal": [0.33598119020462036, 0.20910274982452393, 0.9183641672134399], "camera_rotation_final_quaternion": [0.21219240128993988, 0.14875996112823486, 0.5805768370628357, 0.7718648910522461], "skybox_img": 4, "point_uuid": "178", "field_of_view_rads": 1.3847446318031613, "camera_rotation_final": [1.2852919101715088, 0.01674358732998371, 2.617565393447876]}