{"camera_uuid": "11940", "obliqueness_angle": 0.8860765695571899, "nonfixated_points_in_view": [], "camera_rotation_original": [1.5707963705062866, -0.0835290178656578, -1.9986510276794434], "point_location": [0.580907940864563, -0.050188999623060226, -1.4085019826889038], "skybox_img_path": "./img/high/11940_skybox4.jpg", "resolution": 512, "camera_distance": 0.942868130490088, "view_id": 25, "point_pitch": -0.59685222705337, "camera_rotation_from_original_to_final": [0.3123774826526642, 0.58258455991745, 0.7960807681083679], "camera_location": [-0.139966681599617, -0.2544301450252533, -0.8361160159111023], "point_normal": [-0.16356271505355835, 0.2954562306404114, 0.941250741481781], "camera_rotation_final_quaternion": [0.7353135347366333, 0.3430214524269104, -0.28071656823158264, -0.5126875042915344], "skybox_img": 4, "point_uuid": "57", "field_of_view_rads": 1.5766701541034631, "camera_rotation_final": [0.9169984459877014, -0.06114188954234123, -1.2479233741760254]}