{"camera_uuid": "12277", "obliqueness_angle": 1.4310722351074219, "nonfixated_points_in_view": [117, 46], "camera_rotation_original": [1.5707963705062866, 0.003258779877796769, -0.3875887393951416], "point_location": [1.9553519487380981, 0.06541500240564346, -1.4134390354156494], "skybox_img_path": "./img/high/12277_skybox4.jpg", "resolution": 512, "camera_distance": 0.7684235588188233, "view_id": 5, "point_pitch": -0.32811562617751555, "camera_rotation_from_original_to_final": [-0.30705586075782776, 0.12242674827575684, -0.577491044998169], "camera_location": [1.3656235933303833, -0.359731525182724, -1.1645501852035522], "point_normal": [-0.535117506980896, -0.003993234131485224, -0.8447682857513428], "camera_rotation_final_quaternion": [0.7236997485160828, 0.5179495811462402, -0.2641600966453552, -0.37176114320755005], "skybox_img": 4, "point_uuid": "24", "field_of_view_rads": 2.119048415795751, "camera_rotation_final": [1.2409511804580688, 0.0027618692256510258, -0.9471136927604675]}