{"camera_uuid": "3226", "obliqueness_angle": 1.2013165950775146, "nonfixated_points_in_view": [], "camera_rotation_original": [1.5707963705062866, 0.025339944288134575, -0.44702017307281494], "point_location": [0.8357325792312622, 3.0001583099365234, -1.4500991106033325], "skybox_img_path": "./img/high/3226_skybox4.jpg", "resolution": 512, "camera_distance": 0.6510708834132282, "view_id": 1, "point_pitch": -0.41248170932265715, "camera_rotation_from_original_to_final": [-0.3770282566547394, 0.17692045867443085, -0.11498507857322693], "camera_location": [0.535672664642334, 2.4853248596191406, -1.1877942085266113], "point_normal": [0.02106740139424801, 0.04000088572502136, 0.998977541923523], "camera_rotation_final_quaternion": [0.8054492473602295, 0.5294103622436523, -0.13521669805049896, -0.22954878211021423], "skybox_img": 4, "point_uuid": "133", "field_of_view_rads": 0.9904486154446002, "camera_rotation_final": [1.1559923887252808, 0.025233319029211998, -0.5388081669807434]}