{"camera_uuid": "2510", "obliqueness_angle": 1.4972420930862427, "nonfixated_points_in_view": [], "camera_rotation_original": [1.5707963705062866, 0.06365746259689331, -2.4268763065338135], "point_location": [1.5920188426971436, 2.1285598278045654, -1.4049173593521118], "skybox_img_path": "./img/high/2510_skybox4.jpg", "resolution": 512, "camera_distance": 0.6053165644458524, "view_id": 39, "point_pitch": -0.43164960940810637, "camera_rotation_from_original_to_final": [0.3220805525779724, 0.2642211318016052, 0.3429552912712097], "camera_location": [1.1211225986480713, 2.420909881591797, -1.1616144180297852], "point_normal": [0.3241092562675476, -0.10795459151268005, 0.9398399591445923], "camera_rotation_final_quaternion": [0.3822489082813263, 0.28165069222450256, -0.46872299909591675, -0.7448875308036804], "skybox_img": 4, "point_uuid": "107", "field_of_view_rads": 2.1797545326211765, "camera_rotation_final": [1.1563321352005005, 0.06129682809114456, -2.1533408164978027]}