{"camera_uuid": "11045", "obliqueness_angle": 0.9204952120780945, "nonfixated_points_in_view": [], "camera_rotation_original": [1.5707963705062866, 0.010360888205468655, -3.014293909072876], "point_location": [4.810020923614502, 1.166747808456421, -1.332459807395935], "skybox_img_path": "./img/high/11045_skybox4.jpg", "resolution": 512, "camera_distance": 0.8678340618277033, "view_id": 11, "point_pitch": -0.12117223342391448, "camera_rotation_from_original_to_final": [0.12140846252441406, 0.015494681894779205, -0.11611441522836685], "camera_location": [4.801198482513428, 2.028045177459717, -1.226511836051941], "point_normal": [0.7864901423454285, 0.6175901889801025, 0.003958132583647966], "camera_rotation_final_quaternion": [-4.610635369317606e-05, 0.006826974917203188, -0.662504255771637, -0.7490270733833313], "skybox_img": 4, "point_uuid": "166", "field_of_view_rads": 0.5256461677815203, "camera_rotation_final": [1.4484014511108398, 0.010288450866937637, -3.132615327835083]}