{"camera_uuid": "8672", "obliqueness_angle": 1.5203263759613037, "nonfixated_points_in_view": [], "camera_rotation_original": [1.5707963705062866, -0.13234589993953705, 2.6363000869750977], "point_location": [2.9207348823547363, -0.5152132511138916, -0.5628843903541565], "skybox_img_path": "./img/high/8672_skybox4.jpg", "resolution": 512, "camera_distance": 0.8156922882649221, "view_id": 11, "point_pitch": -0.342981024584498, "camera_rotation_from_original_to_final": [0.231653094291687, -0.14335480332374573, -0.608049750328064], "camera_location": [3.619126796722412, -0.1549111008644104, -0.34428659081459045], "point_normal": [-0.26315274834632874, 0.039460260421037674, 0.9639468193054199], "camera_rotation_final_quaternion": [0.37393930554389954, 0.34440651535987854, 0.4973820149898529, 0.7029684782028198], "skybox_img": 4, "point_uuid": "152", "field_of_view_rads": 1.9554518605800617, "camera_rotation_final": [1.2977205514907837, -0.11246943473815918, 2.078507900238037]}