{"camera_uuid": "11681", "obliqueness_angle": 1.2366480827331543, "nonfixated_points_in_view": [99], "camera_rotation_original": [1.5707963705062866, -0.10393668711185455, -1.9364311695098877], "point_location": [2.4280853271484375, -0.49214041233062744, -0.8174121379852295], "skybox_img_path": "./img/high/11681_skybox4.jpg", "resolution": 512, "camera_distance": 0.5120537294814465, "view_id": 1, "point_pitch": -0.38092772563430266, "camera_rotation_from_original_to_final": [0.18220561742782593, 0.4086408317089081, 0.6814872622489929], "camera_location": [1.9840885400772095, -0.6204437017440796, -0.5969486832618713], "point_normal": [-0.53856360912323, -0.546765923500061, -0.641089916229248], "camera_rotation_final_quaternion": [0.6979727149009705, 0.4117417335510254, -0.3394038677215576, -0.4776063859462738], "skybox_img": 4, "point_uuid": "141", "field_of_view_rads": 1.7779022957772381, "camera_rotation_final": [1.1241437196731567, -0.08057548105716705, -1.250956654548645]}