{"camera_uuid": "13996", "obliqueness_angle": 1.2532316446304321, "nonfixated_points_in_view": [65], "camera_rotation_original": [1.5707963705062866, -0.17340309917926788, -1.4182219505310059], "point_location": [0.580907940864563, -0.050188999623060226, -1.4085019826889038], "skybox_img_path": "./img/high/13996_skybox4.jpg", "resolution": 512, "camera_distance": 0.7935797399856588, "view_id": 15, "point_pitch": -0.396844549975123, "camera_rotation_from_original_to_final": [-0.0806487649679184, 0.4450307786464691, 0.26728957891464233], "camera_location": [-0.06612831354141235, -0.35201966762542725, -1.0620757341384888], "point_normal": [0.11274728178977966, 0.07453673332929611, 0.9908240437507629], "camera_rotation_final_quaternion": [0.752952516078949, 0.42014625668525696, -0.3243594765663147, -0.38901230692863464], "skybox_img": 4, "point_uuid": "57", "field_of_view_rads": 0.9239011772765595, "camera_rotation_final": [1.1125812530517578, -0.162281796336174, -1.0547980070114136]}