{"camera_uuid": "8058", "obliqueness_angle": 1.161515712738037, "nonfixated_points_in_view": [], "camera_rotation_original": [1.5707963705062866, -0.1062878966331482, 2.754392385482788], "point_location": [2.9207348823547363, -0.5152132511138916, -0.5628843903541565], "skybox_img_path": "./img/high/8058_skybox4.jpg", "resolution": 512, "camera_distance": 0.6857806483700891, "view_id": 14, "point_pitch": -0.21635250647994475, "camera_rotation_from_original_to_final": [0.25956806540489197, -0.1312265396118164, 0.7214974761009216], "camera_location": [2.6920931339263916, 0.1010747179389, -0.36741775274276733], "point_normal": [-0.26315274834632874, 0.039460260421037674, 0.9639468193054199], "camera_rotation_final_quaternion": [-0.17311708629131317, -0.08199389278888702, 0.5922526121139526, 0.7826520800590515], "skybox_img": 4, "point_uuid": "152", "field_of_view_rads": 0.7376648996792496, "camera_rotation_final": [1.2808821201324463, -0.07678817212581635, 3.519731044769287]}