{"camera_uuid": "7029", "obliqueness_angle": 1.3456002473831177, "nonfixated_points_in_view": [110], "camera_rotation_original": [1.5707963705062866, 0.1269492655992508, -2.373626708984375], "point_location": [4.528530120849609, 1.0438001155853271, -1.4141380786895752], "skybox_img_path": "./img/high/7029_skybox4.jpg", "resolution": 512, "camera_distance": 0.9688044002086823, "view_id": 6, "point_pitch": -0.13591425021621184, "camera_rotation_from_original_to_final": [0.13441655039787292, 0.1508595049381256, -0.5171058773994446], "camera_location": [4.303773880004883, 1.966098427772522, -1.2206634283065796], "point_normal": [0.012244894169270992, 0.0278637632727623, 0.9995367527008057], "camera_rotation_final_quaternion": [0.049720779061317444, 0.11000579595565796, -0.6229338049888611, -0.7729036808013916], "skybox_img": 4, "point_uuid": "140", "field_of_view_rads": 1.48952952790217, "camera_rotation_final": [1.368538498878479, 0.1083139181137085, -2.9247243404388428]}