{"camera_uuid": "4594", "obliqueness_angle": 1.4137787818908691, "nonfixated_points_in_view": [], "camera_rotation_original": [1.5707963705062866, -0.10491965711116791, -1.0467946529388428], "point_location": [3.3059499263763428, 1.507105827331543, -1.4197665452957153], "skybox_img_path": "./img/high/4594_skybox4.jpg", "resolution": 512, "camera_distance": 0.9977365251998427, "view_id": 24, "point_pitch": -0.14707569678756194, "camera_rotation_from_original_to_final": [-0.06124802678823471, 0.10848411917686462, -0.22698043286800385], "camera_location": [2.3602840900421143, 1.214119791984558, -1.2958574295043945], "point_normal": [-0.034560561180114746, 0.0017010869923979044, 0.9994011521339417], "camera_rotation_final_quaternion": [0.6256926655769348, 0.5116758942604065, -0.41963398456573486, -0.4130421280860901], "skybox_img": 4, "point_uuid": "155", "field_of_view_rads": 0.5318174447997766, "camera_rotation_final": [1.4456228017807007, -0.10261637717485428, -1.2574660778045654]}