{"camera_uuid": "7322", "obliqueness_angle": 1.2360886335372925, "nonfixated_points_in_view": [], "camera_rotation_original": [1.5707963705062866, 0.05505514144897461, 0.6907747387886047], "point_location": [1.6843894720077515, 1.1254421472549438, -1.4068831205368042], "skybox_img_path": "./img/high/7322_skybox4.jpg", "resolution": 512, "camera_distance": 0.5199392516444502, "view_id": 20, "point_pitch": -0.49498669703933196, "camera_rotation_from_original_to_final": [-0.36599358916282654, -0.29185137152671814, 0.6656907200813293], "camera_location": [2.1325676441192627, 1.0015922784805298, -1.1742151975631714], "point_normal": [-0.13031253218650818, 0.011851518414914608, 0.9914022088050842], "camera_rotation_final_quaternion": [0.6899319887161255, 0.40993696451187134, 0.32894739508628845, 0.497734010219574], "skybox_img": 4, "point_uuid": "111", "field_of_view_rads": 0.9320269806742028, "camera_rotation_final": [1.1063127517700195, 0.045839570462703705, 1.278228521347046]}