{"camera_uuid": "12226", "obliqueness_angle": 0.967933177947998, "nonfixated_points_in_view": [34], "camera_rotation_original": [1.5707963705062866, -0.0791349709033966, -0.922498881816864], "point_location": [0.14699065685272217, -0.1122998520731926, -1.4476916790008545], "skybox_img_path": "./img/high/12226_skybox4.jpg", "resolution": 512, "camera_distance": 0.3349556303855039, "view_id": 39, "point_pitch": -0.7633823593470712, "camera_rotation_from_original_to_final": [-0.5200306177139282, 0.5551243424415588, -0.4621502161026001], "camera_location": [-0.0869562104344368, -0.19185340404510498, -1.2215603590011597], "point_normal": [0.0340309739112854, 0.2575204074382782, 0.9656734466552734], "camera_rotation_final_quaternion": [0.7707417607307434, 0.31503260135650635, -0.2513967752456665, -0.49346858263015747], "skybox_img": 4, "point_uuid": "178", "field_of_view_rads": 2.1466993855908125, "camera_rotation_final": [0.8269844651222229, -0.07668173313140869, -1.1726436614990234]}