{"camera_uuid": "7148", "obliqueness_angle": 0.5162481069564819, "nonfixated_points_in_view": [], "camera_rotation_original": [1.5707963705062866, 0.12084828317165375, -0.29855862259864807], "point_location": [3.4670467376708984, 1.0758438110351562, -0.6993377804756165], "skybox_img_path": "./img/high/7148_skybox4.jpg", "resolution": 512, "camera_distance": 0.8654412244072106, "view_id": 55, "point_pitch": 0.32056482235458894, "camera_rotation_from_original_to_final": [0.23351480066776276, -0.09036651998758316, -0.6565371751785278], "camera_location": [2.7887349128723145, 0.5826307535171509, -0.9129319190979004], "point_normal": [-0.728654682636261, -0.24732623994350433, -0.6386642456054688], "camera_rotation_final_quaternion": [0.5319650173187256, 0.7208870649337769, -0.3220616579055786, -0.30595964193344116], "skybox_img": 4, "point_uuid": "78", "field_of_view_rads": 2.1403354343109027, "camera_rotation_final": [1.8214210271835327, 0.09863349795341492, -0.916896402835846]}