{"camera_uuid": "10719", "obliqueness_angle": 0.855218768119812, "nonfixated_points_in_view": [8, 3], "camera_rotation_original": [1.5707963705062866, -0.13199272751808167, -2.391669273376465], "point_location": [5.4932861328125, 0.18884922564029694, -0.9166303277015686], "skybox_img_path": "./img/high/10719_skybox4.jpg", "resolution": 512, "camera_distance": 0.9300618039284867, "view_id": 7, "point_pitch": -0.2605878551814218, "camera_rotation_from_original_to_final": [0.1863206923007965, 0.17666728794574738, -0.034913044422864914], "camera_location": [4.915107250213623, 0.8782366514205933, -0.6811115741729736], "point_normal": [-0.48851633071899414, 0.18398629128932953, 0.8529366254806519], "camera_rotation_final_quaternion": [0.3207305073738098, 0.16929098963737488, -0.5871337056159973, -0.7237033247947693], "skybox_img": 4, "point_uuid": "142", "field_of_view_rads": 1.6403442297244761, "camera_rotation_final": [1.3124827146530151, -0.1319732517004013, -2.408950090408325]}