{"camera_uuid": "6448", "obliqueness_angle": 0.7437004446983337, "nonfixated_points_in_view": [], "camera_rotation_original": [1.5707963705062866, -0.13340838253498077, -0.4828437566757202], "point_location": [3.4670467376708984, 1.0758438110351562, -0.6993377804756165], "skybox_img_path": "./img/high/6448_skybox4.jpg", "resolution": 512, "camera_distance": 0.6112264645389398, "view_id": 25, "point_pitch": 0.09854133526352449, "camera_rotation_from_original_to_final": [0.11521568894386292, -0.05730828270316124, -0.2226400077342987], "camera_location": [3.0754497051239014, 0.6131289005279541, -0.7777244448661804], "point_normal": [-0.728654682636261, -0.24732623994350433, -0.6386642456054688], "camera_rotation_final_quaternion": [0.63343745470047, 0.6868453025817871, -0.30391770601272583, -0.1861034482717514], "skybox_img": 4, "point_uuid": "78", "field_of_view_rads": 1.5766701541034631, "camera_rotation_final": [1.7004915475845337, -0.1297408491373062, -0.7192167043685913]}