{"camera_uuid": "14768", "obliqueness_angle": 1.3803480863571167, "nonfixated_points_in_view": [], "camera_rotation_original": [1.5707963705062866, -0.010825923644006252, -0.5461631417274475], "point_location": [5.4932861328125, 0.18884922564029694, -0.9166303277015686], "skybox_img_path": "./img/high/14768_skybox4.jpg", "resolution": 512, "camera_distance": 0.7116602555922237, "view_id": 17, "point_pitch": -0.06106690963241057, "camera_rotation_from_original_to_final": [-0.05143611878156662, 0.031259890645742416, -0.08286755532026291], "camera_location": [5.075793266296387, -0.3858923316001892, -0.8738263249397278], "point_normal": [-0.48851633071899414, 0.18398629128932953, 0.8529366254806519], "camera_rotation_final_quaternion": [0.6936435699462891, 0.6508161425590515, -0.21532537043094635, -0.22120551764965057], "skybox_img": 4, "point_uuid": "142", "field_of_view_rads": 2.173302890718354, "camera_rotation_final": [1.5106098651885986, -0.010790087282657623, -0.6275758147239685]}