{"camera_uuid": "10810", "obliqueness_angle": 0.5252219438552856, "nonfixated_points_in_view": [], "camera_rotation_original": [1.5707963705062866, -0.03998672217130661, -2.017880916595459], "point_location": [5.518570899963379, 1.8022818565368652, -0.9034366607666016], "skybox_img_path": "./img/high/10810_skybox4.jpg", "resolution": 512, "camera_distance": 0.867611689231766, "view_id": 48, "point_pitch": -0.6357614239070077, "camera_rotation_from_original_to_final": [0.31266215443611145, 0.5803642272949219, 0.46172937750816345], "camera_location": [4.830477714538574, 1.8585463762283325, -0.37797296047210693], "point_normal": [-0.3810344636440277, 0.07813670486211777, 0.9212532639503479], "camera_rotation_final_quaternion": [0.6223315596580505, 0.29326358437538147, -0.3334284722805023, -0.6446125507354736], "skybox_img": 4, "point_uuid": "103", "field_of_view_rads": 2.1403354343109027, "camera_rotation_final": [0.9197021126747131, -0.036931704729795456, -1.624258041381836]}