{"camera_uuid": "0440", "obliqueness_angle": 0.9257048964500427, "nonfixated_points_in_view": [], "camera_rotation_original": [1.5707963705062866, 0.04601609334349632, -0.29712536931037903], "point_location": [2.2359414100646973, 3.1619937419891357, -1.4091827869415283], "skybox_img_path": "./img/high/0440_skybox4.jpg", "resolution": 512, "camera_distance": 0.72937339622367, "view_id": 11, "point_pitch": -0.6609856327387948, "camera_rotation_from_original_to_final": [-0.6640875339508057, 0.1889067441225052, -0.638447642326355], "camera_location": [1.8050378561019897, 2.7978663444519043, -0.946885347366333], "point_normal": [0.1874009370803833, -0.20707298815250397, 0.9602092504501343], "camera_rotation_final_quaternion": [0.8102410435676575, 0.3924073278903961, -0.17059418559074402, -0.40052905678749084], "skybox_img": 4, "point_uuid": "91", "field_of_view_rads": 1.794124606241639, "camera_rotation_final": [0.883714497089386, 0.03790532797574997, -0.9002749919891357]}