{"camera_uuid": "8496", "obliqueness_angle": 1.3670200109481812, "nonfixated_points_in_view": [80], "camera_rotation_original": [1.5707963705062866, -0.04457147419452667, -2.0954971313476562], "point_location": [5.601480484008789, 2.1461212635040283, -1.4044468402862549], "skybox_img_path": "./img/high/8496_skybox4.jpg", "resolution": 512, "camera_distance": 0.9956453061891682, "view_id": 17, "point_pitch": -0.24870113929244475, "camera_rotation_from_original_to_final": [0.11939837038516998, 0.18717661499977112, -0.6506026983261108], "camera_location": [5.236517906188965, 3.046272039413452, -1.1857222318649292], "point_normal": [0.8320084810256958, 0.5058020949363708, 0.2278733104467392], "camera_rotation_final_quaternion": [0.16336077451705933, 0.1084122359752655, -0.6151473522186279, -0.7636450529098511], "skybox_img": 4, "point_uuid": "56", "field_of_view_rads": 1.0039714359666843, "camera_rotation_final": [1.3491675853729248, -0.03541235625743866, -2.748422622680664]}