{"camera_uuid": "12190", "obliqueness_angle": 1.5057694911956787, "nonfixated_points_in_view": [3, 92], "camera_rotation_original": [1.5707963705062866, -0.15374386310577393, -1.1606556177139282], "point_location": [5.577847957611084, 0.5073602795600891, -0.8285789489746094], "skybox_img_path": "./img/high/12190_skybox4.jpg", "resolution": 512, "camera_distance": 0.8259765662434366, "view_id": 9, "point_pitch": -0.14338926871749358, "camera_rotation_from_original_to_final": [-0.040731292217969894, 0.100447878241539, -0.24130991101264954], "camera_location": [4.768693923950195, 0.36760297417640686, -0.7392765283584595], "point_normal": [0.047805894166231155, -0.0227388683706522, 0.9985978007316589], "camera_rotation_final_quaternion": [0.6038879752159119, 0.47692784667015076, -0.4674197733402252, -0.43517568707466125], "skybox_img": 4, "point_uuid": "11", "field_of_view_rads": 1.1263039557204935, "camera_rotation_final": [1.4612321853637695, -0.1500054895877838, -1.383325457572937]}