{"camera_uuid": "10648", "obliqueness_angle": 1.1610183715820312, "nonfixated_points_in_view": [118], "camera_rotation_original": [1.5707963705062866, 0.00686761224642396, 2.038001298904419], "point_location": [-0.11395721882581711, -0.04560520127415657, -1.4123445749282837], "skybox_img_path": "./img/high/10648_skybox4.jpg", "resolution": 512, "camera_distance": 0.8885541816998768, "view_id": 12, "point_pitch": -0.39701633056136565, "camera_rotation_from_original_to_final": [0.18993829190731049, -0.35585686564445496, -0.7365660667419434], "camera_location": [0.6814028024673462, -0.2363240122795105, -1.0651309490203857], "point_normal": [0.004181658383458853, -0.01849798485636711, 0.9998201131820679], "camera_rotation_final_quaternion": [0.6562659740447998, 0.4324146509170532, 0.34298157691955566, 0.5144862532615662], "skybox_img": 4, "point_uuid": "192", "field_of_view_rads": 0.6651429173367224, "camera_rotation_final": [1.1693308353424072, 0.005231503397226334, 1.3332297801971436]}