{"camera_uuid": "11079", "obliqueness_angle": 1.242745280265808, "nonfixated_points_in_view": [65, 118, 127], "camera_rotation_original": [1.5707963705062866, 0.15327952802181244, 1.972721815109253], "point_location": [-0.1822434514760971, 0.2831597626209259, -1.431676983833313], "skybox_img_path": "./img/high/11079_skybox4.jpg", "resolution": 512, "camera_distance": 0.7845356395828837, "view_id": 24, "point_pitch": -0.3455076654765268, "camera_rotation_from_original_to_final": [0.1999855637550354, -0.39302608370780945, -0.6576615571975708], "camera_location": [0.5109900832176208, 0.12778817117214203, -1.098836064338684], "point_normal": [0.12324375659227371, -0.9915743470191956, 0.03989033028483391], "camera_rotation_final_quaternion": [0.6921426057815552, 0.39575740694999695, 0.36228445172309875, 0.4827677011489868], "skybox_img": 4, "point_uuid": "188", "field_of_view_rads": 2.1797545326211765, "camera_rotation_final": [1.129282832145691, 0.11967263370752335, 1.2939478158950806]}