{"camera_uuid": "9461", "obliqueness_angle": 1.2229700088500977, "nonfixated_points_in_view": [], "camera_rotation_original": [1.5707963705062866, 0.07405748218297958, 1.2994695901870728], "point_location": [0.42542582750320435, 0.7923682928085327, -1.4128706455230713], "skybox_img_path": "./img/high/9461_skybox4.jpg", "resolution": 512, "camera_distance": 0.8465855688033723, "view_id": 6, "point_pitch": -0.3806294639918466, "camera_rotation_from_original_to_final": [-0.1108475849032402, -0.41294869780540466, -0.6315367221832275], "camera_location": [0.8871273994445801, 0.17525790631771088, -1.0625656843185425], "point_normal": [0.20031511783599854, -0.7043237090110779, -0.6810300946235657], "camera_rotation_final_quaternion": [0.8057594299316406, 0.5080612897872925, 0.1870318055152893, 0.2400929033756256], "skybox_img": 4, "point_uuid": "16", "field_of_view_rads": 1.48952952790217, "camera_rotation_final": [1.1434359550476074, 0.057473089545965195, 0.6161723732948303]}