{"camera_uuid": "3979", "obliqueness_angle": 0.9911315441131592, "nonfixated_points_in_view": [], "camera_rotation_original": [1.5707963705062866, -0.10766143351793289, 0.535054087638855], "point_location": [0.32991182804107666, 2.4133899211883545, -1.3794349431991577], "skybox_img_path": "./img/high/3979_skybox4.jpg", "resolution": 512, "camera_distance": 0.5628712611901544, "view_id": 3, "point_pitch": -0.07631759246322112, "camera_rotation_from_original_to_final": [-0.1458573192358017, -0.05136268213391304, 0.7711812853813171], "camera_location": [0.8667535185813904, 2.2671120166778564, -1.2944183349609375], "point_normal": [0.7323230504989624, 0.6650322675704956, 0.14640741050243378], "camera_rotation_final_quaternion": [0.5845492482185364, 0.5326501131057739, 0.375184565782547, 0.4835520088672638], "skybox_img": 4, "point_uuid": "151", "field_of_view_rads": 1.274054123740192, "camera_rotation_final": [1.4187262058258057, -0.07657518237829208, 1.3164992332458496]}