{"camera_uuid": "7851", "obliqueness_angle": 0.8723583221435547, "nonfixated_points_in_view": [], "camera_rotation_original": [1.5707963705062866, 0.0970119908452034, 1.2694143056869507], "point_location": [-0.0037994040176272392, 1.4926419258117676, -1.4197502136230469], "skybox_img_path": "./img/high/7851_skybox4.jpg", "resolution": 512, "camera_distance": 0.6951302198371138, "view_id": 13, "point_pitch": -0.42197076877089934, "camera_rotation_from_original_to_final": [-0.13849031925201416, -0.39280712604522705, 0.1168813407421112], "camera_location": [0.6182622313499451, 1.3599112033843994, -1.139343500137329], "point_normal": [0.5946656465530396, -0.7973978519439697, -0.10261386632919312], "camera_rotation_final_quaternion": [0.6781802773475647, 0.4058079719543457, 0.365549236536026, 0.49169623851776123], "skybox_img": 4, "point_uuid": "70", "field_of_view_rads": 0.6651429173367224, "camera_rotation_final": [1.1535018682479858, 0.09689958393573761, 1.3177114725112915]}