{"camera_uuid": "15800", "obliqueness_angle": 0.8562988042831421, "nonfixated_points_in_view": [], "camera_rotation_original": [1.5707963705062866, 0.07625807821750641, -2.74257755279541], "point_location": [6.403560161590576, -0.3128143846988678, -1.373155951499939], "skybox_img_path": "./img/high/15800_skybox4.jpg", "resolution": 512, "camera_distance": 0.5116090784411335, "view_id": 16, "point_pitch": -0.7813007076594491, "camera_rotation_from_original_to_final": [0.7485913038253784, 0.2563604712486267, 0.10855664312839508], "camera_location": [6.255878448486328, 0.01852005161345005, -1.0123908519744873], "point_normal": [-0.4072767198085785, 0.9103356599807739, -0.07358577847480774], "camera_rotation_final_quaternion": [0.14336833357810974, 0.09996338933706284, -0.3707135319709778, -0.9121536612510681], "skybox_img": 4, "point_uuid": "113", "field_of_view_rads": 1.9554518605800617, "camera_rotation_final": [0.7852570414543152, 0.07614032179117203, -2.7982475757598877]}