{"camera_uuid": "0982", "obliqueness_angle": 1.2386269569396973, "nonfixated_points_in_view": [14, 30], "camera_rotation_original": [1.5707963705062866, 0.036142852157354355, -2.833397626876831], "point_location": [2.155930757522583, 2.4535746574401855, -1.421875], "skybox_img_path": "./img/high/0982_skybox4.jpg", "resolution": 512, "camera_distance": 0.3747172407201474, "view_id": 16, "point_pitch": -0.35216657718154387, "camera_rotation_from_original_to_final": [0.3223011791706085, 0.10157211869955063, 0.44368115067481995], "camera_location": [1.9187740087509155, 2.7158403396606445, -1.2978330850601196], "point_normal": [0.01849367655813694, 0.009777815081179142, 0.9997811913490295], "camera_rotation_final_quaternion": [0.27977707982063293, 0.21726088225841522, -0.5359886288642883, -0.7663150429725647], "skybox_img": 4, "point_uuid": "168", "field_of_view_rads": 2.0028936213055424, "camera_rotation_final": [1.2332117557525635, 0.03307195007801056, -2.418034553527832]}