{"camera_uuid": "8447", "obliqueness_angle": 0.7569190263748169, "nonfixated_points_in_view": [], "camera_rotation_original": [1.5707963705062866, -0.014385746791958809, -2.7322723865509033], "point_location": [2.745572328567505, -0.016294807195663452, -0.9296797513961792], "skybox_img_path": "./img/high/8447_skybox4.jpg", "resolution": 512, "camera_distance": 0.3579510459532201, "view_id": 13, "point_pitch": 0.4196680347111563, "camera_rotation_from_original_to_final": [-0.3947799503803253, -0.1658155918121338, -0.4584202468395233], "camera_location": [2.772409200668335, 0.3084842562675476, -1.0777584314346313], "point_normal": [-0.5854119062423706, 0.6019739508628845, -0.5430656671524048], "camera_rotation_final_quaternion": [-0.01855585351586342, -0.04047875851392746, -0.8397640585899353, -0.5411224961280823], "skybox_img": 4, "point_uuid": "102", "field_of_view_rads": 1.949514490688795, "camera_rotation_final": [1.997329831123352, -0.01264319196343422, -3.229781150817871]}