{"camera_uuid": "6918", "obliqueness_angle": 1.1034348011016846, "nonfixated_points_in_view": [49], "camera_rotation_original": [1.5707963705062866, -0.15328942239284515, -1.1005362272262573], "point_location": [3.3059499263763428, 1.507105827331543, -1.4197665452957153], "skybox_img_path": "./img/high/6918_skybox4.jpg", "resolution": 512, "camera_distance": 0.9953043483717713, "view_id": 8, "point_pitch": -0.3746635158869882, "camera_rotation_from_original_to_final": [-0.20903758704662323, 0.40000206232070923, 0.42923733592033386], "camera_location": [2.779607057571411, 0.7810121774673462, -0.9880467653274536], "point_normal": [-0.034560561180114746, 0.0017010869923979044, 0.9994011521339417], "camera_rotation_final_quaternion": [0.822350263595581, 0.49276137351989746, -0.20076847076416016, -0.2015397995710373], "skybox_img": 4, "point_uuid": "155", "field_of_view_rads": 1.8936590958975879, "camera_rotation_final": [1.1179119348526, -0.13196463882923126, -0.563297688961029]}