{"camera_uuid": "9694", "obliqueness_angle": 0.7183811664581299, "nonfixated_points_in_view": [], "camera_rotation_original": [1.5707963705062866, -0.059997107833623886, -1.7740110158920288], "point_location": [2.9207348823547363, -0.5152132511138916, -0.5628843903541565], "skybox_img_path": "./img/high/9694_skybox4.jpg", "resolution": 512, "camera_distance": 0.7213693010668272, "view_id": 61, "point_pitch": -0.5978910168025156, "camera_rotation_from_original_to_final": [0.12299331277608871, 0.5787482857704163, -0.10991380363702774], "camera_location": [2.3583972454071045, -0.3077910840511322, -0.16147921979427338], "point_normal": [-0.26315274834632874, 0.039460260421037674, 0.9639468193054199], "camera_rotation_final_quaternion": [0.5300821661949158, 0.2552444636821747, -0.39575982093811035, -0.7051506042480469], "skybox_img": 4, "point_uuid": "152", "field_of_view_rads": 1.1173938933188836, "camera_rotation_final": [0.9794975519180298, -0.05963420495390892, -1.8841748237609863]}