{"camera_uuid": "7575", "obliqueness_angle": 1.35458505153656, "nonfixated_points_in_view": [], "camera_rotation_original": [1.5707963705062866, -0.08317197859287262, 1.5266013145446777], "point_location": [1.8005895614624023, 0.6414239406585693, -0.9798945188522339], "skybox_img_path": "./img/high/7575_skybox4.jpg", "resolution": 512, "camera_distance": 0.7995730636432312, "view_id": 80, "point_pitch": -0.25528542598220305, "camera_rotation_from_original_to_final": [-0.012874715961515903, -0.22650597989559174, -0.3571808934211731], "camera_location": [2.5174055099487305, 0.33621466159820557, -0.8000633120536804], "point_normal": [-0.012308535166084766, -0.0017647614004090428, 0.9999226927757263], "camera_rotation_final_quaternion": [0.6349408030509949, 0.5327032804489136, 0.3221376836299896, 0.45749831199645996], "skybox_img": 4, "point_uuid": "193", "field_of_view_rads": 1.4770429963869984, "camera_rotation_final": [1.343234896659851, -0.0784253478050232, 1.1864018440246582]}