{"camera_uuid": "2509", "obliqueness_angle": 0.6839398741722107, "nonfixated_points_in_view": [97, 98], "camera_rotation_original": [1.5707963705062866, -0.08298152685165405, -2.3732619285583496], "point_location": [0.3078916072845459, 2.7992374897003174, -1.4269014596939087], "skybox_img_path": "./img/high/2509_skybox4.jpg", "resolution": 512, "camera_distance": 0.6416071248502881, "view_id": 11, "point_pitch": -0.6591402729365488, "camera_rotation_from_original_to_final": [0.48654717206954956, 0.4449916183948517, -0.061850860714912415], "camera_location": [0.02409529872238636, 3.2254159450531006, -1.0402604341506958], "point_normal": [-0.2804282307624817, 0.9596080183982849, 0.022641496732831], "camera_rotation_final_quaternion": [0.30307719111442566, 0.10685510188341141, -0.43275323510169983, -0.8422890305519104], "skybox_img": 4, "point_uuid": "66", "field_of_view_rads": 0.7352830670651015, "camera_rotation_final": [0.9214511513710022, -0.08240272849798203, -2.491708517074585]}