{"camera_uuid": "12326", "obliqueness_angle": 1.2535240650177002, "nonfixated_points_in_view": [124], "camera_rotation_original": [1.5707963705062866, 0.015124466270208359, 0.46395763754844666], "point_location": [0.06814911961555481, 0.24820655584335327, -1.4617801904678345], "skybox_img_path": "./img/high/12326_skybox4.jpg", "resolution": 512, "camera_distance": 0.8598707524786827, "view_id": 4, "point_pitch": -0.5445858677241464, "camera_rotation_from_original_to_final": [-0.5053133964538574, -0.23943348228931427, -0.6657702922821045], "camera_location": [-0.1229068785905838, -0.4573259651660919, -1.0089014768600464], "point_normal": [-0.7559177279472351, -0.4688270390033722, -0.4569351077079773], "camera_rotation_final_quaternion": [0.8652884364128113, 0.4826420247554779, -0.06095518916845322, -0.12090110778808594], "skybox_img": 4, "point_uuid": "131", "field_of_view_rads": 1.7779022957772381, "camera_rotation_final": [1.0160644054412842, 0.011216497048735619, -0.27140429615974426]}