{"camera_uuid": "14104", "obliqueness_angle": 1.2730350494384766, "nonfixated_points_in_view": [], "camera_rotation_original": [1.5707963705062866, 0.0913732722401619, -0.13780970871448517], "point_location": [5.4932861328125, 0.18884922564029694, -0.9166303277015686], "skybox_img_path": "./img/high/14104_skybox4.jpg", "resolution": 512, "camera_distance": 0.41282241162176675, "view_id": 37, "point_pitch": -0.3467387398097177, "camera_rotation_from_original_to_final": [-0.3625510334968567, 0.05282054468989372, -0.20811927318572998], "camera_location": [5.366371154785156, -0.17510885000228882, -0.7688146829605103], "point_normal": [-0.48851633071899414, 0.18398629128932953, 0.8529366254806519], "camera_rotation_final_quaternion": [0.8049907088279724, 0.5624590516090393, -0.06789196282625198, -0.17612627148628235], "skybox_img": 4, "point_uuid": "142", "field_of_view_rads": 0.554628086887159, "camera_rotation_final": [1.2030837535858154, 0.08894003927707672, -0.36972734332084656]}