{"camera_uuid": "2781", "obliqueness_angle": 0.6297297477722168, "nonfixated_points_in_view": [66], "camera_rotation_original": [1.5707963705062866, -0.08423428982496262, -1.7541725635528564], "point_location": [1.1355481147766113, 2.277404546737671, -1.37511146068573], "skybox_img_path": "./img/high/2781_skybox4.jpg", "resolution": 512, "camera_distance": 0.454812808524152, "view_id": 29, "point_pitch": -0.6556867798182626, "camera_rotation_from_original_to_final": [0.1387595683336258, 0.6818824410438538, 0.4892975091934204], "camera_location": [0.7968717217445374, 2.1901211738586426, -1.0843631029129028], "point_normal": [-0.34670761227607727, -0.666063666343689, 0.6604189276695251], "camera_rotation_final_quaternion": [0.7414911985397339, 0.3227697014808655, -0.2760154604911804, -0.5194477438926697], "skybox_img": 4, "point_uuid": "162", "field_of_view_rads": 1.494443233462961, "camera_rotation_final": [0.874959409236908, -0.0740697905421257, -1.256838083267212]}