{"camera_uuid": "6638", "obliqueness_angle": 1.431357979774475, "nonfixated_points_in_view": [], "camera_rotation_original": [1.5707963705062866, 0.032531701028347015, 1.7802879810333252], "point_location": [1.8005895614624023, 0.6414239406585693, -0.9798945188522339], "skybox_img_path": "./img/high/6638_skybox4.jpg", "resolution": 512, "camera_distance": 0.8409168377547388, "view_id": 29, "point_pitch": -0.14365725120040373, "camera_rotation_from_original_to_final": [0.032417070120573044, -0.14819639921188354, -0.2489680051803589], "camera_location": [2.631279706954956, 0.6105749011039734, -0.8528380990028381], "point_normal": [-0.012308535166084766, -0.0017647614004090428, 0.9999226927757263], "camera_rotation_final_quaternion": [0.5546281337738037, 0.4618871212005615, 0.45947131514549255, 0.5176234245300293], "skybox_img": 4, "point_uuid": "193", "field_of_view_rads": 2.1523097516304066, "camera_rotation_final": [1.4190467596054077, 0.03150946646928787, 1.52885901927948]}