{"camera_uuid": "8663", "obliqueness_angle": 0.6985874176025391, "nonfixated_points_in_view": [45], "camera_rotation_original": [1.5707963705062866, 0.16495180130004883, -1.617461085319519], "point_location": [5.615777015686035, 2.4743409156799316, -1.4249221086502075], "skybox_img_path": "./img/high/8663_skybox4.jpg", "resolution": 512, "camera_distance": 0.5558259791772264, "view_id": 1, "point_pitch": -0.36067108710738616, "camera_rotation_from_original_to_final": [-0.011983612552285194, 0.26461249589920044, 0.650022029876709], "camera_location": [5.173410892486572, 2.1706044673919678, -1.2800121307373047], "point_normal": [-0.9627537131309509, -0.11571325361728668, -0.2443682849407196], "camera_rotation_final_quaternion": [0.6748921871185303, 0.5565274953842163, -0.24478906393051147, -0.41818177700042725], "skybox_img": 4, "point_uuid": "125", "field_of_view_rads": 0.5961933550608073, "camera_rotation_final": [1.3045401573181152, 0.13546070456504822, -1.0059233903884888]}