{"camera_uuid": "3734", "obliqueness_angle": 1.340476155281067, "nonfixated_points_in_view": [], "camera_rotation_original": [1.5707963705062866, 0.13072505593299866, -1.0991926193237305], "point_location": [3.765934944152832, 1.8845245838165283, -1.4114539623260498], "skybox_img_path": "./img/high/3734_skybox4.jpg", "resolution": 512, "camera_distance": 0.9491333304317106, "view_id": 5, "point_pitch": -0.12770645221206145, "camera_rotation_from_original_to_final": [-0.10191328823566437, 0.16398973762989044, -0.513148844242096], "camera_location": [2.834841251373291, 1.9168094396591187, -1.2301357984542847], "point_normal": [-0.0554204061627388, -0.27599287033081055, 0.9595605731010437], "camera_rotation_final_quaternion": [0.503294825553894, 0.4674510359764099, -0.43124452233314514, -0.5849888920783997], "skybox_img": 4, "point_uuid": "154", "field_of_view_rads": 0.5256461677815203, "camera_rotation_final": [1.3773287534713745, 0.1130618080496788, -1.6275566816329956]}