{"camera_uuid": "12851", "obliqueness_angle": 1.3514286279678345, "nonfixated_points_in_view": [], "camera_rotation_original": [1.5707963705062866, 0.05021079629659653, -2.238413095474243], "point_location": [5.4932861328125, 0.18884922564029694, -0.9166303277015686], "skybox_img_path": "./img/high/12851_skybox4.jpg", "resolution": 512, "camera_distance": 0.7950727119447751, "view_id": 27, "point_pitch": 0.269371704259191, "camera_rotation_from_original_to_final": [-0.19586004316806793, -0.22889024019241333, 0.6715189814567566], "camera_location": [4.733839988708496, 0.20203378796577454, -1.151594877243042], "point_normal": [-0.48851633071899414, 0.18398629128932953, 0.8529366254806519], "camera_rotation_final_quaternion": [0.4071442782878876, 0.575920581817627, -0.5622085332870483, -0.43182241916656494], "skybox_img": 4, "point_uuid": "142", "field_of_view_rads": 1.7513250082996996, "camera_rotation_final": [1.8710449934005737, 0.03960118815302849, -1.5758984088897705]}