{"camera_uuid": "10155", "obliqueness_angle": 0.9031614065170288, "nonfixated_points_in_view": [95], "camera_rotation_original": [1.5707963705062866, -0.020621467381715775, -2.87831974029541], "point_location": [0.9536174535751343, -0.7778398990631104, -1.5063177347183228], "skybox_img_path": "./img/high/10155_skybox4.jpg", "resolution": 512, "camera_distance": 0.9491724490619673, "view_id": 20, "point_pitch": -0.6770199974391122, "camera_rotation_from_original_to_final": [0.6520047187805176, 0.16533102095127106, -0.31551146507263184], "camera_location": [1.0350475311279297, -0.038122717291116714, -0.9171522259712219], "point_normal": [-0.008941924199461937, -0.0010165447602048516, 0.9999595284461975], "camera_rotation_final_quaternion": [-0.03824767470359802, -0.02921685390174389, -0.43449854850769043, -0.8993856310844421], "skybox_img": 4, "point_uuid": "89", "field_of_view_rads": 0.9196569054818151, "camera_rotation_final": [0.9009945392608643, -0.01931852102279663, -3.235938310623169]}