{"camera_uuid": "1898", "obliqueness_angle": 1.4617725610733032, "nonfixated_points_in_view": [], "camera_rotation_original": [1.5707963705062866, -0.03466825187206268, 1.3590070009231567], "point_location": [1.1355481147766113, 2.277404546737671, -1.37511146068573], "skybox_img_path": "./img/high/1898_skybox4.jpg", "resolution": 512, "camera_distance": 0.845812767312973, "view_id": 38, "point_pitch": -0.45703999598952727, "camera_rotation_from_original_to_final": [-0.09930913895368576, -0.4474305510520935, 0.03041854500770569], "camera_location": [1.8784750699996948, 2.1230063438415527, -1.0014538764953613], "point_normal": [-0.34670761227607727, -0.666063666343689, 0.6604189276695251], "camera_rotation_final_quaternion": [0.6481507420539856, 0.41618454456329346, 0.32542863488197327, 0.54844069480896], "skybox_img": 4, "point_uuid": "162", "field_of_view_rads": 1.5023104524077913, "camera_rotation_final": [1.1129261255264282, -0.034658391028642654, 1.3829636573791504]}