{"camera_uuid": "5574", "obliqueness_angle": 0.9606573581695557, "nonfixated_points_in_view": [], "camera_rotation_original": [1.5707963705062866, -0.09447792172431946, -2.5994434356689453], "point_location": [4.561407566070557, 1.4919605255126953, -1.3709478378295898], "skybox_img_path": "./img/high/5574_skybox4.jpg", "resolution": 512, "camera_distance": 0.7825037099747262, "view_id": 6, "point_pitch": -0.48956887324782805, "camera_rotation_from_original_to_final": [0.4751395881175995, 0.2664870619773865, 0.600841760635376], "camera_location": [3.9697635173797607, 1.8090647459030151, -0.9688106775283813], "point_normal": [-0.47309228777885437, 0.8454535603523254, -0.2477739304304123], "camera_rotation_final_quaternion": [0.48071572184562683, 0.23349188268184662, -0.4341958463191986, -0.7251675128936768], "skybox_img": 4, "point_uuid": "26", "field_of_view_rads": 1.48952952790217, "camera_rotation_final": [1.0291885137557983, -0.0788898915052414, -2.015428304672241]}