{"camera_uuid": "4493", "obliqueness_angle": 0.6757482290267944, "nonfixated_points_in_view": [], "camera_rotation_original": [1.5707963705062866, -0.09885305911302567, 1.8359185457229614], "point_location": [-0.30368760228157043, 1.3439174890518188, -0.7665223479270935], "skybox_img_path": "./img/high/4493_skybox4.jpg", "resolution": 512, "camera_distance": 0.7678299362211868, "view_id": 77, "point_pitch": 0.37975628773239656, "camera_rotation_from_original_to_final": [-0.10322176665067673, 0.29962852597236633, 0.7032047510147095], "camera_location": [0.10226786136627197, 1.9504393339157104, -1.0050474405288696], "point_normal": [0.9422652125358582, 0.29410141706466675, -0.16012726724147797], "camera_rotation_final_quaternion": [0.14796876907348633, 0.26618415117263794, 0.7645065188407898, 0.5681382417678833], "skybox_img": 4, "point_uuid": "180", "field_of_view_rads": 1.3476975839402114, "camera_rotation_final": [1.8876248598098755, -0.07628659904003143, 2.5267744064331055]}