{"camera_uuid": "6294", "obliqueness_angle": 1.529500126838684, "nonfixated_points_in_view": [], "camera_rotation_original": [1.5707963705062866, 0.039978716522455215, 2.752027988433838], "point_location": [-0.4168107807636261, 2.6449878215789795, -1.3910259008407593], "skybox_img_path": "./img/high/6294_skybox4.jpg", "resolution": 512, "camera_distance": 0.5459172504383031, "view_id": 15, "point_pitch": -0.7328709801051279, "camera_rotation_from_original_to_final": [0.6762816905975342, -0.2584795653820038, 0.3398667871952057], "camera_location": [-0.4353049099445343, 3.0562078952789307, -1.0324430465698242], "point_normal": [0.9920056462287903, 0.12320997565984726, -0.027280181646347046], "camera_rotation_final_quaternion": [0.0017534942599013448, -0.01940743811428547, 0.4137645661830902, 0.9101753234863281], "skybox_img": 4, "point_uuid": "109", "field_of_view_rads": 0.9239011772765595, "camera_rotation_final": [0.8535801768302917, 0.03678770735859871, 3.1544699668884277]}