{"camera_uuid": "13448", "obliqueness_angle": 0.9572920799255371, "nonfixated_points_in_view": [], "camera_rotation_original": [1.5707963705062866, -0.1537129431962967, -1.083372712135315], "point_location": [6.416158676147461, 2.537578821182251, -1.2911784648895264], "skybox_img_path": "./img/high/13448_skybox4.jpg", "resolution": 512, "camera_distance": 0.6437498673651846, "view_id": 43, "point_pitch": -0.5724393566462656, "camera_rotation_from_original_to_final": [-0.34703150391578674, 0.5501773357391357, 0.3164641559123993], "camera_location": [6.094575881958008, 2.133927583694458, -0.9063875079154968], "point_normal": [-0.00751654664054513, 0.040270037949085236, 0.9991605877876282], "camera_rotation_final_quaternion": [0.8654600977897644, 0.409454882144928, -0.1829751431941986, -0.22326131165027618], "skybox_img": 4, "point_uuid": "148", "field_of_view_rads": 1.2336953516850653, "camera_rotation_final": [0.9233344197273254, -0.1342877447605133, -0.5718156099319458]}