{"camera_uuid": "9584", "obliqueness_angle": 0.8717623949050903, "nonfixated_points_in_view": [], "camera_rotation_original": [1.5707963705062866, -0.027228577062487602, -1.2117525339126587], "point_location": [4.896637916564941, 0.275483638048172, -1.4008036851882935], "skybox_img_path": "./img/high/9584_skybox4.jpg", "resolution": 512, "camera_distance": 0.961124229509107, "view_id": 2, "point_pitch": -0.15919558604690032, "camera_rotation_from_original_to_final": [-0.048353321850299835, 0.13744397461414337, -0.5276337265968323], "camera_location": [3.9586031436920166, 0.4316954016685486, -1.2613459825515747], "point_normal": [-0.7319196462631226, 0.15615351498126984, -0.6632569432258606], "camera_rotation_final_quaternion": [0.4959874451160431, 0.4166461229324341, -0.5038420557975769, -0.5714417099952698], "skybox_img": 4, "point_uuid": "93", "field_of_view_rads": 1.0910236528484336, "camera_rotation_final": [1.4251430034637451, -0.02362293004989624, -1.7323479652404785]}