{"camera_uuid": "14866", "obliqueness_angle": 0.883978545665741, "nonfixated_points_in_view": [], "camera_rotation_original": [1.5707963705062866, -0.011343264952301979, -1.2398601770401], "point_location": [5.327018737792969, -0.6150552034378052, -1.3985912799835205], "skybox_img_path": "./img/high/14866_skybox4.jpg", "resolution": 512, "camera_distance": 0.5094015228598975, "view_id": 14, "point_pitch": -0.6852094372126718, "camera_rotation_from_original_to_final": [-0.2608194649219513, 0.6383265256881714, -0.3222671449184418], "camera_location": [4.933510780334473, -0.6522606611251831, -1.0772547721862793], "point_normal": [-0.004159807693213224, -0.0008233638945966959, 0.9999910593032837], "camera_rotation_final_quaternion": [0.6722022891044617, 0.3157140016555786, -0.2914082109928131, -0.6029511094093323], "skybox_img": 4, "point_uuid": "39", "field_of_view_rads": 1.274054123740192, "camera_rotation_final": [0.8881476521492004, -0.011050541885197163, -1.4675441980361938]}