{"camera_uuid": "6817", "obliqueness_angle": 0.40293216705322266, "nonfixated_points_in_view": [], "camera_rotation_original": [1.5707963705062866, 0.15118733048439026, -2.425830841064453], "point_location": [1.46160089969635, 0.19978925585746765, -1.450141191482544], "skybox_img_path": "./img/high/6817_skybox4.jpg", "resolution": 512, "camera_distance": 0.8826486638047532, "view_id": 2, "point_pitch": -0.773227377733912, "camera_rotation_from_original_to_final": [0.6808913946151733, 0.4517248570919037, 0.06869485229253769], "camera_location": [1.0887986421585083, 0.6928845643997192, -0.8201061487197876], "point_normal": [-0.5807929635047913, 0.19898450374603271, 0.7893571853637695], "camera_rotation_final_quaternion": [0.2001263052225113, 0.15750561654567719, -0.34393560886383057, -0.9037973880767822], "skybox_img": 4, "point_uuid": "100", "field_of_view_rads": 1.0910236528484336, "camera_rotation_final": [0.7646206617355347, 0.1475803405046463, -2.646336555480957]}