{"camera_uuid": "2677", "obliqueness_angle": 1.4093332290649414, "nonfixated_points_in_view": [], "camera_rotation_original": [1.5707963705062866, -0.10044503211975098, -2.059385299682617], "point_location": [1.5920188426971436, 2.1285598278045654, -1.4049173593521118], "skybox_img_path": "./img/high/2677_skybox4.jpg", "resolution": 512, "camera_distance": 0.958752034898859, "view_id": 35, "point_pitch": -0.4015971859309335, "camera_rotation_from_original_to_final": [0.24685433506965637, 0.40161454677581787, 0.7451527714729309], "camera_location": [0.7550024390220642, 1.9500662088394165, -0.9727726578712463], "point_normal": [0.3241092562675476, -0.10795459151268005, 0.9398399591445923], "camera_rotation_final_quaternion": [0.6838499307632446, 0.39325833320617676, -0.34638065099716187, -0.5076589584350586], "skybox_img": 4, "point_uuid": "107", "field_of_view_rads": 1.794124606241639, "camera_rotation_final": [1.101799726486206, -0.07453148812055588, -1.3229809999465942]}