{"camera_uuid": "1212", "obliqueness_angle": 1.3789403438568115, "nonfixated_points_in_view": [], "camera_rotation_original": [1.5707963705062866, -0.12437862902879715, -0.2483019083738327], "point_location": [2.2359414100646973, 3.1619937419891357, -1.4091827869415283], "skybox_img_path": "./img/high/1212_skybox4.jpg", "resolution": 512, "camera_distance": 0.7424265890504684, "view_id": 7, "point_pitch": -0.29171399672957854, "camera_rotation_from_original_to_final": [-0.2064431607723236, 0.07301565259695053, -0.6584793329238892], "camera_location": [1.6695091724395752, 2.7096519470214844, -1.24875009059906], "point_normal": [0.1874009370803833, -0.20707298815250397, 0.9602092504501343], "camera_rotation_final_quaternion": [0.7191998958587646, 0.549371600151062, -0.3002411127090454, -0.3013264238834381], "skybox_img": 4, "point_uuid": "91", "field_of_view_rads": 1.792492522379571, "camera_rotation_final": [1.3518531322479248, -0.10095780342817307, -0.8744992017745972]}