{"camera_uuid": "4312", "obliqueness_angle": 0.9493832588195801, "nonfixated_points_in_view": [], "camera_rotation_original": [1.5707963705062866, 0.022942446172237396, -1.6055681705474854], "point_location": [3.4670467376708984, 1.0758438110351562, -0.6993377804756165], "skybox_img_path": "./img/high/4312_skybox4.jpg", "resolution": 512, "camera_distance": 0.7275518077015597, "view_id": 88, "point_pitch": -0.17158846457930998, "camera_rotation_from_original_to_final": [0.006376252975314856, 0.17284947633743286, -0.05755074694752693], "camera_location": [2.7534379959106445, 1.1422926187515259, -0.5741228461265564], "point_normal": [-0.728654682636261, -0.24732623994350433, -0.6386642456054688], "camera_rotation_final_quaternion": [0.5090028643608093, 0.4388386905193329, -0.4704980254173279, -0.5718114376068115], "skybox_img": 4, "point_uuid": "78", "field_of_view_rads": 0.6570232286300489, "camera_rotation_final": [1.397784948348999, 0.022898245602846146, -1.6676464080810547]}