{"camera_uuid": "4891", "obliqueness_angle": 1.0084141492843628, "nonfixated_points_in_view": [42, 116, 98], "camera_rotation_original": [1.5707963705062866, -0.13530167937278748, -2.5051803588867188], "point_location": [0.22651520371437073, 2.849133014678955, -1.442795991897583], "skybox_img_path": "./img/high/4891_skybox4.jpg", "resolution": 512, "camera_distance": 0.4164929549142448, "view_id": 32, "point_pitch": -0.6510686119410654, "camera_rotation_from_original_to_final": [0.47809967398643494, 0.3263384699821472, -0.5848082900047302], "camera_location": [0.23638483881950378, 3.1992695331573486, -1.2174664735794067], "point_normal": [0.024610353633761406, -0.009762244299054146, 0.9996494650840759], "camera_rotation_final_quaternion": [0.046371400356292725, -0.03877758979797363, -0.47748100757598877, -0.8765602707862854], "skybox_img": 4, "point_uuid": "150", "field_of_view_rads": 1.0432102892520696, "camera_rotation_final": [0.995053231716156, -0.11250188201665878, -3.0970327854156494]}