{"camera_uuid": "11439", "obliqueness_angle": 1.0556259155273438, "nonfixated_points_in_view": [], "camera_rotation_original": [1.5707963705062866, 0.01359284296631813, -3.021760940551758], "point_location": [0.35382547974586487, -0.5060790181159973, -1.460171103477478], "skybox_img_path": "./img/high/11439_skybox4.jpg", "resolution": 512, "camera_distance": 0.5198023812814822, "view_id": 0, "point_pitch": -0.6330448826167245, "camera_rotation_from_original_to_final": [0.6215636730194092, 0.07005027681589127, 0.6616870760917664], "camera_location": [0.06372122466564178, -0.20023401081562042, -1.1560447216033936], "point_normal": [-0.8047041893005371, -0.3797302544116974, 0.4563511312007904], "camera_rotation_final_quaternion": [0.3241918087005615, 0.17159102857112885, -0.42191964387893677, -0.8291200399398804], "skybox_img": 4, "point_uuid": "17", "field_of_view_rads": 2.078591559549699, "camera_rotation_final": [0.9457733631134033, 0.010973523370921612, -2.3905186653137207]}