{"camera_uuid": "11388", "obliqueness_angle": 0.30762937664985657, "nonfixated_points_in_view": [106], "camera_rotation_original": [1.5707963705062866, 0.1469544768333435, 2.4131522178649902], "point_location": [4.301836967468262, 1.017685055732727, -0.9298179745674133], "skybox_img_path": "./img/high/11388_skybox4.jpg", "resolution": 512, "camera_distance": 0.9495388063433312, "view_id": 18, "point_pitch": -0.11207167705031829, "camera_rotation_from_original_to_final": [0.18151524662971497, -0.11281877756118774, -0.7291020154953003], "camera_location": [5.223801612854004, 1.1285831928253174, -0.7315586805343628], "point_normal": [0.8697540760040283, 0.39081519842147827, 0.30131638050079346], "camera_rotation_final_quaternion": [0.5472573041915894, 0.3906647264957428, 0.49293357133865356, 0.5521838665008545], "skybox_img": 4, "point_uuid": "143", "field_of_view_rads": 1.5766701541034631, "camera_rotation_final": [1.3591952323913574, 0.10829698294401169, 1.667291522026062]}