{"camera_uuid": "6235", "obliqueness_angle": 0.519938051700592, "nonfixated_points_in_view": [130], "camera_rotation_original": [1.5707963705062866, -0.1543678343296051, -2.417381525039673], "point_location": [3.4670467376708984, 1.0758438110351562, -0.6993377804756165], "skybox_img_path": "./img/high/6235_skybox4.jpg", "resolution": 512, "camera_distance": 0.7022888417256925, "view_id": 80, "point_pitch": 0.5425556461003165, "camera_rotation_from_original_to_final": [-0.34921950101852417, -0.30225756764411926, 0.6713706254959106], "camera_location": [2.853727340698242, 1.2198565006256104, -1.009675145149231], "point_normal": [-0.728654682636261, -0.24732623994350433, -0.6386642456054688], "camera_rotation_final_quaternion": [0.3576052486896515, 0.4770069122314453, -0.7024325728416443, -0.3888075649738312], "skybox_img": 4, "point_uuid": "78", "field_of_view_rads": 1.3012303617095222, "camera_rotation_final": [2.032822608947754, -0.13184097409248352, -1.8667970895767212]}