{"camera_uuid": "3892", "obliqueness_angle": 0.9082911610603333, "nonfixated_points_in_view": [], "camera_rotation_original": [1.5707963705062866, -0.05493422970175743, -0.9051651358604431], "point_location": [1.1355481147766113, 2.277404546737671, -1.37511146068573], "skybox_img_path": "./img/high/3892_skybox4.jpg", "resolution": 512, "camera_distance": 0.7831626419951332, "view_id": 36, "point_pitch": -0.40979568561049895, "camera_rotation_from_original_to_final": [-0.2379986196756363, 0.29895278811454773, -0.622907280921936], "camera_location": [0.41051873564720154, 2.219496488571167, -1.0847275257110596], "point_normal": [-0.34670761227607727, -0.666063666343689, 0.6604189276695251], "camera_rotation_final_quaternion": [0.6220810413360596, 0.4024815559387207, -0.39066195487976074, -0.5462664365768433], "skybox_img": 4, "point_uuid": "162", "field_of_view_rads": 1.4547424917401932, "camera_rotation_final": [1.1905145645141602, -0.04633904621005058, -1.4725807905197144]}