{"camera_uuid": "11011", "obliqueness_angle": 1.1632053852081299, "nonfixated_points_in_view": [], "camera_rotation_original": [1.5707963705062866, 0.03952023386955261, -1.766615390777588], "point_location": [6.416158676147461, 2.537578821182251, -1.2911784648895264], "skybox_img_path": "./img/high/11011_skybox4.jpg", "resolution": 512, "camera_distance": 0.8009039645257099, "view_id": 8, "point_pitch": -0.42222385009261565, "camera_rotation_from_original_to_final": [0.08459483832120895, 0.39951246976852417, 0.3959817886352539], "camera_location": [5.693263530731201, 2.4036595821380615, -0.9734751582145691], "point_normal": [-0.00751654664054513, 0.040270037949085236, 0.9991605877876282], "camera_rotation_final_quaternion": [0.6315901279449463, 0.4292432367801666, -0.3426511883735657, -0.547205924987793], "skybox_img": 4, "point_uuid": "148", "field_of_view_rads": 0.6025778511851491, "camera_rotation_final": [1.1626030206680298, 0.03694704547524452, -1.4035930633544922]}