{"camera_uuid": "9484", "obliqueness_angle": 1.530948281288147, "nonfixated_points_in_view": [], "camera_rotation_original": [1.5707963705062866, -0.04788979887962341, 2.7024903297424316], "point_location": [2.9207348823547363, -0.5152132511138916, -0.5628843903541565], "skybox_img_path": "./img/high/9484_skybox4.jpg", "resolution": 512, "camera_distance": 0.971170249697019, "view_id": 29, "point_pitch": -0.28527061542006926, "camera_rotation_from_original_to_final": [0.23058055341243744, -0.11507799476385117, -0.647654116153717], "camera_location": [3.7457287311553955, -0.0662597268819809, -0.3159075379371643], "point_normal": [-0.26315274834632874, 0.039460260421037674, 0.9639468193054199], "camera_rotation_final_quaternion": [0.39081162214279175, 0.3224441707134247, 0.5185321569442749, 0.6887818574905396], "skybox_img": 4, "point_uuid": "152", "field_of_view_rads": 0.9476384761560841, "camera_rotation_final": [1.3134647607803345, -0.03890044242143631, 2.0794026851654053]}