{"camera_uuid": "7029", "obliqueness_angle": 1.469912052154541, "nonfixated_points_in_view": [90], "camera_rotation_original": [1.5707963705062866, 0.1269492655992508, -2.373626708984375], "point_location": [4.810020923614502, 1.166747808456421, -1.332459807395935], "skybox_img_path": "./img/high/7029_skybox4.jpg", "resolution": 512, "camera_distance": 0.9527570095204481, "view_id": 4, "point_pitch": -0.0911227901789804, "camera_rotation_from_original_to_final": [0.08333353698253632, 0.08311574161052704, -0.19981268048286438], "camera_location": [4.303773880004883, 1.966098427772522, -1.2206634283065796], "point_normal": [0.7864901423454285, 0.6175901889801025, 0.003958132583647966], "camera_rotation_final_quaternion": [0.16301284730434418, 0.22448591887950897, -0.625248908996582, -0.7294495701789856], "skybox_img": 4, "point_uuid": "166", "field_of_view_rads": 1.0039714359666843, "camera_rotation_final": [1.452271819114685, 0.12397239357233047, -2.591754913330078]}