{"camera_uuid": "12536", "obliqueness_angle": 0.4952477812767029, "nonfixated_points_in_view": [], "camera_rotation_original": [1.5707963705062866, 0.013920929282903671, 0.9660292863845825], "point_location": [1.7417666912078857, -0.21807560324668884, -1.426782488822937], "skybox_img_path": "./img/high/12536_skybox4.jpg", "resolution": 512, "camera_distance": 0.36668654583748633, "view_id": 3, "point_pitch": -0.45969097217055754, "camera_rotation_from_original_to_final": [-0.27875110507011414, -0.3817463219165802, -0.6382942199707031], "camera_location": [1.8299953937530518, -0.5331102609634399, -1.2611688375473022], "point_normal": [0.059019673615694046, -0.998093843460083, 0.018043018877506256], "camera_rotation_final_quaternion": [0.8447028398513794, 0.5183097124099731, 0.0743672102689743, 0.1109127551317215], "skybox_img": 4, "point_uuid": "171", "field_of_view_rads": 1.7779022957772381, "camera_rotation_final": [1.1021547317504883, 0.010662264190614223, 0.26766693592071533]}