{"camera_uuid": "9085", "obliqueness_angle": 1.3449894189834595, "nonfixated_points_in_view": [], "camera_rotation_original": [1.5707963705062866, 0.04727157577872276, 1.9687933921813965], "point_location": [2.9207348823547363, -0.5152132511138916, -0.5628843903541565], "skybox_img_path": "./img/high/9085_skybox4.jpg", "resolution": 512, "camera_distance": 0.9040178111411055, "view_id": 25, "point_pitch": -0.406798048815455, "camera_rotation_from_original_to_final": [0.1573123335838318, -0.3563186526298523, 0.38644248247146606], "camera_location": [3.4959945678710938, 0.0924578607082367, -0.22074367105960846], "point_normal": [-0.26315274834632874, 0.039460260421037674, 0.9639468193054199], "camera_rotation_final_quaternion": [0.325249046087265, 0.19400402903556824, 0.5226174592971802, 0.763836681842804], "skybox_img": 4, "point_uuid": "152", "field_of_view_rads": 1.4604219695947274, "camera_rotation_final": [1.1822680234909058, 0.04360071197152138, 2.3657474517822266]}