{"camera_uuid": "3093", "obliqueness_angle": 1.1277122497558594, "nonfixated_points_in_view": [97, 2], "camera_rotation_original": [1.5707963705062866, 0.15966415405273438, -0.18483111262321472], "point_location": [0.8357325792312622, 3.0001583099365234, -1.4500991106033325], "skybox_img_path": "./img/high/3093_skybox4.jpg", "resolution": 512, "camera_distance": 0.9834618723164196, "view_id": 8, "point_pitch": -0.4147199829432626, "camera_rotation_from_original_to_final": [-0.481065571308136, 0.08462925255298615, -0.4605858027935028], "camera_location": [0.3273669481277466, 2.295712947845459, -0.9891019463539124], "point_normal": [0.02106740139424801, 0.04000088572502136, 0.998977541923523], "camera_rotation_final_quaternion": [0.7921319007873535, 0.5013835430145264, -0.11933070421218872, -0.3269583284854889], "skybox_img": 4, "point_uuid": "133", "field_of_view_rads": 1.8083336999188173, "camera_rotation_final": [1.07772696018219, 0.13926143944263458, -0.699562132358551]}