{"camera_uuid": "14716", "obliqueness_angle": 0.5134243369102478, "nonfixated_points_in_view": [33], "camera_rotation_original": [1.5707963705062866, -0.07020436227321625, 1.0837066173553467], "point_location": [6.080295085906982, 1.5599316358566284, -1.4123303890228271], "skybox_img_path": "./img/high/14716_skybox4.jpg", "resolution": 512, "camera_distance": 0.38108648565146147, "view_id": 4, "point_pitch": -0.48133103450271086, "camera_rotation_from_original_to_final": [-0.27125000953674316, -0.45562389492988586, 0.72239750623703], "camera_location": [6.405017375946045, 1.617052674293518, -1.2212295532226562], "point_normal": [0.9878883361816406, 0.1546885371208191, 0.012175889685750008], "camera_rotation_final_quaternion": [0.5360698699951172, 0.3327923119068146, 0.37217968702316284, 0.6807060241699219], "skybox_img": 4, "point_uuid": "94", "field_of_view_rads": 1.6403442297244761, "camera_rotation_final": [1.044658899307251, -0.054065197706222534, 1.7762945890426636]}