{"camera_uuid": "6304", "obliqueness_angle": 1.2193937301635742, "nonfixated_points_in_view": [], "camera_rotation_original": [1.5707963705062866, -0.07355238497257233, 2.3360531330108643], "point_location": [3.3059499263763428, 1.507105827331543, -1.4197665452957153], "skybox_img_path": "./img/high/6304_skybox4.jpg", "resolution": 512, "camera_distance": 0.8937160367114526, "view_id": 35, "point_pitch": -0.4081098278376718, "camera_rotation_from_original_to_final": [0.27273616194725037, -0.27183276414871216, -0.4048711061477661], "camera_location": [4.070330619812012, 1.8281879425048828, -1.0860649347305298], "point_normal": [-0.034560561180114746, 0.0017010869923979044, 0.9994011521339417], "camera_rotation_final_quaternion": [0.4325478971004486, 0.32702532410621643, 0.4542699456214905, 0.7068207859992981], "skybox_img": 4, "point_uuid": "155", "field_of_view_rads": 1.2250570306337096, "camera_rotation_final": [1.1871689558029175, -0.06936518102884293, 1.9964393377304077]}