{"camera_uuid": "5949", "obliqueness_angle": 0.8412624001502991, "nonfixated_points_in_view": [], "camera_rotation_original": [1.5707963705062866, -0.05649992823600769, 1.1887922286987305], "point_location": [-0.4168107807636261, 2.6449878215789795, -1.3910259008407593], "skybox_img_path": "./img/high/5949_skybox4.jpg", "resolution": 512, "camera_distance": 0.8768673612716633, "view_id": 10, "point_pitch": -0.19573013385268645, "camera_rotation_from_original_to_final": [-0.06870821863412857, -0.16412006318569183, -0.3225885033607483], "camera_location": [0.23765036463737488, 2.0823802947998047, -1.2359460592269897], "point_normal": [0.9926148056983948, 0.12025166302919388, 0.015980595722794533], "camera_rotation_final_quaternion": [0.6881600618362427, 0.5901187658309937, 0.2516576945781708, 0.3389158844947815], "skybox_img": 4, "point_uuid": "109", "field_of_view_rads": 1.957036885090066, "camera_rotation_final": [1.3927456140518188, -0.05366549640893936, 0.8703790903091431]}