{"camera_uuid": "5478", "obliqueness_angle": 1.3318220376968384, "nonfixated_points_in_view": [], "camera_rotation_original": [1.5707963705062866, -0.15248869359493256, 2.7502238750457764], "point_location": [0.9227169156074524, 0.6807072758674622, -1.4383314847946167], "skybox_img_path": "./img/high/5478_skybox4.jpg", "resolution": 512, "camera_distance": 0.6181885351365779, "view_id": 9, "point_pitch": -0.30535046657058196, "camera_rotation_from_original_to_final": [0.2785235345363617, -0.10578399151563644, -0.08976967632770538], "camera_location": [1.1889984607696533, 1.2083837985992432, -1.257199764251709], "point_normal": [0.9748377203941345, -0.22190459072589874, 0.021208828315138817], "camera_rotation_final_quaternion": [0.12328089028596878, 0.18330639600753784, 0.5655943155288696, 0.7945461869239807], "skybox_img": 4, "point_uuid": "59", "field_of_view_rads": 1.1263039557204935, "camera_rotation_final": [1.2698326110839844, -0.15242640674114227, 2.721342086791992]}