{"camera_uuid": "3909", "obliqueness_angle": 1.3478693962097168, "nonfixated_points_in_view": [], "camera_rotation_original": [1.5707963705062866, -0.053047992289066315, -0.987004816532135], "point_location": [3.4670467376708984, 1.0758438110351562, -0.6993377804756165], "skybox_img_path": "./img/high/3909_skybox4.jpg", "resolution": 512, "camera_distance": 0.9656081578952528, "view_id": 45, "point_pitch": -0.6121911247584482, "camera_rotation_from_original_to_final": [-0.3578447103500366, 0.48011890053749084, -0.5284188985824585], "camera_location": [2.672942638397217, 0.9621834754943848, -0.1618630588054657], "point_normal": [-0.6784085035324097, -0.30312207341194153, -0.6692376136779785], "camera_rotation_final_quaternion": [0.6831996440887451, 0.3465498089790344, -0.3187386393547058, -0.5581640601158142], "skybox_img": 4, "point_uuid": "78", "field_of_view_rads": 2.081073338083007, "camera_rotation_final": [0.9796923995018005, -0.04868021234869957, -1.395984172821045]}