{"camera_uuid": "5394", "obliqueness_angle": 1.0218955278396606, "nonfixated_points_in_view": [120], "camera_rotation_original": [1.5707963705062866, -0.064853236079216, -2.6939356327056885], "point_location": [-0.4054321348667145, 1.2653040885925293, -0.6841932535171509], "skybox_img_path": "./img/high/5394_skybox4.jpg", "resolution": 512, "camera_distance": 0.8000832644266692, "view_id": 20, "point_pitch": -0.5778097351405282, "camera_rotation_from_original_to_final": [0.4982820153236389, 0.2252914309501648, -0.5275909304618835], "camera_location": [-0.31160715222358704, 1.943885087966919, -0.27084359526634216], "point_normal": [0.040700461715459824, 0.0009101604809984565, 0.9991709589958191], "camera_rotation_final_quaternion": [-0.03171234950423241, -0.04955467954277992, -0.4891091287136078, -0.8702360987663269], "skybox_img": 4, "point_uuid": "104", "field_of_view_rads": 1.7927549318813307, "camera_rotation_final": [1.026959776878357, -0.05525505915284157, -3.245608329772949]}