{"camera_uuid": "1745", "obliqueness_angle": 0.9971278309822083, "nonfixated_points_in_view": [], "camera_rotation_original": [1.5707963705062866, 0.06906270980834961, 1.1707223653793335], "point_location": [0.22651520371437073, 2.849133014678955, -1.442795991897583], "skybox_img_path": "./img/high/1745_skybox4.jpg", "resolution": 512, "camera_distance": 0.8913943665202981, "view_id": 22, "point_pitch": -0.5348126133296152, "camera_rotation_from_original_to_final": [-0.2420382797718048, -0.4963478446006775, -0.1079714298248291], "camera_location": [0.8685216307640076, 2.4405035972595215, -0.9786476492881775], "point_normal": [0.024610353633761406, -0.009762244299054146, 0.9996494650840759], "camera_rotation_final_quaternion": [0.7804086804389954, 0.41948580741882324, 0.2523530125617981, 0.38898834586143494], "skybox_img": 4, "point_uuid": "150", "field_of_view_rads": 0.7824832778029851, "camera_rotation_final": [1.021730661392212, 0.06757820397615433, 0.9626877903938293]}