{"camera_uuid": "9915", "obliqueness_angle": 1.0865685939788818, "nonfixated_points_in_view": [], "camera_rotation_original": [1.5707963705062866, 0.09683658182621002, -0.15514835715293884], "point_location": [5.518570899963379, 1.8022818565368652, -0.9034366607666016], "skybox_img_path": "./img/high/9915_skybox4.jpg", "resolution": 512, "camera_distance": 0.46537829366282285, "view_id": 72, "point_pitch": -0.2930549820277353, "camera_rotation_from_original_to_final": [-0.33740919828414917, 0.04433280974626541, -0.4994165599346161], "camera_location": [5.253641605377197, 1.4525853395462036, -0.7481892108917236], "point_normal": [-0.3810344636440277, 0.07813670486211777, 0.9212532639503479], "camera_rotation_final_quaternion": [0.761696994304657, 0.5548149943351746, -0.159321129322052, -0.29430389404296875], "skybox_img": 4, "point_uuid": "103", "field_of_view_rads": 1.0218518288922764, "camera_rotation_final": [1.2294316291809082, 0.08395817875862122, -0.6781302094459534]}