{"camera_uuid": "3105", "obliqueness_angle": 0.8776270747184753, "nonfixated_points_in_view": [], "camera_rotation_original": [1.5707963705062866, 0.10391352325677872, 1.3161091804504395], "point_location": [0.7851385474205017, 1.2789015769958496, -1.4171496629714966], "skybox_img_path": "./img/high/3105_skybox4.jpg", "resolution": 512, "camera_distance": 0.9011429479856551, "view_id": 56, "point_pitch": -0.7041079243037363, "camera_rotation_from_original_to_final": [-0.19637775421142578, -0.621863842010498, 0.6634684205055237], "camera_location": [1.4603893756866455, 1.524100422859192, -0.873116135597229], "point_normal": [0.04163115471601486, 0.017202280461788177, 0.9989850521087646], "camera_rotation_final_quaternion": [0.5542457699775696, 0.23458848893642426, 0.3782998025417328, 0.7033271789550781], "skybox_img": 4, "point_uuid": "187", "field_of_view_rads": 1.2654133589566097, "camera_rotation_final": [0.9195982217788696, 0.08947660028934479, 1.8511197566986084]}