{"camera_uuid": "10399", "obliqueness_angle": 0.6087806224822998, "nonfixated_points_in_view": [56], "camera_rotation_original": [-1.570796251296997, -3.020972967147827, 0.0472661592066288], "point_location": [1.1332991123199463, -0.8327366709709167, -1.4375404119491577], "skybox_img_path": "./img/high/10399_skybox4.jpg", "resolution": 512, "camera_distance": 0.9432498244339259, "view_id": 0, "point_pitch": -0.5251423557612558, "camera_rotation_from_original_to_final": [0.5771772265434265, 0.03149373084306717, 0.42991894483566284], "camera_location": [0.7784342765808105, -0.1268400400876999, -0.9222723841667175], "point_normal": [-0.5603585243225098, 0.8280418515205383, -0.018577322363853455], "camera_rotation_final_quaternion": [0.2569975256919861, 0.08020925521850586, -0.4695020318031311, -0.8408843874931335], "skybox_img": 4, "point_uuid": "147", "field_of_view_rads": 2.119048415795751, "camera_rotation_final": [-2.1524291038513184, -3.0349624156951904, 0.5356804132461548]}