{"camera_uuid": "5161", "obliqueness_angle": 1.1451084613800049, "nonfixated_points_in_view": [64, 88], "camera_rotation_original": [1.5707963705062866, -0.1453293114900589, 2.2590882778167725], "point_location": [-0.34234288334846497, 0.8369564414024353, -0.7921566963195801], "skybox_img_path": "./img/high/5161_skybox4.jpg", "resolution": 512, "camera_distance": 0.9815615836585236, "view_id": 36, "point_pitch": -0.3247907598826547, "camera_rotation_from_original_to_final": [0.22586339712142944, -0.2548321485519409, 0.04362555965781212], "camera_location": [0.3289015293121338, 1.474507212638855, -0.46593111753463745], "point_normal": [0.04777548089623451, 0.07583989202976227, 0.9959748387336731], "camera_rotation_final_quaternion": [0.2637574374675751, 0.2678673267364502, 0.5119280219078064, 0.7724045515060425], "skybox_img": 4, "point_uuid": "121", "field_of_view_rads": 0.9476384761560841, "camera_rotation_final": [1.228297472000122, -0.14425399899482727, 2.381667137145996]}