{"camera_uuid": "1821", "obliqueness_angle": 0.7559338212013245, "nonfixated_points_in_view": [112, 30], "camera_rotation_original": [1.5707963705062866, -0.05780810862779617, -0.6550271511077881], "point_location": [2.295008659362793, 2.27626895904541, -1.3962150812149048], "skybox_img_path": "./img/high/1821_skybox4.jpg", "resolution": 512, "camera_distance": 0.5550871403369412, "view_id": 22, "point_pitch": -0.6817430694911142, "camera_rotation_from_original_to_final": [-0.5641847848892212, 0.37715110182762146, -0.3866358697414398], "camera_location": [1.9438562393188477, 2.0176045894622803, -1.052839994430542], "point_normal": [-0.9679071307182312, -0.2512916922569275, -0.0028668304439634085], "camera_rotation_final_quaternion": [0.8168946504592896, 0.3824504613876343, -0.21079200506210327, -0.37680432200431824], "skybox_img": 4, "point_uuid": "18", "field_of_view_rads": 1.384811670309553, "camera_rotation_final": [0.9025952219963074, -0.05620130896568298, -0.8916072845458984]}