{"camera_uuid": "4013", "obliqueness_angle": 1.2658683061599731, "nonfixated_points_in_view": [], "camera_rotation_original": [1.5707963705062866, 0.03279762715101242, -3.0637941360473633], "point_location": [3.3059499263763428, 1.507105827331543, -1.4197665452957153], "skybox_img_path": "./img/high/4013_skybox4.jpg", "resolution": 512, "camera_distance": 0.37601274712565125, "view_id": 30, "point_pitch": -0.3003142317149301, "camera_rotation_from_original_to_final": [0.2850304841995239, 0.023819563910365105, 0.4600754678249359], "camera_location": [3.1222870349884033, 1.8175915479660034, -1.313690423965454], "point_normal": [-0.034560561180114746, 0.0017010869923979044, 0.9994011521339417], "camera_rotation_final_quaternion": [0.19938579201698303, 0.16700685024261475, -0.575373649597168, -0.7754348516464233], "skybox_img": 4, "point_uuid": "155", "field_of_view_rads": 0.8193451608617591, "camera_rotation_final": [1.2846773862838745, 0.02956748753786087, -2.6161184310913086]}