{"camera_uuid": "12378", "obliqueness_angle": 0.3287533223628998, "nonfixated_points_in_view": [], "camera_rotation_original": [1.5707963705062866, -0.046237874776124954, 1.3034782409667969], "point_location": [5.601480484008789, 2.1461212635040283, -1.4044468402862549], "skybox_img_path": "./img/high/12378_skybox4.jpg", "resolution": 512, "camera_distance": 0.666230058130049, "view_id": 6, "point_pitch": -0.5230075558039804, "camera_rotation_from_original_to_final": [-0.16960404813289642, -0.5313965082168579, 0.8064557313919067], "camera_location": [6.099643707275391, 2.415081262588501, -1.0532255172729492], "point_normal": [0.8320084810256958, 0.5058020949363708, 0.2278733104467392], "camera_rotation_final_quaternion": [0.4331078827381134, 0.2571057975292206, 0.4126839339733124, 0.7589507102966309], "skybox_img": 4, "point_uuid": "56", "field_of_view_rads": 1.48952952790217, "camera_rotation_final": [1.015187382698059, -0.03279377892613411, 2.0862083435058594]}