{"camera_uuid": "8184", "obliqueness_angle": 1.1968910694122314, "nonfixated_points_in_view": [], "camera_rotation_original": [1.5707963705062866, -0.03274476155638695, -3.0665197372436523], "point_location": [4.301836967468262, 1.017685055732727, -0.9298179745674133], "skybox_img_path": "./img/high/8184_skybox4.jpg", "resolution": 512, "camera_distance": 0.4682319838517261, "view_id": 28, "point_pitch": 0.31377633015183015, "camera_rotation_from_original_to_final": [-0.33362898230552673, -0.030655628070235252, -0.6916200518608093], "camera_location": [4.559781074523926, 1.376876950263977, -1.0837244987487793], "point_normal": [0.5320354104042053, 0.411212295293808, 0.7401641011238098], "camera_rotation_final_quaternion": [-0.17021705210208893, -0.25993722677230835, -0.7725161910057068, -0.5537847876548767], "skybox_img": 4, "point_uuid": "143", "field_of_view_rads": 1.794124606241639, "camera_rotation_final": [1.9058281183242798, -0.02491026744246483, -3.77305006980896]}