{"camera_uuid": "3415", "obliqueness_angle": 1.497714877128601, "nonfixated_points_in_view": [], "camera_rotation_original": [1.5707963705062866, -0.07209726423025131, -0.5407116413116455], "point_location": [2.295008659362793, 2.27626895904541, -1.3962150812149048], "skybox_img_path": "./img/high/3415_skybox4.jpg", "resolution": 512, "camera_distance": 0.7691566698096985, "view_id": 19, "point_pitch": -0.5199867924067636, "camera_rotation_from_original_to_final": [-0.49660947918891907, 0.2866760790348053, 0.6234901547431946], "camera_location": [2.397338390350342, 1.63572096824646, -0.9829005599021912], "point_normal": [-0.9708185791969299, -0.23977024853229523, 0.00464604003354907], "camera_rotation_final_quaternion": [0.8713489770889282, 0.4804163873195648, 0.022798150777816772, 0.09711489826440811], "skybox_img": 4, "point_uuid": "18", "field_of_view_rads": 1.8083336999188173, "camera_rotation_final": [1.0025750398635864, -0.053606562316417694, 0.19261085987091064]}