{"camera_uuid": "12787", "obliqueness_angle": 0.9313207268714905, "nonfixated_points_in_view": [36], "camera_rotation_original": [1.5707963705062866, 0.02602607198059559, -2.4545650482177734], "point_location": [2.9207348823547363, -0.5152132511138916, -0.5628843903541565], "skybox_img_path": "./img/high/12787_skybox4.jpg", "resolution": 512, "camera_distance": 0.5716491021151678, "view_id": 15, "point_pitch": -0.39284805854293303, "camera_rotation_from_original_to_final": [0.30005669593811035, 0.23888003826141357, 0.5021376013755798], "camera_location": [2.4358339309692383, -0.2997885048389435, -0.3501734733581543], "point_normal": [-0.26315274834632874, 0.039460260421037674, 0.9639468193054199], "camera_rotation_final_quaternion": [0.4426175355911255, 0.311245322227478, -0.46591421961784363, -0.7001000046730042], "skybox_img": 4, "point_uuid": "152", "field_of_view_rads": 1.384811670309553, "camera_rotation_final": [1.1894158124923706, 0.02336421050131321, -1.9982393980026245]}