{"camera_uuid": "6905", "obliqueness_angle": 1.440833330154419, "nonfixated_points_in_view": [120], "camera_rotation_original": [1.5707963705062866, 0.04929496347904205, 1.8447234630584717], "point_location": [-0.34234288334846497, 0.8369564414024353, -0.7921566963195801], "skybox_img_path": "./img/high/6905_skybox4.jpg", "resolution": 512, "camera_distance": 0.8063768609806734, "view_id": 1, "point_pitch": -0.07453565200301604, "camera_rotation_from_original_to_final": [0.024182794615626335, -0.03502894937992096, 0.7695178985595703], "camera_location": [0.06303304433822632, 1.5332756042480469, -0.759697437286377], "point_normal": [0.04777548089623451, 0.07583989202976227, 0.9959748387336731], "camera_rotation_final_quaternion": [0.2002420574426651, 0.16860134899616241, 0.6718980669975281, 0.6928417682647705], "skybox_img": 4, "point_uuid": "121", "field_of_view_rads": 1.6316217442386929, "camera_rotation_final": [1.53050696849823, 0.035463836044073105, 2.612957715988159]}