{"camera_uuid": "12439", "obliqueness_angle": 0.8882347345352173, "nonfixated_points_in_view": [], "camera_rotation_original": [1.5707963705062866, 0.002628049347549677, -1.87875497341156], "point_location": [5.4932861328125, 0.18884922564029694, -0.9166303277015686], "skybox_img_path": "./img/high/12439_skybox4.jpg", "resolution": 512, "camera_distance": 0.7758644875686499, "view_id": 28, "point_pitch": -0.3420939882609506, "camera_rotation_from_original_to_final": [0.10639171302318573, 0.3238847255706787, 0.7560237646102905], "camera_location": [4.828673839569092, -0.11641498655080795, -0.6576516032218933], "point_normal": [-0.48851633071899414, 0.18398629128932953, 0.8529366254806519], "camera_rotation_final_quaternion": [0.6870231628417969, 0.48618975281715393, -0.3110026717185974, -0.44147026538848877], "skybox_img": 4, "point_uuid": "142", "field_of_view_rads": 2.1403354343109027, "camera_rotation_final": [1.2304704189300537, 0.0019445531070232391, -1.1409144401550293]}