{"camera_uuid": "10529", "obliqueness_angle": 1.2106106281280518, "nonfixated_points_in_view": [], "camera_rotation_original": [1.5707963705062866, -0.027239415794610977, 1.8162115812301636], "point_location": [0.580907940864563, -0.050188999623060226, -1.4085019826889038], "skybox_img_path": "./img/high/10529_skybox4.jpg", "resolution": 512, "camera_distance": 0.9792108707330582, "view_id": 26, "point_pitch": -0.5622352798792978, "camera_rotation_from_original_to_final": [0.1532563418149948, -0.5359178185462952, -0.3057551681995392], "camera_location": [1.4128172397613525, -0.06622903048992157, -0.8922427892684937], "point_normal": [-0.16356271505355835, 0.2954562306404114, 0.941250741481781], "camera_rotation_final_quaternion": [0.6142482757568359, 0.3523409962654114, 0.3350313901901245, 0.6215375065803528], "skybox_img": 4, "point_uuid": "57", "field_of_view_rads": 1.6071546237233685, "camera_rotation_final": [1.0152548551559448, -0.02640441246330738, 1.567905068397522]}