{"camera_uuid": "10352", "obliqueness_angle": 1.1079397201538086, "nonfixated_points_in_view": [91], "camera_rotation_original": [1.5707963705062866, 0.04992815852165222, -1.6525154113769531], "point_location": [2.624671697616577, -0.7024632096290588, -0.5636605024337769], "skybox_img_path": "./img/high/10352_skybox4.jpg", "resolution": 512, "camera_distance": 0.9263049396911986, "view_id": 6, "point_pitch": -0.2350281914088388, "camera_rotation_from_original_to_final": [0.02115819603204727, 0.23850227892398834, -0.07961840182542801], "camera_location": [1.736822485923767, -0.5557884573936462, -0.3439990282058716], "point_normal": [-0.34883588552474976, 0.9258549809455872, -0.14528000354766846], "camera_rotation_final_quaternion": [0.4932869076728821, 0.41145461797714233, -0.46058276295661926, -0.6125655770301819], "skybox_img": 4, "point_uuid": "60", "field_of_view_rads": 1.48952952790217, "camera_rotation_final": [1.3310765027999878, 0.04970746859908104, -1.7466638088226318]}