{"camera_uuid": "6597", "obliqueness_angle": 1.1258611679077148, "nonfixated_points_in_view": [49], "camera_rotation_original": [1.5707963705062866, -0.04194542393088341, -1.867902398109436], "point_location": [3.365755796432495, 1.3757675886154175, -0.9474144577980042], "skybox_img_path": "./img/high/6597_skybox4.jpg", "resolution": 512, "camera_distance": 0.9779311012302037, "view_id": 0, "point_pitch": -0.3076781471583505, "camera_rotation_from_original_to_final": [0.10580605268478394, 0.3149068057537079, 0.616932213306427], "camera_location": [2.4834861755371094, 1.099018931388855, -0.6290440559387207], "point_normal": [-0.6433119773864746, 0.7428977489471436, 0.18507462739944458], "camera_rotation_final_quaternion": [0.6648170948028564, 0.4617413878440857, -0.3521610498428345, -0.4698890447616577], "skybox_img": 4, "point_uuid": "9", "field_of_view_rads": 2.078591559549699, "camera_rotation_final": [1.238994836807251, -0.03431767225265503, -1.2550177574157715]}