{"camera_uuid": "14050", "obliqueness_angle": 0.7581310868263245, "nonfixated_points_in_view": [], "camera_rotation_original": [1.5707963705062866, -0.11288759112358093, 2.7201032638549805], "point_location": [6.080295085906982, 1.5599316358566284, -1.4123303890228271], "skybox_img_path": "./img/high/14050_skybox4.jpg", "resolution": 512, "camera_distance": 0.5993500437627579, "view_id": 7, "point_pitch": -0.5048019131037851, "camera_rotation_from_original_to_final": [0.43444687128067017, -0.1791003793478012, -0.40068042278289795], "camera_location": [6.4582061767578125, 1.9386128187179565, -1.1421374082565308], "point_normal": [0.9878883361816406, 0.1546885371208191, 0.012175889685750008], "camera_rotation_final_quaternion": [0.2775076627731323, 0.22910678386688232, 0.4712802469730377, 0.8052294850349426], "skybox_img": 4, "point_uuid": "94", "field_of_view_rads": 1.3001655876812834, "camera_rotation_final": [1.100183367729187, -0.10760685056447983, 2.4117960929870605]}