{"camera_uuid": "12291", "obliqueness_angle": 1.5564950704574585, "nonfixated_points_in_view": [], "camera_rotation_original": [1.5707963705062866, -0.03221689909696579, 3.038429021835327], "point_location": [4.966612815856934, 0.5080769658088684, -1.3585069179534912], "skybox_img_path": "./img/high/12291_skybox4.jpg", "resolution": 512, "camera_distance": 0.2778514325653635, "view_id": 4, "point_pitch": -0.6742889126155038, "camera_rotation_from_original_to_final": [0.6682336926460266, -0.05726875737309456, -0.15492895245552063], "camera_location": [5.018627643585205, 0.7195139527320862, -1.185908317565918], "point_normal": [-0.30664733052253723, -0.5435833930969238, 0.7813350558280945], "camera_rotation_final_quaternion": [0.09004499018192291, 0.061176374554634094, 0.4308854937553406, 0.8958163857460022], "skybox_img": 4, "point_uuid": "115", "field_of_view_rads": 0.9904486154446002, "camera_rotation_final": [0.9001292586326599, -0.032012902200222015, 2.9257636070251465]}