{"camera_uuid": "0337", "obliqueness_angle": 1.0196176767349243, "nonfixated_points_in_view": [66, 109], "camera_rotation_original": [1.5707963705062866, 0.019521357491612434, 2.7746384143829346], "point_location": [2.133356809616089, 1.9143738746643066, -1.4239013195037842], "skybox_img_path": "./img/high/0337_skybox4.jpg", "resolution": 512, "camera_distance": 0.9516529285553766, "view_id": 16, "point_pitch": -0.5572151382777353, "camera_rotation_from_original_to_final": [0.5217543840408325, -0.19183349609375, 0.1807498037815094], "camera_location": [2.2415878772735596, 2.717010498046875, -0.9241976141929626], "point_normal": [0.056367747485637665, -0.008248048834502697, 0.9983760714530945], "camera_rotation_final_quaternion": [0.06822400540113449, 0.027190489694476128, 0.4865342974662781, 0.870569109916687], "skybox_img": 4, "point_uuid": "2", "field_of_view_rads": 1.6924921945557647, "camera_rotation_final": [1.017863392829895, 0.01904539205133915, 2.995804786682129]}