{"camera_uuid": "13065", "obliqueness_angle": 0.9068016409873962, "nonfixated_points_in_view": [], "camera_rotation_original": [1.5707963705062866, -0.03368579223752022, 2.6861395835876465], "point_location": [5.577847957611084, 0.5073602795600891, -0.8285789489746094], "skybox_img_path": "./img/high/13065_skybox4.jpg", "resolution": 512, "camera_distance": 0.6353554692105753, "view_id": 2, "point_pitch": -0.6682848175379892, "camera_rotation_from_original_to_final": [0.6267439723014832, -0.27291062474250793, 0.1363225281238556], "camera_location": [5.692310810089111, 0.9895325899124146, -0.43098029494285583], "point_normal": [0.047805894166231155, -0.0227388683706522, 0.9985978007316589], "camera_rotation_final_quaternion": [0.08606662601232529, 0.05927680805325508, 0.42847585678100586, 0.8974894285202026], "skybox_img": 4, "point_uuid": "11", "field_of_view_rads": 1.0910236528484336, "camera_rotation_final": [0.8942251801490784, -0.03265148028731346, 2.934725761413574]}