{"camera_uuid": "6158", "obliqueness_angle": 0.8841820359230042, "nonfixated_points_in_view": [], "camera_rotation_original": [1.5707963705062866, -0.06665918231010437, -1.965171456336975], "point_location": [2.6072916984558105, 0.47235140204429626, -1.3380800485610962], "skybox_img_path": "./img/high/6158_skybox4.jpg", "resolution": 512, "camera_distance": 0.9956751448724545, "view_id": 14, "point_pitch": -0.6303037842127939, "camera_rotation_from_original_to_final": [0.259949266910553, 0.5816508531570435, 0.06571511179208755], "camera_location": [1.8704981803894043, 0.7943792939186096, -0.7508813142776489], "point_normal": [-0.9810226559638977, -0.18625010550022125, -0.0539044626057148], "camera_rotation_final_quaternion": [0.5184918642044067, 0.23212066292762756, -0.38890278339385986, -0.7252867221832275], "skybox_img": 4, "point_uuid": "87", "field_of_view_rads": 1.9554518605800617, "camera_rotation_final": [0.9384231567382812, -0.06662708520889282, -1.934096336364746]}