{"camera_uuid": "11385", "obliqueness_angle": 1.2136902809143066, "nonfixated_points_in_view": [], "camera_rotation_original": [1.5707963705062866, -0.1192479208111763, -1.6273361444473267], "point_location": [5.4932861328125, 0.18884922564029694, -0.9166303277015686], "skybox_img_path": "./img/high/11385_skybox4.jpg", "resolution": 512, "camera_distance": 0.9498354748947293, "view_id": 40, "point_pitch": 0.06780798832443757, "camera_rotation_from_original_to_final": [0.020527491346001625, -0.1476537585258484, -0.7119432091712952], "camera_location": [4.818068981170654, 0.8423840999603271, -1.055055022239685], "point_normal": [-0.48851633071899414, 0.18398629128932953, 0.8529366254806519], "camera_rotation_final_quaternion": [0.28193652629852295, 0.26356786489486694, -0.7095066905021667, -0.5896134972572327], "skybox_img": 4, "point_uuid": "142", "field_of_view_rads": 1.494443233462961, "camera_rotation_final": [1.717643141746521, -0.08938436210155487, -2.3530807495117188]}