{"camera_uuid": "4670", "obliqueness_angle": 1.5477805137634277, "nonfixated_points_in_view": [120], "camera_rotation_original": [1.5707963705062866, 0.03647305816411972, 3.026623010635376], "point_location": [-0.4054321348667145, 1.2653040885925293, -0.6841932535171509], "skybox_img_path": "./img/high/4670_skybox4.jpg", "resolution": 512, "camera_distance": 0.7664724611376251, "view_id": 11, "point_pitch": -0.011003657183374926, "camera_rotation_from_original_to_final": [0.014002450741827488, -0.0014884552219882607, -0.0842362567782402], "camera_location": [-0.25377631187438965, 2.0165457725524902, -0.6734011173248291], "point_normal": [0.040700461715459824, 0.0009101604809984565, 0.9991709589958191], "camera_rotation_final_quaternion": [0.08366710692644119, 0.05710658058524132, 0.6997847557067871, 0.707135021686554], "skybox_img": 4, "point_uuid": "104", "field_of_view_rads": 0.7352830670651015, "camera_rotation_final": [1.5567063093185425, 0.03634180873632431, 2.9418842792510986]}