{"camera_uuid": "10704", "obliqueness_angle": 0.6264697909355164, "nonfixated_points_in_view": [3], "camera_rotation_original": [1.5707963705062866, 0.07201939076185226, -2.1616098880767822], "point_location": [5.4932861328125, 0.18884922564029694, -0.9166303277015686], "skybox_img_path": "./img/high/10704_skybox4.jpg", "resolution": 512, "camera_distance": 0.7569703604162894, "view_id": 59, "point_pitch": -0.4170667370173593, "camera_rotation_from_original_to_final": [0.2484293133020401, 0.3409619927406311, 0.031570352613925934], "camera_location": [4.922867298126221, 0.5797540545463562, -0.6087019443511963], "point_normal": [-0.48851633071899414, 0.18398629128932953, 0.8529366254806519], "camera_rotation_final_quaternion": [0.36148369312286377, 0.27268245816230774, -0.4714329242706299, -0.7567858099937439], "skybox_img": 4, "point_uuid": "142", "field_of_view_rads": 0.8526318947095067, "camera_rotation_final": [1.150702714920044, 0.07195586711168289, -2.2036871910095215]}