{"camera_uuid": "13708", "obliqueness_angle": 1.1324965953826904, "nonfixated_points_in_view": [127], "camera_rotation_original": [1.5707963705062866, -0.06458991020917892, -0.49987950921058655], "point_location": [0.06814911961555481, 0.24820655584335327, -1.4617801904678345], "skybox_img_path": "./img/high/13708_skybox4.jpg", "resolution": 512, "camera_distance": 0.8027514272581794, "view_id": 7, "point_pitch": -0.3353748758647104, "camera_rotation_from_original_to_final": [-0.31414833664894104, 0.16601067781448364, 0.25553566217422485], "camera_location": [-0.09484217315912247, -0.48690980672836304, -1.1834861040115356], "point_normal": [-0.7559177279472351, -0.4688270390033722, -0.4569351077079773], "camera_rotation_final_quaternion": [0.8181877136230469, 0.5657953023910522, -0.0808580219745636, -0.06250203400850296], "skybox_img": 4, "point_uuid": "131", "field_of_view_rads": 0.5961933550608073, "camera_rotation_final": [1.216068983078003, -0.0616263672709465, -0.19538427889347076]}