{"camera_uuid": "2058", "obliqueness_angle": 0.6623170375823975, "nonfixated_points_in_view": [], "camera_rotation_original": [1.5707963705062866, -0.021536123007535934, 1.6568583250045776], "point_location": [-0.4168107807636261, 2.6449878215789795, -1.3910259008407593], "skybox_img_path": "./img/high/2058_skybox4.jpg", "resolution": 512, "camera_distance": 0.9806914209661005, "view_id": 25, "point_pitch": -0.6281151016566415, "camera_rotation_from_original_to_final": [0.06755512207746506, -0.627689003944397, 0.097307950258255], "camera_location": [0.3587721884250641, 2.8052008152008057, -0.8126155734062195], "point_normal": [0.9920056462287903, 0.12320997565984726, -0.027280181646347046], "camera_rotation_final_quaternion": [0.5538828372955322, 0.29063042998313904, 0.34732502698898315, 0.6986508965492249], "skybox_img": 4, "point_uuid": "109", "field_of_view_rads": 1.5766701541034631, "camera_rotation_final": [0.9398205280303955, -0.021345332264900208, 1.7900949716567993]}