{"camera_uuid": "4470", "obliqueness_angle": 1.3660069704055786, "nonfixated_points_in_view": [97], "camera_rotation_original": [1.5707963705062866, 0.07680433243513107, -1.4872921705245972], "point_location": [0.3078916072845459, 2.7992374897003174, -1.4269014596939087], "skybox_img_path": "./img/high/4470_skybox4.jpg", "resolution": 512, "camera_distance": 0.7820389704023685, "view_id": 12, "point_pitch": -0.6235765655848642, "camera_rotation_from_original_to_final": [-0.04287435859441757, 0.627455472946167, -0.05610828101634979], "camera_location": [-0.3240047097206116, 2.7694590091705322, -0.967113196849823], "point_normal": [-0.2804282307624817, 0.9596080183982849, 0.022641496732831], "camera_rotation_final_quaternion": [0.6149244904518127, 0.34287527203559875, -0.2974373698234558, -0.6448529958724976], "skybox_img": 4, "point_uuid": "66", "field_of_view_rads": 0.9904486154446002, "camera_rotation_final": [0.9401600360870361, 0.07647980749607086, -1.5794304609298706]}