{"camera_uuid": "8509", "obliqueness_angle": 0.7381067276000977, "nonfixated_points_in_view": [44], "camera_rotation_original": [1.5707963705062866, -0.041317667812108994, 1.136915922164917], "point_location": [-0.30368760228157043, 1.3439174890518188, -0.7665223479270935], "skybox_img_path": "./img/high/8509_skybox4.jpg", "resolution": 512, "camera_distance": 0.97579449399538, "view_id": 35, "point_pitch": 0.4894964257862906, "camera_rotation_from_original_to_final": [0.22459422051906586, 0.4377044439315796, 0.08156028389930725], "camera_location": [0.48954373598098755, 1.0075074434280396, -1.2245476245880127], "point_normal": [0.9422652125358582, 0.29410141706466675, -0.16012726724147797], "camera_rotation_final_quaternion": [0.42270198464393616, 0.7255589365959167, 0.4563526511192322, 0.294328898191452], "skybox_img": 4, "point_uuid": "180", "field_of_view_rads": 1.794124606241639, "camera_rotation_final": [2.059846878051758, -0.04131529480218887, 1.1477108001708984]}