{"camera_uuid": "13474", "obliqueness_angle": 1.139327049255371, "nonfixated_points_in_view": [], "camera_rotation_original": [1.5707963705062866, 0.0435517281293869, -0.537481427192688], "point_location": [0.580907940864563, -0.050188999623060226, -1.4085019826889038], "skybox_img_path": "./img/high/13474_skybox4.jpg", "resolution": 512, "camera_distance": 0.8148090673363961, "view_id": 83, "point_pitch": -0.55428950389358, "camera_rotation_from_original_to_final": [-0.48773014545440674, 0.2796364724636078, -0.10947306454181671], "camera_location": [0.20478586852550507, -0.6308821439743042, -0.9781050682067871], "point_normal": [0.11274728178977966, 0.07453673332929611, 0.9908240437507629], "camera_rotation_final_quaternion": [0.8316685557365417, 0.4691382944583893, -0.125698983669281, -0.2691401541233063], "skybox_img": 4, "point_uuid": "57", "field_of_view_rads": 2.1466993855908125, "camera_rotation_final": [1.0137076377868652, 0.04346179962158203, -0.6018226742744446]}