{"camera_uuid": "2781", "obliqueness_angle": 1.5278421640396118, "nonfixated_points_in_view": [107], "camera_rotation_original": [1.5707963705062866, -0.08423428982496262, -1.7541725635528564], "point_location": [1.5920188426971436, 2.1285598278045654, -1.4049173593521118], "skybox_img_path": "./img/high/2781_skybox4.jpg", "resolution": 512, "camera_distance": 0.8595369587351374, "view_id": 20, "point_pitch": -0.3718591173503061, "camera_rotation_from_original_to_final": [0.06760049611330032, 0.3764781653881073, 0.12009111791849136], "camera_location": [0.7968717217445374, 2.1901211738586426, -1.0843631029129028], "point_normal": [0.3241092562675476, -0.10795459151268005, 0.9398399591445923], "camera_rotation_final_quaternion": [0.5895569324493408, 0.3614943027496338, -0.4276127815246582, -0.5821441411972046], "skybox_img": 4, "point_uuid": "107", "field_of_view_rads": 1.7927549318813307, "camera_rotation_final": [1.1872196197509766, -0.08341725170612335, -1.6144509315490723]}