{"camera_uuid": "14099", "obliqueness_angle": 0.9285097718238831, "nonfixated_points_in_view": [38], "camera_rotation_original": [1.5707963705062866, -0.09806133061647415, 2.91787052154541], "point_location": [5.327018737792969, -0.6150552034378052, -1.3985912799835205], "skybox_img_path": "./img/high/14099_skybox4.jpg", "resolution": 512, "camera_distance": 0.7100186124793613, "view_id": 6, "point_pitch": -0.6196641167018075, "camera_rotation_from_original_to_final": [0.6340854167938232, -0.117800273001194, 0.17498522996902466], "camera_location": [5.336493968963623, -0.046984944492578506, -0.9727593064308167], "point_normal": [-0.004159807693213224, -0.0008233638945966959, 0.9999910593032837], "camera_rotation_final_quaternion": [-0.04527591913938522, 0.03009490855038166, 0.44634121656417847, 0.8932098746299744], "skybox_img": 4, "point_uuid": "39", "field_of_view_rads": 1.48952952790217, "camera_rotation_final": [0.9242601990699768, -0.0943189412355423, 3.1958770751953125]}