{"camera_uuid": "0936", "obliqueness_angle": 0.6426073908805847, "nonfixated_points_in_view": [], "camera_rotation_original": [1.5707963705062866, 0.15197758376598358, -0.2582416236400604], "point_location": [1.904913306236267, 3.043900966644287, -1.3826780319213867], "skybox_img_path": "./img/high/0936_skybox4.jpg", "resolution": 512, "camera_distance": 0.9250734197086803, "view_id": 7, "point_pitch": -0.7188607891413827, "camera_rotation_from_original_to_final": [-0.6514070630073547, 0.1884927898645401, 0.2863684892654419], "camera_location": [1.9806838035583496, 2.3247640132904053, -0.8057363629341125], "point_normal": [-0.06379000097513199, -0.9967313408851624, 0.04957450553774834], "camera_rotation_final_quaternion": [0.9002208709716797, 0.42909616231918335, 0.06356814503669739, -0.03792065382003784], "skybox_img": 4, "point_uuid": "74", "field_of_view_rads": 0.5961933550608073, "camera_rotation_final": [0.8885730504989624, 0.1475285291671753, -0.013871348462998867]}