{"camera_uuid": "12906", "obliqueness_angle": 1.027463674545288, "nonfixated_points_in_view": [11], "camera_rotation_original": [1.5707963705062866, 0.10996878147125244, -2.016188144683838], "point_location": [6.416158676147461, 2.537578821182251, -1.2911784648895264], "skybox_img_path": "./img/high/12906_skybox4.jpg", "resolution": 512, "camera_distance": 0.46163446864182056, "view_id": 39, "point_pitch": -0.43761126597854094, "camera_rotation_from_original_to_final": [0.2233247458934784, 0.4562533497810364, -0.5743173956871033], "camera_location": [6.223827362060547, 2.893031358718872, -1.0680898427963257], "point_normal": [-0.00751654664054513, 0.040270037949085236, 0.9991605877876282], "camera_rotation_final_quaternion": [0.170192152261734, 0.1487751454114914, -0.4860420525074005, -0.8441941142082214], "skybox_img": 4, "point_uuid": "148", "field_of_view_rads": 1.9352794957620667, "camera_rotation_final": [1.0643820762634277, 0.08585453778505325, -2.6931426525115967]}