{"camera_uuid": "10977", "obliqueness_angle": 0.8485242128372192, "nonfixated_points_in_view": [], "camera_rotation_original": [1.5707963705062866, -0.015218551270663738, 1.9758580923080444], "point_location": [-0.11395721882581711, -0.04560520127415657, -1.4123445749282837], "skybox_img_path": "./img/high/10977_skybox4.jpg", "resolution": 512, "camera_distance": 0.572732832342882, "view_id": 56, "point_pitch": -0.7260443409297128, "camera_rotation_from_original_to_final": [0.34157440066337585, -0.6556362509727478, -0.02989056706428528], "camera_location": [0.2633855938911438, 0.15586836636066437, -1.0314985513687134], "point_normal": [0.004181658383458853, -0.01849798485636711, 0.9998201131820679], "camera_rotation_final_quaternion": [0.46128973364830017, 0.2140449732542038, 0.34886014461517334, 0.7872058749198914], "skybox_img": 4, "point_uuid": "192", "field_of_view_rads": 1.7804764599127723, "camera_rotation_final": [0.8432503342628479, -0.015144305303692818, 2.0747008323669434]}