{"camera_uuid": "2957", "obliqueness_angle": 1.0655008554458618, "nonfixated_points_in_view": [], "camera_rotation_original": [1.5707963705062866, 0.08753588050603867, -2.951723575592041], "point_location": [0.7851385474205017, 1.2789015769958496, -1.4171496629714966], "skybox_img_path": "./img/high/2957_skybox4.jpg", "resolution": 512, "camera_distance": 0.8453253415413873, "view_id": 59, "point_pitch": -0.47838728030654387, "camera_rotation_from_original_to_final": [0.4440692067146301, 0.07761607319116592, 0.3631584346294403], "camera_location": [0.39601725339889526, 1.9329520463943481, -1.0492128133773804], "point_normal": [0.012679249048233032, 0.07213246822357178, 0.9973145127296448], "camera_rotation_final_quaternion": [0.18649815022945404, 0.16449013352394104, -0.50528484582901, -0.8263465762138367], "skybox_img": 4, "point_uuid": "187", "field_of_view_rads": 0.8339714968154048, "camera_rotation_final": [1.1187785863876343, 0.08347926288843155, -2.6453657150268555]}