{"camera_uuid": "0855", "obliqueness_angle": 1.0037643909454346, "nonfixated_points_in_view": [], "camera_rotation_original": [1.5707963705062866, -0.11253251880407333, -2.1403865814208984], "point_location": [1.607214331626892, 2.3642938137054443, -1.430482268333435], "skybox_img_path": "./img/high/0855_skybox4.jpg", "resolution": 512, "camera_distance": 0.9784425643477933, "view_id": 1, "point_pitch": -0.6585270603510995, "camera_rotation_from_original_to_final": [0.34871962666511536, 0.4990985095500946, -0.48669373989105225], "camera_location": [1.275976300239563, 3.100616455078125, -0.8777977824211121], "point_normal": [0.2987099289894104, 0.13948945701122284, 0.9440948963165283], "camera_rotation_final_quaternion": [0.23674672842025757, 0.07052678614854813, -0.46108052134513855, -0.85228031873703], "skybox_img": 4, "point_uuid": "181", "field_of_view_rads": 1.6316217442386929, "camera_rotation_final": [0.9672093391418457, -0.09825947135686874, -2.6513302326202393]}