{"camera_uuid": "8166", "obliqueness_angle": 1.4616371393203735, "nonfixated_points_in_view": [62], "camera_rotation_original": [1.5707963705062866, 0.1458209902048111, -2.33119535446167], "point_location": [2.9207348823547363, -0.5152132511138916, -0.5628843903541565], "skybox_img_path": "./img/high/8166_skybox4.jpg", "resolution": 512, "camera_distance": 0.9873263835881363, "view_id": 34, "point_pitch": 0.10913165012863679, "camera_rotation_from_original_to_final": [-0.0671583041548729, -0.07090508192777634, -0.08402637392282486], "camera_location": [2.2698774337768555, 0.22095069289207458, -0.6591161489486694], "point_normal": [-0.26315274834632874, 0.039460260421037674, 0.9639468193054199], "camera_rotation_final_quaternion": [0.19139166176319122, 0.31220686435699463, -0.6717592477798462, -0.6439220309257507], "skybox_img": 4, "point_uuid": "152", "field_of_view_rads": 2.0028936213055424, "camera_rotation_final": [1.6694637537002563, 0.14544780552387238, -2.4032745361328125]}