{"camera_uuid": "13420", "obliqueness_angle": 0.7378411293029785, "nonfixated_points_in_view": [34], "camera_rotation_original": [1.5707963705062866, 0.05182691663503647, 0.3656595051288605], "point_location": [0.2828949987888336, -0.2686469852924347, -1.422070026397705], "skybox_img_path": "./img/high/13420_skybox4.jpg", "resolution": 512, "camera_distance": 0.7412529708543847, "view_id": 17, "point_pitch": -0.5870949467036386, "camera_rotation_from_original_to_final": [-0.5591920018196106, -0.19127841293811798, 0.059279028326272964], "camera_location": [0.5077207684516907, -0.8431434631347656, -1.0111404657363892], "point_normal": [0.3723050653934479, -0.15438079833984375, 0.9151805639266968], "camera_rotation_final_quaternion": [0.8709607720375061, 0.46089649200439453, 0.10192471742630005, 0.13643001019954681], "skybox_img": 4, "point_uuid": "105", "field_of_view_rads": 1.0039714359666843, "camera_rotation_final": [0.9822934865951538, 0.05180779844522476, 0.33847540616989136]}