{"camera_uuid": "0585", "obliqueness_angle": 0.8440455794334412, "nonfixated_points_in_view": [], "camera_rotation_original": [1.5707963705062866, -0.014389777556061745, -1.2305846214294434], "point_location": [2.772310256958008, 3.1618707180023193, -1.40426504611969], "skybox_img_path": "./img/high/0585_skybox4.jpg", "resolution": 512, "camera_distance": 0.5308743158277213, "view_id": 0, "point_pitch": -0.7265814979884286, "camera_rotation_from_original_to_final": [-0.29364973306655884, 0.6774921417236328, 0.06421039998531342], "camera_location": [2.426146984100342, 2.9696998596191406, -1.0506142377853394], "point_normal": [-0.01028609462082386, 0.022713176906108856, 0.9996891021728516], "camera_rotation_final_quaternion": [0.7909459471702576, 0.350105345249176, -0.21057744324207306, -0.45550838112831116], "skybox_img": 4, "point_uuid": "32", "field_of_view_rads": 2.078591559549699, "camera_rotation_final": [0.84164959192276, -0.014159384183585644, -1.0513629913330078]}