{"camera_uuid": "3414", "obliqueness_angle": 1.2793781757354736, "nonfixated_points_in_view": [], "camera_rotation_original": [1.5707963705062866, 0.006956768687814474, 1.5543497800827026], "point_location": [-0.0037994040176272392, 1.4926419258117676, -1.4197502136230469], "skybox_img_path": "./img/high/3414_skybox4.jpg", "resolution": 512, "camera_distance": 0.9707605951286316, "view_id": 15, "point_pitch": -0.4321588714930673, "camera_rotation_from_original_to_final": [-0.007945213466882706, -0.430154949426651, 0.28509899973869324], "camera_location": [0.8472347259521484, 1.725429654121399, -1.0148712396621704], "point_normal": [0.5946656465530396, -0.7973978519439697, -0.10261386632919312], "camera_rotation_final_quaternion": [0.5131406188011169, 0.3259577453136444, 0.4303656220436096, 0.6672508716583252], "skybox_img": 4, "point_uuid": "70", "field_of_view_rads": 0.9239011772765595, "camera_rotation_final": [1.1405625343322754, 0.006685073487460613, 1.8347324132919312]}