{"camera_uuid": "3512", "obliqueness_angle": 1.1523584127426147, "nonfixated_points_in_view": [], "camera_rotation_original": [1.5707963705062866, -0.12497568875551224, -1.3510371446609497], "point_location": [1.5920188426971436, 2.1285598278045654, -1.4049173593521118], "skybox_img_path": "./img/high/3512_skybox4.jpg", "resolution": 512, "camera_distance": 0.9932838000171351, "view_id": 37, "point_pitch": -0.4991308887812753, "camera_rotation_from_original_to_final": [-0.13009609282016754, 0.5643607974052429, 0.6062046885490417], "camera_location": [1.0535662174224854, 1.4940074682235718, -0.8626768589019775], "point_normal": [0.3241092562675476, -0.10795459151268005, 0.9398399591445923], "camera_rotation_final_quaternion": [0.8411779403686523, 0.43727338314056396, -0.18931065499782562, -0.2556816637516022], "skybox_img": 4, "point_uuid": "107", "field_of_view_rads": 1.3001655876812834, "camera_rotation_final": [0.990369439125061, -0.09502526372671127, -0.6415129899978638]}