{"camera_uuid": "10445", "obliqueness_angle": 1.5140812397003174, "nonfixated_points_in_view": [72], "camera_rotation_original": [1.5707963705062866, 0.007392517756670713, -2.3620827198028564], "point_location": [4.896637916564941, 0.275483638048172, -1.4008036851882935], "skybox_img_path": "./img/high/10445_skybox4.jpg", "resolution": 512, "camera_distance": 0.7193455224456355, "view_id": 14, "point_pitch": -0.38495676120253997, "camera_rotation_from_original_to_final": [0.2831105589866638, 0.2699986696243286, -0.4899594485759735], "camera_location": [4.7314653396606445, 0.9203522801399231, -1.1281858682632446], "point_normal": [-0.7319196462631226, 0.15615351498126984, -0.6632569432258606], "camera_rotation_final_quaternion": [0.10099326819181442, 0.07158159464597702, -0.5526173710823059, -0.8241907954216003], "skybox_img": 4, "point_uuid": "93", "field_of_view_rads": 1.274054123740192, "camera_rotation_final": [1.1820939779281616, 0.006372550968080759, -2.8934593200683594]}