{"camera_uuid": "4694", "obliqueness_angle": 0.9912207722663879, "nonfixated_points_in_view": [], "camera_rotation_original": [1.5707963705062866, 0.0719778910279274, 1.027565598487854], "point_location": [-0.4168107807636261, 2.6449878215789795, -1.3910259008407593], "skybox_img_path": "./img/high/4694_skybox4.jpg", "resolution": 512, "camera_distance": 0.5706044325198104, "view_id": 3, "point_pitch": -0.7753357132289072, "camera_rotation_from_original_to_final": [-0.4897165596485138, -0.6303646564483643, 0.16586455702781677], "camera_location": [-0.06532089412212372, 2.439924716949463, -0.9910341501235962], "point_normal": [0.9920056462287903, 0.12320997565984726, -0.027280181646347046], "camera_rotation_final_quaternion": [0.8218482136726379, 0.32515716552734375, 0.2092236876487732, 0.4184061884880066], "skybox_img": 4, "point_uuid": "109", "field_of_view_rads": 1.0386947080855735, "camera_rotation_final": [0.7914554476737976, 0.07186652719974518, 0.9718425273895264]}