{"camera_uuid": "11084", "obliqueness_angle": 0.9242056608200073, "nonfixated_points_in_view": [], "camera_rotation_original": [1.5707963705062866, 0.08326538652181625, -0.329396516084671], "point_location": [-0.34234288334846497, 0.8369564414024353, -0.7921566963195801], "skybox_img_path": "./img/high/11084_skybox4.jpg", "resolution": 512, "camera_distance": 0.8865382515217306, "view_id": 55, "point_pitch": -0.7448119362208505, "camera_rotation_from_original_to_final": [-0.6942588090896606, 0.235627219080925, 0.1635240763425827], "camera_location": [-0.38888585567474365, 0.1758604496717453, -0.20331382751464844], "point_normal": [0.04777548089623451, 0.07583989202976227, 0.9959748387336731], "camera_rotation_final_quaternion": [0.9085106253623962, 0.40967416763305664, 0.008046695962548256, -0.08191962540149689], "skybox_img": 4, "point_uuid": "121", "field_of_view_rads": 2.1403354343109027, "camera_rotation_final": [0.8413796424865723, 0.08183302730321884, -0.14322344958782196]}