{"camera_uuid": "13540", "obliqueness_angle": 0.8556999564170837, "nonfixated_points_in_view": [118], "camera_rotation_original": [1.5707963705062866, -0.08987854421138763, -0.2647583782672882], "point_location": [-0.11395721882581711, -0.04560520127415657, -1.4123445749282837], "skybox_img_path": "./img/high/13540_skybox4.jpg", "resolution": 512, "camera_distance": 0.861848236231029, "view_id": 8, "point_pitch": -0.6838094433161874, "camera_rotation_from_original_to_final": [-0.6771441698074341, 0.14770883321762085, -0.008845444768667221], "camera_location": [-0.2660500705242157, -0.6925750374794006, -0.86363685131073], "point_normal": [-0.009451550431549549, -0.023393457755446434, 0.9996817111968994], "camera_rotation_final_quaternion": [0.9031243324279785, 0.4198308289051056, -0.07355371862649918, -0.051945433020591736], "skybox_img": 4, "point_uuid": "192", "field_of_view_rads": 1.1263039557204935, "camera_rotation_final": [0.8773202896118164, -0.08935859054327011, -0.15685223042964935]}