{"camera_uuid": "7238", "obliqueness_angle": 0.9045677781105042, "nonfixated_points_in_view": [], "camera_rotation_original": [1.5707963705062866, -0.05403691902756691, -1.314575433731079], "point_location": [4.561407566070557, 1.4919605255126953, -1.3709478378295898], "skybox_img_path": "./img/high/7238_skybox4.jpg", "resolution": 512, "camera_distance": 0.4723942361452075, "view_id": 3, "point_pitch": -0.46507851680251555, "camera_rotation_from_original_to_final": [-0.10814546793699265, 0.4175000488758087, -0.7310360074043274], "camera_location": [4.17486047744751, 1.6787434816360474, -1.173844337463379], "point_normal": [-0.47309228777885437, 0.8454535603523254, -0.2477739304304123], "camera_rotation_final_quaternion": [0.4636663794517517, 0.27629634737968445, -0.46372249722480774, -0.7025918364524841], "skybox_img": 4, "point_uuid": "26", "field_of_view_rads": 1.0386947080855735, "camera_rotation_final": [1.1399849653244019, -0.04179012030363083, -2.0017223358154297]}