{"camera_uuid": "0933", "obliqueness_angle": 0.9435589909553528, "nonfixated_points_in_view": [112], "camera_rotation_original": [1.5707963705062866, -0.11950215697288513, -1.3823325634002686], "point_location": [2.066779375076294, 2.579990863800049, -1.4030261039733887], "skybox_img_path": "./img/high/0933_skybox4.jpg", "resolution": 512, "camera_distance": 0.6524766384045099, "view_id": 30, "point_pitch": -0.6842219074580331, "camera_rotation_from_original_to_final": [-0.15485432744026184, 0.6185954809188843, -0.5096555948257446], "camera_location": [1.5616012811660767, 2.72397518157959, -1.0159997940063477], "point_normal": [0.0033442084677517414, -0.016241353005170822, 0.9998626112937927], "camera_rotation_final_quaternion": [0.5854892730712891, 0.24627600610256195, -0.37784343957901, -0.6736355423927307], "skybox_img": 4, "point_uuid": "51", "field_of_view_rads": 1.1498058012590282, "camera_rotation_final": [0.9312524199485779, -0.1108730137348175, -1.7663339376449585]}