{"camera_uuid": "4798", "obliqueness_angle": 0.802120566368103, "nonfixated_points_in_view": [], "camera_rotation_original": [1.5707963705062866, 0.08555998653173447, 1.9141632318496704], "point_location": [-0.4168107807636261, 2.6449878215789795, -1.3910259008407593], "skybox_img_path": "./img/high/4798_skybox4.jpg", "resolution": 512, "camera_distance": 0.393022572697389, "view_id": 21, "point_pitch": -0.41515414317580657, "camera_rotation_from_original_to_final": [0.1352953016757965, -0.35003581643104553, 0.4907047152519226], "camera_location": [-0.17737418413162231, 2.921562910079956, -1.2473489046096802], "point_normal": [0.9926148056983948, 0.12025166302919388, 0.015980595722794533], "camera_rotation_final_quaternion": [0.3198630213737488, 0.17506550252437592, 0.5353199243545532, 0.7618873119354248], "skybox_img": 4, "point_uuid": "109", "field_of_view_rads": 0.7376648996792496, "camera_rotation_final": [1.195421576499939, 0.07577019929885864, 2.3982222080230713]}