{"camera_uuid": "3078", "obliqueness_angle": 1.0366677045822144, "nonfixated_points_in_view": [], "camera_rotation_original": [1.5707963705062866, -0.1027684286236763, 0.8150185346603394], "point_location": [0.32991182804107666, 2.4133899211883545, -1.3794349431991577], "skybox_img_path": "./img/high/3078_skybox4.jpg", "resolution": 512, "camera_distance": 0.928790545335834, "view_id": 41, "point_pitch": -0.21103219588729338, "camera_rotation_from_original_to_final": [-0.18277090787887573, -0.17996515333652496, 0.45362991094589233], "camera_location": [1.1835377216339111, 2.1326797008514404, -1.144538164138794], "point_normal": [0.7323230504989624, 0.6650322675704956, 0.14640741050243378], "camera_rotation_final_quaternion": [0.6183543801307678, 0.5115781426429749, 0.33441710472106934, 0.49405553936958313], "skybox_img": 4, "point_uuid": "151", "field_of_view_rads": 0.6299741311869721, "camera_rotation_final": [1.3140020370483398, -0.09204939007759094, 1.277223825454712]}