{"camera_uuid": "9692", "obliqueness_angle": 0.6329572200775146, "nonfixated_points_in_view": [54], "camera_rotation_original": [1.5707963705062866, -0.06949294358491898, -0.9529547095298767], "point_location": [2.448582887649536, 0.7421338558197021, -1.3952909708023071], "skybox_img_path": "./img/high/9692_skybox4.jpg", "resolution": 512, "camera_distance": 0.7735675355664604, "view_id": 1, "point_pitch": -0.5145212848994394, "camera_rotation_from_original_to_final": [-0.32902243733406067, 0.41305387020111084, 0.02151532843708992], "camera_location": [1.938419222831726, 0.3069848120212555, -1.0095642805099487], "point_normal": [-0.30153632164001465, -0.9403916597366333, 0.15728750824928284], "camera_rotation_final_quaternion": [0.7997962832450867, 0.44592446088790894, -0.2276722490787506, -0.3311232328414917], "skybox_img": 4, "point_uuid": "158", "field_of_view_rads": 1.1498058012590282, "camera_rotation_final": [1.0474051237106323, -0.06892549991607666, -0.8248639106750488]}