{"camera_uuid": "6210", "obliqueness_angle": 1.2170499563217163, "nonfixated_points_in_view": [], "camera_rotation_original": [1.5707963705062866, 0.0676221251487732, -0.8430528044700623], "point_location": [3.365755796432495, 1.3757675886154175, -0.9474144577980042], "skybox_img_path": "./img/high/6210_skybox4.jpg", "resolution": 512, "camera_distance": 0.7588455198829954, "view_id": 7, "point_pitch": -0.32114653190108733, "camera_rotation_from_original_to_final": [-0.23367726802825928, 0.2541424036026001, -0.3560832738876343], "camera_location": [2.708103656768799, 1.0964525938034058, -0.6918301582336426], "point_normal": [-0.6433119773864746, 0.7428977489471436, 0.18507462739944458], "camera_rotation_final_quaternion": [0.6661825776100159, 0.49067172408103943, -0.30139315128326416, -0.47392427921295166], "skybox_img": 4, "point_uuid": "9", "field_of_view_rads": 0.5961933550608073, "camera_rotation_final": [1.2265489101409912, 0.06355956941843033, -1.1919350624084473]}