{"camera_uuid": "0989", "obliqueness_angle": 1.2815650701522827, "nonfixated_points_in_view": [], "camera_rotation_original": [1.5707963705062866, -0.059972167015075684, 3.031161069869995], "point_location": [1.5920188426971436, 2.1285598278045654, -1.4049173593521118], "skybox_img_path": "./img/high/0989_skybox4.jpg", "resolution": 512, "camera_distance": 0.9366507219964647, "view_id": 23, "point_pitch": -0.49803797801467375, "camera_rotation_from_original_to_final": [0.523604154586792, -0.05470622703433037, 0.4590940475463867], "camera_location": [1.3043361902236938, 2.885694980621338, -0.9344924092292786], "point_normal": [0.3241092562675476, -0.10795459151268005, 0.9398399591445923], "camera_rotation_final_quaternion": [-0.18230527639389038, -0.07513348013162613, 0.493187814950943, 0.847281277179718], "skybox_img": 4, "point_uuid": "107", "field_of_view_rads": 2.056502920039658, "camera_rotation_final": [1.0438050031661987, -0.052527252584695816, 3.535247802734375]}