{"camera_uuid": "14667", "obliqueness_angle": 1.3614211082458496, "nonfixated_points_in_view": [], "camera_rotation_original": [1.5707963705062866, 0.1635301262140274, 1.9558979272842407], "point_location": [3.9741721153259277, -0.9291063547134399, -0.6485407948493958], "skybox_img_path": "./img/high/14667_skybox4.jpg", "resolution": 512, "camera_distance": 0.4572829965344832, "view_id": 1, "point_pitch": -0.3512800176951547, "camera_rotation_from_original_to_final": [0.11615680158138275, -0.2493063509464264, 0.49966809153556824], "camera_location": [4.248589038848877, -0.5849221348762512, -0.5246847867965698], "point_normal": [0.019443031400442123, 0.5589542388916016, -0.8289705514907837], "camera_rotation_final_quaternion": [0.31949082016944885, 0.15563489496707916, 0.583396852016449, 0.7303091883659363], "skybox_img": 4, "point_uuid": "189", "field_of_view_rads": 1.6816280418618088, "camera_rotation_final": [1.2934925556182861, 0.1459745317697525, 2.427123546600342]}