{"camera_uuid": "6579", "obliqueness_angle": 0.9531015157699585, "nonfixated_points_in_view": [], "camera_rotation_original": [1.5707963705062866, -0.0771360918879509, -2.1287965774536133], "point_location": [5.518570899963379, 1.8022818565368652, -0.9034366607666016], "skybox_img_path": "./img/high/6579_skybox4.jpg", "resolution": 512, "camera_distance": 0.9604312233725046, "view_id": 1, "point_pitch": -0.19823495944472747, "camera_rotation_from_original_to_final": [0.11888260394334793, 0.18523474037647247, 0.2852936089038849], "camera_location": [4.61867618560791, 2.064568042755127, -0.6940958499908447], "point_normal": [-0.3810344636440277, 0.07813670486211777, 0.9212532639503479], "camera_rotation_final_quaternion": [0.49157893657684326, 0.35602977871894836, -0.5140624642372131, -0.6060798168182373], "skybox_img": 4, "point_uuid": "103", "field_of_view_rads": 1.6816280418618088, "camera_rotation_final": [1.3504558801651, -0.07390686869621277, -1.837866187095642]}