{"camera_uuid": "2440", "obliqueness_angle": 0.4365014433860779, "nonfixated_points_in_view": [], "camera_rotation_original": [1.5707963705062866, -0.06251416355371475, 0.4255202114582062], "point_location": [1.1355481147766113, 2.277404546737671, -1.37511146068573], "skybox_img_path": "./img/high/2440_skybox4.jpg", "resolution": 512, "camera_distance": 0.9104517586932566, "view_id": 25, "point_pitch": -0.7332355221125741, "camera_rotation_from_original_to_final": [-0.6647878885269165, -0.2864532470703125, -0.21623282134532928], "camera_location": [1.206459403038025, 1.5935981273651123, -0.7782004475593567], "point_normal": [-0.34670761227607727, -0.666063666343689, 0.6604189276695251], "camera_rotation_final_quaternion": [0.9060276746749878, 0.4149288237094879, 0.004873950965702534, 0.08321181684732437], "skybox_img": 4, "point_uuid": "162", "field_of_view_rads": 1.2336953516850653, "camera_rotation_final": [0.85421222448349, -0.06025855243206024, 0.155739426612854]}