{"camera_uuid": "12254", "obliqueness_angle": 1.5208975076675415, "nonfixated_points_in_view": [], "camera_rotation_original": [1.5707963705062866, 0.023302754387259483, -1.1530015468597412], "point_location": [6.416158676147461, 2.537578821182251, -1.2911784648895264], "skybox_img_path": "./img/high/12254_skybox4.jpg", "resolution": 512, "camera_distance": 0.6812152636942591, "view_id": 17, "point_pitch": -0.07728175719710784, "camera_rotation_from_original_to_final": [-0.02951672114431858, 0.0640958696603775, 0.2929120659828186], "camera_location": [5.901554584503174, 2.0938098430633545, -1.2431578636169434], "point_normal": [-0.00751654664054513, 0.040270037949085236, 0.9991605877876282], "camera_rotation_final_quaternion": [0.6616798639297485, 0.6229220032691956, -0.2769872546195984, -0.3121313750743866], "skybox_img": 4, "point_uuid": "148", "field_of_view_rads": 1.3001655876812834, "camera_rotation_final": [1.500227689743042, 0.022315045818686485, -0.8607532382011414]}