{"camera_uuid": "4550", "obliqueness_angle": 1.3506932258605957, "nonfixated_points_in_view": [], "camera_rotation_original": [1.5707963705062866, 0.029826665297150612, -2.6071901321411133], "point_location": [1.8005895614624023, 0.6414239406585693, -0.9798945188522339], "skybox_img_path": "./img/high/4550_skybox4.jpg", "resolution": 512, "camera_distance": 0.8516789256134776, "view_id": 62, "point_pitch": -0.220138474306788, "camera_rotation_from_original_to_final": [0.1835063248872757, 0.10790598392486572, 0.2695862650871277], "camera_location": [1.206863284111023, 1.224999189376831, -0.8002114295959473], "point_normal": [-0.012308535166084766, -0.0017647614004090428, 0.9999226927757263], "camera_rotation_final_quaternion": [0.2902427017688751, 0.25139233469963074, -0.5755990743637085, -0.72197425365448], "skybox_img": 4, "point_uuid": "193", "field_of_view_rads": 2.121321113889497, "camera_rotation_final": [1.3581337928771973, 0.02887471579015255, -2.353806495666504]}