{"camera_uuid": "12342", "obliqueness_angle": 0.6199438571929932, "nonfixated_points_in_view": [96], "camera_rotation_original": [1.5707963705062866, -0.11860112845897675, -2.143730640411377], "point_location": [6.586917400360107, 2.625067710876465, -1.3898545503616333], "skybox_img_path": "./img/high/12342_skybox4.jpg", "resolution": 512, "camera_distance": 0.8729327679850859, "view_id": 1, "point_pitch": -0.482202215990748, "camera_rotation_from_original_to_final": [0.2649371922016144, 0.4087468087673187, 0.03277098014950752], "camera_location": [5.948429584503174, 3.0610876083374023, -0.9845995903015137], "point_normal": [-0.5904265642166138, 0.8058854937553406, -0.04410218074917793], "camera_rotation_final_quaternion": [0.4492548108100891, 0.21050933003425598, -0.47282466292381287, -0.7282120585441589], "skybox_img": 4, "point_uuid": "15", "field_of_view_rads": 1.6316217442386929, "camera_rotation_final": [1.084307074546814, -0.118523970246315, -2.107491970062256]}