{"camera_uuid": "10742", "obliqueness_angle": 0.9732041954994202, "nonfixated_points_in_view": [115], "camera_rotation_original": [1.5707963705062866, 0.0077843074686825275, 0.07085080444812775], "point_location": [1.9191844463348389, 0.03978348895907402, -1.4310652017593384], "skybox_img_path": "./img/high/10742_skybox4.jpg", "resolution": 512, "camera_distance": 0.8372590647256947, "view_id": 1, "point_pitch": -0.5651594837519784, "camera_rotation_from_original_to_final": [-0.5640312433242798, -0.0367097407579422, 0.021123509854078293], "camera_location": [1.976927399635315, -0.6649523377418518, -0.9827172160148621], "point_normal": [-0.03025132790207863, -0.0354352742433548, 0.9989140033721924], "camera_rotation_final_quaternion": [0.8756358027458191, 0.481427401304245, 0.02191285975277424, 0.03177143260836601], "skybox_img": 4, "point_uuid": "175", "field_of_view_rads": 2.0576205968287535, "camera_rotation_final": [1.005683422088623, 0.0077841696329414845, 0.07681716233491898]}