{"camera_uuid": "4456", "obliqueness_angle": 1.1561636924743652, "nonfixated_points_in_view": [], "camera_rotation_original": [1.5707963705062866, -0.17283518612384796, 0.2644491493701935], "point_location": [0.48665541410446167, 2.050424337387085, -1.4244725704193115], "skybox_img_path": "./img/high/4456_skybox4.jpg", "resolution": 512, "camera_distance": 0.6272188114639526, "view_id": 11, "point_pitch": -0.7270321091029306, "camera_rotation_from_original_to_final": [-0.7008119821548462, -0.21761161088943481, 0.02130299061536789], "camera_location": [0.5722840428352356, 1.5894140005111694, -1.0078904628753662], "point_normal": [-0.7508701086044312, -0.09726908802986145, 0.6532478928565979], "camera_rotation_final_quaternion": [0.8926078081130981, 0.40965503454208374, -0.009800476022064686, 0.1879839450120926], "skybox_img": 4, "point_uuid": "167", "field_of_view_rads": 1.0039714359666843, "camera_rotation_final": [0.8309651017189026, -0.17236532270908356, 0.33894163370132446]}