{"camera_uuid": "3186", "obliqueness_angle": 1.1951239109039307, "nonfixated_points_in_view": [97], "camera_rotation_original": [1.5707963705062866, 0.036666419357061386, -1.9792630672454834], "point_location": [0.3078916072845459, 2.7992374897003174, -1.4269014596939087], "skybox_img_path": "./img/high/3186_skybox4.jpg", "resolution": 512, "camera_distance": 0.8443549435762083, "view_id": 15, "point_pitch": -0.5710751255366464, "camera_rotation_from_original_to_final": [0.24984025955200195, 0.5089336037635803, 0.32367032766342163], "camera_location": [-0.39870551228523254, 2.9049623012542725, -0.976925790309906], "point_normal": [-0.2804282307624817, 0.9596080183982849, 0.022641496732831], "camera_rotation_final_quaternion": [0.5573253631591797, 0.3230607509613037, -0.35940301418304443, -0.6751663684844971], "skybox_img": 4, "point_uuid": "66", "field_of_view_rads": 0.9239011772765595, "camera_rotation_final": [1.0083454847335815, 0.035638224333524704, -1.7417765855789185]}