{"camera_uuid": "12438", "obliqueness_angle": 1.0551241636276245, "nonfixated_points_in_view": [], "camera_rotation_original": [1.5707963705062866, -0.030940735712647438, 1.7280335426330566], "point_location": [4.591547966003418, 0.7892270088195801, -1.4046629667282104], "skybox_img_path": "./img/high/12438_skybox4.jpg", "resolution": 512, "camera_distance": 0.7944418749058197, "view_id": 1, "point_pitch": -0.6527191837641855, "camera_rotation_from_original_to_final": [0.11592569947242737, -0.6260544061660767, -0.6456429362297058], "camera_location": [5.167011737823486, 0.510407567024231, -0.9332405924797058], "point_normal": [0.17283882200717926, -0.9842202663421631, 0.037912383675575256], "camera_rotation_final_quaternion": [0.7486647367477417, 0.38583990931510925, 0.2332964539527893, 0.48600563406944275], "skybox_img": 4, "point_uuid": "159", "field_of_view_rads": 1.274054123740192, "camera_rotation_final": [0.935275137424469, -0.025721941143274307, 1.1385835409164429]}