{"camera_uuid": "0434", "obliqueness_angle": 0.7051745057106018, "nonfixated_points_in_view": [], "camera_rotation_original": [1.5707963705062866, 0.07696948945522308, 0.5010561943054199], "point_location": [1.904913306236267, 3.043900966644287, -1.3826780319213867], "skybox_img_path": "./img/high/0434_skybox4.jpg", "resolution": 512, "camera_distance": 0.8167195768372207, "view_id": 5, "point_pitch": -0.7063316543910165, "camera_rotation_from_original_to_final": [-0.6783225536346436, -0.31788134574890137, -0.28820738196372986], "camera_location": [1.9689754247665405, 2.4431655406951904, -0.8330928683280945], "point_normal": [-0.06379000097513199, -0.9967313408851624, 0.04957450553774834], "camera_rotation_final_quaternion": [0.9145625233650208, 0.40238842368125916, 0.04030724614858627, 0.005854214075952768], "skybox_img": 4, "point_uuid": "74", "field_of_view_rads": 2.119048415795751, "camera_rotation_final": [0.8304737210273743, 0.06907056272029877, 0.04326304793357849]}