{"camera_uuid": "4228", "obliqueness_angle": 1.0246407985687256, "nonfixated_points_in_view": [97, 2], "camera_rotation_original": [1.5707963705062866, 0.12050407379865646, -1.614880919456482], "point_location": [0.3078916072845459, 2.7992374897003174, -1.4269014596939087], "skybox_img_path": "./img/high/4228_skybox4.jpg", "resolution": 512, "camera_distance": 0.8031865236451402, "view_id": 9, "point_pitch": -0.3250834186885019, "camera_rotation_from_original_to_final": [0.01918852888047695, 0.3567793369293213, -0.24633853137493134], "camera_location": [-0.41242632269859314, 3.016849994659424, -1.146018147468567], "point_normal": [-0.2804282307624817, 0.9596080183982849, 0.022641496732831], "camera_rotation_final_quaternion": [0.4481915831565857, 0.36748507618904114, -0.43600356578826904, -0.68846195936203], "skybox_img": 4, "point_uuid": "66", "field_of_view_rads": 1.1263039557204935, "camera_rotation_final": [1.2110316753387451, 0.11542889475822449, -1.9074774980545044]}