{"camera_uuid": "9804", "obliqueness_angle": 1.374117136001587, "nonfixated_points_in_view": [80], "camera_rotation_original": [1.5707963705062866, -0.048742253333330154, -1.5430954694747925], "point_location": [6.030978202819824, 2.577226400375366, -1.4077950716018677], "skybox_img_path": "./img/high/9804_skybox4.jpg", "resolution": 512, "camera_distance": 0.8251343772329985, "view_id": 1, "point_pitch": -0.10496632655593352, "camera_rotation_from_original_to_final": [1.7189398931805044e-05, 0.12378612905740738, 0.3924737572669983], "camera_location": [5.283447265625, 2.243051528930664, -1.305954933166504], "point_normal": [-0.2474737912416458, -0.21671482920646667, -0.944347083568573], "camera_rotation_final_quaternion": [0.6379381418228149, 0.5472049117088318, -0.37263330817222595, -0.3933778405189514], "skybox_img": 4, "point_uuid": "71", "field_of_view_rads": 1.6316217442386929, "camera_rotation_final": [1.4469327926635742, -0.04493249952793121, -1.1448160409927368]}