{"camera_uuid": "6954", "obliqueness_angle": 1.3024780750274658, "nonfixated_points_in_view": [], "camera_rotation_original": [1.5707963705062866, -0.11384875327348709, 2.668081521987915], "point_location": [2.745572328567505, -0.016294807195663452, -0.9296797513961792], "skybox_img_path": "./img/high/6954_skybox4.jpg", "resolution": 512, "camera_distance": 0.991058905456716, "view_id": 77, "point_pitch": 0.2767642299321036, "camera_rotation_from_original_to_final": [-0.26837190985679626, 0.1374427229166031, -0.2144249975681305], "camera_location": [3.3326473236083984, 0.7262312769889832, -1.2232708930969238], "point_normal": [-0.5854119062423706, 0.6019739508628845, -0.5430656671524048], "camera_rotation_final_quaternion": [0.16190847754478455, 0.3079789876937866, 0.7438205480575562, 0.5706711411476135], "skybox_img": 4, "point_uuid": "102", "field_of_view_rads": 0.6308923629985653, "camera_rotation_final": [1.8734668493270874, -0.11087477207183838, 2.438044309616089]}