{"camera_uuid": "15244", "obliqueness_angle": 1.15493643283844, "nonfixated_points_in_view": [], "camera_rotation_original": [1.5707963705062866, 0.031517866998910904, 0.2867872416973114], "point_location": [5.022676944732666, -0.4345104992389679, -1.360304355621338], "skybox_img_path": "./img/high/15244_skybox4.jpg", "resolution": 512, "camera_distance": 0.6003819460356329, "view_id": 1, "point_pitch": -0.4696652134272714, "camera_rotation_from_original_to_final": [-0.46611908078193665, -0.13116835057735443, -0.39541295170783997], "camera_location": [4.948667526245117, -0.9610602855682373, -1.0815098285675049], "point_normal": [0.020464561879634857, 0.0647537112236023, 0.9976915121078491], "camera_rotation_final_quaternion": [0.8525199890136719, 0.5167655348777771, -0.027792710810899734, -0.07342100143432617], "skybox_img": 4, "point_uuid": "62", "field_of_view_rads": 1.6316217442386929, "camera_rotation_final": [1.0876693725585938, 0.028499063104391098, -0.15458786487579346]}