{"camera_uuid": "9716", "obliqueness_angle": 1.271726369857788, "nonfixated_points_in_view": [], "camera_rotation_original": [1.5707963705062866, -0.14432121813297272, 1.7520489692687988], "point_location": [2.9207348823547363, -0.5152132511138916, -0.5628843903541565], "skybox_img_path": "./img/high/9716_skybox4.jpg", "resolution": 512, "camera_distance": 0.4960459438328092, "view_id": 74, "point_pitch": -0.34167055686446623, "camera_rotation_from_original_to_final": [0.054726582020521164, -0.4386439621448517, 0.7154802083969116], "camera_location": [3.194005012512207, -0.15942156314849854, -0.3512306809425354], "point_normal": [-0.26315274834632874, 0.039460260421037674, 0.9639468193054199], "camera_rotation_final_quaternion": [0.2258652299642563, 0.20070014894008636, 0.496365487575531, 0.8138339519500732], "skybox_img": 4, "point_uuid": "152", "field_of_view_rads": 0.8384684589002184, "camera_rotation_final": [1.1274789571762085, -0.10262984037399292, 2.535240888595581]}