{"camera_uuid": "10932", "obliqueness_angle": 1.1921366453170776, "nonfixated_points_in_view": [], "camera_rotation_original": [1.5707963705062866, 0.047874730080366135, -1.3592602014541626], "point_location": [6.416158676147461, 2.537578821182251, -1.2911784648895264], "skybox_img_path": "./img/high/10932_skybox4.jpg", "resolution": 512, "camera_distance": 0.9039164828592507, "view_id": 23, "point_pitch": -0.40725187858077483, "camera_rotation_from_original_to_final": [-0.08514752984046936, 0.38390666246414185, 0.29989948868751526], "camera_location": [5.694936752319336, 2.1166229248046875, -0.9452015161514282], "point_normal": [-0.00751654664054513, 0.040270037949085236, 0.9991605877876282], "camera_rotation_final_quaternion": [0.7105953097343445, 0.4884703755378723, -0.2646131217479706, -0.43177640438079834], "skybox_img": 4, "point_uuid": "148", "field_of_view_rads": 0.9196569054818151, "camera_rotation_final": [1.1775873899459839, 0.04577026516199112, -1.0614476203918457]}