{"camera_uuid": "8051", "obliqueness_angle": 1.0394372940063477, "nonfixated_points_in_view": [], "camera_rotation_original": [1.5707963705062866, 0.1416235715150833, 0.6127327084541321], "point_location": [-0.4054321348667145, 1.2653040885925293, -0.6841932535171509], "skybox_img_path": "./img/high/8051_skybox4.jpg", "resolution": 512, "camera_distance": 0.4642154530645988, "view_id": 6, "point_pitch": -0.4717044075343271, "camera_rotation_from_original_to_final": [-0.4432680308818817, -0.2832062840461731, -0.25569209456443787], "camera_location": [-0.2882285416126251, 0.8800745010375977, -0.45320090651512146], "point_normal": [0.040700461715459824, 0.0009101604809984565, 0.9991709589958191], "camera_rotation_final_quaternion": [0.8630823493003845, 0.4887639582157135, 0.11095603555440903, 0.06234947592020035], "skybox_img": 4, "point_uuid": "104", "field_of_view_rads": 1.48952952790217, "camera_rotation_final": [1.045008659362793, 0.13095399737358093, 0.2197178453207016]}