{"camera_uuid": "8506", "obliqueness_angle": 0.9717332720756531, "nonfixated_points_in_view": [], "camera_rotation_original": [1.5707963705062866, -0.09858183562755585, 1.6541543006896973], "point_location": [-0.11395721882581711, -0.04560520127415657, -1.4123445749282837], "skybox_img_path": "./img/high/8506_skybox4.jpg", "resolution": 512, "camera_distance": 0.9940240787922726, "view_id": 13, "point_pitch": -0.5497574051234384, "camera_rotation_from_original_to_final": [0.05466156080365181, -0.6054590940475464, 0.582293689250946], "camera_location": [0.5187103152275085, 0.46992218494415283, -0.8448525667190552], "point_normal": [0.004181658383458853, -0.01849798485636711, 0.9998201131820679], "camera_rotation_final_quaternion": [0.3417252004146576, 0.2184928059577942, 0.40842264890670776, 0.8177259564399719], "skybox_img": 4, "point_uuid": "192", "field_of_view_rads": 1.274054123740192, "camera_rotation_final": [0.9610527753829956, -0.07827777415513992, 2.3090949058532715]}