{"camera_uuid": "5610", "obliqueness_angle": 1.0797103643417358, "nonfixated_points_in_view": [], "camera_rotation_original": [1.5707963705062866, -0.1475190669298172, -2.6090307235717773], "point_location": [1.8005895614624023, 0.6414239406585693, -0.9798945188522339], "skybox_img_path": "./img/high/5610_skybox4.jpg", "resolution": 512, "camera_distance": 0.4628594786390147, "view_id": 20, "point_pitch": -0.4068630178782602, "camera_rotation_from_original_to_final": [0.4256815016269684, 0.23224201798439026, 0.5474691390991211], "camera_location": [1.448630928993225, 0.8521967530250549, -0.765561044216156], "point_normal": [-0.012308535166084766, -0.0017647614004090428, 0.9999226927757263], "camera_rotation_final_quaternion": [0.47309425473213196, 0.22308164834976196, -0.46765658259391785, -0.712540328502655], "skybox_img": 4, "point_uuid": "193", "field_of_view_rads": 1.3892123789584023, "camera_rotation_final": [1.0852408409118652, -0.12490645796060562, -2.0447282791137695]}