{"camera_uuid": "4717", "obliqueness_angle": 0.8365436792373657, "nonfixated_points_in_view": [], "camera_rotation_original": [-1.570796251296997, -2.987215280532837, -0.11941734701395035], "point_location": [-0.30368760228157043, 1.3439174890518188, -0.7665223479270935], "skybox_img_path": "./img/high/4717_skybox4.jpg", "resolution": 512, "camera_distance": 0.8462794984989755, "view_id": 57, "point_pitch": 0.4758957187321524, "camera_rotation_from_original_to_final": [-0.529770016670227, 0.06857112795114517, -0.36424320936203003], "camera_location": [0.021414363756775856, 1.9959535598754883, -1.197041392326355], "point_normal": [0.9422652125358582, 0.29410141706466675, -0.16012726724147797], "camera_rotation_final_quaternion": [-0.07379265129566193, -0.2675000727176666, -0.8263192772865295, -0.49009671807289124], "skybox_img": 4, "point_uuid": "180", "field_of_view_rads": 1.7804764599127723, "camera_rotation_final": [-1.0311903953552246, -3.0008795261383057, -0.5463207960128784]}