{"camera_uuid": "5541", "obliqueness_angle": 0.5843685269355774, "nonfixated_points_in_view": [], "camera_rotation_original": [1.5707963705062866, -0.10138491541147232, 0.6601741313934326], "point_location": [3.2623050212860107, 2.5903799533843994, -0.9091960191726685], "skybox_img_path": "./img/high/5541_skybox4.jpg", "resolution": 512, "camera_distance": 0.9453713185951008, "view_id": 4, "point_pitch": -0.2400480945918222, "camera_rotation_from_original_to_final": [-0.2535519003868103, -0.16956090927124023, 0.6823937296867371], "camera_location": [4.137121677398682, 2.369838237762451, -0.626735270023346], "point_normal": [0.957963228225708, 0.28322285413742065, 0.04573109373450279], "camera_rotation_final_quaternion": [0.6147823929786682, 0.4816283881664276, 0.34444549679756165, 0.5209932923316956], "skybox_img": 4, "point_uuid": "43", "field_of_view_rads": 1.7779022957772381, "camera_rotation_final": [1.2664142847061157, -0.07841254770755768, 1.3484444618225098]}