{"camera_uuid": "0537", "obliqueness_angle": 1.0276405811309814, "nonfixated_points_in_view": [], "camera_rotation_original": [1.5707963705062866, -0.167114719748497, -1.9965400695800781], "point_location": [2.295008659362793, 2.27626895904541, -1.3962150812149048], "skybox_img_path": "./img/high/0537_skybox4.jpg", "resolution": 512, "camera_distance": 0.8565875101735131, "view_id": 8, "point_pitch": -0.6815981109950204, "camera_rotation_from_original_to_final": [0.2748156785964966, 0.6137714385986328, -0.06900731474161148], "camera_location": [1.7374306917190552, 2.656113386154175, -0.868420422077179], "point_normal": [-0.9679071307182312, -0.2512916922569275, -0.0028668304439634085], "camera_rotation_final_quaternion": [0.5021446347236633, 0.16252553462982178, -0.40682390332221985, -0.7456074953079224], "skybox_img": 4, "point_uuid": "18", "field_of_view_rads": 1.6816280418618088, "camera_rotation_final": [0.8958559036254883, -0.16698329150676727, -2.0365757942199707]}