{"camera_uuid": "13954", "obliqueness_angle": 0.9006685018539429, "nonfixated_points_in_view": [], "camera_rotation_original": [1.5707963705062866, -0.017608867958188057, 1.8377888202667236], "point_location": [4.810020923614502, 1.166747808456421, -1.332459807395935], "skybox_img_path": "./img/high/13954_skybox4.jpg", "resolution": 512, "camera_distance": 0.7417615631375717, "view_id": 8, "point_pitch": -0.0796791752192636, "camera_rotation_from_original_to_final": [0.016791310161352158, -0.06926893442869186, -0.5009744763374329], "camera_location": [5.529852390289307, 0.9956772923469543, -1.2796608209609985], "point_normal": [0.7864901423454285, 0.6175901889801025, 0.003958132583647966], "camera_rotation_final_quaternion": [0.570672869682312, 0.537948727607727, 0.4183550775051117, 0.4581732451915741], "skybox_img": 4, "point_uuid": "166", "field_of_view_rads": 0.7376648996792496, "camera_rotation_final": [1.4995471239089966, -0.015460241585969925, 1.3385746479034424]}