{"camera_uuid": "9467", "obliqueness_angle": 1.3033117055892944, "nonfixated_points_in_view": [118], "camera_rotation_original": [1.5707963705062866, -0.07112031430006027, 2.5675535202026367], "point_location": [-0.11395721882581711, -0.04560520127415657, -1.4123445749282837], "skybox_img_path": "./img/high/9467_skybox4.jpg", "resolution": 512, "camera_distance": 0.8039796155329598, "view_id": 14, "point_pitch": -0.30330364306899504, "camera_rotation_from_original_to_final": [0.22975361347198486, -0.15031789243221283, -0.4549728333950043], "camera_location": [0.5419844388961792, 0.3653247058391571, -1.1949501037597656], "point_normal": [0.004181658383458853, -0.01849798485636711, 0.9998201131820679], "camera_rotation_final_quaternion": [0.3622358739376068, 0.31018146872520447, 0.5182552337646484, 0.7099183797836304], "skybox_img": 4, "point_uuid": "192", "field_of_view_rads": 0.9239011772765595, "camera_rotation_final": [1.2963957786560059, -0.06499148160219193, 2.1487350463867188]}