{"camera_uuid": "3332", "obliqueness_angle": 0.8488410711288452, "nonfixated_points_in_view": [], "camera_rotation_original": [1.5707963705062866, 0.03296197950839996, 0.18604059517383575], "point_location": [-0.014790859073400497, 3.0187888145446777, -1.4541010856628418], "skybox_img_path": "./img/high/3332_skybox4.jpg", "resolution": 512, "camera_distance": 0.9929368238321334, "view_id": 30, "point_pitch": -0.724960251650538, "camera_rotation_from_original_to_final": [-0.7159215211868286, -0.11458560079336166, 0.1018887311220169], "camera_location": [0.1687612682580948, 2.297485113143921, -0.796869695186615], "point_normal": [-0.0014163268497213721, 0.001087893615476787, 0.9999983906745911], "camera_rotation_final_quaternion": [0.9067713022232056, 0.40674450993537903, 0.060046784579753876, 0.09337610751390457], "skybox_img": 4, "point_uuid": "3", "field_of_view_rads": 1.1498058012590282, "camera_rotation_final": [0.8469574451446533, 0.03294292464852333, 0.2200796902179718]}