{"camera_uuid": "2509", "obliqueness_angle": 0.8355931043624878, "nonfixated_points_in_view": [42, 86, 98], "camera_rotation_original": [1.5707963705062866, -0.08298152685165405, -2.3732619285583496], "point_location": [0.22651520371437073, 2.849133014678955, -1.442795991897583], "skybox_img_path": "./img/high/2509_skybox4.jpg", "resolution": 512, "camera_distance": 0.5870242975334512, "view_id": 8, "point_pitch": -0.7750236233088632, "camera_rotation_from_original_to_final": [0.5817130208015442, 0.514003574848175, -0.10629038512706757], "camera_location": [0.02409529872238636, 3.2254159450531006, -1.0402604341506958], "point_normal": [0.024610353633761406, -0.009762244299054146, 0.9996494650840759], "camera_rotation_final_quaternion": [0.273695707321167, 0.0751841589808464, -0.38921236991882324, -0.8763285279273987], "skybox_img": 4, "point_uuid": "150", "field_of_view_rads": 1.6952755359089273, "camera_rotation_final": [0.8120688796043396, -0.08136921375989914, -2.5711476802825928]}