{"camera_uuid": "10908", "obliqueness_angle": 0.8606072664260864, "nonfixated_points_in_view": [96, 113], "camera_rotation_original": [1.5707963705062866, -0.06688706576824188, -2.997316837310791], "point_location": [5.88560152053833, 2.9037883281707764, -1.379170298576355], "skybox_img_path": "./img/high/10908_skybox4.jpg", "resolution": 512, "camera_distance": 0.23775296099885473, "view_id": 0, "point_pitch": -0.31663207610579924, "camera_rotation_from_original_to_final": [0.3330249786376953, 0.04802757501602173, 0.2963498830795288], "camera_location": [5.791543006896973, 3.1075587272644043, -1.3007031679153442], "point_normal": [0.37723758816719055, 0.9258206486701965, 0.023412004113197327], "camera_rotation_final_quaternion": [0.201728954911232, 0.10503178834915161, -0.5691661834716797, -0.7901415228843689], "skybox_img": 4, "point_uuid": "191", "field_of_view_rads": 1.0910236528484336, "camera_rotation_final": [1.233743667602539, -0.0636977031826973, -2.6868393421173096]}