{"camera_uuid": "6357", "obliqueness_angle": 1.3129266500473022, "nonfixated_points_in_view": [], "camera_rotation_original": [1.5707963705062866, -0.07162729650735855, 2.742694854736328], "point_location": [2.745572328567505, -0.016294807195663452, -0.9296797513961792], "skybox_img_path": "./img/high/6357_skybox4.jpg", "resolution": 512, "camera_distance": 0.6348317654703948, "view_id": 17, "point_pitch": -0.2380738695475717, "camera_rotation_from_original_to_final": [0.22752851247787476, -0.0929555594921112, 0.0842413455247879], "camera_location": [2.930049180984497, 0.5712246894836426, -0.775405764579773], "point_normal": [-0.5854119062423706, 0.6019739508628845, -0.5430656671524048], "camera_rotation_final_quaternion": [0.09080000221729279, 0.11547133326530457, 0.6042835116386414, 0.7831112146377563], "skybox_img": 4, "point_uuid": "102", "field_of_view_rads": 1.792492522379571, "camera_rotation_final": [1.324686884880066, -0.07117598503828049, 2.855211019515991]}