{"camera_uuid": "11107", "obliqueness_angle": 0.789860725402832, "nonfixated_points_in_view": [95], "camera_rotation_original": [1.5707963705062866, -0.1278408169746399, 2.4736862182617188], "point_location": [0.9536174535751343, -0.7778398990631104, -1.5063177347183228], "skybox_img_path": "./img/high/11107_skybox4.jpg", "resolution": 512, "camera_distance": 0.8458169988212213, "view_id": 9, "point_pitch": -0.7728530605647226, "camera_rotation_from_original_to_final": [0.6869662404060364, -0.42287492752075195, -0.08464030176401138], "camera_location": [1.3008064031600952, -0.2920122742652893, -0.907287061214447], "point_normal": [-0.008941924199461937, -0.0010165447602048516, 0.9999595284461975], "camera_rotation_final_quaternion": [0.20242631435394287, 0.14861787855625153, 0.35185104608535767, 0.9017412066459656], "skybox_img": 4, "point_uuid": "89", "field_of_view_rads": 1.4604219695947274, "camera_rotation_final": [0.7757747173309326, -0.12591436505317688, 2.6484427452087402]}