{"camera_uuid": "12342", "obliqueness_angle": 1.1241042613983154, "nonfixated_points_in_view": [11], "camera_rotation_original": [1.5707963705062866, -0.11860112845897675, -2.143730640411377], "point_location": [6.416158676147461, 2.537578821182251, -1.2911784648895264], "skybox_img_path": "./img/high/12342_skybox4.jpg", "resolution": 512, "camera_distance": 0.7660434416331156, "view_id": 44, "point_pitch": -0.44027034839126067, "camera_rotation_from_original_to_final": [0.22622035443782806, 0.3471265137195587, -0.22721277177333832], "camera_location": [5.948429584503174, 3.0610876083374023, -0.9845995903015137], "point_normal": [-0.00751654664054513, 0.040270037949085236, 0.9991605877876282], "camera_rotation_final_quaternion": [0.347140908241272, 0.1625523865222931, -0.5229448676109314, -0.7613137364387512], "skybox_img": 4, "point_uuid": "148", "field_of_view_rads": 0.554628086887159, "camera_rotation_final": [1.156101942062378, -0.1158231869339943, -2.3615775108337402]}