{"camera_uuid": "4887", "obliqueness_angle": 1.028424620628357, "nonfixated_points_in_view": [64, 120, 77], "camera_rotation_original": [1.5707963705062866, -0.0011231304379180074, 1.2390077114105225], "point_location": [-0.41806191205978394, 1.0600788593292236, -0.7348538041114807], "skybox_img_path": "./img/high/4887_skybox4.jpg", "resolution": 512, "camera_distance": 0.9149794706728024, "view_id": 0, "point_pitch": -0.3398809870097299, "camera_rotation_from_original_to_final": [-0.11489010602235794, -0.32109418511390686, 0.4577520787715912], "camera_location": [0.4394652545452118, 1.152485966682434, -0.4294106066226959], "point_normal": [0.7643018960952759, 0.11539070308208466, -0.6344507336616516], "camera_rotation_final_quaternion": [0.545318603515625, 0.38584816455841064, 0.4291953146457672, 0.6078981757164001], "skybox_img": 4, "point_uuid": "136", "field_of_view_rads": 1.48952952790217, "camera_rotation_final": [1.2304375171661377, -0.0010163603583350778, 1.678502082824707]}