{"camera_uuid": "9120", "obliqueness_angle": 0.6191960573196411, "nonfixated_points_in_view": [3], "camera_rotation_original": [1.5707963705062866, 0.14739079773426056, -2.7122724056243896], "point_location": [5.4932861328125, 0.18884922564029694, -0.9166303277015686], "skybox_img_path": "./img/high/9120_skybox4.jpg", "resolution": 512, "camera_distance": 0.9596315441631441, "view_id": 24, "point_pitch": -0.49547378619643645, "camera_rotation_from_original_to_final": [0.3702123165130615, 0.1786634922027588, 0.69123375415802], "camera_location": [4.715099334716797, 0.6007388830184937, -0.5349695682525635], "point_normal": [-0.48851633071899414, 0.18398629128932953, 0.8529366254806519], "camera_rotation_final_quaternion": [0.3827629089355469, 0.31364861130714417, -0.4502961337566376, -0.7432028651237488], "skybox_img": 4, "point_uuid": "142", "field_of_view_rads": 2.0816637958161985, "camera_rotation_final": [1.1585328578948975, 0.12179668992757797, -2.110687017440796]}