{"camera_uuid": "12348", "obliqueness_angle": 1.4456493854522705, "nonfixated_points_in_view": [], "camera_rotation_original": [1.5707963705062866, 0.14389266073703766, 1.8104737997055054], "point_location": [2.9207348823547363, -0.5152132511138916, -0.5628843903541565], "skybox_img_path": "./img/high/12348_skybox4.jpg", "resolution": 512, "camera_distance": 0.5920047473613417, "view_id": 36, "point_pitch": -0.31865684588881926, "camera_rotation_from_original_to_final": [0.10959866642951965, -0.3778435289859772, -0.5336056351661682], "camera_location": [3.447113513946533, -0.6639339923858643, -0.33643946051597595], "point_normal": [-0.26315274834632874, 0.039460260421037674, 0.9639468193054199], "camera_rotation_final_quaternion": [0.6946164965629578, 0.42007219791412354, 0.36371245980262756, 0.4569031894207001], "skybox_img": 4, "point_uuid": "152", "field_of_view_rads": 0.9196569054818151, "camera_rotation_final": [1.175202488899231, 0.12171699851751328, 1.2447766065597534]}