{"camera_uuid": "15942", "obliqueness_angle": 1.1817370653152466, "nonfixated_points_in_view": [], "camera_rotation_original": [1.5707963705062866, -0.07933786511421204, 0.7052066326141357], "point_location": [5.022676944732666, -0.4345104992389679, -1.360304355621338], "skybox_img_path": "./img/high/15942_skybox4.jpg", "resolution": 512, "camera_distance": 0.9220095628184755, "view_id": 8, "point_pitch": -0.3254946907374521, "camera_rotation_from_original_to_final": [-0.30417394638061523, -0.22989679872989655, 0.7572219371795654], "camera_location": [5.870887756347656, -0.5545243620872498, -1.0193692445755005], "point_normal": [0.020464561879634857, 0.0647537112236023, 0.9976915121078491], "camera_rotation_final_quaternion": [0.6075325608253479, 0.435147225856781, 0.35462650656700134, 0.5619528889656067], "skybox_img": 4, "point_uuid": "62", "field_of_view_rads": 1.6816280418618088, "camera_rotation_final": [1.191355586051941, -0.05820303410291672, 1.4534308910369873]}