{"camera_uuid": "4478", "obliqueness_angle": 1.464738130569458, "nonfixated_points_in_view": [97, 42], "camera_rotation_original": [1.5707963705062866, -0.0479825921356678, -1.828381061553955], "point_location": [0.32991182804107666, 2.4133899211883545, -1.3794349431991577], "skybox_img_path": "./img/high/4478_skybox4.jpg", "resolution": 512, "camera_distance": 0.7592562485490516, "view_id": 19, "point_pitch": -0.3478388031336923, "camera_rotation_from_original_to_final": [0.09082388132810593, 0.30676817893981934, -0.6268181800842285], "camera_location": [-0.1196843683719635, 2.9768435955047607, -1.140995740890503], "point_normal": [0.7323230504989624, 0.6650322675704956, 0.14640741050243378], "camera_rotation_final_quaternion": [0.283424437046051, 0.18214762210845947, -0.5565975308418274, -0.7594023942947388], "skybox_img": 4, "point_uuid": "151", "field_of_view_rads": 1.1498058012590282, "camera_rotation_final": [1.2510979175567627, -0.03886980563402176, -2.455251693725586]}