{"camera_uuid": "10753", "obliqueness_angle": 0.615303635597229, "nonfixated_points_in_view": [8, 3], "camera_rotation_original": [1.5707963705062866, -0.12360711395740509, -1.7288354635238647], "point_location": [5.4932861328125, 0.18884922564029694, -0.9166303277015686], "skybox_img_path": "./img/high/10753_skybox4.jpg", "resolution": 512, "camera_distance": 0.840648992543498, "view_id": 15, "point_pitch": -0.5214578350398202, "camera_rotation_from_original_to_final": [0.0802343338727951, 0.45240652561187744, -0.5398303866386414], "camera_location": [4.924568176269531, 0.6833645105361938, -0.5441988110542297], "point_normal": [-0.48851633071899414, 0.18398629128932953, 0.8529366254806519], "camera_rotation_final_quaternion": [0.3982652425765991, 0.18938691914081573, -0.49256306886672974, -0.7502659559249878], "skybox_img": 4, "point_uuid": "142", "field_of_view_rads": 1.5082571856068028, "camera_rotation_final": [1.1089041233062744, -0.10837237536907196, -2.232726573944092]}