{"camera_uuid": "12437", "obliqueness_angle": 1.540200114250183, "nonfixated_points_in_view": [127], "camera_rotation_original": [1.5707963705062866, -0.04751095920801163, -1.1500664949417114], "point_location": [0.14699065685272217, -0.1122998520731926, -1.4476916790008545], "skybox_img_path": "./img/high/12437_skybox4.jpg", "resolution": 512, "camera_distance": 0.8111368820446344, "view_id": 18, "point_pitch": -0.3915908773753305, "camera_rotation_from_original_to_final": [-0.1554873287677765, 0.3372274339199066, -0.504758358001709], "camera_location": [-0.6079915761947632, -0.06909944862127304, -1.1543000936508179], "point_normal": [0.33598119020462036, 0.20910274982452393, 0.9183641672134399], "camera_rotation_final_quaternion": [0.5800910592079163, 0.3784159719944, -0.4194631576538086, -0.5868103504180908], "skybox_img": 4, "point_uuid": "178", "field_of_view_rads": 0.6720038838202558, "camera_rotation_final": [1.2003498077392578, -0.04254968464374542, -1.6114356517791748]}