{"camera_uuid": "11864", "obliqueness_angle": 1.2263305187225342, "nonfixated_points_in_view": [], "camera_rotation_original": [1.5707963705062866, -0.056848473846912384, 2.269470691680908], "point_location": [2.9207348823547363, -0.5152132511138916, -0.5628843903541565], "skybox_img_path": "./img/high/11864_skybox4.jpg", "resolution": 512, "camera_distance": 0.9769510804393832, "view_id": 39, "point_pitch": -0.6481525143000741, "camera_rotation_from_original_to_final": [0.42199593782424927, -0.45694699883461, -0.8125020265579224], "camera_location": [3.7204742431640625, -0.5259249806404114, -0.001871321233920753], "point_normal": [-0.26315274834632874, 0.039460260421037674, 0.9639468193054199], "camera_rotation_final_quaternion": [0.6144861578941345, 0.33705103397369385, 0.3150748610496521, 0.6399462223052979], "skybox_img": 4, "point_uuid": "152", "field_of_view_rads": 0.8278892494736719, "camera_rotation_final": [0.9584245681762695, -0.04418516159057617, 1.588421106338501]}