{"camera_uuid": "11390", "obliqueness_angle": 1.196523904800415, "nonfixated_points_in_view": [], "camera_rotation_original": [1.5707963705062866, -0.08047237992286682, -1.985345482826233], "point_location": [2.4280853271484375, -0.49214041233062744, -0.8174121379852295], "skybox_img_path": "./img/high/11390_skybox4.jpg", "resolution": 512, "camera_distance": 0.5653550608542591, "view_id": 5, "point_pitch": -0.08860461314650969, "camera_rotation_from_original_to_final": [0.04564830660820007, 0.0982595905661583, 0.2453368455171585], "camera_location": [1.8742725849151611, -0.3963075280189514, -0.7563068270683289], "point_normal": [-0.53856360912323, -0.546765923500061, -0.641089916229248], "camera_rotation_final_quaternion": [0.5013104677200317, 0.40971535444259644, -0.5273440480232239, -0.5502085089683533], "skybox_img": 4, "point_uuid": "141", "field_of_view_rads": 1.6816280418618088, "camera_rotation_final": [1.4621704816818237, -0.07794728130102158, -1.7336498498916626]}