{"camera_uuid": "6683", "obliqueness_angle": 1.3972762823104858, "nonfixated_points_in_view": [64], "camera_rotation_original": [1.5707963705062866, -0.09892969578504562, 3.028214454650879], "point_location": [-0.30368760228157043, 1.3439174890518188, -0.7665223479270935], "skybox_img_path": "./img/high/6683_skybox4.jpg", "resolution": 512, "camera_distance": 0.7850560458256184, "view_id": 82, "point_pitch": -0.1608275612208505, "camera_rotation_from_original_to_final": [0.1807233691215515, -0.021298397332429886, 0.20469805598258972], "camera_location": [-0.3756398558616638, 2.1126532554626465, -0.6244617700576782], "point_normal": [0.9422652125358582, 0.29410141706466675, -0.16012726724147797], "camera_rotation_final_quaternion": [-0.0734310895204544, 0.0015228892443701625, 0.6399372220039368, 0.7649090886116028], "skybox_img": 4, "point_uuid": "180", "field_of_view_rads": 1.2654133589566097, "camera_rotation_final": [1.387978434562683, -0.09646183997392654, 3.2527239322662354]}