{"camera_uuid": "5980", "obliqueness_angle": 0.9282252192497253, "nonfixated_points_in_view": [], "camera_rotation_original": [1.5707963705062866, -0.16651038825511932, -1.8454052209854126], "point_location": [1.6843894720077515, 1.1254421472549438, -1.4068831205368042], "skybox_img_path": "./img/high/5980_skybox4.jpg", "resolution": 512, "camera_distance": 0.6081738386532874, "view_id": 17, "point_pitch": -0.4953004558894296, "camera_rotation_from_original_to_final": [0.13002769649028778, 0.49761831760406494, 0.09629039466381073], "camera_location": [1.166818618774414, 1.2397381067276, -1.1086679697036743], "point_normal": [-0.13031253218650818, 0.011851518414914608, 0.9914022088050842], "camera_rotation_final_quaternion": [0.6017484664916992, 0.27754250168800354, -0.42166048288345337, -0.6189275979995728], "skybox_img": 4, "point_uuid": "111", "field_of_view_rads": 2.173302890718354, "camera_rotation_final": [1.0505800247192383, -0.16465266048908234, -1.6945185661315918]}