{"camera_uuid": "3887", "obliqueness_angle": 1.149762511253357, "nonfixated_points_in_view": [2, 42], "camera_rotation_original": [1.5707963705062866, -0.06790903210639954, -0.8691604137420654], "point_location": [0.22651520371437073, 2.849133014678955, -1.442795991897583], "skybox_img_path": "./img/high/3887_skybox4.jpg", "resolution": 512, "camera_distance": 0.7250619415516963, "view_id": 41, "point_pitch": -0.48532692988845305, "camera_rotation_from_original_to_final": [-0.29404330253601074, 0.3392093777656555, -0.6995316743850708], "camera_location": [-0.4269339442253113, 2.8135995864868164, -1.1306159496307373], "point_normal": [0.024610353633761406, -0.009762244299054146, 0.9996494650840759], "camera_rotation_final_quaternion": [0.6315661668777466, 0.3760015070438385, -0.3786088228225708, -0.562496542930603], "skybox_img": 4, "point_uuid": "150", "field_of_view_rads": 1.6972910210618353, "camera_rotation_final": [1.1249576807022095, -0.05526208505034447, -1.490079641342163]}