{"camera_uuid": "7228", "obliqueness_angle": 0.837420642375946, "nonfixated_points_in_view": [], "camera_rotation_original": [1.5707963705062866, -0.1196843609213829, 1.7426432371139526], "point_location": [4.439915180206299, 3.184283494949341, -1.3906426429748535], "skybox_img_path": "./img/high/7228_skybox4.jpg", "resolution": 512, "camera_distance": 0.8260285281889388, "view_id": 2, "point_pitch": -0.6154855926844736, "camera_rotation_from_original_to_final": [0.13353289663791656, -0.5728877186775208, -0.31948673725128174], "camera_location": [5.123517990112305, 3.105591297149658, -0.9336767196655273], "point_normal": [0.32773926854133606, -0.7354298233985901, 0.5930683016777039], "camera_rotation_final_quaternion": [0.6149448156356812, 0.37404656410217285, 0.28893762826919556, 0.631226658821106], "skybox_img": 4, "point_uuid": "92", "field_of_view_rads": 0.7352830670651015, "camera_rotation_final": [0.9799975156784058, -0.11712253093719482, 1.5344030857086182]}