{"camera_uuid": "15631", "obliqueness_angle": 1.4813673496246338, "nonfixated_points_in_view": [], "camera_rotation_original": [1.5707963705062866, -0.16360002756118774, 0.36342960596084595], "point_location": [5.4932861328125, 0.18884922564029694, -0.9166303277015686], "skybox_img_path": "./img/high/15631_skybox4.jpg", "resolution": 512, "camera_distance": 0.9508197306852229, "view_id": 20, "point_pitch": -0.3105155666682382, "camera_rotation_from_original_to_final": [-0.22341080009937286, -0.06986705213785172, -0.502973735332489], "camera_location": [5.35891580581665, -0.7263532280921936, -0.6966138482093811], "point_normal": [-0.48851633071899414, 0.18398629128932953, 0.8529366254806519], "camera_rotation_final_quaternion": [0.7846627831459045, 0.6131579279899597, -0.09131865203380585, 0.0016212733462452888], "skybox_img": 4, "point_uuid": "142", "field_of_view_rads": 0.9320269806742028, "camera_rotation_final": [1.3347314596176147, -0.14581303298473358, -0.11084186285734177]}