{"camera_uuid": "3502", "obliqueness_angle": 1.0559804439544678, "nonfixated_points_in_view": [42, 98], "camera_rotation_original": [1.5707963705062866, 0.1734209805727005, -2.1790709495544434], "point_location": [0.22651520371437073, 2.849133014678955, -1.442795991897583], "skybox_img_path": "./img/high/3502_skybox4.jpg", "resolution": 512, "camera_distance": 0.6245054851635454, "view_id": 29, "point_pitch": -0.5523261268946786, "camera_rotation_from_original_to_final": [0.3522605895996094, 0.42067718505859375, 0.18502837419509888], "camera_location": [-0.24550746381282806, 3.101562976837158, -1.1211116313934326], "point_normal": [0.024610353633761406, -0.009762244299054146, 0.9996494650840759], "camera_rotation_final_quaternion": [0.36955443024635315, 0.2945267856121063, -0.3945918083190918, -0.7880233526229858], "skybox_img": 4, "point_uuid": "150", "field_of_view_rads": 1.9411882359483563, "camera_rotation_final": [1.0204932689666748, 0.17340943217277527, -2.1673474311828613]}