{"camera_uuid": "5670", "obliqueness_angle": 1.324294090270996, "nonfixated_points_in_view": [], "camera_rotation_original": [1.5707963705062866, -0.09998194128274918, -2.655010461807251], "point_location": [0.48665541410446167, 2.050424337387085, -1.4244725704193115], "skybox_img_path": "./img/high/5670_skybox4.jpg", "resolution": 512, "camera_distance": 0.3271055049268136, "view_id": 5, "point_pitch": -0.6251486976954599, "camera_rotation_from_original_to_final": [0.519665002822876, 0.2624773681163788, -0.4634644687175751], "camera_location": [0.5000424385070801, 2.32430100440979, -1.2461179494857788], "point_normal": [-0.7508701086044312, -0.09726908802986145, 0.6532478928565979], "camera_rotation_final_quaternion": [0.02514847368001938, -0.036896299570798874, -0.4754083454608917, -0.8786314129829407], "skybox_img": 4, "point_uuid": "167", "field_of_view_rads": 0.7352830670651015, "camera_rotation_final": [0.9915287494659424, -0.0888649970293045, -3.1324455738067627]}