{"camera_uuid": "15843", "obliqueness_angle": 0.9570738077163696, "nonfixated_points_in_view": [], "camera_rotation_original": [1.5707963705062866, 0.08167201280593872, 1.8766937255859375], "point_location": [6.095944881439209, -0.5426977872848511, -1.423715353012085], "skybox_img_path": "./img/high/15843_skybox4.jpg", "resolution": 512, "camera_distance": 0.9576073294561457, "view_id": 1, "point_pitch": -0.6114048202845712, "camera_rotation_from_original_to_final": [0.18872356414794922, -0.537934422492981, 0.5450873970985413], "camera_location": [6.595916748046875, 0.0917373076081276, -0.9093886017799377], "point_normal": [-0.36893877387046814, 0.8434303998947144, 0.3905245363712311], "camera_rotation_final_quaternion": [0.3210507035255432, 0.13871154189109802, 0.46066388487815857, 0.8157660961151123], "skybox_img": 4, "point_uuid": "20", "field_of_view_rads": 1.6316217442386929, "camera_rotation_final": [1.0022627115249634, 0.06953659653663635, 2.4298136234283447]}