{"camera_uuid": "6225", "obliqueness_angle": 0.9256260395050049, "nonfixated_points_in_view": [], "camera_rotation_original": [1.5707963705062866, -0.14512959122657776, -1.3020480871200562], "point_location": [5.518570899963379, 1.8022818565368652, -0.9034366607666016], "skybox_img_path": "./img/high/6225_skybox4.jpg", "resolution": 512, "camera_distance": 0.9740167193795908, "view_id": 18, "point_pitch": -0.3015943010661264, "camera_rotation_from_original_to_final": [-0.06140994653105736, 0.23909229040145874, -0.414612740278244], "camera_location": [4.58298397064209, 1.9320240020751953, -0.6656286120414734], "point_normal": [-0.3810344636440277, 0.07813670486211777, 0.9212532639503479], "camera_rotation_final_quaternion": [0.5582007765769958, 0.3704333007335663, -0.4906151294708252, -0.5572143793106079], "skybox_img": 4, "point_uuid": "103", "field_of_view_rads": 1.5766701541034631, "camera_rotation_final": [1.3218278884887695, -0.13531452417373657, -1.6743077039718628]}