{"camera_uuid": "11590", "obliqueness_angle": 1.025661587715149, "nonfixated_points_in_view": [36], "camera_rotation_original": [1.5707963705062866, 0.12499728053808212, -1.3122797012329102], "point_location": [2.9207348823547363, -0.5152132511138916, -0.5628843903541565], "skybox_img_path": "./img/high/11590_skybox4.jpg", "resolution": 512, "camera_distance": 0.9065606809174257, "view_id": 28, "point_pitch": -0.23619620402785735, "camera_rotation_from_original_to_final": [-0.0752933993935585, 0.2668631076812744, -0.3264785706996918], "camera_location": [2.0502166748046875, -0.4644509553909302, -0.31494587659835815], "point_normal": [-0.26315274834632874, 0.039460260421037674, 0.9639468193054199], "camera_rotation_final_quaternion": [0.5111251473426819, 0.4395752251148224, -0.4123431146144867, -0.6127788424491882], "skybox_img": 4, "point_uuid": "152", "field_of_view_rads": 1.794124606241639, "camera_rotation_final": [1.2917991876602173, 0.1174769401550293, -1.6626065969467163]}