{"camera_uuid": "13605", "obliqueness_angle": 0.5522579550743103, "nonfixated_points_in_view": [8], "camera_rotation_original": [1.5707963705062866, -0.07856208086013794, -1.8710650205612183], "point_location": [5.4932861328125, 0.18884922564029694, -0.9166303277015686], "skybox_img_path": "./img/high/13605_skybox4.jpg", "resolution": 512, "camera_distance": 0.5214224043646513, "view_id": 26, "point_pitch": -0.47642747958632903, "camera_rotation_from_original_to_final": [0.14840969443321228, 0.46914857625961304, 0.1950412541627884], "camera_location": [5.037988185882568, 0.2543811798095703, -0.6710887551307678], "point_normal": [-0.48851633071899414, 0.18398629128932953, 0.8529366254806519], "camera_rotation_final_quaternion": [0.5893104076385498, 0.3195010721683502, -0.40307003259658813, -0.623030424118042], "skybox_img": 4, "point_uuid": "142", "field_of_view_rads": 1.7197523314966958, "camera_rotation_final": [1.0788893699645996, -0.07702512294054031, -1.6725375652313232]}