{"camera_uuid": "0718", "obliqueness_angle": 1.152841567993164, "nonfixated_points_in_view": [], "camera_rotation_original": [1.5707963705062866, 0.1551053524017334, 2.982837677001953], "point_location": [1.5920188426971436, 2.1285598278045654, -1.4049173593521118], "skybox_img_path": "./img/high/0718_skybox4.jpg", "resolution": 512, "camera_distance": 0.49762356711057126, "view_id": 3, "point_pitch": -0.6664025028559823, "camera_rotation_from_original_to_final": [0.6103759407997131, -0.11586779356002808, 0.31708356738090515], "camera_location": [1.509785771369934, 2.525341033935547, -1.1160720586776733], "point_normal": [0.3241092562675476, -0.10795459151268005, 0.9398399591445923], "camera_rotation_final_quaternion": [-0.008707361295819283, -0.08855074644088745, 0.44937077164649963, 0.8889032006263733], "skybox_img": 4, "point_uuid": "107", "field_of_view_rads": 1.0386947080855735, "camera_rotation_final": [0.9433792233467102, 0.15016412734985352, 3.2378876209259033]}