{"camera_uuid": "6056", "obliqueness_angle": 0.9438932538032532, "nonfixated_points_in_view": [], "camera_rotation_original": [1.5707963705062866, -0.1375226229429245, 0.7369259595870972], "point_location": [0.7851385474205017, 1.2789015769958496, -1.4171496629714966], "skybox_img_path": "./img/high/6056_skybox4.jpg", "resolution": 512, "camera_distance": 0.9131004944319238, "view_id": 74, "point_pitch": -0.6002384861323495, "camera_rotation_from_original_to_final": [-0.4630104601383209, -0.41511550545692444, 0.13900159299373627], "camera_location": [1.3044229745864868, 0.7406681776046753, -0.8933166861534119], "point_normal": [0.04163115471601486, 0.017202280461788177, 0.9989850521087646], "camera_rotation_final_quaternion": [0.7919988036155701, 0.4410237967967987, 0.13658367097377777, 0.39947569370269775], "skybox_img": 4, "point_uuid": "187", "field_of_view_rads": 0.8863655597235185, "camera_rotation_final": [0.9532128572463989, -0.13643121719360352, 0.8637853860855103]}