{"camera_uuid": "3257", "obliqueness_angle": 0.47778505086898804, "nonfixated_points_in_view": [], "camera_rotation_original": [1.5707963705062866, 0.16369237005710602, 1.5072214603424072], "point_location": [-0.4168107807636261, 2.6449878215789795, -1.3910259008407593], "skybox_img_path": "./img/high/3257_skybox4.jpg", "resolution": 512, "camera_distance": 0.9169289360941346, "view_id": 12, "point_pitch": -0.21091096003982024, "camera_rotation_from_original_to_final": [-0.015436455607414246, -0.25178971886634827, -0.23392638564109802], "camera_location": [0.4315546751022339, 2.382953405380249, -1.162174940109253], "point_normal": [0.9926148056983948, 0.12025166302919388, 0.015980595722794533], "camera_rotation_final_quaternion": [0.6721121668815613, 0.4617272913455963, 0.40251198410987854, 0.4160015285015106], "skybox_img": 4, "point_uuid": "109", "field_of_view_rads": 0.9904486154446002, "camera_rotation_final": [1.3153116703033447, 0.15755894780158997, 1.230262041091919]}