{"camera_uuid": "15700", "obliqueness_angle": 1.111431360244751, "nonfixated_points_in_view": [], "camera_rotation_original": [1.5707963705062866, 0.154252290725708, 1.329911470413208], "point_location": [5.022676944732666, -0.4345104992389679, -1.360304355621338], "skybox_img_path": "./img/high/15700_skybox4.jpg", "resolution": 512, "camera_distance": 0.8698949562159386, "view_id": 24, "point_pitch": -0.43093053897353606, "camera_rotation_from_original_to_final": [-0.1317335069179535, -0.4543716311454773, -0.20269076526165009], "camera_location": [5.713069915771484, -0.7864205837249756, -0.9650397896766663], "point_normal": [0.020464561879634857, 0.0647537112236023, 0.9976915121078491], "camera_rotation_final_quaternion": [0.7614408731460571, 0.4213051199913025, 0.30872485041618347, 0.3839254677295685], "skybox_img": 4, "point_uuid": "62", "field_of_view_rads": 0.5256461677815203, "camera_rotation_final": [1.0935349464416504, 0.14718273282051086, 1.0237056016921997]}