{"camera_uuid": "9158", "obliqueness_angle": 1.2206939458847046, "nonfixated_points_in_view": [], "camera_rotation_original": [1.5707963705062866, -0.020262492820620537, -0.01871386729180813], "point_location": [1.8005895614624023, 0.6414239406585693, -0.9798945188522339], "skybox_img_path": "./img/high/9158_skybox4.jpg", "resolution": 512, "camera_distance": 0.843750688764503, "view_id": 91, "point_pitch": -0.3433818062159677, "camera_rotation_from_original_to_final": [-0.35644274950027466, 0.0101659270003438, 0.7027950882911682], "camera_location": [2.3018181324005127, 0.029912348836660385, -0.6853801608085632], "point_normal": [-0.012308535166084766, -0.0017647614004090428, 0.9999226927757263], "camera_rotation_final_quaternion": [0.7710803151130676, 0.5387670993804932, 0.18762490153312683, 0.2827756702899933], "skybox_img": 4, "point_uuid": "193", "field_of_view_rads": 1.72896149176782, "camera_rotation_final": [1.214191198348999, -0.01535332202911377, 0.6923306584358215]}