{"camera_uuid": "15221", "obliqueness_angle": 0.9961629509925842, "nonfixated_points_in_view": [], "camera_rotation_original": [1.5707963705062866, -0.061613235622644424, -2.1605544090270996], "point_location": [6.403560161590576, -0.3128143846988678, -1.373155951499939], "skybox_img_path": "./img/high/15221_skybox4.jpg", "resolution": 512, "camera_distance": 0.868748893754241, "view_id": 17, "point_pitch": -0.5028032501551767, "camera_rotation_from_original_to_final": [0.3040827512741089, 0.42933645844459534, 0.343938410282135], "camera_location": [5.686784744262695, -0.07986985892057419, -0.9410743713378906], "point_normal": [-0.4072767198085785, 0.9103356599807739, -0.07358577847480774], "camera_rotation_final_quaternion": [0.5319573879241943, 0.28076502680778503, -0.4153199791908264, -0.6824233531951904], "skybox_img": 4, "point_uuid": "113", "field_of_view_rads": 1.8083336999188173, "camera_rotation_final": [1.049253225326538, -0.05869756266474724, -1.8513226509094238]}