{"camera_uuid": "6442", "obliqueness_angle": 1.3882817029953003, "nonfixated_points_in_view": [], "camera_rotation_original": [1.5707963705062866, -0.018525533378124237, -1.6437348127365112], "point_location": [4.528530120849609, 1.0438001155853271, -1.4141380786895752], "skybox_img_path": "./img/high/6442_skybox4.jpg", "resolution": 512, "camera_distance": 0.9800614920793966, "view_id": 8, "point_pitch": -0.18633656104537444, "camera_rotation_from_original_to_final": [0.0152198551222682, 0.17649193108081818, -0.5205971598625183], "camera_location": [3.729423999786377, 1.5842891931533813, -1.2414491176605225], "point_normal": [0.012244894169270992, 0.0278637632727623, 0.9995367527008057], "camera_rotation_final_quaternion": [0.3651178777217865, 0.29629987478256226, -0.569302499294281, -0.6743811964988708], "skybox_img": 4, "point_uuid": "140", "field_of_view_rads": 1.6816280418618088, "camera_rotation_final": [1.3936463594436646, -0.016087625175714493, -2.162604808807373]}