{"camera_uuid": "10492", "obliqueness_angle": 0.9898963570594788, "nonfixated_points_in_view": [124], "camera_rotation_original": [1.5707963705062866, 0.13775071501731873, 1.617323398590088], "point_location": [-0.11395721882581711, -0.04560520127415657, -1.4123445749282837], "skybox_img_path": "./img/high/10492_skybox4.jpg", "resolution": 512, "camera_distance": 0.7228640673142506, "view_id": 30, "point_pitch": -0.5484434803340097, "camera_rotation_from_original_to_final": [0.008135324344038963, -0.5752515196800232, -0.15929555892944336], "camera_location": [0.4894246757030487, -0.10849200934171677, -1.0192694664001465], "point_normal": [0.004181658383458853, -0.01849798485636711, 0.9998201131820679], "camera_rotation_final_quaternion": [0.6975060105323792, 0.32814714312553406, 0.34703347086906433, 0.5342028141021729], "skybox_img": 4, "point_uuid": "192", "field_of_view_rads": 1.792492522379571, "camera_rotation_final": [0.9900028705596924, 0.1339215487241745, 1.3795400857925415]}