{"camera_uuid": "5933", "obliqueness_angle": 1.0201512575149536, "nonfixated_points_in_view": [], "camera_rotation_original": [1.5707963705062866, -0.14919030666351318, 2.691818952560425], "point_location": [-0.34234288334846497, 0.8369564414024353, -0.7921566963195801], "skybox_img_path": "./img/high/5933_skybox4.jpg", "resolution": 512, "camera_distance": 0.8556448176104263, "view_id": 10, "point_pitch": -0.5492204864833017, "camera_rotation_from_original_to_final": [0.42893579602241516, -0.20142394304275513, -0.6296772360801697], "camera_location": [0.31307366490364075, 1.226428508758545, -0.40373846888542175], "point_normal": [0.04777548089623451, 0.07583989202976227, 0.9959748387336731], "camera_rotation_final_quaternion": [0.3665613532066345, 0.2908056974411011, 0.43411752581596375, 0.7698096036911011], "skybox_img": 4, "point_uuid": "121", "field_of_view_rads": 1.957036885090066, "camera_rotation_final": [1.0952759981155396, -0.12983304262161255, 2.1735353469848633]}