{"camera_uuid": "14079", "obliqueness_angle": 1.2019838094711304, "nonfixated_points_in_view": [127], "camera_rotation_original": [1.5707963705062866, 0.03128638491034508, -1.4815641641616821], "point_location": [0.14699065685272217, -0.1122998520731926, -1.4476916790008545], "skybox_img_path": "./img/high/14079_skybox4.jpg", "resolution": 512, "camera_distance": 0.9728263951285566, "view_id": 35, "point_pitch": -0.5430905063960214, "camera_rotation_from_original_to_final": [-0.04986398294568062, 0.5292629599571228, 0.3780900537967682], "camera_location": [-0.5963297486305237, -0.50071120262146, -0.9547387361526489], "point_normal": [0.0340309739112854, 0.2575204074382782, 0.9656734466552734], "camera_rotation_final_quaternion": [0.7346822023391724, 0.42905569076538086, -0.25009989738464355, -0.46217238903045654], "skybox_img": 4, "point_uuid": "178", "field_of_view_rads": 1.0218518288922764, "camera_rotation_final": [1.039168357849121, 0.02911161072552204, -1.1063998937606812]}