{"camera_uuid": "5098", "obliqueness_angle": 0.6747914552688599, "nonfixated_points_in_view": [], "camera_rotation_original": [1.5707963705062866, -0.1213444247841835, -2.7762088775634766], "point_location": [2.7213988304138184, 0.7782269716262817, -1.3615648746490479], "skybox_img_path": "./img/high/5098_skybox4.jpg", "resolution": 512, "camera_distance": 0.8793966196936633, "view_id": 12, "point_pitch": -0.45380370219680266, "camera_rotation_from_original_to_final": [0.35426634550094604, 0.10403918474912643, -0.7947559952735901], "camera_location": [3.0730068683624268, 1.5197410583496094, -1.045547366142273], "point_normal": [0.6617732048034668, 0.7121241688728333, -0.2343832552433014], "camera_rotation_final_quaternion": [-0.143377423286438, -0.1498570293188095, -0.545769453048706, -0.8118630051612854], "skybox_img": 4, "point_uuid": "12", "field_of_view_rads": 0.9904486154446002, "camera_rotation_final": [1.2017571926116943, -0.0869341790676117, -3.5508008003234863]}