{"camera_uuid": "13618", "obliqueness_angle": 0.8959453701972961, "nonfixated_points_in_view": [34, 118, 127], "camera_rotation_original": [1.5707963705062866, 0.04938711225986481, -0.09049724787473679], "point_location": [0.2828949987888336, -0.2686469852924347, -1.422070026397705], "skybox_img_path": "./img/high/13618_skybox4.jpg", "resolution": 512, "camera_distance": 0.7286669187969244, "view_id": 19, "point_pitch": -0.744958563646998, "camera_rotation_from_original_to_final": [-0.7484963536262512, 0.07444976270198822, -0.14232654869556427], "camera_location": [0.17882871627807617, -0.7908848524093628, -0.9246835708618164], "point_normal": [0.22545656561851501, 0.011161365546286106, 0.974189281463623], "camera_rotation_final_quaternion": [0.909273087978363, 0.397533655166626, -0.025849517434835434, -0.12050414085388184], "skybox_img": 4, "point_uuid": "105", "field_of_view_rads": 1.8083336999188173, "camera_rotation_final": [0.8183702826499939, 0.04881974682211876, -0.2423456311225891]}