{"camera_uuid": "14629", "obliqueness_angle": 1.2334448099136353, "nonfixated_points_in_view": [95], "camera_rotation_original": [1.5707963705062866, 0.02326728031039238, -2.392402172088623], "point_location": [0.9536174535751343, -0.7778398990631104, -1.5063177347183228], "skybox_img_path": "./img/high/14629_skybox4.jpg", "resolution": 512, "camera_distance": 0.6288243738034827, "view_id": 16, "point_pitch": -0.33910433848830657, "camera_rotation_from_original_to_final": [0.24479787051677704, 0.22277387976646423, 0.4579170346260071], "camera_location": [0.4036004841327667, -0.5508871078491211, -1.3028630018234253], "point_normal": [-0.008941924199461937, -0.0010165447602048516, 0.9999595284461975], "camera_rotation_final_quaternion": [0.44480282068252563, 0.32882991433143616, -0.4796842038631439, -0.681119978427887], "skybox_img": 4, "point_uuid": "89", "field_of_view_rads": 2.1797545326211765, "camera_rotation_final": [1.2412426471710205, 0.021217092871665955, -1.969398021697998]}