{"camera_uuid": "1576", "obliqueness_angle": 1.3469969034194946, "nonfixated_points_in_view": [98], "camera_rotation_original": [1.5707963705062866, -0.10469914227724075, 1.8301976919174194], "point_location": [0.22651520371437073, 2.849133014678955, -1.442795991897583], "skybox_img_path": "./img/high/1576_skybox4.jpg", "resolution": 512, "camera_distance": 0.9440361176204004, "view_id": 46, "point_pitch": -0.23795895179244475, "camera_rotation_from_original_to_final": [0.0460844449698925, -0.19276735186576843, -0.4064006507396698], "camera_location": [1.1427812576293945, 2.718149185180664, -1.257043719291687], "point_normal": [0.024610353633761406, -0.009762244299054146, 0.9996494650840759], "camera_rotation_final_quaternion": [0.5585731863975525, 0.49876365065574646, 0.39096400141716003, 0.5351429581642151], "skybox_img": 4, "point_uuid": "150", "field_of_view_rads": 2.0769119566492864, "camera_rotation_final": [1.3717880249023438, -0.09720872342586517, 1.448375940322876]}