{"camera_uuid": "6080", "obliqueness_angle": 1.3576700687408447, "nonfixated_points_in_view": [], "camera_rotation_original": [1.5707963705062866, -0.0626588985323906, 0.20731568336486816], "point_location": [0.48665541410446167, 2.050424337387085, -1.4244725704193115], "skybox_img_path": "./img/high/6080_skybox4.jpg", "resolution": 512, "camera_distance": 0.9388549153156964, "view_id": 0, "point_pitch": -0.4093178947779794, "camera_rotation_from_original_to_final": [-0.4038982689380646, -0.08769334852695465, 0.06044872850179672], "camera_location": [0.6982812285423279, 1.2168618440628052, -1.0478605031967163], "point_normal": [-0.7788903117179871, -0.1622719019651413, 0.6058033108711243], "camera_rotation_final_quaternion": [0.8265168070793152, 0.544978141784668, 0.04928448423743248, 0.1320599615573883], "skybox_img": 4, "point_uuid": "167", "field_of_view_rads": 1.48952952790217, "camera_rotation_final": [1.1571784019470215, -0.0625113695859909, 0.2760421931743622]}