{"camera_uuid": "0957", "obliqueness_angle": 0.962848424911499, "nonfixated_points_in_view": [], "camera_rotation_original": [-1.570796251296997, -3.0671751499176025, -0.0035931188613176346], "point_location": [2.196098566055298, 2.2025678157806396, -1.3980869054794312], "skybox_img_path": "./img/high/0957_skybox4.jpg", "resolution": 512, "camera_distance": 0.9848402093426962, "view_id": 6, "point_pitch": -0.5216571529719491, "camera_rotation_from_original_to_final": [0.5021838545799255, 0.005252624396234751, -0.2818331718444824], "camera_location": [2.4419713020324707, 3.030073642730713, -0.9240711331367493], "point_normal": [0.9356234073638916, 0.2750264108181, 0.22129014134407043], "camera_rotation_final_quaternion": [-0.0886722058057785, -0.09397652000188828, -0.5005120635032654, -0.8560335040092468], "skybox_img": 4, "point_uuid": "165", "field_of_view_rads": 1.274054123740192, "camera_rotation_final": [-2.0743820667266846, -3.069398880004883, -0.24909570813179016]}