{"camera_uuid": "10770", "obliqueness_angle": 1.0162726640701294, "nonfixated_points_in_view": [72], "camera_rotation_original": [1.5707963705062866, 0.013602329418063164, -1.8939918279647827], "point_location": [4.896637916564941, 0.275483638048172, -1.4008036851882935], "skybox_img_path": "./img/high/10770_skybox4.jpg", "resolution": 512, "camera_distance": 0.8001749127343318, "view_id": 13, "point_pitch": -0.19270579417678313, "camera_rotation_from_original_to_final": [0.06288027763366699, 0.18722708523273468, -0.34400442242622375], "camera_location": [4.283166408538818, 0.7646756172180176, -1.2438839673995972], "point_normal": [-0.7319196462631226, 0.15615351498126984, -0.6632569432258606], "camera_rotation_final_quaternion": [0.3310089707374573, 0.27880147099494934, -0.5694000124931335, -0.6989180445671082], "skybox_img": 4, "point_uuid": "93", "field_of_view_rads": 0.6651429173367224, "camera_rotation_final": [1.3733940124511719, 0.012766079977154732, -2.2465128898620605]}