{"camera_uuid": "2423", "obliqueness_angle": 1.1268198490142822, "nonfixated_points_in_view": [], "camera_rotation_original": [1.5707963705062866, 0.15331891179084778, -2.1367506980895996], "point_location": [3.3059499263763428, 1.507105827331543, -1.4197665452957153], "skybox_img_path": "./img/high/2423_skybox4.jpg", "resolution": 512, "camera_distance": 0.9349926041308031, "view_id": 16, "point_pitch": -0.4433426102015634, "camera_rotation_from_original_to_final": [0.23837721347808838, 0.337776780128479, 0.28716519474983215], "camera_location": [2.4914674758911133, 1.774553894996643, -1.0465359687805176], "point_normal": [-0.034560561180114746, 0.0017010869923979044, 0.9994011521339417], "camera_rotation_final_quaternion": [0.43322575092315674, 0.35687869787216187, -0.4159897267818451, -0.7154757976531982], "skybox_img": 4, "point_uuid": "155", "field_of_view_rads": 2.1523097516304066, "camera_rotation_final": [1.1551697254180908, 0.1508122682571411, -1.9542795419692993]}