{"camera_uuid": "8730", "obliqueness_angle": 1.2580788135528564, "nonfixated_points_in_view": [], "camera_rotation_original": [1.5707963705062866, 0.10850061476230621, 1.4767667055130005], "point_location": [2.9207348823547363, -0.5152132511138916, -0.5628843903541565], "skybox_img_path": "./img/high/8730_skybox4.jpg", "resolution": 512, "camera_distance": 0.6085526835697961, "view_id": 24, "point_pitch": -0.5798794468257089, "camera_rotation_from_original_to_final": [-0.03856562823057175, -0.5065879821777344, 0.7644549608230591], "camera_location": [3.341848850250244, -0.19048458337783813, -0.26699474453926086], "point_normal": [-0.26315274834632874, 0.039460260421037674, 0.9639468193054199], "camera_rotation_final_quaternion": [0.41656747460365295, 0.20183226466178894, 0.4649241268634796, 0.7547057867050171], "skybox_img": 4, "point_uuid": "152", "field_of_view_rads": 1.792492522379571, "camera_rotation_final": [1.0611257553100586, 0.08279114216566086, 2.181488513946533]}