{"camera_uuid": "4540", "obliqueness_angle": 0.8748295903205872, "nonfixated_points_in_view": [], "camera_rotation_original": [1.5707963705062866, -0.029949354007840157, 0.5521581768989563], "point_location": [-0.4168107807636261, 2.6449878215789795, -1.3910259008407593], "skybox_img_path": "./img/high/4540_skybox4.jpg", "resolution": 512, "camera_distance": 0.6301541889723545, "view_id": 24, "point_pitch": -0.5638868053767343, "camera_rotation_from_original_to_final": [-0.5045520663261414, -0.29168620705604553, 0.4995231628417969], "camera_location": [0.020577341318130493, 2.348632574081421, -1.0475735664367676], "point_normal": [0.9926148056983948, 0.12025166302919388, 0.015980595722794533], "camera_rotation_final_quaternion": [0.7697243690490723, 0.42491498589515686, 0.21663977205753326, 0.4243098497390747], "skybox_img": 4, "point_uuid": "109", "field_of_view_rads": 0.5256461677815203, "camera_rotation_final": [0.9941341280937195, -0.027088714763522148, 0.9929071068763733]}