{"camera_uuid": "9411", "obliqueness_angle": 0.6990357637405396, "nonfixated_points_in_view": [], "camera_rotation_original": [1.5707963705062866, 0.060084711760282516, -2.746204137802124], "point_location": [2.9207348823547363, -0.5152132511138916, -0.5628843903541565], "skybox_img_path": "./img/high/9411_skybox4.jpg", "resolution": 512, "camera_distance": 0.4118818812236857, "view_id": 58, "point_pitch": -0.6827217777583261, "camera_rotation_from_original_to_final": [0.6221135258674622, 0.23041030764579773, 0.5163795948028564], "camera_location": [2.677903413772583, -0.29787904024124146, -0.31100067496299744], "point_normal": [-0.26315274834632874, 0.039460260421037674, 0.9639468193054199], "camera_rotation_final_quaternion": [0.33747196197509766, 0.1938062310218811, -0.3958122432231903, -0.8317959308624268], "skybox_img": 4, "point_uuid": "152", "field_of_view_rads": 1.3847446318031613, "camera_rotation_final": [0.9116027355194092, 0.0552915520966053, -2.343635320663452]}