{"camera_uuid": "3508", "obliqueness_angle": 1.1076966524124146, "nonfixated_points_in_view": [], "camera_rotation_original": [1.5707963705062866, -0.0385577492415905, -2.77290940284729], "point_location": [0.32991182804107666, 2.4133899211883545, -1.3794349431991577], "skybox_img_path": "./img/high/3508_skybox4.jpg", "resolution": 512, "camera_distance": 0.41019344728825174, "view_id": 23, "point_pitch": -0.3153952797267099, "camera_rotation_from_original_to_final": [0.2924230694770813, 0.11283892393112183, -0.05537031963467598], "camera_location": [0.2159258872270584, 2.786656379699707, -1.2531890869140625], "point_normal": [0.7323230504989624, 0.6650322675704956, 0.14640741050243378], "camera_rotation_final_quaternion": [0.13554422557353973, 0.07507728040218353, -0.5835046172142029, -0.7971910238265991], "skybox_img": 4, "point_uuid": "151", "field_of_view_rads": 1.6403442297244761, "camera_rotation_final": [1.257706642150879, -0.03848901018500328, -2.832756280899048]}