{"camera_uuid": "14509", "obliqueness_angle": 1.1947994232177734, "nonfixated_points_in_view": [], "camera_rotation_original": [1.5707963705062866, -0.12154459208250046, -1.7923983335494995], "point_location": [6.481565952301025, 0.8570258617401123, -1.4156475067138672], "skybox_img_path": "./img/high/14509_skybox4.jpg", "resolution": 512, "camera_distance": 0.409142563075774, "view_id": 1, "point_pitch": -0.28463999827834563, "camera_rotation_from_original_to_final": [0.10858439654111862, 0.35035860538482666, 0.723931610584259], "camera_location": [6.143990993499756, 0.6779153347015381, -1.269496202468872], "point_normal": [-0.010680751875042915, -0.002730970038101077, 0.9999393224716187], "camera_rotation_final_quaternion": [0.7254858016967773, 0.47123339772224426, -0.3151702880859375, -0.3902270197868347], "skybox_img": 4, "point_uuid": "134", "field_of_view_rads": 1.792492522379571, "camera_rotation_final": [1.203971028327942, -0.08964715152978897, -1.0486010313034058]}