{"camera_uuid": "11026", "obliqueness_angle": 0.6133356690406799, "nonfixated_points_in_view": [56], "camera_rotation_original": [1.5707963705062866, -0.003700033063068986, -2.7817959785461426], "point_location": [1.1332991123199463, -0.8327366709709167, -1.4375404119491577], "skybox_img_path": "./img/high/11026_skybox4.jpg", "resolution": 512, "camera_distance": 0.9080128870424493, "view_id": 21, "point_pitch": -0.5933014591548105, "camera_rotation_from_original_to_final": [0.5638042092323303, 0.19891385734081268, 0.31934234499931335], "camera_location": [0.6954447031021118, -0.22093074023723602, -0.929146409034729], "point_normal": [-0.5603585243225098, 0.8280418515205383, -0.018577322363853455], "camera_rotation_final_quaternion": [0.27171510457992554, 0.142399862408638, -0.44696044921875, -0.840309202671051], "skybox_img": 4, "point_uuid": "147", "field_of_view_rads": 1.6071546237233685, "camera_rotation_final": [0.9765301942825317, -0.0035719824954867363, -2.518009901046753]}