{"camera_uuid": "12554", "obliqueness_angle": 1.4932163953781128, "nonfixated_points_in_view": [], "camera_rotation_original": [1.5707963705062866, 0.16718795895576477, 1.8849502801895142], "point_location": [3.9741721153259277, -0.9291063547134399, -0.6485407948493958], "skybox_img_path": "./img/high/12554_skybox4.jpg", "resolution": 512, "camera_distance": 0.9242567475376738, "view_id": 11, "point_pitch": -0.3279682834956308, "camera_rotation_from_original_to_final": [0.08820817619562149, -0.27355054020881653, 0.2597552537918091], "camera_location": [4.712477684020996, -0.4385232925415039, -0.3868468701839447], "point_normal": [0.019443031400442123, 0.5589542388916016, -0.8289705514907837], "camera_rotation_final_quaternion": [0.4370908737182617, 0.23704861104488373, 0.5497618317604065, 0.671208918094635], "skybox_img": 4, "point_uuid": "189", "field_of_view_rads": 1.9554518605800617, "camera_rotation_final": [1.2797572612762451, 0.16309556365013123, 2.108677864074707]}