{"camera_uuid": "8871", "obliqueness_angle": 0.8623042702674866, "nonfixated_points_in_view": [65, 118], "camera_rotation_original": [1.5707963705062866, -0.1726309061050415, -2.0697035789489746], "point_location": [0.580907940864563, -0.050188999623060226, -1.4085019826889038], "skybox_img_path": "./img/high/8871_skybox4.jpg", "resolution": 512, "camera_distance": 0.9713335810602963, "view_id": 23, "point_pitch": -0.4189919670436044, "camera_rotation_from_original_to_final": [0.18899758160114288, 0.3593546748161316, -0.0877118781208992], "camera_location": [-0.143899604678154, 0.47178491950035095, -1.0268133878707886], "point_normal": [-0.16356271505355835, 0.2954562306404114, 0.941250741481781], "camera_rotation_final_quaternion": [0.44836023449897766, 0.20409610867500305, -0.5117305517196655, -0.7038819193840027], "skybox_img": 4, "point_uuid": "57", "field_of_view_rads": 2.056502920039658, "camera_rotation_final": [1.160515308380127, -0.17241303622722626, -2.120436906814575]}