{"camera_uuid": "11448", "obliqueness_angle": 1.105485200881958, "nonfixated_points_in_view": [], "camera_rotation_original": [1.5707963705062866, -0.1437784880399704, 1.121192455291748], "point_location": [5.601480484008789, 2.1461212635040283, -1.4044468402862549], "skybox_img_path": "./img/high/11448_skybox4.jpg", "resolution": 512, "camera_distance": 0.39513953452619954, "view_id": 22, "point_pitch": -0.785178347429957, "camera_rotation_from_original_to_final": [-0.3574588894844055, -0.7046452760696411, 0.010061371140182018], "camera_location": [5.8352813720703125, 1.987589716911316, -1.1281496286392212], "point_normal": [0.8320084810256958, 0.5058020949363708, 0.2278733104467392], "camera_rotation_final_quaternion": [0.7667531967163086, 0.3591720759868622, 0.14620400965213776, 0.5115753412246704], "skybox_img": 4, "point_uuid": "56", "field_of_view_rads": 1.384811670309553, "camera_rotation_final": [0.7862139344215393, -0.14377722144126892, 1.1170308589935303]}