{"camera_uuid": "8582", "obliqueness_angle": 0.5793075561523438, "nonfixated_points_in_view": [], "camera_rotation_original": [1.5707963705062866, 0.08280391246080399, -2.355353355407715], "point_location": [2.745572328567505, -0.016294807195663452, -0.9296797513961792], "skybox_img_path": "./img/high/8582_skybox4.jpg", "resolution": 512, "camera_distance": 0.8494918765287496, "view_id": 33, "point_pitch": 0.08005531231430574, "camera_rotation_from_original_to_final": [-0.042166128754615784, -0.037584271281957626, -0.29178282618522644], "camera_location": [2.34360671043396, 0.7305440902709961, -0.977551281452179], "point_normal": [-0.5854119062423706, 0.6019739508628845, -0.5430656671524048], "camera_rotation_final_quaternion": [0.14124806225299835, 0.20548072457313538, -0.6971042156219482, -0.6722145080566406], "skybox_img": 4, "point_uuid": "102", "field_of_view_rads": 0.9320269806742028, "camera_rotation_final": [1.627357840538025, 0.0794084295630455, -2.6433451175689697]}