{"camera_uuid": "9709", "obliqueness_angle": 0.8814828395843506, "nonfixated_points_in_view": [], "camera_rotation_original": [1.5707963705062866, 0.04335581511259079, -2.1423652172088623], "point_location": [0.580907940864563, -0.050188999623060226, -1.4085019826889038], "skybox_img_path": "./img/high/9709_skybox4.jpg", "resolution": 512, "camera_distance": 0.9100843777745892, "view_id": 82, "point_pitch": -0.32447890838118987, "camera_rotation_from_original_to_final": [0.18979725241661072, 0.29826486110687256, -0.649447500705719], "camera_location": [0.31233617663383484, 0.7608036398887634, -1.094792366027832], "point_normal": [-0.16356271505355835, 0.2954562306404114, 0.941250741481781], "camera_rotation_final_quaternion": [0.11613254249095917, 0.10117579251527786, -0.5633929371833801, -0.8117050528526306], "skybox_img": 4, "point_uuid": "57", "field_of_view_rads": 1.2654133589566097, "camera_rotation_final": [1.2186683416366577, 0.033399492502212524, -2.8340651988983154]}