{"camera_uuid": "10096", "obliqueness_angle": 1.1910853385925293, "nonfixated_points_in_view": [34, 13, 118], "camera_rotation_original": [1.5707963705062866, 0.09920170158147812, -2.202853202819824], "point_location": [0.2828949987888336, -0.2686469852924347, -1.422070026397705], "skybox_img_path": "./img/high/10096_skybox4.jpg", "resolution": 512, "camera_distance": 0.7516632883889568, "view_id": 37, "point_pitch": -0.3749413927409311, "camera_rotation_from_original_to_final": [0.2575625479221344, 0.34932321310043335, -0.5315357446670532], "camera_location": [0.042727284133434296, 0.3707379996776581, -1.1082165241241455], "point_normal": [0.2531956732273102, 0.05679197609424591, 0.9657466411590576], "camera_rotation_final_quaternion": [0.11336725950241089, 0.12000460922718048, -0.5261428952217102, -0.834218442440033], "skybox_img": 4, "point_uuid": "105", "field_of_view_rads": 1.3001655876812834, "camera_rotation_final": [1.1385416984558105, 0.08101396262645721, -2.819593906402588]}