{"camera_uuid": "4548", "obliqueness_angle": 0.1905975043773651, "nonfixated_points_in_view": [], "camera_rotation_original": [1.5707963705062866, 0.12504801154136658, 1.3363782167434692], "point_location": [-0.30368760228157043, 1.3439174890518188, -0.7665223479270935], "skybox_img_path": "./img/high/4548_skybox4.jpg", "resolution": 512, "camera_distance": 0.7097362305116499, "view_id": 92, "point_pitch": -0.03598742087813811, "camera_rotation_from_original_to_final": [0.037814296782016754, 0.03569565713405609, 0.6881046295166016], "camera_location": [0.3336635231971741, 1.654652714729309, -0.7973871231079102], "point_normal": [0.9422652125358582, 0.29410141706466675, -0.16012726724147797], "camera_rotation_final_quaternion": [0.39439189434051514, 0.35281047224998474, 0.630292534828186, 0.5680767297744751], "skybox_img": 4, "point_uuid": "180", "field_of_view_rads": 2.0576205968287535, "camera_rotation_final": [1.6145011186599731, 0.09646722674369812, 2.028639793395996]}