{"camera_uuid": "6340", "obliqueness_angle": 1.0974845886230469, "nonfixated_points_in_view": [120], "camera_rotation_original": [1.5707963705062866, -0.12577883899211884, 0.21825331449508667], "point_location": [-0.4054321348667145, 1.2653040885925293, -0.6841932535171509], "skybox_img_path": "./img/high/6340_skybox4.jpg", "resolution": 512, "camera_distance": 0.5718194797799532, "view_id": 15, "point_pitch": -0.3583487709376474, "camera_rotation_from_original_to_final": [-0.43667072057724, -0.07197792083024979, 0.7133535146713257], "camera_location": [0.006138104945421219, 0.9524785876274109, -0.43980082869529724], "point_normal": [0.040700461715459824, 0.0009101604809984565, 0.9991709589958191], "camera_rotation_final_quaternion": [0.7366214990615845, 0.4908895194530487, 0.21290914714336395, 0.4136253297328949], "skybox_img": 4, "point_uuid": "104", "field_of_view_rads": 0.9239011772765595, "camera_rotation_final": [1.1271545886993408, -0.09255383908748627, 0.9647705554962158]}