{"camera_uuid": "2277", "obliqueness_angle": 0.9783781170845032, "nonfixated_points_in_view": [112], "camera_rotation_original": [1.5707963705062866, 0.01295083574950695, -0.009967179968953133], "point_location": [2.295008659362793, 2.27626895904541, -1.3962150812149048], "skybox_img_path": "./img/high/2277_skybox4.jpg", "resolution": 512, "camera_distance": 0.5605421132540069, "view_id": 0, "point_pitch": -0.5805103023860116, "camera_rotation_from_original_to_final": [-0.5864294767379761, 0.00621092738583684, -0.4754473567008972], "camera_location": [2.0780534744262695, 1.8628606796264648, -1.086003065109253], "point_normal": [-0.9679071307182312, -0.2512916922569275, -0.0028668304439634085], "camera_rotation_final_quaternion": [0.8542303442955017, 0.4595780670642853, -0.1099129244685173, -0.21678949892520905], "skybox_img": 4, "point_uuid": "18", "field_of_view_rads": 2.078591559549699, "camera_rotation_final": [0.984294593334198, 0.011481753550469875, -0.49091672897338867]}