{"camera_uuid": "6490", "obliqueness_angle": 1.3802523612976074, "nonfixated_points_in_view": [68], "camera_rotation_original": [1.5707963705062866, -0.12308141589164734, -1.4410877227783203], "point_location": [1.4004169702529907, 1.5106022357940674, -1.393282175064087], "skybox_img_path": "./img/high/6490_skybox4.jpg", "resolution": 512, "camera_distance": 0.7041082844829976, "view_id": 2, "point_pitch": -0.3026221235606332, "camera_rotation_from_original_to_final": [-0.047679513692855835, 0.3149318993091583, 0.10168766975402832], "camera_location": [0.7505638003349304, 1.3528494834899902, -1.1728883981704712], "point_normal": [-0.36604005098342896, -0.46424242854118347, -0.8065318465232849], "camera_rotation_final_quaternion": [0.6677110195159912, 0.43656614422798157, -0.39102989435195923, -0.45898541808128357], "skybox_img": 4, "point_uuid": "63", "field_of_view_rads": 1.0910236528484336, "camera_rotation_final": [1.2499761581420898, -0.12173539400100708, -1.2923206090927124]}