{"camera_uuid": "9979", "obliqueness_angle": 1.4730924367904663, "nonfixated_points_in_view": [], "camera_rotation_original": [1.5707963705062866, 0.02368401549756527, 2.0585684776306152], "point_location": [4.301836967468262, 1.017685055732727, -0.9298179745674133], "skybox_img_path": "./img/high/9979_skybox4.jpg", "resolution": 512, "camera_distance": 0.9212238913851692, "view_id": 43, "point_pitch": 0.3089888850834708, "camera_rotation_from_original_to_final": [-0.1488858461380005, 0.2704031467437744, -0.07416995614767075], "camera_location": [5.098479270935059, 1.3866300582885742, -1.2089130878448486], "point_normal": [0.41032981872558594, 0.04652121290564537, 0.9107499122619629], "camera_rotation_final_quaternion": [0.32399940490722656, 0.42609235644340515, 0.6855114698410034, 0.4935014843940735], "skybox_img": 4, "point_uuid": "143", "field_of_view_rads": 0.950131287597413, "camera_rotation_final": [1.8786838054656982, 0.023658378049731255, 2.0120339393615723]}