{"camera_uuid": "14556", "obliqueness_angle": 0.9760193228721619, "nonfixated_points_in_view": [], "camera_rotation_original": [1.5707963705062866, 0.17271526157855988, -1.3235135078430176], "point_location": [6.481565952301025, 0.8570258617401123, -1.4156475067138672], "skybox_img_path": "./img/high/14556_skybox4.jpg", "resolution": 512, "camera_distance": 0.4132501586308805, "view_id": 4, "point_pitch": -0.5132962902400156, "camera_rotation_from_original_to_final": [-0.14933791756629944, 0.5674130320549011, -0.42261719703674316], "camera_location": [6.139754772186279, 0.9010686874389648, -1.187610149383545], "point_normal": [-0.010680751875042915, -0.002730970038101077, 0.9999393224716187], "camera_rotation_final_quaternion": [0.5182622671127319, 0.34404534101486206, -0.32515478134155273, -0.712257981300354], "skybox_img": 4, "point_uuid": "134", "field_of_view_rads": 1.6403442297244761, "camera_rotation_final": [0.9783470034599304, 0.1536712348461151, -1.8016102313995361]}