{"camera_uuid": "7239", "obliqueness_angle": 0.641070544719696, "nonfixated_points_in_view": [], "camera_rotation_original": [1.5707963705062866, -0.07183773070573807, 1.8694603443145752], "point_location": [0.9227169156074524, 0.6807072758674622, -1.4383314847946167], "skybox_img_path": "./img/high/7239_skybox4.jpg", "resolution": 512, "camera_distance": 0.48267175693213527, "view_id": 24, "point_pitch": -0.5221378048274179, "camera_rotation_from_original_to_final": [0.17562223970890045, -0.4887060523033142, -0.13601742684841156], "camera_location": [1.3336788415908813, 0.7656040787696838, -1.1998469829559326], "point_normal": [0.9748377203941345, -0.22190459072589874, 0.021208828315138817], "camera_rotation_final_quaternion": [0.5177430510520935, 0.33344766497612, 0.37651893496513367, 0.6920897960662842], "skybox_img": 4, "point_uuid": "59", "field_of_view_rads": 0.5256461677815203, "camera_rotation_final": [1.0525399446487427, -0.07173284143209457, 1.8153592348098755]}