{"camera_uuid": "14023", "obliqueness_angle": 0.31525254249572754, "nonfixated_points_in_view": [], "camera_rotation_original": [1.5707963705062866, 0.05000955983996391, 0.9902123212814331], "point_location": [4.591547966003418, 0.7892270088195801, -1.4046629667282104], "skybox_img_path": "./img/high/14023_skybox4.jpg", "resolution": 512, "camera_distance": 0.9497141075360971, "view_id": 8, "point_pitch": -0.6731993397090097, "camera_rotation_from_original_to_final": [-0.43310803174972534, -0.5573002099990845, -0.23105236887931824], "camera_location": [5.026737689971924, 0.20110882818698883, -0.7991187572479248], "point_normal": [0.5981144309043884, -0.7100459337234497, 0.3716098964214325], "camera_rotation_final_quaternion": [0.8674775958061218, 0.40007737278938293, 0.14537778496742249, 0.25746065378189087], "skybox_img": 4, "point_uuid": "159", "field_of_view_rads": 0.7376648996792496, "camera_rotation_final": [0.878523051738739, 0.04623202979564667, 0.5987491607666016]}