{"camera_uuid": "3791", "obliqueness_angle": 1.3190275430679321, "nonfixated_points_in_view": [], "camera_rotation_original": [1.5707963705062866, -0.002101286081597209, 2.6610422134399414], "point_location": [3.2907848358154297, 0.7151510119438171, -0.953556478023529], "skybox_img_path": "./img/high/3791_skybox4.jpg", "resolution": 512, "camera_distance": 0.9232508048060311, "view_id": 12, "point_pitch": -0.2080983360621591, "camera_rotation_from_original_to_final": [0.18601158261299133, -0.09647667407989502, 0.5909488201141357], "camera_location": [3.1831748485565186, 1.6118221282958984, -0.7617413401603699], "point_normal": [-0.31622445583343506, 0.4023386836051941, -0.8591424822807312], "camera_rotation_final_quaternion": [-0.047067269682884216, -0.0370074026286602, 0.6282914280891418, 0.7756707072257996], "skybox_img": 4, "point_uuid": "195", "field_of_view_rads": 1.5766701541034631, "camera_rotation_final": [1.3615108728408813, -0.001732812961563468, 3.261399507522583]}