{"camera_uuid": "11581", "obliqueness_angle": 0.6558955907821655, "nonfixated_points_in_view": [8, 3], "camera_rotation_original": [1.5707963705062866, 0.09393996000289917, -2.498760223388672], "point_location": [5.4932861328125, 0.18884922564029694, -0.9166303277015686], "skybox_img_path": "./img/high/11581_skybox4.jpg", "resolution": 512, "camera_distance": 0.7600447918999992, "view_id": 13, "point_pitch": -0.529675885042872, "camera_rotation_from_original_to_final": [0.45531636476516724, 0.3034152090549469, -0.02637888863682747], "camera_location": [5.15294075012207, 0.7443834543228149, -0.5252037048339844], "point_normal": [-0.48851633071899414, 0.18398629128932953, 0.8529366254806519], "camera_rotation_final_quaternion": [0.19045686721801758, 0.15912987291812897, -0.46602073311805725, -0.8492517471313477], "skybox_img": 4, "point_uuid": "142", "field_of_view_rads": 1.1399099232606629, "camera_rotation_final": [1.0271790027618408, 0.0929025337100029, -2.6479341983795166]}