{"camera_uuid": "5122", "obliqueness_angle": 0.8895202279090881, "nonfixated_points_in_view": [], "camera_rotation_original": [1.5707963705062866, 0.11126117408275604, -0.4558207094669342], "point_location": [0.48665541410446167, 2.050424337387085, -1.4244725704193115], "skybox_img_path": "./img/high/5122_skybox4.jpg", "resolution": 512, "camera_distance": 0.8210998185584122, "view_id": 36, "point_pitch": -0.30531732638808684, "camera_rotation_from_original_to_final": [-0.27239862084388733, 0.13679857552051544, 0.009661148302257061], "camera_location": [0.16251035034656525, 1.337178111076355, -1.1786785125732422], "point_normal": [-0.7788903117179871, -0.1622719019651413, 0.6058033108711243], "camera_rotation_final_quaternion": [0.7764778733253479, 0.5847911238670349, -0.09135466068983078, -0.21623076498508453], "skybox_img": 4, "point_uuid": "167", "field_of_view_rads": 1.5082571856068028, "camera_rotation_final": [1.2648353576660156, 0.111259326338768, -0.4616181552410126]}