{"camera_uuid": "5806", "obliqueness_angle": 1.379955530166626, "nonfixated_points_in_view": [62, 21, 54], "camera_rotation_original": [1.5707963705062866, -0.16647149622440338, 2.778048515319824], "point_location": [2.3317840099334717, 0.14568398892879486, -1.3473780155181885], "skybox_img_path": "./img/high/5806_skybox4.jpg", "resolution": 512, "camera_distance": 0.7387412495062576, "view_id": 10, "point_pitch": -0.26017992099257903, "camera_rotation_from_original_to_final": [0.26844164729118347, -0.09595353901386261, 0.1117795929312706], "camera_location": [2.4999372959136963, 0.8344696164131165, -1.1399232149124146], "point_normal": [0.2968771159648895, 0.3930782675743103, -0.8702605962753296], "camera_rotation_final_quaternion": [0.027386527508497238, 0.1221974715590477, 0.5870748162269592, 0.7997879981994629], "skybox_img": 4, "point_uuid": "123", "field_of_view_rads": 1.957036885090066, "camera_rotation_final": [1.2821621894836426, -0.16404300928115845, 2.9506001472473145]}