{"camera_uuid": "5081", "obliqueness_angle": 1.4321911334991455, "nonfixated_points_in_view": [], "camera_rotation_original": [1.5707963705062866, -0.16310809552669525, -0.12285875529050827], "point_location": [3.4955337047576904, 2.483621597290039, -0.9530870914459229], "skybox_img_path": "./img/high/5081_skybox4.jpg", "resolution": 512, "camera_distance": 0.9003871004321111, "view_id": 0, "point_pitch": 0.14493711391953035, "camera_rotation_from_original_to_final": [0.10410256683826447, -0.008959120139479637, 0.26018035411834717], "camera_location": [3.618351697921753, 1.5966006517410278, -1.0469300746917725], "point_normal": [-0.05499757453799248, -0.04231813922524452, -0.9975893497467041], "camera_rotation_final_quaternion": [0.6618866920471191, 0.742999255657196, -0.00804620049893856, 0.09896184504032135], "skybox_img": 4, "point_uuid": "46", "field_of_view_rads": 2.078591559549699, "camera_rotation_final": [1.6765393018722534, -0.15836967527866364, 0.12084901332855225]}