{"camera_uuid": "3104", "obliqueness_angle": 1.089748501777649, "nonfixated_points_in_view": [], "camera_rotation_original": [-1.570796251296997, -3.089103937149048, 0.028635652735829353], "point_location": [-0.30368760228157043, 1.3439174890518188, -0.7665223479270935], "skybox_img_path": "./img/high/3104_skybox4.jpg", "resolution": 512, "camera_distance": 0.9129338260160361, "view_id": 37, "point_pitch": -0.13105253776046233, "camera_rotation_from_original_to_final": [0.11872676759958267, 0.0023379498161375523, -0.23975592851638794], "camera_location": [-0.11365669965744019, 2.230280637741089, -0.6583706736564636], "point_normal": [0.9422652125358582, 0.29410141706466675, -0.16012726724147797], "camera_rotation_final_quaternion": [-0.05967569723725319, -0.08692774921655655, -0.6581873297691345, -0.7454339861869812], "skybox_img": 4, "point_uuid": "180", "field_of_view_rads": 1.3001655876812834, "camera_rotation_final": [-1.6896969079971313, -3.0905282497406006, -0.2050984501838684]}