{"camera_uuid": "11869", "obliqueness_angle": 1.0460560321807861, "nonfixated_points_in_view": [], "camera_rotation_original": [1.5707963705062866, 0.04512243717908859, -1.676184892654419], "point_location": [6.416158676147461, 2.537578821182251, -1.2911784648895264], "skybox_img_path": "./img/high/11869_skybox4.jpg", "resolution": 512, "camera_distance": 0.760788289798451, "view_id": 35, "point_pitch": -0.5288020809504648, "camera_rotation_from_original_to_final": [0.06647302955389023, 0.5171605944633484, 0.20260858535766602], "camera_location": [5.758488178253174, 2.4839961528778076, -0.9125002026557922], "point_normal": [-0.00751654664054513, 0.040270037949085236, 0.9991605877876282], "camera_rotation_final_quaternion": [0.6210020780563354, 0.3770561218261719, -0.33008548617362976, -0.6026845574378967], "skybox_img": 4, "point_uuid": "148", "field_of_view_rads": 2.1403354343109027, "camera_rotation_final": [1.0492302179336548, 0.04453897848725319, -1.5150824785232544]}