{"camera_uuid": "9785", "obliqueness_angle": 1.0967788696289062, "nonfixated_points_in_view": [], "camera_rotation_original": [1.5707963705062866, 0.15715941786766052, -2.2801661491394043], "point_location": [2.745572328567505, -0.016294807195663452, -0.9296797513961792], "skybox_img_path": "./img/high/9785_skybox4.jpg", "resolution": 512, "camera_distance": 0.7379336694743044, "view_id": 28, "point_pitch": -0.3634149273249765, "camera_rotation_from_original_to_final": [0.163178488612175, 0.21974197030067444, 0.661778450012207], "camera_location": [2.036447525024414, 0.03250763192772865, -0.7314212322235107], "point_normal": [-0.5854119062423706, 0.6019739508628845, -0.5430656671524048], "camera_rotation_final_quaternion": [0.5031006336212158, 0.4414525032043457, -0.4132627248764038, -0.6174328923225403], "skybox_img": 4, "point_uuid": "102", "field_of_view_rads": 1.5082571856068028, "camera_rotation_final": [1.2964248657226562, 0.12967222929000854, -1.675889253616333]}