{"camera_uuid": "2941", "obliqueness_angle": 1.0060515403747559, "nonfixated_points_in_view": [], "camera_rotation_original": [1.5707963705062866, 0.107126884162426, -0.4525333344936371], "point_location": [2.066779375076294, 2.579990863800049, -1.4030261039733887], "skybox_img_path": "./img/high/2941_skybox4.jpg", "resolution": 512, "camera_distance": 0.8736517430179097, "view_id": 28, "point_pitch": -0.5144974430415292, "camera_rotation_from_original_to_final": [-0.5072740912437439, 0.23894798755645752, -0.43452391028404236], "camera_location": [1.5229531526565552, 2.075256586074829, -0.9417629241943359], "point_normal": [0.0033442084677517414, -0.016241353005170822, 0.9998626112937927], "camera_rotation_final_quaternion": [0.7797967195510864, 0.45569750666618347, -0.1683868020772934, -0.39484521746635437], "skybox_img": 4, "point_uuid": "51", "field_of_view_rads": 0.6025778511851491, "camera_rotation_final": [1.0116230249404907, 0.09739890694618225, -0.883443295955658]}