{"camera_uuid": "9394", "obliqueness_angle": 1.5288606882095337, "nonfixated_points_in_view": [], "camera_rotation_original": [1.5707963705062866, -0.09322156757116318, -0.6801601648330688], "point_location": [0.9227169156074524, 0.6807072758674622, -1.4383314847946167], "skybox_img_path": "./img/high/9394_skybox4.jpg", "resolution": 512, "camera_distance": 0.5426537565725429, "view_id": 20, "point_pitch": -0.7011036117884775, "camera_rotation_from_original_to_final": [-0.6310887336730957, 0.4331907033920288, 0.3560444712638855], "camera_location": [0.849058210849762, 0.2898865044116974, -1.06913423538208], "point_normal": [0.9748377203941345, -0.22190459072589874, 0.021208828315138817], "camera_rotation_final_quaternion": [0.9159003496170044, 0.39547351002693176, -0.05850778892636299, -0.03611283749341965], "skybox_img": 4, "point_uuid": "59", "field_of_view_rads": 1.7927549318813307, "camera_rotation_final": [0.8196636438369751, -0.07869245857000351, -0.11301752924919128]}