{"camera_uuid": "8402", "obliqueness_angle": 0.982822060585022, "nonfixated_points_in_view": [], "camera_rotation_original": [1.5707963705062866, -0.050090525299310684, -0.5809882283210754], "point_location": [3.4670467376708984, 1.0758438110351562, -0.6993377804756165], "skybox_img_path": "./img/high/8402_skybox4.jpg", "resolution": 512, "camera_distance": 0.9840569975912036, "view_id": 13, "point_pitch": 0.10414798656967683, "camera_rotation_from_original_to_final": [0.07908917963504791, -0.05088311806321144, 0.20419500768184662], "camera_location": [3.108372211456299, 0.16414901614189148, -0.7917141318321228], "point_normal": [-0.728654682636261, -0.24732623994350433, -0.6386642456054688], "camera_rotation_final_quaternion": [0.6642040014266968, 0.7229857444763184, -0.15565402805805206, -0.10907094180583954], "skybox_img": 4, "point_uuid": "78", "field_of_view_rads": 0.6651429173367224, "camera_rotation_final": [1.664921522140503, -0.04907830059528351, -0.3794482350349426]}