{"camera_uuid": "7406", "obliqueness_angle": 0.5848674178123474, "nonfixated_points_in_view": [], "camera_rotation_original": [1.5707963705062866, -0.10299114882946014, 0.16767680644989014], "point_location": [-0.0037994040176272392, 1.4926419258117676, -1.4197502136230469], "skybox_img_path": "./img/high/7406_skybox4.jpg", "resolution": 512, "camera_distance": 0.7331246729863861, "view_id": 6, "point_pitch": -0.42188767989608245, "camera_rotation_from_original_to_final": [-0.44701728224754333, -0.07788025587797165, 0.3052656352519989], "camera_location": [0.28525736927986145, 0.9003155827522278, -1.098708987236023], "point_normal": [0.5946656465530396, -0.7973978519439697, -0.10261386632919312], "camera_rotation_final_quaternion": [0.8146178126335144, 0.5222384929656982, 0.09117607772350311, 0.23526933789253235], "skybox_img": 4, "point_uuid": "70", "field_of_view_rads": 1.48952952790217, "camera_rotation_final": [1.1152081489562988, -0.09733974188566208, 0.5015857815742493]}