{"camera_uuid": "4489", "obliqueness_angle": 0.8616414070129395, "nonfixated_points_in_view": [], "camera_rotation_original": [1.5707963705062866, 0.0986582413315773, 2.0909104347229004], "point_location": [1.8005895614624023, 0.6414239406585693, -0.9798945188522339], "skybox_img_path": "./img/high/4489_skybox4.jpg", "resolution": 512, "camera_distance": 0.7833888340287436, "view_id": 87, "point_pitch": -0.7386905392024179, "camera_rotation_from_original_to_final": [0.3878136873245239, -0.6228596568107605, 0.10268338024616241], "camera_location": [2.22744083404541, 1.0477334260940552, -0.4637466073036194], "point_normal": [-0.012308535166084766, -0.0017647614004090428, 0.9999226927757263], "camera_rotation_final_quaternion": [0.4123753309249878, 0.13778795301914215, 0.38933485746383667, 0.812021791934967], "skybox_img": 4, "point_uuid": "193", "field_of_view_rads": 1.3330409355524353, "camera_rotation_final": [0.8473004698753357, 0.09748486429452896, 2.245785713195801]}