{"camera_uuid": "4186", "obliqueness_angle": 0.8923853039741516, "nonfixated_points_in_view": [], "camera_rotation_original": [1.5707963705062866, -0.10085446387529373, -2.9202070236206055], "point_location": [-0.30368760228157043, 1.3439174890518188, -0.7665223479270935], "skybox_img_path": "./img/high/4186_skybox4.jpg", "resolution": 512, "camera_distance": 0.7340585199153177, "view_id": 45, "point_pitch": 0.2303345958378653, "camera_rotation_from_original_to_final": [-0.2771639823913574, -0.07555404305458069, -0.5686076879501343], "camera_location": [-0.055762410163879395, 2.0029256343841553, -0.9740874171257019], "point_normal": [0.9422652125358582, 0.29410141706466675, -0.16012726724147797], "camera_rotation_final_quaternion": [-0.08157452940940857, -0.17726163566112518, -0.780999481678009, -0.5932652950286865], "skybox_img": 4, "point_uuid": "180", "field_of_view_rads": 2.081073338083007, "camera_rotation_final": [1.8584891557693481, -0.08300229161977768, -3.5259506702423096]}