{"camera_uuid": "4086", "obliqueness_angle": 1.054439663887024, "nonfixated_points_in_view": [], "camera_rotation_original": [1.5707963705062866, 0.09346820414066315, -2.4410042762756348], "point_location": [0.32991182804107666, 2.4133899211883545, -1.3794349431991577], "skybox_img_path": "./img/high/4086_skybox4.jpg", "resolution": 512, "camera_distance": 0.7836589699565746, "view_id": 20, "point_pitch": -0.5887653072688241, "camera_rotation_from_original_to_final": [0.5163226127624512, 0.3894515633583069, -0.3974170386791229], "camera_location": [0.20414911210536957, 3.0311970710754395, -0.9140110015869141], "point_normal": [0.7323230504989624, 0.6650322675704956, 0.14640741050243378], "camera_rotation_final_quaternion": [0.04557909816503525, 0.06722179800271988, -0.44556209444999695, -0.8915594220161438], "skybox_img": 4, "point_uuid": "151", "field_of_view_rads": 1.792492522379571, "camera_rotation_final": [0.9325535297393799, 0.07933100312948227, -2.9994935989379883]}