{"camera_uuid": "1864", "obliqueness_angle": 1.1203237771987915, "nonfixated_points_in_view": [], "camera_rotation_original": [1.5707963705062866, -0.1255076676607132, -0.4615824818611145], "point_location": [2.066779375076294, 2.579990863800049, -1.4030261039733887], "skybox_img_path": "./img/high/1864_skybox4.jpg", "resolution": 512, "camera_distance": 0.8281541315388976, "view_id": 6, "point_pitch": -0.5353368957850595, "camera_rotation_from_original_to_final": [-0.39845988154411316, 0.21294648945331573, -0.8351061940193176], "camera_location": [1.3590024709701538, 2.3435494899749756, -1.0438790321350098], "point_normal": [0.0033442084677517414, -0.016241353005170822, 0.9998626112937927], "camera_rotation_final_quaternion": [0.7115595936775208, 0.4152161478996277, -0.33280572295188904, -0.4588233232498169], "skybox_img": 4, "point_uuid": "51", "field_of_view_rads": 1.48952952790217, "camera_rotation_final": [1.1201547384262085, -0.09273335337638855, -1.203615665435791]}