{"camera_uuid": "6993", "obliqueness_angle": 0.9512277841567993, "nonfixated_points_in_view": [], "camera_rotation_original": [1.5707963705062866, 0.002502255141735077, -2.6421327590942383], "point_location": [2.745572328567505, -0.016294807195663452, -0.9296797513961792], "skybox_img_path": "./img/high/6993_skybox4.jpg", "resolution": 512, "camera_distance": 0.56527447258398, "view_id": 42, "point_pitch": -0.3521870811793466, "camera_rotation_from_original_to_final": [0.31204208731651306, 0.16579048335552216, 0.07107523083686829], "camera_location": [2.470759868621826, 0.4375933110713959, -0.7347466349601746], "point_normal": [-0.5854119062423706, 0.6019739508628845, -0.5430656671524048], "camera_rotation_final_quaternion": [0.21942023932933807, 0.15461643040180206, -0.5510630011558533, -0.7901127338409424], "skybox_img": 4, "point_uuid": "102", "field_of_view_rads": 1.3499468538769375, "camera_rotation_final": [1.218719720840454, 0.0025000744499266148, -2.5980844497680664]}