{"camera_uuid": "4778", "obliqueness_angle": 1.192678689956665, "nonfixated_points_in_view": [], "camera_rotation_original": [1.5707963705062866, -0.13231532275676727, -1.1344928741455078], "point_location": [1.1355481147766113, 2.277404546737671, -1.37511146068573], "skybox_img_path": "./img/high/4778_skybox4.jpg", "resolution": 512, "camera_distance": 0.7649096533619393, "view_id": 32, "point_pitch": -0.4721383293482919, "camera_rotation_from_original_to_final": [-0.14945027232170105, 0.35679805278778076, -0.7726795673370361], "camera_location": [0.4593217670917511, 2.4902446269989014, -1.087876796722412], "point_normal": [-0.34670761227607727, -0.666063666343689, 0.6604189276695251], "camera_rotation_final_quaternion": [0.5264005661010742, 0.3053813576698303, -0.46795833110809326, -0.6408273577690125], "skybox_img": 4, "point_uuid": "162", "field_of_view_rads": 1.188507872007912, "camera_rotation_final": [1.183749794960022, -0.10144752264022827, -1.8344703912734985]}