{"camera_uuid": "6345", "obliqueness_angle": 0.9688675999641418, "nonfixated_points_in_view": [], "camera_rotation_original": [1.5707963705062866, 0.017411889508366585, 0.6262181997299194], "point_location": [1.8005895614624023, 0.6414239406585693, -0.9798945188522339], "skybox_img_path": "./img/high/6345_skybox4.jpg", "resolution": 512, "camera_distance": 0.7129234724446397, "view_id": 74, "point_pitch": -0.6182157238337656, "camera_rotation_from_original_to_final": [-0.5176994204521179, -0.34158435463905334, 0.48895496129989624], "camera_location": [2.2993807792663574, 0.33822956681251526, -0.5705775618553162], "point_normal": [-0.012308535166084766, -0.0017647614004090428, 0.9999226927757263], "camera_rotation_final_quaternion": [0.7775144577026367, 0.39995476603507996, 0.23014530539512634, 0.42724764347076416], "skybox_img": 4, "point_uuid": "193", "field_of_view_rads": 2.0769119566492864, "camera_rotation_final": [0.959153413772583, 0.01612384431064129, 1.0133110284805298]}