{"camera_uuid": "6461", "obliqueness_angle": 1.3709759712219238, "nonfixated_points_in_view": [], "camera_rotation_original": [1.5707963705062866, -0.14907078444957733, -2.3992114067077637], "point_location": [4.301836967468262, 1.017685055732727, -0.9298179745674133], "skybox_img_path": "./img/high/6461_skybox4.jpg", "resolution": 512, "camera_distance": 0.7608596600408991, "view_id": 65, "point_pitch": -0.10992853244277434, "camera_rotation_from_original_to_final": [0.03365382179617882, -0.01712125353515148, -0.7090718746185303], "camera_location": [4.2761030197143555, 1.7780429124832153, -0.9197624921798706], "point_normal": [0.8034110069274902, 0.2184903621673584, 0.553888738155365], "camera_rotation_final_quaternion": [0.05245652422308922, -0.02804356813430786, -0.7018587589263916, -0.70982825756073], "skybox_img": 4, "point_uuid": "143", "field_of_view_rads": 0.7907185303916441, "camera_rotation_final": [1.5574944019317627, -0.11369114369153976, -3.1062521934509277]}