{"camera_uuid": "7509", "obliqueness_angle": 1.1603965759277344, "nonfixated_points_in_view": [21], "camera_rotation_original": [1.5707963705062866, -0.03349829092621803, -3.0459437370300293], "point_location": [2.6072916984558105, 0.47235140204429626, -1.3380800485610962], "skybox_img_path": "./img/high/7509_skybox4.jpg", "resolution": 512, "camera_distance": 0.7068988876370852, "view_id": 22, "point_pitch": -0.45285670360061125, "camera_rotation_from_original_to_final": [0.46997562050819397, 0.04118143394589424, 0.5973944664001465], "camera_location": [2.209475040435791, 0.9605054259300232, -1.0169047117233276], "point_normal": [-0.9810226559638977, -0.18625010550022125, -0.0539044626057148], "camera_rotation_final_quaternion": [0.2983148396015167, 0.1674751192331314, -0.4947524666786194, -0.7988619208335876], "skybox_img": 4, "point_uuid": "87", "field_of_view_rads": 1.6071546237233685, "camera_rotation_final": [1.0989660024642944, -0.02760852873325348, -2.443722724914551]}