{"camera_uuid": "10673", "obliqueness_angle": 1.0926746129989624, "nonfixated_points_in_view": [], "camera_rotation_original": [1.5707963705062866, -0.1365155726671219, 2.3619277477264404], "point_location": [3.54880690574646, 0.15072500705718994, -1.4055030345916748], "skybox_img_path": "./img/high/10673_skybox4.jpg", "resolution": 512, "camera_distance": 0.6179748745842645, "view_id": 14, "point_pitch": -0.4895188053462167, "camera_rotation_from_original_to_final": [0.32806825637817383, -0.30061039328575134, -0.4417530298233032], "camera_location": [4.063909530639648, 0.3673331141471863, -1.1416031122207642], "point_normal": [0.23840555548667908, 0.9557468891143799, -0.17236833274364471], "camera_rotation_final_quaternion": [0.4159722924232483, 0.3272450566291809, 0.4235454201698303, 0.7351782321929932], "skybox_img": 4, "point_uuid": "83", "field_of_view_rads": 1.0218518288922764, "camera_rotation_final": [1.1256091594696045, -0.1291593462228775, 2.0302395820617676]}