{"camera_uuid": "9814", "obliqueness_angle": 1.090071201324463, "nonfixated_points_in_view": [], "camera_rotation_original": [1.5707963705062866, 0.11134105175733566, -0.28143802285194397], "point_location": [6.319373607635498, 3.116034984588623, -1.4095163345336914], "skybox_img_path": "./img/high/9814_skybox4.jpg", "resolution": 512, "camera_distance": 0.7567323084610419, "view_id": 4, "point_pitch": -0.43964116176101165, "camera_rotation_from_original_to_final": [-0.49788618087768555, 0.12319642305374146, -0.7054504156112671], "camera_location": [5.778937339782715, 2.7373549938201904, -1.0391464233398438], "point_normal": [0.11794652789831161, -0.12946823239326477, 0.9845438599586487], "camera_rotation_final_quaternion": [0.7455843687057495, 0.4588548541069031, -0.211508110165596, -0.43453481793403625], "skybox_img": 4, "point_uuid": "112", "field_of_view_rads": 1.7779022957772381, "camera_rotation_final": [1.0573943853378296, 0.08347946405410767, -1.006584644317627]}