{"camera_uuid": "12490", "obliqueness_angle": 0.5376143455505371, "nonfixated_points_in_view": [], "camera_rotation_original": [1.5707963705062866, -0.104608453810215, -2.6481592655181885], "point_location": [1.1332991123199463, -0.8327366709709167, -1.4375404119491577], "skybox_img_path": "./img/high/12490_skybox4.jpg", "resolution": 512, "camera_distance": 0.3299829808636563, "view_id": 31, "point_pitch": -0.5048844059321542, "camera_rotation_from_original_to_final": [0.44773513078689575, 0.24321457743644714, 0.03513655066490173], "camera_location": [1.002773404121399, -0.5751895308494568, -1.2777866125106812], "point_normal": [-0.5603585243225098, 0.8280418515205383, -0.018577322363853455], "camera_rotation_final_quaternion": [0.2498866766691208, 0.08830569684505463, -0.5001384019851685, -0.8243908882141113], "skybox_img": 4, "point_uuid": "147", "field_of_view_rads": 0.9476384761560841, "camera_rotation_final": [1.0623904466629028, -0.10454938560724258, -2.614427089691162]}