{"camera_uuid": "13618", "obliqueness_angle": 1.1703457832336426, "nonfixated_points_in_view": [65, 118], "camera_rotation_original": [1.5707963705062866, 0.04938711225986481, -0.09049724787473679], "point_location": [0.580907940864563, -0.050188999623060226, -1.4085019826889038], "skybox_img_path": "./img/high/13618_skybox4.jpg", "resolution": 512, "camera_distance": 0.971791261947642, "view_id": 40, "point_pitch": -0.5010124882075448, "camera_rotation_from_original_to_final": [-0.5192063450813293, 0.04702049121260643, -0.4199431240558624], "camera_location": [0.17882871627807617, -0.7908848524093628, -0.9246835708618164], "point_normal": [0.11274728178977966, 0.07453673332929611, 0.9908240437507629], "camera_rotation_final_quaternion": [0.8330029249191284, 0.4886816442012787, -0.11072039604187012, -0.23460039496421814], "skybox_img": 4, "point_uuid": "57", "field_of_view_rads": 1.1399099232606629, "camera_rotation_final": [1.0490862131118774, 0.04484401270747185, -0.5230929851531982]}