{"camera_uuid": "13407", "obliqueness_angle": 0.7631406784057617, "nonfixated_points_in_view": [], "camera_rotation_original": [1.5707963705062866, -0.12692052125930786, -1.6141557693481445], "point_location": [2.9207348823547363, -0.5152132511138916, -0.5628843903541565], "skybox_img_path": "./img/high/13407_skybox4.jpg", "resolution": 512, "camera_distance": 0.8890463605917565, "view_id": 41, "point_pitch": -0.5430762012812753, "camera_rotation_from_original_to_final": [0.004851886536926031, 0.5388282537460327, -0.06716097146272659], "camera_location": [2.1627748012542725, -0.4256080389022827, -0.10695582628250122], "point_normal": [-0.26315274834632874, 0.039460260421037674, 0.9639468193054199], "camera_rotation_final_quaternion": [0.6242350935935974, 0.2996947765350342, -0.3921334743499756, -0.6055946946144104], "skybox_img": 4, "point_uuid": "152", "field_of_view_rads": 1.689463874588242, "camera_rotation_final": [1.0274688005447388, -0.12692032754421234, -1.6121679544448853]}