{"camera_uuid": "9147", "obliqueness_angle": 0.708529531955719, "nonfixated_points_in_view": [], "camera_rotation_original": [1.5707963705062866, 0.0682952031493187, -1.9534746408462524], "point_location": [2.745572328567505, -0.016294807195663452, -0.9296797513961792], "skybox_img_path": "./img/high/9147_skybox4.jpg", "resolution": 512, "camera_distance": 0.22171584943896985, "view_id": 65, "point_pitch": -0.04620496829482512, "camera_rotation_from_original_to_final": [0.01886460743844509, 0.047000445425510406, -0.06289618462324142], "camera_location": [2.5458030700683594, 0.07922584563493729, -0.9184563159942627], "point_normal": [-0.5854119062423706, 0.6019739508628845, -0.5430656671524048], "camera_rotation_final_quaternion": [0.3653213381767273, 0.38703545928001404, -0.5699940323829651, -0.6259797215461731], "skybox_img": 4, "point_uuid": "102", "field_of_view_rads": 1.0218518288922764, "camera_rotation_final": [1.5200361013412476, 0.06814343482255936, -2.020275115966797]}