{"camera_uuid": "8638", "obliqueness_angle": 1.0821033716201782, "nonfixated_points_in_view": [], "camera_rotation_original": [1.5707963705062866, -0.0810912549495697, 1.6163992881774902], "point_location": [2.9207348823547363, -0.5152132511138916, -0.5628843903541565], "skybox_img_path": "./img/high/8638_skybox4.jpg", "resolution": 512, "camera_distance": 0.8577514918577585, "view_id": 43, "point_pitch": -0.636356039843287, "camera_rotation_from_original_to_final": [0.03797062113881111, -0.6845491528511047, 0.6110966801643372], "camera_location": [3.4412221908569336, -0.10287604480981827, -0.01992163062095642], "point_normal": [-0.26315274834632874, 0.039460260421037674, 0.9639468193054199], "camera_rotation_final_quaternion": [0.3597779870033264, 0.20209570229053497, 0.37769538164138794, 0.8288928270339966], "skybox_img": 4, "point_uuid": "152", "field_of_view_rads": 0.950131287597413, "camera_rotation_final": [0.8837228417396545, -0.06330064684152603, 2.292623996734619]}