{"camera_uuid": "1334", "obliqueness_angle": 0.9746554493904114, "nonfixated_points_in_view": [], "camera_rotation_original": [1.5707963705062866, 0.05975133180618286, -0.7758688926696777], "point_location": [2.066779375076294, 2.579990863800049, -1.4030261039733887], "skybox_img_path": "./img/high/1334_skybox4.jpg", "resolution": 512, "camera_distance": 0.41130190654346843, "view_id": 0, "point_pitch": -0.585607691607203, "camera_rotation_from_original_to_final": [-0.43648791313171387, 0.4060720205307007, -0.09832675755023956], "camera_location": [1.8261035680770874, 2.3363749980926514, -1.1752197742462158], "point_normal": [0.0033442084677517414, -0.016241353005170822, 0.9998626112937927], "camera_rotation_final_quaternion": [0.8028345108032227, 0.4430457353591919, -0.1636376827955246, -0.3638542890548706], "skybox_img": 4, "point_uuid": "51", "field_of_view_rads": 2.078591559549699, "camera_rotation_final": [0.9826080203056335, 0.05969569832086563, -0.8190959692001343]}