{"camera_uuid": "7840", "obliqueness_angle": 0.9676825404167175, "nonfixated_points_in_view": [], "camera_rotation_original": [1.5707963705062866, -0.023638484999537468, 0.7991070747375488], "point_location": [-0.4054321348667145, 1.2653040885925293, -0.6841932535171509], "skybox_img_path": "./img/high/7840_skybox4.jpg", "resolution": 512, "camera_distance": 0.35387244842068216, "view_id": 43, "point_pitch": -0.5835358341548105, "camera_rotation_from_original_to_final": [-0.42594844102859497, -0.4063678979873657, -0.06994881480932236], "camera_location": [-0.2289356142282486, 1.027665138244629, -0.49027982354164124], "point_normal": [0.040700461715459824, 0.0009101604809984565, 0.9991709589958191], "camera_rotation_final_quaternion": [0.8313241600990295, 0.45340487360954285, 0.14295536279678345, 0.28790268301963806], "skybox_img": 4, "point_uuid": "104", "field_of_view_rads": 0.9196569054818151, "camera_rotation_final": [0.9906749129295349, -0.023390620946884155, 0.6541446447372437]}