{"camera_uuid": "8995", "obliqueness_angle": 1.3679827451705933, "nonfixated_points_in_view": [], "camera_rotation_original": [1.5707963705062866, 0.16675275564193726, 2.65633487701416], "point_location": [-0.11395721882581711, -0.04560520127415657, -1.4123445749282837], "skybox_img_path": "./img/high/8995_skybox4.jpg", "resolution": 512, "camera_distance": 0.832237520304664, "view_id": 65, "point_pitch": -0.23164884646865325, "camera_rotation_from_original_to_final": [0.19213873147964478, -0.10450949519872665, 0.08802200853824615], "camera_location": [0.19248414039611816, 0.7068596482276917, -1.2320401668548584], "point_normal": [0.004181658383458853, -0.01849798485636711, 0.9998201131820679], "camera_rotation_final_quaternion": [0.2145228534936905, 0.06752349436283112, 0.6221860647201538, 0.7498700022697449], "skybox_img": 4, "point_uuid": "192", "field_of_view_rads": 0.63963352615166, "camera_rotation_final": [1.3493034839630127, 0.16644605994224548, 2.717560291290283]}