{"camera_uuid": "15256", "obliqueness_angle": 1.0451289415359497, "nonfixated_points_in_view": [], "camera_rotation_original": [1.5707963705062866, -0.12859764695167542, -0.22486475110054016], "point_location": [5.577847957611084, 0.5073602795600891, -0.8285789489746094], "skybox_img_path": "./img/high/15256_skybox4.jpg", "resolution": 512, "camera_distance": 0.8021994012396367, "view_id": 8, "point_pitch": -0.45123998721572356, "camera_rotation_from_original_to_final": [-0.48852065205574036, 0.10147784650325775, 0.31757184863090515], "camera_location": [5.65974235534668, -0.19259880483150482, -0.4453369081020355], "point_normal": [0.047805894166231155, -0.0227388683706522, 0.9985978007316589], "camera_rotation_final_quaternion": [0.8528060913085938, 0.5109879970550537, -0.004656143952161074, 0.10766293108463287], "skybox_img": 4, "point_uuid": "11", "field_of_view_rads": 1.6816280418618088, "camera_rotation_final": [1.0688889026641846, -0.11824587732553482, 0.18111920356750488]}