{"camera_uuid": "13033", "obliqueness_angle": 0.4274979829788208, "nonfixated_points_in_view": [56], "camera_rotation_original": [-1.570796251296997, -2.998483180999756, -0.07310572266578674], "point_location": [1.1332991123199463, -0.8327366709709167, -1.4375404119491577], "skybox_img_path": "./img/high/13033_skybox4.jpg", "resolution": 512, "camera_distance": 0.5657644450344916, "view_id": 18, "point_pitch": -0.19452099402877288, "camera_rotation_from_original_to_final": [0.24154546856880188, -0.022364184260368347, 0.32304468750953674], "camera_location": [0.9956883788108826, -0.30104660987854004, -1.3016787767410278], "point_normal": [-0.5603585243225098, 0.8280418515205383, -0.018577322363853455], "camera_rotation_final_quaternion": [0.15311673283576965, 0.03546322137117386, -0.6153643131256104, -0.7724146246910095], "skybox_img": 4, "point_uuid": "147", "field_of_view_rads": 2.056502920039658, "camera_rotation_final": [-1.8155449628829956, -3.007530927658081, 0.2866303026676178]}