{"camera_uuid": "12508", "obliqueness_angle": 1.1139838695526123, "nonfixated_points_in_view": [], "camera_rotation_original": [1.5707963705062866, 0.06199807673692703, -0.8489015698432922], "point_location": [1.46160089969635, 0.19978925585746765, -1.450141191482544], "skybox_img_path": "./img/high/12508_skybox4.jpg", "resolution": 512, "camera_distance": 0.963601064999092, "view_id": 5, "point_pitch": -0.3037918051097055, "camera_rotation_from_original_to_final": [-0.19659732282161713, 0.2214984893798828, 0.1281675547361374], "camera_location": [0.8687430024147034, -0.5062686800956726, -1.1699113845825195], "point_normal": [-0.5807929635047913, 0.19898450374603271, 0.7893571853637695], "camera_rotation_final_quaternion": [0.7456591725349426, 0.5657860040664673, -0.18568432331085205, -0.29899826645851135], "skybox_img": 4, "point_uuid": "100", "field_of_view_rads": 2.119048415795751, "camera_rotation_final": [1.2751426696777344, 0.061462316662073135, -0.7171744704246521]}