{"camera_uuid": "8388", "obliqueness_angle": 0.9028658866882324, "nonfixated_points_in_view": [93], "camera_rotation_original": [1.5707963705062866, 0.0025468224193900824, -2.230599880218506], "point_location": [4.528530120849609, 1.0438001155853271, -1.4141380786895752], "skybox_img_path": "./img/high/8388_skybox4.jpg", "resolution": 512, "camera_distance": 0.9152127755482281, "view_id": 29, "point_pitch": -0.6485592563960214, "camera_rotation_from_original_to_final": [0.43597352504730225, 0.49804919958114624, -0.2983037829399109], "camera_location": [4.178937911987305, 1.6833027601242065, -0.8605713844299316], "point_normal": [0.012244894169270992, 0.0278637632727623, 0.9995367527008057], "camera_rotation_final_quaternion": [0.22046852111816406, 0.11066017299890518, -0.4304988384246826, -0.8682273626327515], "skybox_img": 4, "point_uuid": "140", "field_of_view_rads": 2.0062308946333633, "camera_rotation_final": [0.9212165474891663, 0.0023334978614002466, -2.64308762550354]}