{"camera_uuid": "6453", "obliqueness_angle": 1.4462028741836548, "nonfixated_points_in_view": [], "camera_rotation_original": [1.5707963705062866, -0.03599759563803673, -0.706662118434906], "point_location": [3.4670467376708984, 1.0758438110351562, -0.6993377804756165], "skybox_img_path": "./img/high/6453_skybox4.jpg", "resolution": 512, "camera_distance": 0.502769785525387, "view_id": 59, "point_pitch": -0.7288347919795175, "camera_rotation_from_original_to_final": [-0.584500789642334, 0.43413132429122925, -0.6107578277587891], "camera_location": [3.114243745803833, 0.9335535168647766, -0.3706114888191223], "point_normal": [-0.6784085035324097, -0.30312207341194153, -0.6692376136779785], "camera_rotation_final_quaternion": [0.7644396424293518, 0.3397786319255829, -0.24007326364517212, -0.4924909174442291], "skybox_img": 4, "point_uuid": "78", "field_of_view_rads": 1.9352794957620667, "camera_rotation_final": [0.857707142829895, -0.03237289935350418, -1.1594491004943848]}