{"camera_uuid": "13339", "obliqueness_angle": 1.0004583597183228, "nonfixated_points_in_view": [], "camera_rotation_original": [1.5707963705062866, -0.09980212897062302, -0.8861162662506104], "point_location": [5.4932861328125, 0.18884922564029694, -0.9166303277015686], "skybox_img_path": "./img/high/13339_skybox4.jpg", "resolution": 512, "camera_distance": 0.3566608259582295, "view_id": 73, "point_pitch": -0.11457304557296233, "camera_rotation_from_original_to_final": [-0.007877926342189312, 0.052688565105199814, -0.7637571096420288], "camera_location": [5.138089179992676, 0.21669864654541016, -0.9003059267997742], "point_normal": [-0.48851633071899414, 0.18398629128932953, 0.8529366254806519], "camera_rotation_final_quaternion": [0.5098583102226257, 0.4502425789833069, -0.5238288044929504, -0.5127664804458618], "skybox_img": 4, "point_uuid": "142", "field_of_view_rads": 0.8863655597235185, "camera_rotation_final": [1.5248897075653076, -0.07248175144195557, -1.6457151174545288]}