{"camera_uuid": "7729", "obliqueness_angle": 0.8198807835578918, "nonfixated_points_in_view": [], "camera_rotation_original": [1.5707963705062866, 0.014539000578224659, 0.44009119272232056], "point_location": [3.6669938564300537, 1.5509448051452637, -1.3941354751586914], "skybox_img_path": "./img/high/7729_skybox4.jpg", "resolution": 512, "camera_distance": 0.7397506562649367, "view_id": 3, "point_pitch": -0.18743078311416106, "camera_rotation_from_original_to_final": [-0.15975937247276306, -0.07850322872400284, 0.7293851375579834], "camera_location": [4.3353400230407715, 1.262116551399231, -1.2632818222045898], "point_normal": [0.3106723129749298, -0.9194551110267639, 0.24100880324840546], "camera_rotation_final_quaternion": [0.6433730721473694, 0.5341419577598572, 0.3553139269351959, 0.4177504777908325], "skybox_img": 4, "point_uuid": "61", "field_of_view_rads": 1.0386947080855735, "camera_rotation_final": [1.3929611444473267, 0.010922898538410664, 1.160918951034546]}