{"camera_uuid": "11738", "obliqueness_angle": 1.001863718032837, "nonfixated_points_in_view": [], "camera_rotation_original": [1.5707963705062866, 0.06457142531871796, 1.2634913921356201], "point_location": [4.301836967468262, 1.017685055732727, -0.9298179745674133], "skybox_img_path": "./img/high/11738_skybox4.jpg", "resolution": 512, "camera_distance": 0.6559230211240151, "view_id": 26, "point_pitch": 0.44944758812454744, "camera_rotation_from_original_to_final": [0.1389630138874054, 0.43096426129341125, 0.04704670235514641], "camera_location": [4.867010116577148, 0.8475783467292786, -1.2159613370895386], "point_normal": [0.8843962550163269, 0.35868605971336365, 0.2986428737640381], "camera_rotation_final_quaternion": [0.4371747374534607, 0.6615520715713501, 0.5295956134796143, 0.3012566566467285], "skybox_img": 4, "point_uuid": "143", "field_of_view_rads": 1.82720328702949, "camera_rotation_final": [2.023228645324707, 0.06450246274471283, 1.3097593784332275]}