{"camera_uuid": "8028", "obliqueness_angle": 0.988560676574707, "nonfixated_points_in_view": [120], "camera_rotation_original": [1.5707963705062866, -0.0825648084282875, 0.6235076189041138], "point_location": [-0.4054321348667145, 1.2653040885925293, -0.6841932535171509], "skybox_img_path": "./img/high/8028_skybox4.jpg", "resolution": 512, "camera_distance": 0.4661812933073806, "view_id": 53, "point_pitch": -0.5100251873347421, "camera_rotation_from_original_to_final": [-0.457935094833374, -0.3107239305973053, 0.5180755853652954], "camera_location": [-0.056614819914102554, 1.0733888149261475, -0.4416649043560028], "point_normal": [0.040700461715459824, 0.0009101604809984565, 0.9991709589958191], "camera_rotation_final_quaternion": [0.7308818101882935, 0.4318680763244629, 0.23101437091827393, 0.47532525658607483], "skybox_img": 4, "point_uuid": "104", "field_of_view_rads": 1.7197523314966958, "camera_rotation_final": [1.0220344066619873, -0.07293183356523514, 1.1123303174972534]}