{"camera_uuid": "9467", "obliqueness_angle": 0.7894668579101562, "nonfixated_points_in_view": [65, 118], "camera_rotation_original": [1.5707963705062866, -0.07112031430006027, 2.5675535202026367], "point_location": [0.580907940864563, -0.050188999623060226, -1.4085019826889038], "skybox_img_path": "./img/high/9467_skybox4.jpg", "resolution": 512, "camera_distance": 0.4687974794005064, "view_id": 27, "point_pitch": -0.4281882484767099, "camera_rotation_from_original_to_final": [0.40138205885887146, -0.2574756145477295, 0.6124390959739685], "camera_location": [0.5419844388961792, 0.3653247058391571, -1.1949501037597656], "point_normal": [-0.16356271505355835, 0.2954562306404114, 0.941250741481781], "camera_rotation_final_quaternion": [-0.06595990061759949, -0.008351139724254608, 0.5216940641403198, 0.8505379557609558], "skybox_img": 4, "point_uuid": "57", "field_of_view_rads": 1.949514490688795, "camera_rotation_final": [1.097062587738037, -0.054643042385578156, 3.2629876136779785]}