{"camera_uuid": "4806", "obliqueness_angle": 1.216625690460205, "nonfixated_points_in_view": [], "camera_rotation_original": [1.5707963705062866, 0.1127362847328186, 1.2971216440200806], "point_location": [2.196098566055298, 2.2025678157806396, -1.3980869054794312], "skybox_img_path": "./img/high/4806_skybox4.jpg", "resolution": 512, "camera_distance": 0.7461190525228263, "view_id": 10, "point_pitch": -0.06352369388076262, "camera_rotation_from_original_to_final": [-0.012767097912728786, -0.136215940117836, -0.6743381023406982], "camera_location": [2.6258480548858643, 1.6009124517440796, -1.297987699508667], "point_normal": [0.9356234073638916, 0.2750264108181, 0.22129014134407043], "camera_rotation_final_quaternion": [0.7265369296073914, 0.6171421408653259, 0.22815710306167603, 0.1980505734682083], "skybox_img": 4, "point_uuid": "165", "field_of_view_rads": 1.9554518605800617, "camera_rotation_final": [1.4357144832611084, 0.08718885481357574, 0.6084105372428894]}