{"camera_uuid": "8681", "obliqueness_angle": 1.076865553855896, "nonfixated_points_in_view": [], "camera_rotation_original": [1.5707963705062866, 0.02805344946682453, -2.4023985862731934], "point_location": [2.745572328567505, -0.016294807195663452, -0.9296797513961792], "skybox_img_path": "./img/high/8681_skybox4.jpg", "resolution": 512, "camera_distance": 0.7953373587064024, "view_id": 69, "point_pitch": -0.35956065257522063, "camera_rotation_from_original_to_final": [0.25592660903930664, 0.23139972984790802, 0.6531157493591309], "camera_location": [2.0129456520080566, 0.13911911845207214, -0.6619743704795837], "point_normal": [-0.5854119062423706, 0.6019739508628845, -0.5430656671524048], "camera_rotation_final_quaternion": [0.5068241357803345, 0.36796027421951294, -0.44306719303131104, -0.6414249539375305], "skybox_img": 4, "point_uuid": "102", "field_of_view_rads": 2.1466993855908125, "camera_rotation_final": [1.2274055480957031, 0.022925501689314842, -1.7880264520645142]}