{"camera_uuid": "13509", "obliqueness_angle": 1.0545614957809448, "nonfixated_points_in_view": [], "camera_rotation_original": [1.5707963705062866, 0.17420287430286407, -1.4848055839538574], "point_location": [1.1332991123199463, -0.8327366709709167, -1.4375404119491577], "skybox_img_path": "./img/high/13509_skybox4.jpg", "resolution": 512, "camera_distance": 0.423806516941419, "view_id": 38, "point_pitch": -0.5349175175044198, "camera_rotation_from_original_to_final": [-0.02788165584206581, 0.5668100714683533, -0.1468329280614853], "camera_location": [0.7761380672454834, -0.8166936635971069, -1.2099649906158447], "point_normal": [-0.5603585243225098, 0.8280418515205383, -0.018577322363853455], "camera_rotation_final_quaternion": [0.5391449928283691, 0.3657369017601013, -0.31264472007751465, -0.6912398338317871], "skybox_img": 4, "point_uuid": "147", "field_of_view_rads": 0.9196569054818151, "camera_rotation_final": [0.9946826100349426, 0.16930991411209106, -1.724713921546936]}