{"camera_uuid": "5167", "obliqueness_angle": 1.1801724433898926, "nonfixated_points_in_view": [], "camera_rotation_original": [1.5707963705062866, -0.13066522777080536, -0.06642629951238632], "point_location": [-0.014790859073400497, 3.0187888145446777, -1.4541010856628418], "skybox_img_path": "./img/high/5167_skybox4.jpg", "resolution": 512, "camera_distance": 0.7378385265934984, "view_id": 6, "point_pitch": -0.483239813646998, "camera_rotation_from_original_to_final": [-0.3879355192184448, 0.05232436582446098, -0.828708291053772], "camera_location": [-0.5403103828430176, 2.583521604537964, -1.1734280586242676], "point_normal": [-0.0014163268497213721, 0.001087893615476787, 0.9999983906745911], "camera_rotation_final_quaternion": [0.7687589526176453, 0.4910508692264557, -0.2620488405227661, -0.31497475504875183], "skybox_img": 4, "point_uuid": "3", "field_of_view_rads": 1.48952952790217, "camera_rotation_final": [1.1787556409835815, -0.09370458871126175, -0.8403937816619873]}