{"camera_uuid": "13106", "obliqueness_angle": 1.2690695524215698, "nonfixated_points_in_view": [33], "camera_rotation_original": [1.5707963705062866, 0.10285572707653046, -2.9752771854400635], "point_location": [5.615777015686035, 2.4743409156799316, -1.4249221086502075], "skybox_img_path": "./img/high/13106_skybox4.jpg", "resolution": 512, "camera_distance": 0.27898111700945355, "view_id": 11, "point_pitch": -0.7075051506373544, "camera_rotation_from_original_to_final": [0.6493864059448242, 0.09236998856067657, 0.5993338227272034], "camera_location": [5.466865539550781, 2.637993812561035, -1.2549998760223389], "point_normal": [-0.9627537131309509, -0.11571325361728668, -0.2443682849407196], "camera_rotation_final_quaternion": [0.2755155563354492, 0.18271586298942566, -0.4025843143463135, -0.8535994291305542], "skybox_img": 4, "point_uuid": "125", "field_of_view_rads": 1.0039714359666843, "camera_rotation_final": [0.912754476070404, 0.09021816402673721, -2.4728519916534424]}