{"camera_uuid": "15272", "obliqueness_angle": 1.0035009384155273, "nonfixated_points_in_view": [], "camera_rotation_original": [1.5707963705062866, 0.13876721262931824, -2.3234879970550537], "point_location": [6.403560161590576, -0.3128143846988678, -1.373155951499939], "skybox_img_path": "./img/high/15272_skybox4.jpg", "resolution": 512, "camera_distance": 0.7105220744212523, "view_id": 14, "point_pitch": -0.6348962028834482, "camera_rotation_from_original_to_final": [0.43810027837753296, 0.40321627259254456, 0.48885950446128845], "camera_location": [5.847262382507324, -0.11052238196134567, -0.9801517128944397], "point_normal": [-0.4072767198085785, 0.9103356599807739, -0.07358577847480774], "camera_rotation_final_quaternion": [0.44677457213401794, 0.3010081350803375, -0.36446380615234375, -0.7595740556716919], "skybox_img": 4, "point_uuid": "113", "field_of_view_rads": 1.6924921945557647, "camera_rotation_final": [0.9788540005683899, 0.13199254870414734, -2.00783109664917]}