{"camera_uuid": "12299", "obliqueness_angle": 1.4564998149871826, "nonfixated_points_in_view": [], "camera_rotation_original": [1.5707963705062866, -0.059280842542648315, 1.3202686309814453], "point_location": [4.301836967468262, 1.017685055732727, -0.9298179745674133], "skybox_img_path": "./img/high/12299_skybox4.jpg", "resolution": 512, "camera_distance": 0.663783087570228, "view_id": 62, "point_pitch": 0.5324562350895743, "camera_rotation_from_original_to_final": [0.15653857588768005, 0.538419246673584, -0.396948903799057], "camera_location": [4.736015319824219, 0.6594223380088806, -1.2815920114517212], "point_normal": [0.8034110069274902, 0.2184903621673584, 0.553888738155365], "camera_rotation_final_quaternion": [0.43187540769577026, 0.8023792505264282, 0.34808650612831116, 0.22024297714233398], "skybox_img": 4, "point_uuid": "143", "field_of_view_rads": 2.058242179128823, "camera_rotation_final": [2.130214214324951, -0.05280131474137306, 0.8478729724884033]}