{"camera_uuid": "15876", "obliqueness_angle": 0.8189215064048767, "nonfixated_points_in_view": [], "camera_rotation_original": [1.5707963705062866, 0.09378135204315186, 1.7735540866851807], "point_location": [5.327018737792969, -0.6150552034378052, -1.3985912799835205], "skybox_img_path": "./img/high/15876_skybox4.jpg", "resolution": 512, "camera_distance": 0.9107997032125036, "view_id": 20, "point_pitch": -0.7401758869502206, "camera_rotation_from_original_to_final": [0.1569911539554596, -0.7433574795722961, -0.20139965415000916], "camera_location": [5.987762451171875, -0.5650672316551208, -0.7737112641334534], "point_normal": [-0.004159807693213224, -0.0008233638945966959, 0.9999910593032837], "camera_rotation_final_quaternion": [0.6654703617095947, 0.25052350759506226, 0.306918203830719, 0.6326044201850891], "skybox_img": 4, "point_uuid": "39", "field_of_view_rads": 1.7927549318813307, "camera_rotation_final": [0.8107291460037231, 0.09165363758802414, 1.559523105621338]}