{"camera_uuid": "3561", "obliqueness_angle": 0.99967360496521, "nonfixated_points_in_view": [32], "camera_rotation_original": [1.5707963705062866, 0.07839043438434601, 0.884086012840271], "point_location": [0.22651520371437073, 2.849133014678955, -1.442795991897583], "skybox_img_path": "./img/high/3561_skybox4.jpg", "resolution": 512, "camera_distance": 0.9689417964515491, "view_id": 14, "point_pitch": -0.5151123245570322, "camera_rotation_from_original_to_final": [-0.3737483024597168, -0.416958212852478, -0.3972283899784088], "camera_location": [0.5532829165458679, 2.0918569564819336, -0.9342647194862366], "point_normal": [0.024610353633761406, -0.009762244299054146, 0.9996494650840759], "camera_rotation_final_quaternion": [0.861496090888977, 0.4730232059955597, 0.11761492490768433, 0.1422681212425232], "skybox_img": 4, "point_uuid": "150", "field_of_view_rads": 1.0905758212600238, "camera_rotation_final": [1.0168455839157104, 0.06811000406742096, 0.3652944266796112]}