{"camera_uuid": "6452", "obliqueness_angle": 0.7694650888442993, "nonfixated_points_in_view": [], "camera_rotation_original": [1.5707963705062866, 0.08393581211566925, 0.01284568477421999], "point_location": [3.765934944152832, 1.8845245838165283, -1.4114539623260498], "skybox_img_path": "./img/high/6452_skybox4.jpg", "resolution": 512, "camera_distance": 0.35733587111004983, "view_id": 16, "point_pitch": -0.6093098362300058, "camera_rotation_from_original_to_final": [-0.578930139541626, 0.0017350856214761734, 0.39386430382728577], "camera_location": [3.8852627277374268, 1.6102333068847656, -1.2159696817398071], "point_normal": [-0.0554204061627388, -0.27599287033081055, 0.9595605731010437], "camera_rotation_final_quaternion": [0.8685546517372131, 0.46081337332725525, 0.1188310980796814, 0.13835830986499786], "skybox_img": 4, "point_uuid": "154", "field_of_view_rads": 1.794124606241639, "camera_rotation_final": [0.9899023175239563, 0.07899001240730286, 0.35859155654907227]}