{"camera_uuid": "13795", "obliqueness_angle": 1.2142174243927002, "nonfixated_points_in_view": [118], "camera_rotation_original": [1.5707963705062866, 0.08034978806972504, -0.7799733877182007], "point_location": [0.580907940864563, -0.050188999623060226, -1.4085019826889038], "skybox_img_path": "./img/high/13795_skybox4.jpg", "resolution": 512, "camera_distance": 0.8615393222900218, "view_id": 66, "point_pitch": -0.2022518356654306, "camera_rotation_from_original_to_final": [-0.1904555857181549, 0.1652439534664154, -0.6591616868972778], "camera_location": [-0.2447904348373413, -0.17127402126789093, -1.1944679021835327], "point_normal": [-0.16356271505355835, 0.2954562306404114, 0.941250741481781], "camera_rotation_final_quaternion": [0.5805864334106445, 0.4767233431339264, -0.38538143038749695, -0.5358501672744751], "skybox_img": 4, "point_uuid": "57", "field_of_view_rads": 0.63963352615166, "camera_rotation_final": [1.3192179203033447, 0.06345264613628387, -1.4414851665496826]}