{"camera_uuid": "14596", "obliqueness_angle": 0.928576648235321, "nonfixated_points_in_view": [], "camera_rotation_original": [1.5707963705062866, 0.14943642914295197, 1.5175449848175049], "point_location": [0.9536174535751343, -0.7778398990631104, -1.5063177347183228], "skybox_img_path": "./img/high/14596_skybox4.jpg", "resolution": 512, "camera_distance": 0.38961147429407633, "view_id": 7, "point_pitch": -0.5749589641902109, "camera_rotation_from_original_to_final": [-0.04937534034252167, -0.6478877067565918, -0.4612092971801758], "camera_location": [1.221653699874878, -0.9341709613800049, -1.2707030773162842], "point_normal": [-0.008941924199461937, -0.0010165447602048516, 0.9999595284461975], "camera_rotation_final_quaternion": [0.8096030354499817, 0.36675170063972473, 0.25124067068099976, 0.38329389691352844], "skybox_img": 4, "point_uuid": "89", "field_of_view_rads": 1.1498058012590282, "camera_rotation_final": [0.9152722954750061, 0.12599612772464752, 0.9464566111564636]}