{"camera_uuid": "6306", "obliqueness_angle": 1.4507086277008057, "nonfixated_points_in_view": [], "camera_rotation_original": [1.5707963705062866, 0.007811212912201881, 2.9635791778564453], "point_location": [4.301836967468262, 1.017685055732727, -0.9298179745674133], "skybox_img_path": "./img/high/6306_skybox4.jpg", "resolution": 512, "camera_distance": 0.7167646098086159, "view_id": 5, "point_pitch": 0.09171255032089753, "camera_rotation_from_original_to_final": [-0.0932098850607872, 0.017358388751745224, 0.40598729252815247], "camera_location": [4.139989852905273, 1.7126333713531494, -0.9976696968078613], "point_normal": [0.8843962550163269, 0.35868605971336365, 0.2986428737640381], "camera_rotation_final_quaternion": [-0.07439721375703812, -0.08710213750600815, 0.7346735596656799, 0.6686800718307495], "skybox_img": 4, "point_uuid": "143", "field_of_view_rads": 0.9904486154446002, "camera_rotation_final": [1.6656047105789185, 0.007171659730374813, 3.371086835861206]}