{"camera_uuid": "16111", "obliqueness_angle": 0.3333897590637207, "nonfixated_points_in_view": [], "camera_rotation_original": [1.5707963705062866, 0.17275483906269073, -0.9784994125366211], "point_location": [6.472002983093262, 0.15190300345420837, -1.4097909927368164], "skybox_img_path": "./img/high/16111_skybox4.jpg", "resolution": 512, "camera_distance": 0.9812729489625396, "view_id": 2, "point_pitch": -0.4774340828272958, "camera_rotation_from_original_to_final": [-0.23188970983028412, 0.3014189600944519, 0.6138672232627869], "camera_location": [6.1741838455200195, -0.7101980447769165, -1.0478764772415161], "point_normal": [-0.2145971804857254, -0.974611759185791, 0.06387608498334885], "camera_rotation_final_quaternion": [0.8028063178062439, 0.5595638155937195, -0.04977671056985855, -0.1997814029455185], "skybox_img": 4, "point_uuid": "86", "field_of_view_rads": 2.119048415795751, "camera_rotation_final": [1.188893437385559, 0.1441575586795807, -0.39025479555130005]}