{"camera_uuid": "4863", "obliqueness_angle": 1.0832383632659912, "nonfixated_points_in_view": [], "camera_rotation_original": [1.5707963705062866, -0.08790946006774902, -2.4259495735168457], "point_location": [4.301836967468262, 1.017685055732727, -0.9298179745674133], "skybox_img_path": "./img/high/4863_skybox4.jpg", "resolution": 512, "camera_distance": 0.9059196971895491, "view_id": 53, "point_pitch": -0.5853716572138925, "camera_rotation_from_original_to_final": [0.4529973566532135, 0.3816515803337097, 0.04314333200454712], "camera_location": [3.835566997528076, 1.6128448247909546, -0.43075117468833923], "point_normal": [0.34493890404701233, 0.21770301461219788, 0.9130293130874634], "camera_rotation_final_quaternion": [0.3306952714920044, 0.13076721131801605, -0.45546939969062805, -0.8161422610282898], "skybox_img": 4, "point_uuid": "143", "field_of_view_rads": 1.4743485341217646, "camera_rotation_final": [0.9847990274429321, -0.08790701627731323, -2.418823719024658]}