{"camera_uuid": "5767", "obliqueness_angle": 0.6827334761619568, "nonfixated_points_in_view": [120], "camera_rotation_original": [1.5707963705062866, -0.11507672071456909, 1.5139602422714233], "point_location": [-0.0037994040176272392, 1.4926419258117676, -1.4197502136230469], "skybox_img_path": "./img/high/5767_skybox4.jpg", "resolution": 512, "camera_distance": 0.6129007920928694, "view_id": 19, "point_pitch": -0.3379855593058725, "camera_rotation_from_original_to_final": [-0.017030030488967896, -0.30350950360298157, -0.3152707815170288], "camera_location": [0.5403997898101807, 1.278536081314087, -1.2363017797470093], "point_normal": [0.5946656465530396, -0.7973978519439697, -0.10261386632919312], "camera_rotation_final_quaternion": [0.6387568712234497, 0.507661759853363, 0.3043414354324341, 0.4915744960308075], "skybox_img": 4, "point_uuid": "70", "field_of_view_rads": 1.8083336999188173, "camera_rotation_final": [1.2648985385894775, -0.11053170263767242, 1.2307860851287842]}