{"camera_uuid": "0318", "obliqueness_angle": 1.0458940267562866, "nonfixated_points_in_view": [], "camera_rotation_original": [1.5707963705062866, 0.05708674341440201, -0.5051946043968201], "point_location": [2.950843095779419, 3.0527775287628174, -0.6373903751373291], "skybox_img_path": "./img/high/0318_skybox4.jpg", "resolution": 512, "camera_distance": 0.8172818911196967, "view_id": 7, "point_pitch": -0.1575009067866464, "camera_rotation_from_original_to_final": [-0.16430146992206573, 0.08368226885795593, -0.4870123863220215], "camera_location": [2.2809576988220215, 2.609140396118164, -0.48775970935821533], "point_normal": [-0.1132572814822197, -0.8965836763381958, -0.42814773321151733], "camera_rotation_final_quaternion": [0.6680083870887756, 0.5705867409706116, -0.28790485858917236, -0.3811907470226288], "skybox_img": 4, "point_uuid": "42", "field_of_view_rads": 0.5961933550608073, "camera_rotation_final": [1.386438012123108, 0.050380364060401917, -0.9952425360679626]}