{"camera_uuid": "4869", "obliqueness_angle": 0.8291124105453491, "nonfixated_points_in_view": [], "camera_rotation_original": [1.5707963705062866, 0.009417188353836536, -1.9410183429718018], "point_location": [3.106630325317383, 1.0166513919830322, -0.9162964224815369], "skybox_img_path": "./img/high/4869_skybox4.jpg", "resolution": 512, "camera_distance": 0.5063285492958677, "view_id": 0, "point_pitch": 0.687131063142095, "camera_rotation_from_original_to_final": [-0.28504329919815063, -0.6302451491355896, -0.29050758481025696], "camera_location": [2.820716142654419, 1.2856274843215942, -1.2360987663269043], "point_normal": [-0.9684659242630005, -0.048396993428468704, -0.24440062046051025], "camera_rotation_final_quaternion": [0.16804328560829163, 0.36301371455192566, -0.8270587921142578, -0.3949129283428192], "skybox_img": 4, "point_uuid": "194", "field_of_view_rads": 1.792492522379571, "camera_rotation_final": [2.2544562816619873, 0.008754342794418335, -2.318546772003174]}