{"camera_uuid": "5799", "obliqueness_angle": 1.0447890758514404, "nonfixated_points_in_view": [], "camera_rotation_original": [1.5707963705062866, -0.13075792789459229, 1.7354310750961304], "point_location": [3.3059499263763428, 1.507105827331543, -1.4197665452957153], "skybox_img_path": "./img/high/5799_skybox4.jpg", "resolution": 512, "camera_distance": 0.8212011122359615, "view_id": 15, "point_pitch": -0.5435053547236581, "camera_rotation_from_original_to_final": [0.1233508363366127, -0.5471948981285095, 0.051370877772569656], "camera_location": [3.981387138366699, 1.6755763292312622, -0.9841365218162537], "point_normal": [-0.034560561180114746, 0.0017010869923979044, 0.9994011521339417], "camera_rotation_final_quaternion": [0.4844803214073181, 0.3264921307563782, 0.3579990863800049, 0.7283669114112854], "skybox_img": 4, "point_uuid": "155", "field_of_view_rads": 1.1393301111905725, "camera_rotation_final": [1.0063719749450684, -0.1290832906961441, 1.8965531587600708]}