{"camera_uuid": "4708", "obliqueness_angle": 0.7455457448959351, "nonfixated_points_in_view": [], "camera_rotation_original": [1.5707963705062866, 0.08224992454051971, -1.5126384496688843], "point_location": [0.48665541410446167, 2.050424337387085, -1.4244725704193115], "skybox_img_path": "./img/high/4708_skybox4.jpg", "resolution": 512, "camera_distance": 0.460212830900665, "view_id": 22, "point_pitch": -0.28427617152663665, "camera_rotation_from_original_to_final": [-0.031643908470869064, 0.22886979579925537, 0.7218979001045227], "camera_location": [0.16862918436527252, 1.7348016500473022, -1.319413185119629], "point_normal": [-0.7508701086044312, -0.09726908802986145, 0.6532478928565979], "camera_rotation_final_quaternion": [0.7134071588516235, 0.5808071494102478, -0.22027452290058136, -0.3243337869644165], "skybox_img": 4, "point_uuid": "167", "field_of_view_rads": 0.6025778511851491, "camera_rotation_final": [1.3400224447250366, 0.06250061839818954, -0.8038657903671265]}