{"camera_uuid": "6573", "obliqueness_angle": 1.0480989217758179, "nonfixated_points_in_view": [], "camera_rotation_original": [1.5707963705062866, 0.13107730448246002, -0.10536167770624161], "point_location": [3.778554677963257, 2.2078869342803955, -0.9307063221931458], "skybox_img_path": "./img/high/6573_skybox4.jpg", "resolution": 512, "camera_distance": 0.3730879181857329, "view_id": 7, "point_pitch": 0.4159870902684073, "camera_rotation_from_original_to_final": [0.4966718554496765, -0.06734246015548706, 0.6529378890991211], "camera_location": [3.9550769329071045, 1.9322378635406494, -1.1097372770309448], "point_normal": [0.23373255133628845, 0.10200545191764832, -0.966935396194458], "camera_rotation_final_quaternion": [0.496667742729187, 0.8107525706291199, 0.28742220997810364, 0.11571458727121353], "skybox_img": 4, "point_uuid": "128", "field_of_view_rads": 1.1498058012590282, "camera_rotation_final": [2.073935031890869, 0.09803183376789093, 0.6234049797058105]}