{"camera_uuid": "14258", "obliqueness_angle": 0.8405184149742126, "nonfixated_points_in_view": [], "camera_rotation_original": [1.5707963705062866, 0.008944397792220116, 0.13950516283512115], "point_location": [5.892533779144287, 2.487980365753174, -1.4214177131652832], "skybox_img_path": "./img/high/14258_skybox4.jpg", "resolution": 512, "camera_distance": 0.9499395286926918, "view_id": 5, "point_pitch": -0.41791026195022063, "camera_rotation_from_original_to_final": [-0.41196852922439575, -0.055725716054439545, 0.28554412722587585], "camera_location": [6.241759777069092, 1.6921190023422241, -1.0379714965820312], "point_normal": [0.39446601271629333, -0.8215044736862183, -0.41173672676086426], "camera_rotation_final_quaternion": [0.820710301399231, 0.5338892340660095, 0.114610955119133, 0.1681106835603714], "skybox_img": 4, "point_uuid": "138", "field_of_view_rads": 0.5256461677815203, "camera_rotation_final": [1.155273675918579, 0.008619910106062889, 0.40970009565353394]}