{"camera_uuid": "5339", "obliqueness_angle": 1.066493272781372, "nonfixated_points_in_view": [], "camera_rotation_original": [1.5707963705062866, 0.14601705968379974, -0.2781883776187897], "point_location": [3.3059499263763428, 1.507105827331543, -1.4197665452957153], "skybox_img_path": "./img/high/5339_skybox4.jpg", "resolution": 512, "camera_distance": 0.640174748202565, "view_id": 38, "point_pitch": -0.3891734321925302, "camera_rotation_from_original_to_final": [-0.4665529727935791, 0.1108713448047638, -0.6501798629760742], "camera_location": [2.858466863632202, 1.1567187309265137, -1.1251286268234253], "point_normal": [-0.034560561180114746, 0.0017010869923979044, 0.9994011521339417], "camera_rotation_final_quaternion": [0.7427835464477539, 0.48059338331222534, -0.19724856317043304, -0.4223690330982208], "skybox_img": 4, "point_uuid": "155", "field_of_view_rads": 1.8637085995693825, "camera_rotation_final": [1.0891822576522827, 0.11319108307361603, -0.9654629826545715]}