{"camera_uuid": "6869", "obliqueness_angle": 1.1768814325332642, "nonfixated_points_in_view": [], "camera_rotation_original": [1.5707963705062866, -0.08242613822221756, -0.26241761445999146], "point_location": [3.4670467376708984, 1.0758438110351562, -0.6993377804756165], "skybox_img_path": "./img/high/6869_skybox4.jpg", "resolution": 512, "camera_distance": 0.998529694409344, "view_id": 93, "point_pitch": -0.4263847311350961, "camera_rotation_from_original_to_final": [-0.3765062689781189, 0.10067010670900345, -0.5045743584632874], "camera_location": [2.839090585708618, 0.3981703817844391, -0.3205353319644928], "point_normal": [-0.728654682636261, -0.24732623994350433, -0.6386642456054688], "camera_rotation_final_quaternion": [0.7846791744232178, 0.510066568851471, -0.22394640743732452, -0.27195337414741516], "skybox_img": 4, "point_uuid": "78", "field_of_view_rads": 1.9181515624810694, "camera_rotation_final": [1.1805634498596191, -0.07409127801656723, -0.7168989181518555]}