{"camera_uuid": "4661", "obliqueness_angle": 0.9309388995170593, "nonfixated_points_in_view": [], "camera_rotation_original": [1.5707963705062866, -0.05173036828637123, 1.0092408657073975], "point_location": [-0.4168107807636261, 2.6449878215789795, -1.3910259008407593], "skybox_img_path": "./img/high/4661_skybox4.jpg", "resolution": 512, "camera_distance": 0.6434746954469417, "view_id": 6, "point_pitch": -0.3886357982966562, "camera_rotation_from_original_to_final": [-0.2064494788646698, -0.32007530331611633, -0.16484269499778748], "camera_location": [0.016339199617505074, 2.23294734954834, -1.1529850959777832], "point_normal": [0.9926148056983948, 0.12025166302919388, 0.015980595722794533], "camera_rotation_final_quaternion": [0.7513896822929382, 0.5217005014419556, 0.20703476667404175, 0.34695637226104736], "skybox_img": 4, "point_uuid": "109", "field_of_view_rads": 1.48952952790217, "camera_rotation_final": [1.1913456916809082, -0.05090906843543053, 0.8306587934494019]}