{"camera_uuid": "12557", "obliqueness_angle": 0.8700750470161438, "nonfixated_points_in_view": [], "camera_rotation_original": [1.5707963705062866, 0.12992529571056366, 1.591768503189087], "point_location": [-0.11395721882581711, -0.04560520127415657, -1.4123445749282837], "skybox_img_path": "./img/high/12557_skybox4.jpg", "resolution": 512, "camera_distance": 0.9731422650147659, "view_id": 3, "point_pitch": -0.6067964275691171, "camera_rotation_from_original_to_final": [0.02593299373984337, -0.6933870911598206, -0.7013599872589111], "camera_location": [0.47059667110443115, -0.5126250982284546, -0.7900946140289307], "point_normal": [-0.009451550431549549, -0.023393457755446434, 0.9996817111968994], "camera_rotation_final_quaternion": [0.8382035493850708, 0.37076401710510254, 0.2069355845451355, 0.3422375023365021], "skybox_img": 4, "point_uuid": "192", "field_of_view_rads": 1.7779022957772381, "camera_rotation_final": [0.873412549495697, 0.09326473623514175, 0.8188371658325195]}