{"camera_uuid": "4328", "obliqueness_angle": 0.7851571440696716, "nonfixated_points_in_view": [], "camera_rotation_original": [1.5707963705062866, 0.0002859857340808958, -2.8400654792785645], "point_location": [-0.30368760228157043, 1.3439174890518188, -0.7665223479270935], "skybox_img_path": "./img/high/4328_skybox4.jpg", "resolution": 512, "camera_distance": 0.8963213545900071, "view_id": 17, "point_pitch": 0.36142952839401765, "camera_rotation_from_original_to_final": [-0.34624698758125305, -0.1050909236073494, -0.762559711933136], "camera_location": [0.08306706696748734, 2.0878682136535645, -1.0833032131195068], "point_normal": [0.9422652125358582, 0.29410141706466675, -0.16012726724147797], "camera_rotation_final_quaternion": [-0.13505208492279053, -0.19521929323673248, -0.7991252541542053, -0.5523125529289246], "skybox_img": 4, "point_uuid": "180", "field_of_view_rads": 1.0039714359666843, "camera_rotation_final": [1.932024598121643, 0.00020291675173211843, -3.6209299564361572]}