{"camera_uuid": "13293", "obliqueness_angle": 0.7637060284614563, "nonfixated_points_in_view": [56], "camera_rotation_original": [1.5707963705062866, 0.013233630917966366, -2.4521284103393555], "point_location": [1.1332991123199463, -0.8327366709709167, -1.4375404119491577], "skybox_img_path": "./img/high/13293_skybox4.jpg", "resolution": 512, "camera_distance": 0.7391996209587011, "view_id": 3, "point_pitch": -0.1582624157282968, "camera_rotation_from_original_to_final": [0.11464537680149078, 0.09733540564775467, 0.6586765646934509], "camera_location": [0.42141303420066833, -0.6672239899635315, -1.326906442642212], "point_normal": [-0.5603585243225098, 0.8280418515205383, -0.018577322363853455], "camera_rotation_final_quaternion": [0.46835076808929443, 0.4082263112068176, -0.5084463953971863, -0.5962223410606384], "skybox_img": 4, "point_uuid": "147", "field_of_view_rads": 1.6816280418618088, "camera_rotation_final": [1.4205564260482788, 0.01052495464682579, -1.8008300065994263]}