{"camera_uuid": "11635", "obliqueness_angle": 1.204737663269043, "nonfixated_points_in_view": [], "camera_rotation_original": [1.5707963705062866, -0.10405556857585907, 1.7706679105758667], "point_location": [2.9207348823547363, -0.5152132511138916, -0.5628843903541565], "skybox_img_path": "./img/high/11635_skybox4.jpg", "resolution": 512, "camera_distance": 0.5392229732822251, "view_id": 64, "point_pitch": -0.6782910068843027, "camera_rotation_from_original_to_final": [0.15859423577785492, -0.6159917116165161, -0.5277714729309082], "camera_location": [3.338193655014038, -0.6361956000328064, -0.24374043941497803], "point_normal": [-0.26315274834632874, 0.039460260421037674, 0.9639468193054199], "camera_rotation_final_quaternion": [0.6802809834480286, 0.3765926659107208, 0.24949659407138824, 0.5771890878677368], "skybox_img": 4, "point_uuid": "152", "field_of_view_rads": 0.9342833371495716, "camera_rotation_final": [0.9340736865997314, -0.0954195111989975, 1.359053134918213]}