{"camera_uuid": "8828", "obliqueness_angle": 0.7455146312713623, "nonfixated_points_in_view": [], "camera_rotation_original": [1.5707963705062866, -0.08048810064792633, 2.8732457160949707], "point_location": [2.624671697616577, -0.7024632096290588, -0.5636605024337769], "skybox_img_path": "./img/high/8828_skybox4.jpg", "resolution": 512, "camera_distance": 0.8693029936805535, "view_id": 8, "point_pitch": 0.016436056294713453, "camera_rotation_from_original_to_final": [-0.024591047316789627, 0.006263819057494402, -0.11041858047246933], "camera_location": [2.9459567070007324, 0.10498794168233871, -0.5857136249542236], "point_normal": [-0.34883588552474976, 0.9258549809455872, -0.14528000354766846], "camera_rotation_final_quaternion": [0.1038663312792778, 0.16278424859046936, 0.6972702145576477, 0.6903095841407776], "skybox_img": 4, "point_uuid": "60", "field_of_view_rads": 1.6816280418618088, "camera_rotation_final": [1.5962493419647217, -0.07998251914978027, 2.760864019393921]}