{"camera_uuid": "3841", "obliqueness_angle": 1.2532150745391846, "nonfixated_points_in_view": [], "camera_rotation_original": [1.5707963705062866, 0.07951155304908752, -2.601158857345581], "point_location": [-0.30368760228157043, 1.3439174890518188, -0.7665223479270935], "skybox_img_path": "./img/high/3841_skybox4.jpg", "resolution": 512, "camera_distance": 0.9081000079815233, "view_id": 38, "point_pitch": -0.3883480270716806, "camera_rotation_from_original_to_final": [0.37725672125816345, 0.23052328824996948, -0.6306002140045166], "camera_location": [-0.19128794968128204, 2.158169984817505, -0.38051095604896545], "point_normal": [0.9422652125358582, 0.29410141706466675, -0.16012726724147797], "camera_rotation_final_quaternion": [-0.08598529547452927, -0.018832765519618988, -0.5358240604400635, -0.8397287726402283], "skybox_img": 4, "point_uuid": "180", "field_of_view_rads": 0.9322372163182677, "camera_rotation_final": [1.1308882236480713, 0.060554150491952896, -3.3072421550750732]}