{"camera_uuid": "11051", "obliqueness_angle": 0.977243185043335, "nonfixated_points_in_view": [69], "camera_rotation_original": [1.5707963705062866, 0.018978888168931007, -1.3359593152999878], "point_location": [6.416158676147461, 2.537578821182251, -1.2911784648895264], "skybox_img_path": "./img/high/11051_skybox4.jpg", "resolution": 512, "camera_distance": 0.6951873939990445, "view_id": 9, "point_pitch": -0.5618945797297616, "camera_rotation_from_original_to_final": [-0.14931641519069672, 0.5549495816230774, -0.6397304534912109], "camera_location": [5.869828701019287, 2.74472975730896, -0.914485514163971], "point_normal": [-0.00751654664054513, 0.040270037949085236, 0.9991605877876282], "camera_rotation_final_quaternion": [0.4920799434185028, 0.27553802728652954, -0.39134350419044495, -0.7271770238876343], "skybox_img": 4, "point_uuid": "148", "field_of_view_rads": 2.0062308946333633, "camera_rotation_final": [0.9980716705322266, 0.015585895627737045, -1.9432655572891235]}