{"camera_uuid": "16041", "obliqueness_angle": 0.6558797955513, "nonfixated_points_in_view": [], "camera_rotation_original": [1.5707963705062866, 0.0720013752579689, 2.1687874794006348], "point_location": [5.635040283203125, 1.0644794702529907, -1.395928978919983], "skybox_img_path": "./img/high/16041_skybox4.jpg", "resolution": 512, "camera_distance": 0.9435879100900769, "view_id": 3, "point_pitch": -0.5539933880183359, "camera_rotation_from_original_to_final": [0.369357705116272, -0.48190149664878845, -0.7323342561721802], "camera_location": [6.414034843444824, 1.030264139175415, -0.8645581603050232], "point_normal": [0.9823573231697083, 0.185846209526062, -0.02086620032787323], "camera_rotation_final_quaternion": [0.6590486764907837, 0.32650259137153625, 0.3344050347805023, 0.5892572999000549], "skybox_img": 4, "point_uuid": "116", "field_of_view_rads": 1.0386947080855735, "camera_rotation_final": [0.9715461730957031, 0.0560196153819561, 1.4886771440505981]}