{"camera_uuid": "13692", "obliqueness_angle": 0.7862793207168579, "nonfixated_points_in_view": [], "camera_rotation_original": [1.5707963705062866, 0.13996271789073944, 2.8647313117980957], "point_location": [6.416158676147461, 2.537578821182251, -1.2911784648895264], "skybox_img_path": "./img/high/13692_skybox4.jpg", "resolution": 512, "camera_distance": 0.6186533358040079, "view_id": 11, "point_pitch": -0.7731107910487314, "camera_rotation_from_original_to_final": [0.7180469036102295, -0.22158776223659515, 0.1690487563610077], "camera_location": [6.418551921844482, 2.992628574371338, -0.8720651865005493], "point_normal": [-0.00751654664054513, 0.040270037949085236, 0.9991605877876282], "camera_rotation_final_quaternion": [0.08876252919435501, -0.036819446831941605, 0.3998924791812897, 0.9115105867385864], "skybox_img": 4, "point_uuid": "148", "field_of_view_rads": 1.792492522379571, "camera_rotation_final": [0.8175424337387085, 0.13855648040771484, 3.007542371749878]}