{"camera_uuid": "14353", "obliqueness_angle": 0.8854498267173767, "nonfixated_points_in_view": [], "camera_rotation_original": [1.5707963705062866, 0.1633603870868683, -0.6556621193885803], "point_location": [5.050634860992432, 0.2574619650840759, -1.3520898818969727], "skybox_img_path": "./img/high/14353_skybox4.jpg", "resolution": 512, "camera_distance": 0.266761048702033, "view_id": 1, "point_pitch": -0.2487465580317636, "camera_rotation_from_original_to_final": [-0.14222583174705505, 0.08198577910661697, 0.5646755695343018], "camera_location": [5.027789115905762, -0.00478620920330286, -1.3088994026184082], "point_normal": [0.055150795727968216, -0.7560485005378723, -0.6521878838539124], "camera_rotation_final_quaternion": [0.7572228908538818, 0.647093653678894, 0.017787154763936996, -0.08698812872171402], "skybox_img": 4, "point_uuid": "153", "field_of_view_rads": 2.0062308946333633, "camera_rotation_final": [1.4065529108047485, 0.1399732381105423, -0.11001448333263397]}