{"camera_uuid": "9284", "obliqueness_angle": 0.7812618613243103, "nonfixated_points_in_view": [65, 127], "camera_rotation_original": [1.5707963705062866, 0.02729538455605507, 2.5826048851013184], "point_location": [0.14699065685272217, -0.1122998520731926, -1.4476916790008545], "skybox_img_path": "./img/high/9284_skybox4.jpg", "resolution": 512, "camera_distance": 0.8476577068790977, "view_id": 41, "point_pitch": -0.5661660869929452, "camera_rotation_from_original_to_final": [0.48392453789711, -0.2858309745788574, 0.30977490544319153], "camera_location": [0.27405762672424316, 0.5962834358215332, -1.0001569986343384], "point_normal": [0.33598119020462036, 0.20910274982452393, 0.9183641672134399], "camera_rotation_final_quaternion": [0.0905020609498024, 0.03577766194939613, 0.48449647426605225, 0.8693632483482361], "skybox_img": 4, "point_uuid": "178", "field_of_view_rads": 0.8339714968154048, "camera_rotation_final": [1.014390230178833, 0.02549104578793049, 2.9483022689819336]}