{"camera_uuid": "11666", "obliqueness_angle": 0.8439980149269104, "nonfixated_points_in_view": [118, 127], "camera_rotation_original": [1.5707963705062866, 0.0927419662475586, 1.6285994052886963], "point_location": [-0.1822434514760971, 0.2831597626209259, -1.431676983833313], "skybox_img_path": "./img/high/11666_skybox4.jpg", "resolution": 512, "camera_distance": 0.9830245222933519, "view_id": 3, "point_pitch": -0.2653195103022714, "camera_rotation_from_original_to_final": [0.0383138582110405, -0.3237343728542328, -0.6965435147285461], "camera_location": [0.567313551902771, -0.26978597044944763, -1.1174278259277344], "point_normal": [0.12324375659227371, -0.9915743470191956, 0.03989033028483391], "camera_rotation_final_quaternion": [0.738129198551178, 0.5105599761009216, 0.2819408178329468, 0.33912110328674316], "skybox_img": 4, "point_uuid": "188", "field_of_view_rads": 1.9554518605800617, "camera_rotation_final": [1.244580864906311, 0.06999132037162781, 0.9115615487098694]}