{"camera_uuid": "11588", "obliqueness_angle": 0.9965970516204834, "nonfixated_points_in_view": [], "camera_rotation_original": [1.5707963705062866, 0.05940013751387596, -2.3610141277313232], "point_location": [0.35382547974586487, -0.5060790181159973, -1.460171103477478], "skybox_img_path": "./img/high/11588_skybox4.jpg", "resolution": 512, "camera_distance": 0.8496525632908845, "view_id": 7, "point_pitch": -0.7217704494807382, "camera_rotation_from_original_to_final": [0.5686520934104919, 0.4715574383735657, 0.16331566870212555], "camera_location": [-0.10872206836938858, -0.06675862520933151, -0.8989609479904175], "point_normal": [-0.8047041893005371, -0.3797302544116974, 0.4563511312007904], "camera_rotation_final_quaternion": [0.3261042833328247, 0.1773991733789444, -0.3718480169773102, -0.8508316874504089], "skybox_img": 4, "point_uuid": "17", "field_of_view_rads": 0.5961933550608073, "camera_rotation_final": [0.8477343320846558, 0.05938611924648285, -2.38277530670166]}