{"camera_uuid": "9021", "obliqueness_angle": 1.4533215761184692, "nonfixated_points_in_view": [], "camera_rotation_original": [1.5707963705062866, 0.16831134259700775, -1.0170211791992188], "point_location": [1.8005895614624023, 0.6414239406585693, -0.9798945188522339], "skybox_img_path": "./img/high/9021_skybox4.jpg", "resolution": 512, "camera_distance": 0.5638528332800797, "view_id": 84, "point_pitch": -0.22806493838759856, "camera_rotation_from_original_to_final": [-0.09662195295095444, 0.07279428839683533, 0.7635009288787842], "camera_location": [1.6606320142745972, 0.098910391330719, -0.916483461856842], "point_normal": [-0.012308535166084766, -0.0017647614004090428, 0.9999226927757263], "camera_rotation_final_quaternion": [0.7326040267944336, 0.6647957563400269, -0.04261954873800278, -0.13971954584121704], "skybox_img": 4, "point_uuid": "193", "field_of_view_rads": 1.056917706086661, "camera_rotation_final": [1.4572268724441528, 0.12363817542791367, -0.2665402293205261]}