{"camera_uuid": "4677", "obliqueness_angle": 0.6131919026374817, "nonfixated_points_in_view": [], "camera_rotation_original": [1.5707963705062866, 0.14917691051959991, 2.188967227935791], "point_location": [-0.4168107807636261, 2.6449878215789795, -1.3910259008407593], "skybox_img_path": "./img/high/4677_skybox4.jpg", "resolution": 512, "camera_distance": 0.46533989274228055, "view_id": 26, "point_pitch": -0.3889712532374521, "camera_rotation_from_original_to_final": [0.23109813034534454, -0.3297308683395386, -0.08414680510759354], "camera_location": [-0.05715115740895271, 2.8781001567840576, -1.209794521331787], "point_normal": [0.9920056462287903, 0.12320997565984726, -0.027280181646347046], "camera_rotation_final_quaternion": [0.45569753646850586, 0.2239181399345398, 0.5051046013832092, 0.6979038715362549], "skybox_img": 4, "point_uuid": "109", "field_of_view_rads": 1.6071546237233685, "camera_rotation_final": [1.1660505533218384, 0.1483466625213623, 2.0826339721679688]}