{"camera_uuid": "16199", "obliqueness_angle": 1.2663843631744385, "nonfixated_points_in_view": [], "camera_rotation_original": [1.5707963705062866, -0.08330916613340378, -1.927930474281311], "point_location": [6.496413230895996, -0.9186689257621765, -1.3843356370925903], "skybox_img_path": "./img/high/16199_skybox4.jpg", "resolution": 512, "camera_distance": 0.5042527969947798, "view_id": 2, "point_pitch": -0.2957778414103647, "camera_rotation_from_original_to_final": [0.10317742079496384, 0.2793114185333252, 0.02021772414445877], "camera_location": [6.043838977813721, -0.7524397969245911, -1.2366355657577515], "point_normal": [-0.002619897248223424, 0.013651745393872261, 0.9999033808708191], "camera_rotation_final_quaternion": [0.48846888542175293, 0.31878259778022766, -0.5019196271896362, -0.6386333107948303], "skybox_img": 4, "point_uuid": "21", "field_of_view_rads": 1.0910236528484336, "camera_rotation_final": [1.2724634408950806, -0.08327008783817291, -1.8972253799438477]}