{"camera_uuid": "10232", "obliqueness_angle": 1.2340617179870605, "nonfixated_points_in_view": [118], "camera_rotation_original": [1.5707963705062866, 0.13432365655899048, 2.4781599044799805], "point_location": [-0.11395721882581711, -0.04560520127415657, -1.4123445749282837], "skybox_img_path": "./img/high/10232_skybox4.jpg", "resolution": 512, "camera_distance": 0.622973910157987, "view_id": 37, "point_pitch": -0.2675637443873544, "camera_rotation_from_original_to_final": [0.2801264524459839, -0.1948523223400116, -0.5708436965942383], "camera_location": [0.4355178773403168, 0.16212496161460876, -1.2049275636672974], "point_normal": [0.004181658383458853, -0.01849798485636711, 0.9998201131820679], "camera_rotation_final_quaternion": [0.503210723400116, 0.29949307441711426, 0.4937921166419983, 0.642846941947937], "skybox_img": 4, "point_uuid": "192", "field_of_view_rads": 0.9322372163182677, "camera_rotation_final": [1.2291369438171387, 0.11214146018028259, 1.8924665451049805]}