{"camera_uuid": "11269", "obliqueness_angle": 0.6640145778656006, "nonfixated_points_in_view": [], "camera_rotation_original": [1.5707963705062866, -0.0023151433560997248, -1.3593446016311646], "point_location": [1.46160089969635, 0.19978925585746765, -1.450141191482544], "skybox_img_path": "./img/high/11269_skybox4.jpg", "resolution": 512, "camera_distance": 0.7215969311828788, "view_id": 24, "point_pitch": -0.5354074676844736, "camera_rotation_from_original_to_final": [-0.12430523335933685, 0.5226573348045349, 0.18017305433750153], "camera_location": [0.8963141441345215, -0.0559292696416378, -1.0816835165023804], "point_normal": [-0.5807929635047913, 0.19898450374603271, 0.7893571853637695], "camera_rotation_final_quaternion": [0.7308977842330933, 0.4153062403202057, -0.2687259912490845, -0.47020789980888367], "skybox_img": 4, "point_uuid": "100", "field_of_view_rads": 0.5256461677815203, "camera_rotation_final": [1.034895896911621, -0.002261949935927987, -1.1446303129196167]}