{"camera_uuid": "11119", "obliqueness_angle": 0.5498168468475342, "nonfixated_points_in_view": [], "camera_rotation_original": [1.5707963705062866, 0.01492252480238676, -1.9170838594436646], "point_location": [3.0287232398986816, -0.5295625925064087, -0.6119774580001831], "skybox_img_path": "./img/high/11119_skybox4.jpg", "resolution": 512, "camera_distance": 0.8390118985650473, "view_id": 0, "point_pitch": -0.07010356982680754, "camera_rotation_from_original_to_final": [0.016265030950307846, 0.05754543095827103, 0.7774256467819214], "camera_location": [2.2676360607147217, -0.8791135549545288, -0.5619633197784424], "point_normal": [-0.9930177330970764, 0.10925188660621643, -0.04449586197733879], "camera_rotation_final_quaternion": [0.610646665096283, 0.5792167782783508, -0.36701852083206177, -0.39612627029418945], "skybox_img": 4, "point_uuid": "65", "field_of_view_rads": 2.078591559549699, "camera_rotation_final": [1.511146903038025, 0.010648894123733044, -1.1408891677856445]}