{"camera_uuid": "11326", "obliqueness_angle": 1.0379669666290283, "nonfixated_points_in_view": [], "camera_rotation_original": [1.5707963705062866, 0.1600153148174286, -0.40432584285736084], "point_location": [5.577847957611084, 0.5073602795600891, -0.8285789489746094], "skybox_img_path": "./img/high/11326_skybox4.jpg", "resolution": 512, "camera_distance": 0.8466947877586741, "view_id": 41, "point_pitch": -0.48178522189589934, "camera_rotation_from_original_to_final": [-0.5149809122085571, 0.2120867222547531, -0.4783768057823181], "camera_location": [5.048556804656982, 0.018693385645747185, -0.38366591930389404], "point_normal": [0.047805894166231155, -0.0227388683706522, 0.9985978007316589], "camera_rotation_final_quaternion": [0.7684904932975769, 0.4607812464237213, -0.15794123709201813, -0.41491878032684326], "skybox_img": 4, "point_uuid": "11", "field_of_view_rads": 2.0028936213055424, "camera_rotation_final": [1.011407494544983, 0.1400785744190216, -0.9124794006347656]}