{"camera_uuid": "9842", "obliqueness_angle": 0.7458473443984985, "nonfixated_points_in_view": [8, 3], "camera_rotation_original": [1.5707963705062866, -0.005708398297429085, -1.8518372774124146], "point_location": [5.4932861328125, 0.18884922564029694, -0.9166303277015686], "skybox_img_path": "./img/high/9842_skybox4.jpg", "resolution": 512, "camera_distance": 0.9987793229839029, "view_id": 47, "point_pitch": -0.3644375046107431, "camera_rotation_from_original_to_final": [0.10496808588504791, 0.34647318720817566, -0.541714608669281], "camera_location": [4.870429992675781, 0.8851876854896545, -0.5634687542915344], "point_normal": [-0.48851633071899414, 0.18398629128932953, 0.8529366254806519], "camera_rotation_final_quaternion": [0.2955470085144043, 0.2014884203672409, -0.5316068530082703, -0.7677555084228516], "skybox_img": 4, "point_uuid": "142", "field_of_view_rads": 1.4547424917401932, "camera_rotation_final": [1.2093822956085205, -0.004841975402086973, -2.4100091457366943]}