{"camera_uuid": "10916", "obliqueness_angle": 0.7637737393379211, "nonfixated_points_in_view": [], "camera_rotation_original": [1.5707963705062866, 0.04701913148164749, 2.8189659118652344], "point_location": [4.810020923614502, 1.166747808456421, -1.332459807395935], "skybox_img_path": "./img/high/10916_skybox4.jpg", "resolution": 512, "camera_distance": 0.6281356473750984, "view_id": 25, "point_pitch": -0.7167302807185312, "camera_rotation_from_original_to_final": [0.7043797969818115, -0.2223917841911316, -0.41585445404052734], "camera_location": [5.093265533447266, 1.537911057472229, -0.9122637510299683], "point_normal": [0.7864901423454285, 0.6175901889801025, 0.003958132583647966], "camera_rotation_final_quaternion": [0.317898154258728, 0.11883485317230225, 0.38910090923309326, 0.8563991785049438], "skybox_img": 4, "point_uuid": "166", "field_of_view_rads": 0.9322372163182677, "camera_rotation_final": [0.8371241092681885, 0.043862827122211456, 2.4502317905426025]}