{"camera_uuid": "15166", "obliqueness_angle": 1.2850031852722168, "nonfixated_points_in_view": [], "camera_rotation_original": [1.5707963705062866, 0.15223640203475952, -1.5689501762390137], "point_location": [0.14699065685272217, -0.1122998520731926, -1.4476916790008545], "skybox_img_path": "./img/high/15166_skybox4.jpg", "resolution": 512, "camera_distance": 0.6437887770353149, "view_id": 17, "point_pitch": -0.5568629940364023, "camera_rotation_from_original_to_final": [-0.007133038714528084, 0.4729217290878296, 0.6184263229370117], "camera_location": [-0.31929582357406616, -0.44553813338279724, -1.154445767402649], "point_normal": [0.0340309739112854, 0.2575204074382782, 0.9656734466552734], "camera_rotation_final_quaternion": [0.7280877828598022, 0.4801545739173889, -0.20420943200588226, -0.4445652961730957], "skybox_img": 4, "point_uuid": "178", "field_of_view_rads": 1.0364683158521881, "camera_rotation_final": [1.0935086011886597, 0.12992054224014282, -1.0171982049942017]}