{"camera_uuid": "2519", "obliqueness_angle": 1.428406000137329, "nonfixated_points_in_view": [], "camera_rotation_original": [-1.570796251296997, -3.026686191558838, 0.012441547587513924], "point_location": [3.4670467376708984, 1.0758438110351562, -0.6993377804756165], "skybox_img_path": "./img/high/2519_skybox4.jpg", "resolution": 512, "camera_distance": 0.7825080826946701, "view_id": 19, "point_pitch": -0.04570703109237151, "camera_rotation_from_original_to_final": [0.12177205830812454, -0.026403993368148804, 0.7115134596824646], "camera_location": [2.9506356716156006, 1.656067967414856, -0.6045830845832825], "point_normal": [-0.6784085035324097, -0.30312207341194153, -0.6692376136779785], "camera_rotation_final_quaternion": [0.29639652371406555, 0.20868384838104248, -0.6292102336883545, -0.6875278949737549], "skybox_img": 4, "point_uuid": "78", "field_of_view_rads": 1.8083336999188173, "camera_rotation_final": [-1.6926393508911133, -3.0554466247558594, 0.737808883190155]}