{"camera_uuid": "16088", "obliqueness_angle": 0.8983396887779236, "nonfixated_points_in_view": [], "camera_rotation_original": [1.5707963705062866, 0.11876725405454636, -1.5974191427230835], "point_location": [6.496413230895996, -0.9186689257621765, -1.3843356370925903], "skybox_img_path": "./img/high/16088_skybox4.jpg", "resolution": 512, "camera_distance": 0.894211647459409, "view_id": 27, "point_pitch": -0.6395734985682626, "camera_rotation_from_original_to_final": [0.047733258455991745, 0.6660535931587219, -0.1814056634902954], "camera_location": [5.810086727142334, -0.7686082720756531, -0.8311157822608948], "point_normal": [-0.002619897248223424, 0.013651745393872261, 0.9999033808708191], "camera_rotation_final_quaternion": [0.5116642117500305, 0.29781731963157654, -0.31932902336120605, -0.7399550676345825], "skybox_img": 4, "point_uuid": "21", "field_of_view_rads": 1.949514490688795, "camera_rotation_final": [0.898576021194458, 0.1142125353217125, -1.876505970954895]}