{"camera_uuid": "16002", "obliqueness_angle": 0.947860062122345, "nonfixated_points_in_view": [15], "camera_rotation_original": [1.5707963705062866, -0.037746611982584, 2.9908995628356934], "point_location": [6.403560161590576, -0.3128143846988678, -1.373155951499939], "skybox_img_path": "./img/high/16002_skybox4.jpg", "resolution": 512, "camera_distance": 0.531539624168783, "view_id": 21, "point_pitch": -0.43300597270461516, "camera_rotation_from_original_to_final": [0.41971707344055176, -0.0595354326069355, -0.2705825865268707], "camera_location": [6.5963134765625, 0.13174237310886383, -1.154638648033142], "point_normal": [-0.4072767198085785, 0.9103356599807739, -0.07358577847480774], "camera_rotation_final_quaternion": [0.15406176447868347, 0.12088606506586075, 0.528994619846344, 0.8257216215133667], "skybox_img": 4, "point_uuid": "113", "field_of_view_rads": 2.056502920039658, "camera_rotation_final": [1.1468300819396973, -0.03664898872375488, 2.7490084171295166]}