{"camera_uuid": "7800", "obliqueness_angle": 1.328714370727539, "nonfixated_points_in_view": [], "camera_rotation_original": [1.5707963705062866, 0.05338406190276146, 0.21619538962841034], "point_location": [4.301836967468262, 1.017685055732727, -0.9298179745674133], "skybox_img_path": "./img/high/7800_skybox4.jpg", "resolution": 512, "camera_distance": 0.4130128159973542, "view_id": 39, "point_pitch": -0.4407822330805917, "camera_rotation_from_original_to_final": [-0.46395713090896606, -0.10472334921360016, -0.6524324417114258], "camera_location": [4.13783597946167, 0.6889877319335938, -0.7410288453102112], "point_normal": [0.8034110069274902, 0.2184903621673584, 0.553888738155365], "camera_rotation_final_quaternion": [0.8260875940322876, 0.5097306966781616, -0.10781224071979523, -0.21477989852428436], "skybox_img": 4, "point_uuid": "143", "field_of_view_rads": 0.8278892494736719, "camera_rotation_final": [1.095632791519165, 0.04084645211696625, -0.4838067889213562]}