{"camera_uuid": "11676", "obliqueness_angle": 1.157789945602417, "nonfixated_points_in_view": [], "camera_rotation_original": [1.5707963705062866, -0.15091092884540558, 1.3588974475860596], "point_location": [1.7417666912078857, -0.21807560324668884, -1.426782488822937], "skybox_img_path": "./img/high/11676_skybox4.jpg", "resolution": 512, "camera_distance": 0.556112972939096, "view_id": 7, "point_pitch": -0.6823217113825937, "camera_rotation_from_original_to_final": [-0.1234949380159378, -0.6453856229782104, -0.1892719715833664], "camera_location": [2.1379854679107666, -0.4121568500995636, -1.0882492065429688], "point_normal": [0.059019673615694046, -0.998093843460083, 0.018043018877506256], "camera_rotation_final_quaternion": [0.71277916431427, 0.3957095146179199, 0.19758392870426178, 0.5443532466888428], "skybox_img": 4, "point_uuid": "171", "field_of_view_rads": 1.6816280418618088, "camera_rotation_final": [0.9076051712036133, -0.14970262348651886, 1.231307864189148]}