{"camera_uuid": "0838", "obliqueness_angle": 1.1641335487365723, "nonfixated_points_in_view": [14], "camera_rotation_original": [1.5707963705062866, 0.02444709651172161, -2.5036611557006836], "point_location": [2.133356809616089, 1.9143738746643066, -1.4239013195037842], "skybox_img_path": "./img/high/0838_skybox4.jpg", "resolution": 512, "camera_distance": 0.8110194035331737, "view_id": 18, "point_pitch": -0.4157981117579599, "camera_rotation_from_original_to_final": [0.34973159432411194, 0.24907518923282623, -0.39787670969963074], "camera_location": [1.989722490310669, 2.638681173324585, -1.0884902477264404], "point_normal": [0.056367747485637665, -0.008248048834502697, 0.9983760714530945], "camera_rotation_final_quaternion": [0.072048619389534, 0.059422824531793594, -0.5382242798805237, -0.837611198425293], "skybox_img": 4, "point_uuid": "2", "field_of_view_rads": 1.9554518605800617, "camera_rotation_final": [1.1443179845809937, 0.021991588175296783, -2.9558181762695312]}