{"camera_uuid": "2631", "obliqueness_angle": 0.7004632949829102, "nonfixated_points_in_view": [], "camera_rotation_original": [1.5707963705062866, -0.00827434379607439, -1.1205906867980957], "point_location": [1.1355481147766113, 2.277404546737671, -1.37511146068573], "skybox_img_path": "./img/high/2631_skybox4.jpg", "resolution": 512, "camera_distance": 0.31462184159004913, "view_id": 11, "point_pitch": -0.6776084144923349, "camera_rotation_from_original_to_final": [-0.33688801527023315, 0.5970297455787659, -0.3904409408569336], "camera_location": [0.8932597637176514, 2.2373955249786377, -1.1784327030181885], "point_normal": [-0.34670761227607727, -0.666063666343689, 0.6604189276695251], "camera_rotation_final_quaternion": [0.6903296113014221, 0.32870081067085266, -0.2817659378051758, -0.5796626210212708], "skybox_img": 4, "point_uuid": "162", "field_of_view_rads": 0.9791046545667723, "camera_rotation_final": [0.8954761624336243, -0.007951677776873112, -1.400774598121643]}