{"camera_uuid": "16146", "obliqueness_angle": 1.266024112701416, "nonfixated_points_in_view": [65, 118], "camera_rotation_original": [1.5707963705062866, -0.17299187183380127, -0.6001810431480408], "point_location": [0.580907940864563, -0.050188999623060226, -1.4085019826889038], "skybox_img_path": "./img/high/16146_skybox4.jpg", "resolution": 512, "camera_distance": 0.9717482499513406, "view_id": 71, "point_pitch": -0.4283611019465585, "camera_rotation_from_original_to_final": [-0.3719698488712311, 0.22527410089969635, -0.058677878230810165], "camera_location": [0.06804085522890091, -0.7684269547462463, -1.0018125772476196], "point_normal": [0.11274728178977966, 0.07453673332929611, 0.9908240437507629], "camera_rotation_final_quaternion": [0.8228049874305725, 0.4955390989780426, -0.21256619691848755, -0.17957888543605804], "skybox_img": 4, "point_uuid": "57", "field_of_view_rads": 0.9342833371495716, "camera_rotation_final": [1.1320205926895142, -0.17268124222755432, -0.5396413803100586]}