{"camera_uuid": "5544", "obliqueness_angle": 0.41166916489601135, "nonfixated_points_in_view": [], "camera_rotation_original": [1.5707963705062866, 0.08261865377426147, -1.1397055387496948], "point_location": [0.48665541410446167, 2.050424337387085, -1.4244725704193115], "skybox_img_path": "./img/high/5544_skybox4.jpg", "resolution": 512, "camera_distance": 0.709792435915946, "view_id": 39, "point_pitch": -0.3926655491206308, "camera_rotation_from_original_to_final": [-0.16573096811771393, 0.35858044028282166, -0.023965079337358475], "camera_location": [-0.1068527102470398, 1.7720351219177246, -1.1523460149765015], "point_normal": [-0.7508701086044312, -0.09726908802986145, 0.6532478928565979], "camera_rotation_final_quaternion": [0.6812935471534729, 0.4814765453338623, -0.27656078338623047, -0.4770047962665558], "skybox_img": 4, "point_uuid": "167", "field_of_view_rads": 2.081073338083007, "camera_rotation_final": [1.1759133338928223, 0.08258900046348572, -1.1665763854980469]}