{"camera_uuid": "12868", "obliqueness_angle": 0.9805052280426025, "nonfixated_points_in_view": [], "camera_rotation_original": [1.5707963705062866, -0.030994514003396034, -0.5006700158119202], "point_location": [5.4932861328125, 0.18884922564029694, -0.9166303277015686], "skybox_img_path": "./img/high/12868_skybox4.jpg", "resolution": 512, "camera_distance": 0.8968453646625079, "view_id": 67, "point_pitch": -0.31880442698928313, "camera_rotation_from_original_to_final": [-0.2672773599624634, 0.14621156454086304, -0.5295871496200562], "camera_location": [4.768505573272705, -0.26617106795310974, -0.6483371257781982], "point_normal": [-0.48851633071899414, 0.18398629128932953, 0.8529366254806519], "camera_rotation_final_quaternion": [0.7108065485954285, 0.5139142870903015, -0.2937960922718048, -0.37990784645080566], "skybox_img": 4, "point_uuid": "142", "field_of_view_rads": 1.7038416286700269, "camera_rotation_final": [1.2668766975402832, -0.027187565341591835, -1.0016573667526245]}