{"camera_uuid": "9581", "obliqueness_angle": 0.8412560820579529, "nonfixated_points_in_view": [], "camera_rotation_original": [1.5707963705062866, 0.07151539623737335, 0.7540628910064697], "point_location": [-0.34234288334846497, 0.8369564414024353, -0.7921566963195801], "skybox_img_path": "./img/high/9581_skybox4.jpg", "resolution": 512, "camera_distance": 0.9715136515551022, "view_id": 13, "point_pitch": -0.7513267238948007, "camera_rotation_from_original_to_final": [-0.6039197444915771, -0.46712788939476013, 0.2612573206424713], "camera_location": [0.20696373283863068, 0.3804600238800049, -0.13358856737613678], "point_normal": [0.04777548089623451, 0.07583989202976227, 0.9959748387336731], "camera_rotation_final_quaternion": [0.847118616104126, 0.3546098470687866, 0.18791665136814117, 0.34832343459129333], "skybox_img": 4, "point_uuid": "121", "field_of_view_rads": 0.6651429173367224, "camera_rotation_final": [0.823565661907196, 0.07139821350574493, 0.8114185333251953]}