{"camera_uuid": "10038", "obliqueness_angle": 1.033219575881958, "nonfixated_points_in_view": [], "camera_rotation_original": [1.5707963705062866, 0.16389966011047363, -0.8853373527526855], "point_location": [5.615777015686035, 2.4743409156799316, -1.4249221086502075], "skybox_img_path": "./img/high/10038_skybox4.jpg", "resolution": 512, "camera_distance": 0.6699441566876806, "view_id": 13, "point_pitch": -0.4718321998927255, "camera_rotation_from_original_to_final": [-0.2796180844306946, 0.3466450273990631, 0.17230446636676788], "camera_location": [5.244290351867676, 1.9959421157836914, -1.13864004611969], "point_normal": [-0.9627537131309509, -0.11571325361728668, -0.2443682849407196], "camera_rotation_final_quaternion": [0.7714008092880249, 0.5197223424911499, -0.12738730013370514, -0.34438633918762207], "skybox_img": 4, "point_uuid": "125", "field_of_view_rads": 1.8083336999188173, "camera_rotation_final": [1.1229758262634277, 0.16214682161808014, -0.7376542091369629]}