{"camera_uuid": "8509", "obliqueness_angle": 0.40701770782470703, "nonfixated_points_in_view": [], "camera_rotation_original": [1.5707963705062866, -0.041317667812108994, 1.136915922164917], "point_location": [-0.0037994040176272392, 1.4926419258117676, -1.4197502136230469], "skybox_img_path": "./img/high/8509_skybox4.jpg", "resolution": 512, "camera_distance": 0.7189207029807126, "view_id": 14, "point_pitch": -0.28865663608046965, "camera_rotation_from_original_to_final": [-0.11870326846837997, -0.2486208826303482, -0.32837986946105957], "camera_location": [0.48954373598098755, 1.0075074434280396, -1.2245476245880127], "point_normal": [0.5946656465530396, -0.7973978519439697, -0.10261386632919312], "camera_rotation_final_quaternion": [0.7289593815803528, 0.5612277984619141, 0.22195172309875488, 0.32307738065719604], "skybox_img": 4, "point_uuid": "70", "field_of_view_rads": 1.274054123740192, "camera_rotation_final": [1.295607328414917, -0.03906238079071045, 0.8048134446144104]}