{"camera_uuid": "7981", "obliqueness_angle": 0.12525293231010437, "nonfixated_points_in_view": [9], "camera_rotation_original": [1.5707963705062866, -0.10010319203138351, 1.3111350536346436], "point_location": [2.8440728187561035, 0.5467994809150696, -1.3693242073059082], "skybox_img_path": "./img/high/7981_skybox4.jpg", "resolution": 512, "camera_distance": 0.5479762146740869, "view_id": 8, "point_pitch": -0.0808463533732553, "camera_rotation_from_original_to_final": [-0.03579423204064369, -0.11082236468791962, 0.35855522751808167], "camera_location": [3.3857762813568115, 0.599651575088501, -1.3057478666305542], "point_normal": [0.9891408681869507, 0.14696341753005981, 0.0014960329281166196], "camera_rotation_final_quaternion": [0.4753364324569702, 0.46935412287712097, 0.4708467721939087, 0.5762510895729065], "skybox_img": 4, "point_uuid": "6", "field_of_view_rads": 1.6816280418618088, "camera_rotation_final": [1.4540024995803833, -0.09344632178544998, 1.6790025234222412]}