{"camera_uuid": "12257", "obliqueness_angle": 0.5610612034797668, "nonfixated_points_in_view": [117], "camera_rotation_original": [1.5707963705062866, 0.12321007996797562, 0.7024895548820496], "point_location": [1.7417666912078857, -0.21807560324668884, -1.426782488822937], "skybox_img_path": "./img/high/12257_skybox4.jpg", "resolution": 512, "camera_distance": 0.5933137407767072, "view_id": 1, "point_pitch": -0.3526896675440927, "camera_rotation_from_original_to_final": [-0.299426794052124, -0.2383325845003128, -0.16849260032176971], "camera_location": [2.0053582191467285, -0.701819121837616, -1.206480622291565], "point_normal": [0.059019673615694046, -0.998093843460083, 0.018043018877506256], "camera_rotation_final_quaternion": [0.8138890862464905, 0.5332933664321899, 0.1730445921421051, 0.15244127810001373], "skybox_img": 4, "point_uuid": "171", "field_of_view_rads": 1.0910236528484336, "camera_rotation_final": [1.1875118017196655, 0.11936964839696884, 0.45093682408332825]}