{"camera_uuid": "8427", "obliqueness_angle": 1.2625453472137451, "nonfixated_points_in_view": [88], "camera_rotation_original": [1.5707963705062866, -0.02672487683594227, 1.033179759979248], "point_location": [-0.30368760228157043, 1.3439174890518188, -0.7665223479270935], "skybox_img_path": "./img/high/8427_skybox4.jpg", "resolution": 512, "camera_distance": 0.4975159264595918, "view_id": 75, "point_pitch": 0.5846550027516226, "camera_rotation_from_original_to_final": [0.3363354206085205, 0.5028831958770752, -0.37961483001708984], "camera_location": [-0.08267570286989212, 0.9968088269233704, -1.0461496114730835], "point_normal": [0.9422652125358582, 0.29410141706466675, -0.16012726724147797], "camera_rotation_final_quaternion": [0.4473511278629303, 0.8519311547279358, 0.23502524197101593, 0.1373075395822525], "skybox_img": 4, "point_uuid": "180", "field_of_view_rads": 1.8970819167949853, "camera_rotation_final": [2.1678457260131836, -0.023677745833992958, 0.5508911609649658]}