{"camera_uuid": "4021", "obliqueness_angle": 0.9478525519371033, "nonfixated_points_in_view": [108, 102], "camera_rotation_original": [1.5707963705062866, 0.13814251124858856, -1.8138943910598755], "point_location": [3.365755796432495, 1.3757675886154175, -0.9474144577980042], "skybox_img_path": "./img/high/4021_skybox4.jpg", "resolution": 512, "camera_distance": 0.9814441067654999, "view_id": 4, "point_pitch": 0.30435247818497224, "camera_rotation_from_original_to_final": [-0.07929573953151703, -0.3243677020072937, 0.20400619506835938], "camera_location": [2.439697265625, 1.4246693849563599, -1.2687503099441528], "point_normal": [-0.6433119773864746, 0.7428977489471436, 0.18507462739944458], "camera_rotation_final_quaternion": [0.3682000935077667, 0.6012471318244934, -0.5497341752052307, -0.4480210840702057], "skybox_img": 4, "point_uuid": "9", "field_of_view_rads": 1.7779022957772381, "camera_rotation_final": [1.90751051902771, 0.13432197272777557, -1.576710820198059]}