{"camera_uuid": "15919", "obliqueness_angle": 1.0251784324645996, "nonfixated_points_in_view": [], "camera_rotation_original": [1.5707963705062866, 0.04001807048916817, 3.0829639434814453], "point_location": [6.496413230895996, -0.9186689257621765, -1.3843356370925903], "skybox_img_path": "./img/high/15919_skybox4.jpg", "resolution": 512, "camera_distance": 0.8729200921820313, "view_id": 6, "point_pitch": -0.5429579456660409, "camera_rotation_from_original_to_final": [0.5307816863059998, -0.033756423741579056, 0.28526216745376587], "camera_location": [6.319695472717285, -0.18732045590877533, -0.9417412877082825], "point_normal": [-0.002619897248223424, 0.013651745393872261, 0.9999033808708191], "camera_rotation_final_quaternion": [-0.08336661756038666, -0.06972247362136841, 0.4915536642074585, 0.8640392422676086], "skybox_img": 4, "point_uuid": "21", "field_of_view_rads": 1.48952952790217, "camera_rotation_final": [1.0386265516281128, 0.038537099957466125, 3.3559982776641846]}