{"camera_uuid": "16196", "obliqueness_angle": 1.100769281387329, "nonfixated_points_in_view": [], "camera_rotation_original": [-1.570796251296997, 3.0472359657287598, -0.048017654567956924], "point_location": [6.095944881439209, -0.5426977872848511, -1.423715353012085], "skybox_img_path": "./img/high/16196_skybox4.jpg", "resolution": 512, "camera_distance": 0.5270423089421339, "view_id": 3, "point_pitch": -0.15295641025039153, "camera_rotation_from_original_to_final": [0.21401405334472656, 0.009894946590065956, -0.6830530166625977], "camera_location": [6.441110610961914, -0.16034892201423645, -1.3121646642684937], "point_normal": [-0.36893877387046814, 0.8434303998947144, 0.3905245363712311], "camera_rotation_final_quaternion": [0.3060205280780792, 0.2035989910364151, 0.5939027667045593, 0.7156664133071899], "skybox_img": 4, "point_uuid": "20", "field_of_view_rads": 1.0386947080855735, "camera_rotation_final": [-1.784627914428711, 3.069455146789551, -0.7499825358390808]}