{"camera_uuid": "3954", "obliqueness_angle": 0.888245701789856, "nonfixated_points_in_view": [97, 2], "camera_rotation_original": [1.5707963705062866, 0.08045337349176407, -2.0550107955932617], "point_location": [0.3078916072845459, 2.7992374897003174, -1.4269014596939087], "skybox_img_path": "./img/high/3954_skybox4.jpg", "resolution": 512, "camera_distance": 0.9202114669898162, "view_id": 17, "point_pitch": -0.37809257110091643, "camera_rotation_from_original_to_final": [0.18723997473716736, 0.3287088871002197, 0.06495428085327148], "camera_location": [-0.4629347026348114, 3.1708712577819824, -1.0885167121887207], "point_normal": [-0.2804282307624817, 0.9596080183982849, 0.022641496732831], "camera_rotation_final_quaternion": [0.40911242365837097, 0.31934890151023865, -0.462767630815506, -0.718671977519989], "skybox_img": 4, "point_uuid": "66", "field_of_view_rads": 1.0039714359666843, "camera_rotation_final": [1.1929515600204468, 0.08045300096273422, -2.051928997039795]}