{"camera_uuid": "8098", "obliqueness_angle": 1.421096682548523, "nonfixated_points_in_view": [97], "camera_rotation_original": [1.5707963705062866, -0.006346420850604773, -1.8958892822265625], "point_location": [0.3078916072845459, 2.7992374897003174, -1.4269014596939087], "skybox_img_path": "./img/high/8098_skybox4.jpg", "resolution": 512, "camera_distance": 0.8553997538887156, "view_id": 6, "point_pitch": -0.35344056685897307, "camera_rotation_from_original_to_final": [0.11856333166360855, 0.3367415964603424, 0.4782111942768097], "camera_location": [-0.4867185652256012, 2.6929330825805664, -1.1285680532455444], "point_normal": [-0.2804282307624817, 0.9596080183982849, 0.022641496732831], "camera_rotation_final_quaternion": [0.6196207404136658, 0.42827308177948, -0.3770937919616699, -0.5389365553855896], "skybox_img": 4, "point_uuid": "66", "field_of_view_rads": 1.48952952790217, "camera_rotation_final": [1.2145373821258545, -0.0056862602941691875, -1.4356881380081177]}