{"camera_uuid": "4639", "obliqueness_angle": 0.697472333908081, "nonfixated_points_in_view": [], "camera_rotation_original": [1.5707963705062866, 0.1680005043745041, 1.2062387466430664], "point_location": [1.5920188426971436, 2.1285598278045654, -1.4049173593521118], "skybox_img_path": "./img/high/4639_skybox4.jpg", "resolution": 512, "camera_distance": 0.6910286687064774, "view_id": 29, "point_pitch": -0.5884296139094491, "camera_rotation_from_original_to_final": [-0.23298002779483795, -0.49545300006866455, 0.37765800952911377], "camera_location": [2.1832332611083984, 2.1052005290985107, -1.047929286956787], "point_normal": [0.3241092562675476, -0.10795459151268005, 0.9398399591445923], "camera_rotation_final_quaternion": [0.6826527714729309, 0.32020285725593567, 0.37305259704589844, 0.5406358242034912], "skybox_img": 4, "point_uuid": "107", "field_of_view_rads": 2.0062308946333633, "camera_rotation_final": [1.0197069644927979, 0.16383643448352814, 1.4313952922821045]}