{"camera_uuid": "7177", "obliqueness_angle": 1.2362021207809448, "nonfixated_points_in_view": [120, 77], "camera_rotation_original": [1.5707963705062866, -0.06990685313940048, 1.4680330753326416], "point_location": [-0.4054321348667145, 1.2653040885925293, -0.6841932535171509], "skybox_img_path": "./img/high/7177_skybox4.jpg", "resolution": 512, "camera_distance": 0.8457426123617792, "view_id": 37, "point_pitch": -0.3283824165675302, "camera_rotation_from_original_to_final": [-0.03442617133259773, -0.29810816049575806, -0.4232378304004669], "camera_location": [0.2913742661476135, 0.856321394443512, -0.43424421548843384], "point_normal": [0.040700461715459824, 0.0009101604809984565, 0.9991709589958191], "camera_rotation_final_quaternion": [0.6846227645874023, 0.5246515870094299, 0.27743780612945557, 0.4231555461883545], "skybox_img": 4, "point_uuid": "104", "field_of_view_rads": 1.3001655876812834, "camera_rotation_final": [1.270139455795288, -0.06418200582265854, 1.059919834136963]}