{"camera_uuid": "3598", "obliqueness_angle": 0.3949277698993683, "nonfixated_points_in_view": [], "camera_rotation_original": [1.5707963705062866, -0.1424356997013092, 1.9775309562683105], "point_location": [-0.4168107807636261, 2.6449878215789795, -1.3910259008407593], "skybox_img_path": "./img/high/3598_skybox4.jpg", "resolution": 512, "camera_distance": 0.7720238827255621, "view_id": 14, "point_pitch": -0.40735618670913176, "camera_rotation_from_original_to_final": [0.1542869508266449, -0.3325793147087097, -0.35134148597717285], "camera_location": [0.30191317200660706, 2.702969789505005, -1.1151729822158813], "point_normal": [0.9920056462287903, 0.12320997565984726, -0.027280181646347046], "camera_rotation_final_quaternion": [0.5126421451568604, 0.4139394462108612, 0.38729631900787354, 0.6448672413825989], "skybox_img": 4, "point_uuid": "109", "field_of_view_rads": 1.274054123740192, "camera_rotation_final": [1.2017762660980225, -0.1372133195400238, 1.7041451930999756]}