{"camera_uuid": "8283", "obliqueness_angle": 0.8209235668182373, "nonfixated_points_in_view": [65, 127], "camera_rotation_original": [1.5707963705062866, 0.04652518406510353, 2.3194005489349365], "point_location": [0.14699065685272217, -0.1122998520731926, -1.4476916790008545], "skybox_img_path": "./img/high/8283_skybox4.jpg", "resolution": 512, "camera_distance": 0.8066987670190813, "view_id": 33, "point_pitch": -0.43681971629592375, "camera_rotation_from_original_to_final": [0.2945760190486908, -0.3047388195991516, 0.31968069076538086], "camera_location": [0.4716939926147461, 0.5486304759979248, -1.118295669555664], "point_normal": [0.33598119020462036, 0.20910274982452393, 0.9183641672134399], "camera_rotation_final_quaternion": [0.20947878062725067, 0.11037427186965942, 0.5325923562049866, 0.8125770688056946], "skybox_img": 4, "point_uuid": "178", "field_of_view_rads": 1.3476975839402114, "camera_rotation_final": [1.1497482061386108, 0.043772369623184204, 2.6653497219085693]}