{"camera_uuid": "6918", "obliqueness_angle": 0.3311694860458374, "nonfixated_points_in_view": [130, 102], "camera_rotation_original": [1.5707963705062866, -0.15328942239284515, -1.1005362272262573], "point_location": [3.4670467376708984, 1.0758438110351562, -0.6993377804756165], "skybox_img_path": "./img/high/6918_skybox4.jpg", "resolution": 512, "camera_distance": 0.8017804448119652, "view_id": 75, "point_pitch": 0.3539387742665152, "camera_rotation_from_original_to_final": [0.16460110247135162, -0.33119070529937744, -0.09451272338628769], "camera_location": [2.779607057571411, 0.7810121774673462, -0.9880467653274536], "point_normal": [-0.728654682636261, -0.24732623994350433, -0.6386642456054688], "camera_rotation_final_quaternion": [0.4960656762123108, 0.6492339968681335, -0.5084660053253174, -0.2718021869659424], "skybox_img": 4, "point_uuid": "78", "field_of_view_rads": 1.8970819167949853, "camera_rotation_final": [1.9436687231063843, -0.15212470293045044, -1.2248492240905762]}