{"camera_uuid": "14197", "obliqueness_angle": 1.1056277751922607, "nonfixated_points_in_view": [], "camera_rotation_original": [1.5707963705062866, 0.13390135765075684, -1.1945734024047852], "point_location": [6.416158676147461, 2.537578821182251, -1.2911784648895264], "skybox_img_path": "./img/high/14197_skybox4.jpg", "resolution": 512, "camera_distance": 0.51669794852851, "view_id": 22, "point_pitch": -0.5544754703852792, "camera_rotation_from_original_to_final": [-0.19182172417640686, 0.4560500383377075, 0.4723952114582062], "camera_location": [6.130954742431641, 2.1825664043426514, -1.0470439195632935], "point_normal": [-0.00751654664054513, 0.040270037949085236, 0.9991605877876282], "camera_rotation_final_quaternion": [0.7880132794380188, 0.49497032165527344, -0.13696493208408356, -0.3395291864871979], "skybox_img": 4, "point_uuid": "148", "field_of_view_rads": 1.5082571856068028, "camera_rotation_final": [1.0747594833374023, 0.12054509669542313, -0.7417739033699036]}