{"camera_uuid": "5942", "obliqueness_angle": 1.1491984128952026, "nonfixated_points_in_view": [], "camera_rotation_original": [1.5707963705062866, 0.10243836790323257, -0.2593924403190613], "point_location": [0.22651520371437073, 2.849133014678955, -1.442795991897583], "skybox_img_path": "./img/high/5942_skybox4.jpg", "resolution": 512, "camera_distance": 0.9749748828904987, "view_id": 0, "point_pitch": -0.3990756710383554, "camera_rotation_from_original_to_final": [-0.41086551547050476, 0.1110309362411499, -0.25568830966949463], "camera_location": [-0.19208917021751404, 2.065598964691162, -1.0410239696502686], "point_normal": [0.024610353633761406, -0.009762244299054146, 0.9996494650840759], "camera_rotation_final_quaternion": [0.8028694987297058, 0.5322967171669006, -0.10304360836744308, -0.24787656962871552], "skybox_img": 4, "point_uuid": "150", "field_of_view_rads": 1.1393301111905725, "camera_rotation_final": [1.1438478231430054, 0.09858623892068863, -0.5354196429252625]}