{"camera_uuid": "15290", "obliqueness_angle": 0.9404966235160828, "nonfixated_points_in_view": [], "camera_rotation_original": [1.5707963705062866, -0.12840017676353455, -1.2172091007232666], "point_location": [1.1332991123199463, -0.8327366709709167, -1.4375404119491577], "skybox_img_path": "./img/high/15290_skybox4.jpg", "resolution": 512, "camera_distance": 0.770087175204093, "view_id": 17, "point_pitch": -0.3512250622126718, "camera_rotation_from_original_to_final": [-0.10277731716632843, 0.2822190225124359, -0.44616639614105225], "camera_location": [0.3997722864151001, -0.7758952975273132, -1.21007239818573], "point_normal": [-0.5603585243225098, 0.8280418515205383, -0.018577322363853455], "camera_rotation_final_quaternion": [0.5822578072547913, 0.37535184621810913, -0.4598056375980377, -0.5555768609046936], "skybox_img": 4, "point_uuid": "147", "field_of_view_rads": 1.384811670309553, "camera_rotation_final": [1.2687535285949707, -0.11865544319152832, -1.6112655401229858]}