{"camera_uuid": "0881", "obliqueness_angle": 0.6010579466819763, "nonfixated_points_in_view": [], "camera_rotation_original": [1.5707963705062866, 0.13698269426822662, 0.32693180441856384], "point_location": [1.904913306236267, 3.043900966644287, -1.3826780319213867], "skybox_img_path": "./img/high/0881_skybox4.jpg", "resolution": 512, "camera_distance": 0.6724347394828094, "view_id": 2, "point_pitch": -0.5964268883082529, "camera_rotation_from_original_to_final": [-0.6161357164382935, -0.17387613654136658, -0.20380406081676483], "camera_location": [1.9456632137298584, 2.504777669906616, -0.9828605651855469], "point_normal": [-0.06379000097513199, -0.9967313408851624, 0.04957450553774834], "camera_rotation_final_quaternion": [0.8921031951904297, 0.4471016824245453, 0.05300195515155792, -0.03798452392220497], "skybox_img": 4, "point_uuid": "74", "field_of_view_rads": 1.0910236528484336, "camera_rotation_final": [0.9278514981269836, 0.12888887524604797, -0.020549584180116653]}