{"camera_uuid": "10753", "obliqueness_angle": 1.2250105142593384, "nonfixated_points_in_view": [3, 92], "camera_rotation_original": [1.5707963705062866, -0.12360711395740509, -1.7288354635238647], "point_location": [5.577847957611084, 0.5073602795600891, -0.8285789489746094], "skybox_img_path": "./img/high/10753_skybox4.jpg", "resolution": 512, "camera_distance": 0.7339100951369558, "view_id": 34, "point_pitch": -0.40765432914229827, "camera_rotation_from_original_to_final": [0.055875737220048904, 0.39429643750190735, -0.0918784961104393], "camera_location": [4.924568176269531, 0.6833645105361938, -0.5441988110542297], "point_normal": [0.047805894166231155, -0.0227388683706522, 0.9985978007316589], "camera_rotation_final_quaternion": [0.5497058033943176, 0.30643635988235474, -0.4608185589313507, -0.6257528066635132], "skybox_img": 4, "point_uuid": "11", "field_of_view_rads": 1.6403442297244761, "camera_rotation_final": [1.1696685552597046, -0.12343563884496689, -1.7817925214767456]}