{"camera_uuid": "8871", "obliqueness_angle": 1.476642370223999, "nonfixated_points_in_view": [34, 118], "camera_rotation_original": [1.5707963705062866, -0.1726309061050415, -2.0697035789489746], "point_location": [0.2828949987888336, -0.2686469852924347, -1.422070026397705], "skybox_img_path": "./img/high/8871_skybox4.jpg", "resolution": 512, "camera_distance": 0.9416054637537722, "view_id": 3, "point_pitch": -0.5177046497676034, "camera_rotation_from_original_to_final": [0.22044652700424194, 0.3760139048099518, -0.5075905919075012], "camera_location": [-0.143899604678154, 0.47178491950035095, -1.0268133878707886], "point_normal": [0.3723050653934479, -0.15438079833984375, 0.9151805639266968], "camera_rotation_final_quaternion": [0.28587204217910767, 0.09469504654407501, -0.5302342772483826, -0.7925664782524109], "skybox_img": 4, "point_uuid": "105", "field_of_view_rads": 1.0386947080855735, "camera_rotation_final": [1.1320844888687134, -0.15365801751613617, -2.547006130218506]}