{"camera_uuid": "10332", "obliqueness_angle": 1.3600044250488281, "nonfixated_points_in_view": [], "camera_rotation_original": [1.5707963705062866, 0.005616463720798492, 0.05445963889360428], "point_location": [4.301836967468262, 1.017685055732727, -0.9298179745674133], "skybox_img_path": "./img/high/10332_skybox4.jpg", "resolution": 512, "camera_distance": 0.4830565235581618, "view_id": 35, "point_pitch": -0.1994132240626474, "camera_rotation_from_original_to_final": [-0.1983974575996399, -0.010681062936782837, 0.1323593109846115], "camera_location": [4.389300346374512, 0.552278459072113, -0.8344740271568298], "point_normal": [0.41032981872558594, 0.04652121290564537, 0.9107499122619629], "camera_rotation_final_quaternion": [0.7706150412559509, 0.6305917501449585, 0.06054622307419777, 0.06957492232322693], "skybox_img": 4, "point_uuid": "143", "field_of_view_rads": 1.5082571856068028, "camera_rotation_final": [1.3721122741699219, 0.005568944849073887, 0.1846410632133484]}