{"camera_uuid": "8211", "obliqueness_angle": 1.0005148649215698, "nonfixated_points_in_view": [37], "camera_rotation_original": [1.5707963705062866, -0.07666818797588348, 1.3091400861740112], "point_location": [3.765934944152832, 1.8845245838165283, -1.4114539623260498], "skybox_img_path": "./img/high/8211_skybox4.jpg", "resolution": 512, "camera_distance": 0.8317901240664514, "view_id": 3, "point_pitch": -0.6025678356501718, "camera_rotation_from_original_to_final": [-0.16546988487243652, -0.5939093828201294, 0.17449599504470825], "camera_location": [4.439026355743408, 1.7876814603805542, -0.9324506521224976], "point_normal": [-0.0554204061627388, -0.27599287033081055, 0.9595605731010437], "camera_rotation_final_quaternion": [0.6433014273643494, 0.3616025447845459, 0.2851463556289673, 0.6116359233856201], "skybox_img": 4, "point_uuid": "154", "field_of_view_rads": 1.384811670309553, "camera_rotation_final": [0.9551120400428772, -0.07553991675376892, 1.481235384941101]}