{"camera_uuid": "8886", "obliqueness_angle": 1.1947182416915894, "nonfixated_points_in_view": [120], "camera_rotation_original": [1.5707963705062866, -0.049528639763593674, 0.5090622901916504], "point_location": [-0.34234288334846497, 0.8369564414024353, -0.7921566963195801], "skybox_img_path": "./img/high/8886_skybox4.jpg", "resolution": 512, "camera_distance": 0.33459948898539055, "view_id": 34, "point_pitch": -0.3324088295313974, "camera_rotation_from_original_to_final": [-0.3239603042602539, -0.16719599068164825, 0.6874727606773376], "camera_location": [-0.054269108921289444, 0.7151128053665161, -0.673310399055481], "point_normal": [0.04777548089623451, 0.07583989202976227, 0.9959748387336731], "camera_rotation_final_quaternion": [0.6765854954719543, 0.47966715693473816, 0.30384954810142517, 0.4688570499420166], "skybox_img": 4, "point_uuid": "121", "field_of_view_rads": 1.6403442297244761, "camera_rotation_final": [1.2073954343795776, -0.03863990306854248, 1.1853446960449219]}