{"camera_uuid": "5854", "obliqueness_angle": 0.9233998656272888, "nonfixated_points_in_view": [], "camera_rotation_original": [1.5707963705062866, -0.003901377320289612, 0.874543309211731], "point_location": [0.7851385474205017, 1.2789015769958496, -1.4171496629714966], "skybox_img_path": "./img/high/5854_skybox4.jpg", "resolution": 512, "camera_distance": 0.622743232498592, "view_id": 30, "point_pitch": -0.6074661453578134, "camera_rotation_from_original_to_final": [-0.42081841826438904, -0.4548022449016571, 0.6266322731971741], "camera_location": [1.2885429859161377, 1.1932936906814575, -1.0606887340545654], "point_normal": [0.04163115471601486, 0.017202280461788177, 0.9989850521087646], "camera_rotation_final_quaternion": [0.6763234734535217, 0.35391107201576233, 0.2975647449493408, 0.5734009742736816], "skybox_img": 4, "point_uuid": "187", "field_of_view_rads": 1.3499468538769375, "camera_rotation_final": [0.9613572955131531, -0.00336586800403893, 1.404699683189392]}