{"camera_uuid": "2077", "obliqueness_angle": 0.7424237728118896, "nonfixated_points_in_view": [], "camera_rotation_original": [1.5707963705062866, 0.02112911082804203, 2.614245653152466], "point_location": [-0.4168107807636261, 2.6449878215789795, -1.3910259008407593], "skybox_img_path": "./img/high/2077_skybox4.jpg", "resolution": 512, "camera_distance": 0.5776217499806436, "view_id": 31, "point_pitch": -0.5929357250544687, "camera_rotation_from_original_to_final": [0.5350209474563599, -0.29044145345687866, -0.5152600407600403], "camera_location": [-0.026290427893400192, 2.9173083305358887, -1.0639444589614868], "point_normal": [0.9926148056983948, 0.12025166302919388, 0.015980595722794533], "camera_rotation_final_quaternion": [0.41841983795166016, 0.21064876019954681, 0.41533052921295166, 0.7797772288322449], "skybox_img": 4, "point_uuid": "109", "field_of_view_rads": 1.792492522379571, "camera_rotation_final": [0.9687162041664124, 0.019047999754548073, 2.166638135910034]}