{"camera_uuid": "11417", "obliqueness_angle": 0.9751695394515991, "nonfixated_points_in_view": [], "camera_rotation_original": [1.5707963705062866, 0.15135212242603302, -0.7576337456703186], "point_location": [6.416158676147461, 2.537578821182251, -1.2911784648895264], "skybox_img_path": "./img/high/11417_skybox4.jpg", "resolution": 512, "camera_distance": 0.6699579134664836, "view_id": 40, "point_pitch": -0.56798259814712, "camera_rotation_from_original_to_final": [-0.45854923129081726, 0.4206174910068512, -0.34937867522239685], "camera_location": [5.954540729522705, 2.241273880004883, -0.9065281748771667], "point_normal": [-0.00751654664054513, 0.040270037949085236, 0.9991605877876282], "camera_rotation_final_quaternion": [0.7385017275810242, 0.42267847061157227, -0.1851280927658081, -0.4916154146194458], "skybox_img": 4, "point_uuid": "148", "field_of_view_rads": 1.4743485341217646, "camera_rotation_final": [0.9520288109779358, 0.14263884723186493, -1.1010265350341797]}