{"camera_uuid": "11828", "obliqueness_angle": 1.2070105075836182, "nonfixated_points_in_view": [], "camera_rotation_original": [1.5707963705062866, 0.11140904575586319, -1.5909385681152344], "point_location": [6.416158676147461, 2.537578821182251, -1.2911784648895264], "skybox_img_path": "./img/high/11828_skybox4.jpg", "resolution": 512, "camera_distance": 0.43469487451719235, "view_id": 15, "point_pitch": -0.2594718178126474, "camera_rotation_from_original_to_final": [-0.015898479148745537, 0.3322383463382721, -0.6924536228179932], "camera_location": [6.105496406555176, 2.8066372871398926, -1.1495587825775146], "point_normal": [-0.00751654664054513, 0.040270037949085236, 0.9991605877876282], "camera_rotation_final_quaternion": [0.3051984906196594, 0.2643992006778717, -0.5169116258621216, -0.7548174262046814], "skybox_img": 4, "point_uuid": "148", "field_of_view_rads": 1.794124606241639, "camera_rotation_final": [1.237736701965332, 0.08372271806001663, -2.313473701477051]}