{"camera_uuid": "10753", "obliqueness_angle": 1.1129461526870728, "nonfixated_points_in_view": [8, 92], "camera_rotation_original": [1.5707963705062866, -0.12360711395740509, -1.7288354635238647], "point_location": [5.437486171722412, 0.3159542977809906, -0.8787023425102234], "skybox_img_path": "./img/high/10753_skybox4.jpg", "resolution": 512, "camera_distance": 0.7141202485921206, "view_id": 6, "point_pitch": -0.5393113334986825, "camera_rotation_from_original_to_final": [0.07807444036006927, 0.4817256033420563, -0.4430540204048157], "camera_location": [4.924568176269531, 0.6833645105361938, -0.5441988110542297], "point_normal": [-0.5941973924636841, 0.5574745535850525, -0.5797858834266663], "camera_rotation_final_quaternion": [0.4398380517959595, 0.20558041334152222, -0.4727896451950073, -0.7353564500808716], "skybox_img": 4, "point_uuid": "4", "field_of_view_rads": 1.48952952790217, "camera_rotation_final": [1.0798476934432983, -0.11379744857549667, -2.13175630569458]}