{"camera_uuid": "4349", "obliqueness_angle": 1.1657158136367798, "nonfixated_points_in_view": [], "camera_rotation_original": [1.5707963705062866, 0.04727301374077797, 2.7503230571746826], "point_location": [2.7213988304138184, 0.7782269716262817, -1.3615648746490479], "skybox_img_path": "./img/high/4349_skybox4.jpg", "resolution": 512, "camera_distance": 0.7152266265234836, "view_id": 3, "point_pitch": -0.6002222736689706, "camera_rotation_from_original_to_final": [0.5413467884063721, -0.21168623864650726, 0.457965612411499], "camera_location": [2.6458613872528076, 1.3727269172668457, -0.9711637496948242], "point_normal": [0.6617732048034668, 0.7121241688728333, -0.2343832552433014], "camera_rotation_final_quaternion": [-0.033663708716630936, -0.04192035272717476, 0.4746803939342499, 0.8785146474838257], "skybox_img": 4, "point_uuid": "12", "field_of_view_rads": 1.0386947080855735, "camera_rotation_final": [0.9928349852561951, 0.04170837625861168, 3.2407870292663574]}