{"camera_uuid": "2212", "obliqueness_angle": 0.8314275741577148, "nonfixated_points_in_view": [], "camera_rotation_original": [1.5707963705062866, -0.13070251047611237, 0.2575187683105469], "point_location": [2.066779375076294, 2.579990863800049, -1.4030261039733887], "skybox_img_path": "./img/high/2212_skybox4.jpg", "resolution": 512, "camera_distance": 0.7068196487677837, "view_id": 7, "point_pitch": -0.7598883350703378, "camera_rotation_from_original_to_final": [-0.7013829946517944, -0.1986408829689026, -0.25130903720855713], "camera_location": [2.023559093475342, 2.051983118057251, -0.9351224303245544], "point_normal": [0.0033442084677517414, -0.016241353005170822, 0.9998626112937927], "camera_rotation_final_quaternion": [0.910691499710083, 0.4078454077243805, -0.05167064070701599, 0.040412962436676025], "skybox_img": 4, "point_uuid": "51", "field_of_view_rads": 0.5961933550608073, "camera_rotation_final": [0.8400908708572388, -0.127421036362648, 0.03172267600893974]}