{"camera_uuid": "2699", "obliqueness_angle": 1.4019728899002075, "nonfixated_points_in_view": [32], "camera_rotation_original": [1.5707963705062866, -0.1663774996995926, 0.5550276637077332], "point_location": [0.32991182804107666, 2.4133899211883545, -1.3794349431991577], "skybox_img_path": "./img/high/2699_skybox4.jpg", "resolution": 512, "camera_distance": 0.6340864744490453, "view_id": 16, "point_pitch": -0.6722790439936777, "camera_rotation_from_original_to_final": [-0.6362579464912415, -0.3847852945327759, 0.4208173155784607], "camera_location": [0.6799612641334534, 2.0951731204986572, -0.9572156667709351], "point_normal": [0.7323230504989624, 0.6650322675704956, 0.14640741050243378], "camera_rotation_final_quaternion": [0.7924766540527344, 0.3887496292591095, 0.1262482851743698, 0.45267629623413086], "skybox_img": 4, "point_uuid": "151", "field_of_view_rads": 1.949514490688795, "camera_rotation_final": [0.8316146731376648, -0.1524476408958435, 0.9705546498298645]}