{"camera_uuid": "6718", "obliqueness_angle": 1.5314971208572388, "nonfixated_points_in_view": [], "camera_rotation_original": [1.5707963705062866, -0.08082853257656097, -1.1710968017578125], "point_location": [1.8005895614624023, 0.6414239406585693, -0.9798945188522339], "skybox_img_path": "./img/high/6718_skybox4.jpg", "resolution": 512, "camera_distance": 0.9457740584617387, "view_id": 6, "point_pitch": -0.05803315242263274, "camera_rotation_from_original_to_final": [-0.004855058621615171, 0.027241786941885948, -0.3958231806755066], "camera_location": [0.8551674485206604, 0.6376184225082397, -0.9543774724006653], "point_normal": [-0.012308535166084766, -0.0017647614004090428, 0.9999226927757263], "camera_rotation_final_quaternion": [0.5262468457221985, 0.47547656297683716, -0.5103254318237305, -0.48636841773986816], "skybox_img": 4, "point_uuid": "193", "field_of_view_rads": 1.8970819167949853, "camera_rotation_final": [1.5437376499176025, -0.07467012852430344, -1.5647519826889038]}