{"camera_uuid": "4776", "obliqueness_angle": 1.4578748941421509, "nonfixated_points_in_view": [], "camera_rotation_original": [1.5707963705062866, 0.017769187688827515, -2.7345073223114014], "point_location": [2.8440728187561035, 0.5467994809150696, -1.3693242073059082], "skybox_img_path": "./img/high/4776_skybox4.jpg", "resolution": 512, "camera_distance": 0.9839700543758825, "view_id": 0, "point_pitch": -0.2188916643473764, "camera_rotation_from_original_to_final": [0.20724177360534668, 0.089365653693676, -0.36571452021598816], "camera_location": [2.8134095668792725, 1.5053822994232178, -1.1493791341781616], "point_normal": [0.9891408681869507, 0.14696341753005981, 0.0014960329281166196], "camera_rotation_final_quaternion": [0.005881517194211483, 0.015237572602927685, -0.6228994131088257, -0.7821313738822937], "skybox_img": 4, "point_uuid": "6", "field_of_view_rads": 2.078591559549699, "camera_rotation_final": [1.3453322649002075, 0.016509130597114563, -3.1134018898010254]}