{"camera_uuid": "10082", "obliqueness_angle": 1.358076810836792, "nonfixated_points_in_view": [], "camera_rotation_original": [1.5707963705062866, 0.1007751002907753, -0.315377414226532], "point_location": [1.8005895614624023, 0.6414239406585693, -0.9798945188522339], "skybox_img_path": "./img/high/10082_skybox4.jpg", "resolution": 512, "camera_distance": 0.7287675202179159, "view_id": 3, "point_pitch": -0.16280536254378752, "camera_rotation_from_original_to_final": [-0.1955810934305191, 0.05621528998017311, -0.4092819094657898], "camera_location": [1.3300279378890991, 0.10474250465631485, -0.8327655792236328], "point_normal": [-0.012308535166084766, -0.0017647614004090428, 0.9999226927757263], "camera_rotation_final_quaternion": [0.7119251489639282, 0.601018488407135, -0.19450734555721283, -0.30676740407943726], "skybox_img": 4, "point_uuid": "193", "field_of_view_rads": 0.7907185303916441, "camera_rotation_final": [1.3666377067565918, 0.09192582964897156, -0.7388514280319214]}