{"camera_uuid": "3636", "obliqueness_angle": 1.2311145067214966, "nonfixated_points_in_view": [], "camera_rotation_original": [1.5707963705062866, 0.13004551827907562, -2.415530204772949], "point_location": [3.2907848358154297, 0.7151510119438171, -0.953556478023529], "skybox_img_path": "./img/high/3636_skybox4.jpg", "resolution": 512, "camera_distance": 0.9700506558077078, "view_id": 0, "point_pitch": -0.20275382598372893, "camera_rotation_from_original_to_final": [0.14334315061569214, 0.12379933148622513, 0.12648236751556396], "camera_location": [2.57889986038208, 1.3483669757843018, -0.7711952328681946], "point_normal": [-0.31622445583343506, 0.4023386836051941, -0.8591424822807312], "camera_rotation_final_quaternion": [0.268600195646286, 0.2986586093902588, -0.5628564953804016, -0.7223915457725525], "skybox_img": 4, "point_uuid": "195", "field_of_view_rads": 0.6651429173367224, "camera_rotation_final": [1.380063533782959, 0.12949179112911224, -2.3227028846740723]}