{"camera_uuid": "7079", "obliqueness_angle": 1.2718232870101929, "nonfixated_points_in_view": [], "camera_rotation_original": [1.5707963705062866, 0.1380721479654312, 0.5162312388420105], "point_location": [3.4670467376708984, 1.0758438110351562, -0.6993377804756165], "skybox_img_path": "./img/high/7079_skybox4.jpg", "resolution": 512, "camera_distance": 0.4219074129196556, "view_id": 78, "point_pitch": -0.03918771346541838, "camera_rotation_from_original_to_final": [-0.09650815278291702, -0.09223813563585281, -0.6989659667015076], "camera_location": [3.388305902481079, 0.6649330258369446, -0.6449496746063232], "point_normal": [-0.728654682636261, -0.24732623994350433, -0.6386642456054688], "camera_rotation_final_quaternion": [0.7431786060333252, 0.6593723893165588, -0.02780337817966938, -0.1101842075586319], "skybox_img": 4, "point_uuid": "78", "field_of_view_rads": 1.0801451845514387, "camera_rotation_final": [1.4408180713653564, 0.1041673794388771, -0.2029207944869995]}