{"camera_uuid": "14478", "obliqueness_angle": 0.29718396067619324, "nonfixated_points_in_view": [84, 118, 127], "camera_rotation_original": [1.5707963705062866, 0.01894199661910534, 0.264761358499527], "point_location": [-0.1822434514760971, 0.2831597626209259, -1.431676983833313], "skybox_img_path": "./img/high/14478_skybox4.jpg", "resolution": 512, "camera_distance": 0.8955340490792966, "view_id": 18, "point_pitch": -0.2128738602015634, "camera_rotation_from_original_to_final": [-0.2038806974887848, -0.05450394004583359, 0.10971405357122421], "camera_location": [0.1335466206073761, -0.5336012840270996, -1.2441688776016235], "point_normal": [0.12324375659227371, -0.9915743470191956, 0.03989033028483391], "camera_rotation_final_quaternion": [0.7657647132873535, 0.6169291734695435, 0.121275395154953, 0.13525928556919098], "skybox_img": 4, "point_uuid": "188", "field_of_view_rads": 1.82720328702949, "camera_rotation_final": [1.359816074371338, 0.018847135826945305, 0.36489757895469666]}