{"camera_uuid": "8635", "obliqueness_angle": 0.9672638773918152, "nonfixated_points_in_view": [], "camera_rotation_original": [1.5707963705062866, 0.07897352427244186, 1.341278314590454], "point_location": [1.8005895614624023, 0.6414239406585693, -0.9798945188522339], "skybox_img_path": "./img/high/8635_skybox4.jpg", "resolution": 512, "camera_distance": 0.9095724468275787, "view_id": 17, "point_pitch": -0.5634195049616952, "camera_rotation_from_original_to_final": [-0.1552356779575348, -0.5927994847297668, -0.5674870014190674], "camera_location": [2.295076370239258, 0.08377395570278168, -0.4585200548171997], "point_normal": [-0.012308535166084766, -0.0017647614004090428, 0.9999226927757263], "camera_rotation_final_quaternion": [0.8405925035476685, 0.4253307580947876, 0.1802489012479782, 0.28285738825798035], "skybox_img": 4, "point_uuid": "193", "field_of_view_rads": 0.8526318947095067, "camera_rotation_final": [0.9590133428573608, 0.06245645135641098, 0.6816754937171936]}