{"camera_uuid": "9338", "obliqueness_angle": 0.8154524564743042, "nonfixated_points_in_view": [], "camera_rotation_original": [1.5707963705062866, -0.019606096670031548, -1.8127020597457886], "point_location": [2.624671697616577, -0.7024632096290588, -0.5636605024337769], "skybox_img_path": "./img/high/9338_skybox4.jpg", "resolution": 512, "camera_distance": 0.5422086335056797, "view_id": 12, "point_pitch": -0.5907766064021249, "camera_rotation_from_original_to_final": [0.15557129681110382, 0.5612285137176514, -0.5329884886741638], "camera_location": [2.3152458667755127, -0.3709365427494049, -0.26644688844680786], "point_normal": [-0.34883588552474976, 0.9258549809455872, -0.14528000354766846], "camera_rotation_final_quaternion": [0.33070990443229675, 0.16991978883743286, -0.4439036548137665, -0.8152961134910583], "skybox_img": 4, "point_uuid": "60", "field_of_view_rads": 0.9904486154446002, "camera_rotation_final": [0.9905516505241394, -0.016537539660930634, -2.3798224925994873]}