{"camera_uuid": "15635", "obliqueness_angle": 1.2055857181549072, "nonfixated_points_in_view": [], "camera_rotation_original": [1.5707963705062866, -0.13630524277687073, -2.6828207969665527], "point_location": [6.481565952301025, 0.8570258617401123, -1.4156475067138672], "skybox_img_path": "./img/high/15635_skybox4.jpg", "resolution": 512, "camera_distance": 0.6887306008477946, "view_id": 9, "point_pitch": -0.40482132037612395, "camera_rotation_from_original_to_final": [0.32941776514053345, 0.1634349226951599, -0.28389257192611694], "camera_location": [6.387537479400635, 1.4931352138519287, -1.1689221858978271], "point_normal": [-0.010680751875042915, -0.002730970038101077, 0.9999393224716187], "camera_rotation_final_quaternion": [0.1182250902056694, 0.0015839310362935066, -0.5664640665054321, -0.8155604004859924], "skybox_img": 4, "point_uuid": "134", "field_of_view_rads": 2.1797545326211765, "camera_rotation_final": [1.2010669708251953, -0.13173766434192657, -2.9439737796783447]}