{"camera_uuid": "9958", "obliqueness_angle": 1.4508999586105347, "nonfixated_points_in_view": [], "camera_rotation_original": [1.5707963705062866, 0.12713532149791718, -1.6612579822540283], "point_location": [4.119651794433594, 0.2007019966840744, -1.4227880239486694], "skybox_img_path": "./img/high/9958_skybox4.jpg", "resolution": 512, "camera_distance": 0.9410541655588225, "view_id": 4, "point_pitch": -0.745975180468287, "camera_rotation_from_original_to_final": [0.11180297285318375, 0.7008219957351685, 0.3887594938278198], "camera_location": [3.430422782897949, 0.00968480296432972, -0.8111845850944519], "point_normal": [0.5798438191413879, -0.38847625255584717, 0.7161476612091064], "camera_rotation_final_quaternion": [0.6760105490684509, 0.3524393141269684, -0.22545520961284637, -0.6066021919250488], "skybox_img": 4, "point_uuid": "23", "field_of_view_rads": 1.7779022957772381, "camera_rotation_final": [0.8567907810211182, 0.12307116389274597, -1.4064117670059204]}