{"camera_uuid": "7771", "obliqueness_angle": 1.0521354675292969, "nonfixated_points_in_view": [], "camera_rotation_original": [1.5707963705062866, 0.1042497456073761, -2.1824235916137695], "point_location": [1.8005895614624023, 0.6414239406585693, -0.9798945188522339], "skybox_img_path": "./img/high/7771_skybox4.jpg", "resolution": 512, "camera_distance": 0.9607299947963424, "view_id": 79, "point_pitch": -0.5762016018244882, "camera_rotation_from_original_to_final": [0.29775577783584595, 0.4159185588359833, 0.8253401517868042], "camera_location": [0.9693916440010071, 0.5185167789459229, -0.5140554904937744], "point_normal": [-0.012308535166084766, -0.0017647614004090428, 0.9999226927757263], "camera_rotation_final_quaternion": [0.6262736320495605, 0.39876964688301086, -0.3139150142669678, -0.5917951464653015], "skybox_img": 4, "point_uuid": "193", "field_of_view_rads": 1.369499222567621, "camera_rotation_final": [1.062840461730957, 0.07886822521686554, -1.4678231477737427]}