{"camera_uuid": "8917", "obliqueness_angle": 1.3964011669158936, "nonfixated_points_in_view": [64], "camera_rotation_original": [1.5707963705062866, 0.0720885843038559, 0.7713750600814819], "point_location": [-0.5961403846740723, 1.2346282005310059, -0.7860416769981384], "skybox_img_path": "./img/high/8917_skybox4.jpg", "resolution": 512, "camera_distance": 0.8540102749603955, "view_id": 1, "point_pitch": -0.5625411709162851, "camera_rotation_from_original_to_final": [-0.43802401423454285, -0.37715739011764526, 0.0032296529971063137], "camera_location": [-0.13648933172225952, 0.6816296577453613, -0.32533887028694153], "point_normal": [0.9223405718803406, 0.26245540380477905, -0.28355780243873596], "camera_rotation_final_quaternion": [0.8370493650436401, 0.4439716041088104, 0.18209923803806305, 0.26282596588134766], "skybox_img": 4, "point_uuid": "157", "field_of_view_rads": 1.0910236528484336, "camera_rotation_final": [0.9993590712547302, 0.07153855264186859, 0.6475489139556885]}