{"camera_uuid": "13186", "obliqueness_angle": 1.121927261352539, "nonfixated_points_in_view": [124, 34, 84, 118], "camera_rotation_original": [1.5707963705062866, -0.16781236231327057, -0.40717071294784546], "point_location": [0.2828949987888336, -0.2686469852924347, -1.422070026397705], "skybox_img_path": "./img/high/13186_skybox4.jpg", "resolution": 512, "camera_distance": 0.4617892171205113, "view_id": 10, "point_pitch": -0.6002434929225107, "camera_rotation_from_original_to_final": [-0.5837415456771851, 0.20219284296035767, -0.03211577236652374], "camera_location": [0.13938552141189575, -0.6180370450019836, -1.1563993692398071], "point_normal": [0.2531956732273102, 0.05679197609424591, 0.9657466411590576], "camera_rotation_final_quaternion": [0.8836653828620911, 0.4406682848930359, -0.1347510814666748, -0.08239603787660599], "skybox_img": 4, "point_uuid": "105", "field_of_view_rads": 1.957036885090066, "camera_rotation_final": [0.9479432702064514, -0.16629651188850403, -0.27139994502067566]}