{"camera_uuid": "6972", "obliqueness_angle": 0.8219202756881714, "nonfixated_points_in_view": [], "camera_rotation_original": [1.5707963705062866, -0.137708380818367, 1.46491277217865], "point_location": [-0.30368760228157043, 1.3439174890518188, -0.7665223479270935], "skybox_img_path": "./img/high/6972_skybox4.jpg", "resolution": 512, "camera_distance": 0.6548231883314971, "view_id": 101, "point_pitch": 0.675220207371984, "camera_rotation_from_original_to_final": [0.12427154928445816, 0.7116953730583191, -0.24138560891151428], "camera_location": [0.1532520204782486, 1.1607030630111694, -1.1983001232147217], "point_normal": [0.9422652125358582, 0.29410141706466675, -0.16012726724147797], "camera_rotation_final_quaternion": [0.3209560811519623, 0.7950907945632935, 0.44443345069885254, 0.25941622257232666], "skybox_img": 4, "point_uuid": "180", "field_of_view_rads": 0.8546880344112765, "camera_rotation_final": [2.2980003356933594, -0.12757742404937744, 1.0767204761505127]}