{"camera_uuid": "4898", "obliqueness_angle": 1.4769096374511719, "nonfixated_points_in_view": [], "camera_rotation_original": [1.5707963705062866, 0.03309067711234093, 0.6243283152580261], "point_location": [0.417374849319458, 2.3124659061431885, -1.4506763219833374], "skybox_img_path": "./img/high/4898_skybox4.jpg", "resolution": 512, "camera_distance": 0.966176701566279, "view_id": 6, "point_pitch": -0.42573313315841155, "camera_rotation_from_original_to_final": [-0.36889657378196716, -0.261260986328125, -0.7030608057975769], "camera_location": [0.3051612675189972, 1.4491124153137207, -1.0317177772521973], "point_normal": [-0.993191123008728, 0.06953287869691849, 0.09346959739923477], "camera_rotation_final_quaternion": [0.8440820574760437, 0.531451404094696, -0.02732866443693638, -0.06586363911628723], "skybox_img": 4, "point_uuid": "174", "field_of_view_rads": 0.8546880344112765, "camera_rotation_final": [1.1221473217010498, 0.023873647674918175, -0.14074048399925232]}