{"camera_uuid": "7439", "obliqueness_angle": 0.4347556233406067, "nonfixated_points_in_view": [], "camera_rotation_original": [1.5707963705062866, -0.16152192652225494, 1.6089496612548828], "point_location": [0.9227169156074524, 0.6807072758674622, -1.4383314847946167], "skybox_img_path": "./img/high/7439_skybox4.jpg", "resolution": 512, "camera_distance": 0.36234992717147846, "view_id": 5, "point_pitch": -0.33512572844954924, "camera_rotation_from_original_to_final": [0.023215465247631073, -0.3446698486804962, 0.03185206279158592], "camera_location": [1.2627865076065063, 0.7053676247596741, -1.3156856298446655], "point_normal": [0.9748377203941345, -0.22190459072589874, 0.021208828315138817], "camera_rotation_final_quaternion": [0.5039532780647278, 0.4262254536151886, 0.3861284554004669, 0.6444127559661865], "skybox_img": 4, "point_uuid": "59", "field_of_view_rads": 2.119048415795751, "camera_rotation_final": [1.2207947969436646, -0.1608414649963379, 1.7015780210494995]}