{"camera_uuid": "5690", "obliqueness_angle": 0.09698427468538284, "nonfixated_points_in_view": [], "camera_rotation_original": [1.5707963705062866, 0.06016482785344124, -0.9770617485046387], "point_location": [0.48665541410446167, 2.050424337387085, -1.4244725704193115], "skybox_img_path": "./img/high/5690_skybox4.jpg", "resolution": 512, "camera_distance": 0.7920813069373248, "view_id": 31, "point_pitch": -0.6413485248896738, "camera_rotation_from_original_to_final": [-0.40518656373023987, 0.5410109758377075, -0.4733651876449585], "camera_location": [-0.11981891840696335, 1.90349280834198, -0.9366275072097778], "point_normal": [-0.7508701086044312, -0.09726908802986145, 0.6532478928565979], "camera_rotation_final_quaternion": [0.6864736080169678, 0.3537541627883911, -0.2586631178855896, -0.5802631974220276], "skybox_img": 4, "point_uuid": "167", "field_of_view_rads": 1.3001655876812834, "camera_rotation_final": [0.9060614705085754, 0.05543866753578186, -1.376503586769104]}