{"camera_uuid": "4594", "obliqueness_angle": 0.6770564317703247, "nonfixated_points_in_view": [102], "camera_rotation_original": [1.5707963705062866, -0.10491965711116791, -1.0467946529388428], "point_location": [2.813992500305176, 1.206691026687622, -1.412956953048706], "skybox_img_path": "./img/high/4594_skybox4.jpg", "resolution": 512, "camera_distance": 0.4686350404412796, "view_id": 12, "point_pitch": -0.30539314349624114, "camera_rotation_from_original_to_final": [-0.1193636953830719, 0.22334256768226624, -0.5551224946975708], "camera_location": [2.3602840900421143, 1.214119791984558, -1.2958574295043945], "point_normal": [-0.8119872808456421, -0.5835861563682556, 0.010192384012043476], "camera_rotation_final_quaternion": [0.5803399085998535, 0.4084348976612091, -0.45633774995803833, -0.5367889404296875], "skybox_img": 4, "point_uuid": "163", "field_of_view_rads": 0.9904486154446002, "camera_rotation_final": [1.3171671628952026, -0.09130219370126724, -1.5635390281677246]}