{"camera_uuid": "10578", "obliqueness_angle": 1.4924733638763428, "nonfixated_points_in_view": [], "camera_rotation_original": [1.5707963705062866, -0.1000853031873703, -2.506214141845703], "point_location": [3.9741721153259277, -0.9291063547134399, -0.6485407948493958], "skybox_img_path": "./img/high/10578_skybox4.jpg", "resolution": 512, "camera_distance": 0.8992787926270768, "view_id": 15, "point_pitch": -0.581029816469874, "camera_rotation_from_original_to_final": [0.43242934346199036, 0.28449127078056335, -0.7175229787826538], "camera_location": [4.08445930480957, -0.15313883125782013, -0.20761741697788239], "point_normal": [0.019443031400442123, 0.5589542388916016, -0.8289705514907837], "camera_rotation_final_quaternion": [-0.02408485673367977, -0.05706286430358887, -0.5015873312950134, -0.8628869652748108], "skybox_img": 4, "point_uuid": "189", "field_of_view_rads": 1.384811670309553, "camera_rotation_final": [1.0567926168441772, -0.07438486069440842, -3.2408385276794434]}