{"camera_uuid": "4845", "obliqueness_angle": 0.4327091872692108, "nonfixated_points_in_view": [], "camera_rotation_original": [1.5707963705062866, 0.02375621348619461, 1.9179930686950684], "point_location": [-0.30368760228157043, 1.3439174890518188, -0.7665223479270935], "skybox_img_path": "./img/high/4845_skybox4.jpg", "resolution": 512, "camera_distance": 0.7950265192236203, "view_id": 97, "point_pitch": 0.23006291786697908, "camera_rotation_from_original_to_final": [-0.08166225999593735, 0.22502854466438293, 0.38044601678848267], "camera_location": [0.26825639605522156, 1.8630338907241821, -0.9548448920249939], "point_normal": [0.9422652125358582, 0.29410141706466675, -0.16012726724147797], "camera_rotation_final_quaternion": [0.25647813081741333, 0.3102969825267792, 0.7226020693778992, 0.5619440078735352], "skybox_img": 4, "point_uuid": "180", "field_of_view_rads": 1.1393301111905725, "camera_rotation_final": [1.8100038766860962, 0.02192595787346363, 2.3131606578826904]}