{"camera_uuid": "4782", "obliqueness_angle": 1.0322378873825073, "nonfixated_points_in_view": [49, 130, 102], "camera_rotation_original": [1.5707963705062866, 0.08908656239509583, -1.5212376117706299], "point_location": [3.365755796432495, 1.3757675886154175, -0.9474144577980042], "skybox_img_path": "./img/high/4782_skybox4.jpg", "resolution": 512, "camera_distance": 0.7951593876047985, "view_id": 8, "point_pitch": -0.23004691203566985, "camera_rotation_from_original_to_final": [-0.009556741453707218, 0.21752069890499115, 0.14753907918930054], "camera_location": [2.6045827865600586, 1.2228209972381592, -0.7756545543670654], "point_normal": [-0.6433119773864746, 0.7428977489471436, 0.18507462739944458], "camera_rotation_final_quaternion": [0.5802679061889648, 0.5018130540847778, -0.374406635761261, -0.5208574533462524], "skybox_img": 4, "point_uuid": "9", "field_of_view_rads": 1.6816280418618088, "camera_rotation_final": [1.3522073030471802, 0.08834866434335709, -1.392099142074585]}