{"camera_uuid": "5228", "obliqueness_angle": 1.4724574089050293, "nonfixated_points_in_view": [], "camera_rotation_original": [1.5707963705062866, -0.0921715721487999, 0.24321268498897552], "point_location": [0.417374849319458, 2.3124659061431885, -1.4506763219833374], "skybox_img_path": "./img/high/5228_skybox4.jpg", "resolution": 512, "camera_distance": 0.6879550392453307, "view_id": 7, "point_pitch": -0.45141880115004973, "camera_rotation_from_original_to_final": [-0.39350178837776184, -0.0891563892364502, -0.5550171136856079], "camera_location": [0.21328507363796234, 1.713413119316101, -1.180925965309143], "point_normal": [-0.9782938361167908, 0.16282261908054352, -0.12818016111850739], "camera_rotation_final_quaternion": [0.8281864523887634, 0.5395171642303467, -0.1134410873055458, -0.10079451650381088], "skybox_img": 4, "point_uuid": "174", "field_of_view_rads": 1.3896106772310381, "camera_rotation_final": [1.1665364503860474, -0.07922285050153732, -0.29450955986976624]}