{"camera_uuid": "3513", "obliqueness_angle": 1.0701968669891357, "nonfixated_points_in_view": [], "camera_rotation_original": [1.5707963705062866, 0.09005628526210785, 3.0245578289031982], "point_location": [1.6843894720077515, 1.1254421472549438, -1.4068831205368042], "skybox_img_path": "./img/high/3513_skybox4.jpg", "resolution": 512, "camera_distance": 0.8898788304568656, "view_id": 10, "point_pitch": -0.4750057895991464, "camera_rotation_from_original_to_final": [0.4112895429134369, -0.029521940276026726, 0.7893968820571899], "camera_location": [1.175087809562683, 1.7622978687286377, -1.0506374835968018], "point_normal": [-0.13031253218650818, 0.011851518414914608, 0.9914022088050842], "camera_rotation_final_quaternion": [-0.24865387380123138, -0.19946226477622986, 0.509950578212738, 0.7989596128463745], "skybox_img": 4, "point_uuid": "111", "field_of_view_rads": 1.3001655876812834, "camera_rotation_final": [1.1579893827438354, 0.0651683509349823, 3.787644386291504]}