{"camera_uuid": "3093", "obliqueness_angle": 0.8782827854156494, "nonfixated_points_in_view": [2, 86], "camera_rotation_original": [1.5707963705062866, 0.15966415405273438, -0.18483111262321472], "point_location": [0.22651520371437073, 2.849133014678955, -1.442795991897583], "skybox_img_path": "./img/high/3093_skybox4.jpg", "resolution": 512, "camera_distance": 0.7226915840583479, "view_id": 36, "point_pitch": -0.7261323173854013, "camera_rotation_from_original_to_final": [-0.6661575436592102, 0.14670555293560028, 0.30003273487091064], "camera_location": [0.3273669481277466, 2.295712947845459, -0.9891019463539124], "point_normal": [0.024610353633761406, -0.009762244299054146, 0.9996494650840759], "camera_rotation_final_quaternion": [0.9021158814430237, 0.4236312508583069, 0.08151495456695557, -0.00887762475758791], "skybox_img": 4, "point_uuid": "150", "field_of_view_rads": 1.9850809555870073, "camera_rotation_final": [0.8822404742240906, 0.1552160382270813, 0.05371858552098274]}