{"camera_uuid": "2319", "obliqueness_angle": 1.1163625717163086, "nonfixated_points_in_view": [], "camera_rotation_original": [1.5707963705062866, -0.006237868685275316, -1.3319058418273926], "point_location": [1.1355481147766113, 2.277404546737671, -1.37511146068573], "skybox_img_path": "./img/high/2319_skybox4.jpg", "resolution": 512, "camera_distance": 0.6869591433234233, "view_id": 19, "point_pitch": -0.5262066562983652, "camera_rotation_from_original_to_final": [-0.1354897916316986, 0.5066776275634766, -0.5854561924934387], "camera_location": [0.569027841091156, 2.4597597122192383, -1.032016396522522], "point_normal": [-0.34670761227607727, -0.666063666343689, 0.6604189276695251], "camera_rotation_final_quaternion": [0.5120523571968079, 0.29336807131767273, -0.40523457527160645, -0.698228120803833], "skybox_img": 4, "point_uuid": "162", "field_of_view_rads": 1.7804764599127723, "camera_rotation_final": [1.0478355884552002, -0.005326965823769569, -1.8791385889053345]}