{"camera_uuid": "7230", "obliqueness_angle": 1.0079315900802612, "nonfixated_points_in_view": [], "camera_rotation_original": [1.5707963705062866, 0.15172439813613892, -0.0547608844935894], "point_location": [0.7851385474205017, 1.2789015769958496, -1.4171496629714966], "skybox_img_path": "./img/high/7230_skybox4.jpg", "resolution": 512, "camera_distance": 0.9436098875790477, "view_id": 16, "point_pitch": -0.6988553245875497, "camera_rotation_from_original_to_final": [-0.6173954606056213, 0.04085284844040871, 0.5900090932846069], "camera_location": [1.1882030963897705, 0.6242138147354126, -0.8700459003448486], "point_normal": [0.012679249048233032, 0.07213246822357178, 0.9973145127296448], "camera_rotation_final_quaternion": [0.8720102310180664, 0.429405152797699, 0.16034936904907227, 0.17174822092056274], "skybox_img": 4, "point_uuid": "187", "field_of_view_rads": 1.5082571856068028, "camera_rotation_final": [0.9460039734840393, 0.13254116475582123, 0.45683619379997253]}