{"camera_uuid": "6769", "obliqueness_angle": 1.0913188457489014, "nonfixated_points_in_view": [], "camera_rotation_original": [1.5707963705062866, -0.07612627744674683, -0.4070831537246704], "point_location": [0.48665541410446167, 2.050424337387085, -1.4244725704193115], "skybox_img_path": "./img/high/6769_skybox4.jpg", "resolution": 512, "camera_distance": 0.7772389511560374, "view_id": 7, "point_pitch": -0.5954598625514169, "camera_rotation_from_original_to_final": [-0.589753270149231, 0.22825852036476135, 0.3416757583618164], "camera_location": [0.4876066744327545, 1.4212119579315186, -0.9681927561759949], "point_normal": [-0.7508701086044312, -0.09726908802986145, 0.6532478928565979], "camera_rotation_final_quaternion": [0.8899790644645691, 0.45400381088256836, -0.01882684975862503, 0.03825397044420242], "skybox_img": 4, "point_uuid": "167", "field_of_view_rads": 0.6651429173367224, "camera_rotation_final": [0.9416879415512085, -0.06829898804426193, 0.05113700032234192]}