{"camera_uuid": "6384", "obliqueness_angle": 1.2362369298934937, "nonfixated_points_in_view": [20], "camera_rotation_original": [1.5707963705062866, 0.07690156251192093, -2.704796314239502], "point_location": [4.528530120849609, 1.0438001155853271, -1.4141380786895752], "skybox_img_path": "./img/high/6384_skybox4.jpg", "resolution": 512, "camera_distance": 0.8659155857117492, "view_id": 3, "point_pitch": -0.3309567411753793, "camera_rotation_from_original_to_final": [0.29185789823532104, 0.13018253445625305, 0.19008007645606995], "camera_location": [4.058660507202148, 1.7186135053634644, -1.1427357196807861], "point_normal": [0.012244894169270992, 0.0278637632727623, 0.9995367527008057], "camera_rotation_final_quaternion": [0.21150514483451843, 0.19770051538944244, -0.5515437126159668, -0.7822912335395813], "skybox_img": 4, "point_uuid": "140", "field_of_view_rads": 1.0386947080855735, "camera_rotation_final": [1.2510377168655396, 0.0760834813117981, -2.558520555496216]}