{"camera_uuid": "11237", "obliqueness_angle": 0.8725730180740356, "nonfixated_points_in_view": [], "camera_rotation_original": [1.5707963705062866, 0.12164761126041412, 0.9593406915664673], "point_location": [0.580907940864563, -0.050188999623060226, -1.4085019826889038], "skybox_img_path": "./img/high/11237_skybox4.jpg", "resolution": 512, "camera_distance": 0.9168065363566292, "view_id": 16, "point_pitch": -0.648612185320582, "camera_rotation_from_original_to_final": [-0.42572611570358276, -0.49584612250328064, 0.2064339816570282], "camera_location": [1.2242050170898438, -0.4051930606365204, -0.8601633906364441], "point_normal": [0.11274728178977966, 0.07453673332929611, 0.9908240437507629], "camera_rotation_final_quaternion": [0.8020547032356262, 0.36761966347694397, 0.2565299868583679, 0.39465978741645813], "skybox_img": 4, "point_uuid": "57", "field_of_view_rads": 1.6924921945557647, "camera_rotation_final": [0.9241064190864563, 0.12163249403238297, 0.9751826524734497]}