{"camera_uuid": "11750", "obliqueness_angle": 1.203080415725708, "nonfixated_points_in_view": [59], "camera_rotation_original": [1.5707963705062866, -0.01976039446890354, -2.2916769981384277], "point_location": [4.966612815856934, 0.5080769658088684, -1.3585069179534912], "skybox_img_path": "./img/high/11750_skybox4.jpg", "resolution": 512, "camera_distance": 0.7356048830930086, "view_id": 8, "point_pitch": -0.03359596332045989, "camera_rotation_from_original_to_final": [0.03508094325661659, 0.03186452016234398, 0.7517817616462708], "camera_location": [4.23216438293457, 0.4856933653354645, -1.3238804340362549], "point_normal": [-0.30664733052253723, -0.5435833930969238, 0.7813350558280945], "camera_rotation_final_quaternion": [0.522992730140686, 0.4919838607311249, -0.4841651916503906, -0.5000145435333252], "skybox_img": 4, "point_uuid": "115", "field_of_view_rads": 1.6924921945557647, "camera_rotation_final": [1.5237021446228027, -0.014432073570787907, -1.5396490097045898]}