{"camera_uuid": "2480", "obliqueness_angle": 1.3035130500793457, "nonfixated_points_in_view": [], "camera_rotation_original": [1.5707963705062866, -0.04885096102952957, -1.7966676950454712], "point_location": [2.813992500305176, 1.206691026687622, -1.412956953048706], "skybox_img_path": "./img/high/2480_skybox4.jpg", "resolution": 512, "camera_distance": 0.998876872269899, "view_id": 21, "point_pitch": -0.597561045489039, "camera_rotation_from_original_to_final": [0.14017798006534576, 0.5635466575622559, -0.3654994070529938], "camera_location": [2.140150308609009, 1.7017430067062378, -0.8664999604225159], "point_normal": [-0.8119872808456421, -0.5835861563682556, 0.010192384012043476], "camera_rotation_final_quaternion": [0.41834762692451477, 0.20332708954811096, -0.43025854229927063, -0.7736413478851318], "skybox_img": 4, "point_uuid": "163", "field_of_view_rads": 0.7376648996792496, "camera_rotation_final": [0.991260290145874, -0.045406416058540344, -2.1747145652770996]}