{"camera_uuid": "11942", "obliqueness_angle": 1.4965763092041016, "nonfixated_points_in_view": [], "camera_rotation_original": [1.5707963705062866, -0.0164811834692955, -2.084965705871582], "point_location": [3.9741721153259277, -0.9291063547134399, -0.6485407948493958], "skybox_img_path": "./img/high/11942_skybox4.jpg", "resolution": 512, "camera_distance": 0.6850036196630447, "view_id": 14, "point_pitch": -0.4746343334529062, "camera_rotation_from_original_to_final": [0.24311819672584534, 0.4004897475242615, -0.5732503533363342], "camera_location": [3.716643810272217, -0.3736529052257538, -0.341326504945755], "point_normal": [0.019443031400442123, 0.5589542388916016, -0.8289705514907837], "camera_rotation_final_quaternion": [0.18953277170658112, 0.10923203080892563, -0.5136396288871765, -0.8296505212783813], "skybox_img": 4, "point_uuid": "189", "field_of_view_rads": 0.7376648996792496, "camera_rotation_final": [1.1056809425354004, -0.013454684056341648, -2.700705051422119]}