{"camera_uuid": "7525", "obliqueness_angle": 1.2682636976242065, "nonfixated_points_in_view": [], "camera_rotation_original": [1.5707963705062866, -0.13350020349025726, 2.3249897956848145], "point_location": [1.8005895614624023, 0.6414239406585693, -0.9798945188522339], "skybox_img_path": "./img/high/7525_skybox4.jpg", "resolution": 512, "camera_distance": 0.8456495545579897, "view_id": 83, "point_pitch": -0.3675841530177255, "camera_rotation_from_original_to_final": [0.2170029580593109, -0.22984440624713898, -0.4536685347557068], "camera_location": [2.562288999557495, 0.8990996479988098, -0.7180923223495483], "point_normal": [-0.012308535166084766, -0.0017647614004090428, 0.9999226927757263], "camera_rotation_final_quaternion": [0.42793041467666626, 0.3727963864803314, 0.4541248679161072, 0.686781644821167], "skybox_img": 4, "point_uuid": "193", "field_of_view_rads": 0.694579668963413, "camera_rotation_final": [1.25352942943573, -0.12370701879262924, 1.937496304512024]}