{"camera_uuid": "9807", "obliqueness_angle": 1.4681580066680908, "nonfixated_points_in_view": [], "camera_rotation_original": [1.5707963705062866, -0.17263446748256683, 1.8982208967208862], "point_location": [1.5582280158996582, -0.07981093972921371, -1.376783013343811], "skybox_img_path": "./img/high/9807_skybox4.jpg", "resolution": 512, "camera_distance": 0.5283913760683856, "view_id": 6, "point_pitch": -0.6697880466792245, "camera_rotation_from_original_to_final": [0.27574872970581055, -0.5917680263519287, -0.2820360064506531], "camera_location": [1.9777836799621582, -0.03114154376089573, -1.0592900514602661], "point_normal": [0.37050071358680725, -0.9113456606864929, -0.17938350141048431], "camera_rotation_final_quaternion": [0.5196240544319153, 0.3313380181789398, 0.29963576793670654, 0.7283024191856384], "skybox_img": 4, "point_uuid": "72", "field_of_view_rads": 1.48952952790217, "camera_rotation_final": [0.9148941040039062, -0.17208066582679749, 1.8173011541366577]}