{"camera_uuid": "6121", "obliqueness_angle": 0.8980282545089722, "nonfixated_points_in_view": [], "camera_rotation_original": [1.5707963705062866, 0.09067508578300476, 1.4675827026367188], "point_location": [-0.30368760228157043, 1.3439174890518188, -0.7665223479270935], "skybox_img_path": "./img/high/6121_skybox4.jpg", "resolution": 512, "camera_distance": 0.9808001547087342, "view_id": 50, "point_pitch": -0.42470137675734954, "camera_rotation_from_original_to_final": [-0.055014897137880325, -0.4476219713687897, -0.2592860758304596], "camera_location": [0.5181857347488403, 1.021520733833313, -0.33925947546958923], "point_normal": [0.9422652125358582, 0.29410141706466675, -0.16012726724147797], "camera_rotation_final_quaternion": [0.7220566868782043, 0.42403122782707214, 0.31997519731521606, 0.4432240128517151], "skybox_img": 4, "point_uuid": "180", "field_of_view_rads": 0.950131287597413, "camera_rotation_final": [1.1182529926300049, 0.08630595356225967, 1.1550860404968262]}