{"camera_uuid": "14279", "obliqueness_angle": 0.3035973906517029, "nonfixated_points_in_view": [117], "camera_rotation_original": [1.5707963705062866, -0.12479188293218613, -0.3212659955024719], "point_location": [1.7417666912078857, -0.21807560324668884, -1.426782488822937], "skybox_img_path": "./img/high/14279_skybox4.jpg", "resolution": 512, "camera_distance": 0.6115906719761488, "view_id": 8, "point_pitch": -0.2750175436350961, "camera_rotation_from_original_to_final": [-0.3044511675834656, 0.10274659842252731, 0.3409143388271332], "camera_location": [1.7626348733901978, -0.7980909943580627, -1.2339359521865845], "point_normal": [0.059019673615694046, -0.998093843460083, 0.018043018877506256], "camera_rotation_final_quaternion": [0.808451235294342, 0.5845640301704407, -0.025005057454109192, 0.06376712769269943], "skybox_img": 4, "point_uuid": "171", "field_of_view_rads": 1.1263039557204935, "camera_rotation_final": [1.247783899307251, -0.11523756384849548, 0.07443305104970932]}