{"camera_uuid": "16337", "obliqueness_angle": 0.9889016151428223, "nonfixated_points_in_view": [], "camera_rotation_original": [1.5707963705062866, 0.0547814704477787, 1.9948550462722778], "point_location": [5.469937324523926, -0.7986144423484802, -1.3267128467559814], "skybox_img_path": "./img/high/16337_skybox4.jpg", "resolution": 512, "camera_distance": 0.7542465212908956, "view_id": 3, "point_pitch": -0.5782729824397226, "camera_rotation_from_original_to_final": [0.2540226876735687, -0.5268568396568298, -0.07772720605134964], "camera_location": [6.046589374542236, -0.5422315001487732, -0.9136413931846619], "point_normal": [0.21725454926490784, -0.34371235966682434, 0.9135985970497131], "camera_rotation_final_quaternion": [0.5031690001487732, 0.24593651294708252, 0.4070439338684082, 0.7215617895126343], "skybox_img": 4, "point_uuid": "47", "field_of_view_rads": 1.0386947080855735, "camera_rotation_final": [0.9902482628822327, 0.05473432317376137, 1.9532859325408936]}