{"camera_uuid": "9921", "obliqueness_angle": 1.0878639221191406, "nonfixated_points_in_view": [], "camera_rotation_original": [1.5707963705062866, -0.14957670867443085, 0.018906472250819206], "point_location": [1.8005895614624023, 0.6414239406585693, -0.9798945188522339], "skybox_img_path": "./img/high/9921_skybox4.jpg", "resolution": 512, "camera_distance": 0.9239900444066804, "view_id": 106, "point_pitch": -0.49490801890822844, "camera_rotation_from_original_to_final": [-0.47943857312202454, -0.025470620021224022, -0.13012079894542694], "camera_location": [1.7007883787155151, -0.17217180132865906, -0.5534449219703674], "point_normal": [-0.012308535166084766, -0.0017647614004090428, 0.9999226927757263], "camera_rotation_final_quaternion": [0.8546180725097656, 0.5134140253067017, -0.07510516047477722, 0.01982938125729561], "skybox_img": 4, "point_uuid": "193", "field_of_view_rads": 1.247189099454023, "camera_rotation_final": [1.0852159261703491, -0.14928773045539856, -0.04372713342308998]}