{"camera_uuid": "5331", "obliqueness_angle": 0.8651925921440125, "nonfixated_points_in_view": [], "camera_rotation_original": [1.5707963705062866, -0.012281750328838825, 1.0220942497253418], "point_location": [-0.0037994040176272392, 1.4926419258117676, -1.4197502136230469], "skybox_img_path": "./img/high/5331_skybox4.jpg", "resolution": 512, "camera_distance": 0.6637840160396246, "view_id": 0, "point_pitch": -0.2437200983378549, "camera_rotation_from_original_to_final": [-0.13228057324886322, -0.2112184762954712, 0.4296819269657135], "camera_location": [0.6338831186294556, 1.4073429107666016, -1.25636625289917], "point_normal": [0.5946656465530396, -0.7973978519439697, -0.10261386632919312], "camera_rotation_final_quaternion": [0.5909835696220398, 0.46434178948402405, 0.40164247155189514, 0.5232671499252319], "skybox_img": 4, "point_uuid": "70", "field_of_view_rads": 2.078591559549699, "camera_rotation_final": [1.3220845460891724, -0.01122162863612175, 1.4406715631484985]}