{"camera_uuid": "0847", "obliqueness_angle": 1.4217783212661743, "nonfixated_points_in_view": [57, 22, 31], "camera_rotation_original": [1.5707963705062866, 0.02852204628288746, -1.2314497232437134], "point_location": [2.6776621341705322, 3.1887404918670654, -1.4092918634414673], "skybox_img_path": "./img/high/0847_skybox4.jpg", "resolution": 512, "camera_distance": 0.9007804734126612, "view_id": 0, "point_pitch": -0.2033143480631967, "camera_rotation_from_original_to_final": [-0.06755819171667099, 0.19059930741786957, 0.039684757590293884], "camera_location": [1.8599904775619507, 2.8568787574768066, -1.2284982204437256], "point_normal": [0.23367324471473694, -0.9722421765327454, 0.01191556267440319], "camera_rotation_final_quaternion": [0.6363378763198853, 0.5294562578201294, -0.34543049335479736, -0.442072331905365], "skybox_img": 4, "point_uuid": "7", "field_of_view_rads": 2.078591559549699, "camera_rotation_final": [1.3686327934265137, 0.02849876508116722, -1.1910873651504517]}