{"camera_uuid": "15773", "obliqueness_angle": 1.4617414474487305, "nonfixated_points_in_view": [], "camera_rotation_original": [1.5707963705062866, -0.05629907548427582, 1.1634602546691895], "point_location": [5.4932861328125, 0.18884922564029694, -0.9166303277015686], "skybox_img_path": "./img/high/15773_skybox4.jpg", "resolution": 512, "camera_distance": 0.9922926989676866, "view_id": 2, "point_pitch": -0.5828079422328134, "camera_rotation_from_original_to_final": [-0.24047110974788666, -0.49789905548095703, -0.609008252620697], "camera_location": [5.894771099090576, -0.5566511750221252, -0.3992486298084259], "point_normal": [-0.48851633071899414, 0.18398629128932953, 0.8529366254806519], "camera_rotation_final_quaternion": [0.8397777676582336, 0.47733184695243835, 0.10702452063560486, 0.23552776873111725], "skybox_img": 4, "point_uuid": "142", "field_of_view_rads": 2.0062308946333633, "camera_rotation_final": [1.0216829776763916, -0.04511146619915962, 0.5215922594070435]}