{"camera_uuid": "16062", "obliqueness_angle": 1.3228204250335693, "nonfixated_points_in_view": [70], "camera_rotation_original": [1.5707963705062866, -0.06164824962615967, -2.2813682556152344], "point_location": [6.496413230895996, -0.9186689257621765, -1.3843356370925903], "skybox_img_path": "./img/high/16062_skybox4.jpg", "resolution": 512, "camera_distance": 0.8257997274361629, "view_id": 5, "point_pitch": -0.24523357947799163, "camera_rotation_from_original_to_final": [0.15468499064445496, 0.1787615418434143, -0.14617116749286652], "camera_location": [5.979125499725342, -0.3045657277107239, -1.191369652748108], "point_normal": [-0.002619897248223424, 0.013651745393872261, 0.9999033808708191], "camera_rotation_final_quaternion": [0.2923271059989929, 0.1939231902360916, -0.5878419280052185, -0.7289585471153259], "skybox_img": 4, "point_uuid": "21", "field_of_view_rads": 2.119048415795751, "camera_rotation_final": [1.3344966173171997, -0.06099816411733627, -2.4268805980682373]}