{"camera_uuid": "12482", "obliqueness_angle": 1.0189309120178223, "nonfixated_points_in_view": [38], "camera_rotation_original": [1.5707963705062866, -0.07545547932386398, -2.8072361946105957], "point_location": [5.231835842132568, -0.5365347266197205, -1.430259346961975], "skybox_img_path": "./img/high/12482_skybox4.jpg", "resolution": 512, "camera_distance": 0.9658133792917629, "view_id": 0, "point_pitch": -0.26667337020369963, "camera_rotation_from_original_to_final": [0.24307288229465485, 0.08553821593523026, -0.12253490090370178], "camera_location": [5.045273303985596, 0.37863889336586, -1.1843994855880737], "point_normal": [0.244523286819458, 0.3614116609096527, 0.8997721672058105], "camera_rotation_final_quaternion": [0.10998264700174332, 0.03769547492265701, -0.6093421578407288, -0.7843372821807861], "skybox_img": 4, "point_uuid": "25", "field_of_view_rads": 2.078591559549699, "camera_rotation_final": [1.3126596212387085, -0.07497241348028183, -2.920719861984253]}