{"camera_uuid": "4711", "obliqueness_angle": 1.1115763187408447, "nonfixated_points_in_view": [], "camera_rotation_original": [1.5707963705062866, 0.08028282225131989, -2.664483070373535], "point_location": [2.7213988304138184, 0.7782269716262817, -1.3615648746490479], "skybox_img_path": "./img/high/4711_skybox4.jpg", "resolution": 512, "camera_distance": 0.8109465794133114, "view_id": 1, "point_pitch": -0.6536304195735116, "camera_rotation_from_original_to_final": [0.643088698387146, 0.29705923795700073, -0.4821718633174896], "camera_location": [2.7852606773376465, 1.3954722881317139, -0.8394880294799805], "point_normal": [0.6617732048034668, 0.7121241688728333, -0.2343832552433014], "camera_rotation_final_quaternion": [-0.08495043963193893, -0.0039053852669894695, -0.4220086336135864, -0.9025945067405701], "skybox_img": 4, "point_uuid": "12", "field_of_view_rads": 1.6316217442386929, "camera_rotation_final": [0.869594395160675, 0.06469479948282242, -3.2992208003997803]}