{"camera_uuid": "12957", "obliqueness_angle": 1.4226868152618408, "nonfixated_points_in_view": [117], "camera_rotation_original": [1.5707963705062866, -0.08345773071050644, -1.1416054964065552], "point_location": [1.9553519487380981, 0.06541500240564346, -1.4134390354156494], "skybox_img_path": "./img/high/12957_skybox4.jpg", "resolution": 512, "camera_distance": 0.7771824640656176, "view_id": 2, "point_pitch": -0.154708786806788, "camera_rotation_from_original_to_final": [-0.07366059720516205, 0.18102626502513885, 0.49046024680137634], "camera_location": [1.497856855392456, -0.5445168614387512, -1.262794017791748], "point_normal": [-0.5318350791931152, 0.001723279245197773, -0.8468462228775024], "camera_rotation_final_quaternion": [0.7415078282356262, 0.5944423079490662, -0.2229820340871811, -0.21698719263076782], "skybox_img": 4, "point_uuid": "24", "field_of_view_rads": 1.0910236528484336, "camera_rotation_final": [1.3752024173736572, -0.07277733832597733, -0.6291441917419434]}