{"camera_uuid": "3138", "obliqueness_angle": 1.250380039215088, "nonfixated_points_in_view": [], "camera_rotation_original": [1.5707963705062866, 0.1554877609014511, 0.835857093334198], "point_location": [2.3265388011932373, 1.823689341545105, -1.379395604133606], "skybox_img_path": "./img/high/3138_skybox4.jpg", "resolution": 512, "camera_distance": 0.9554301902120556, "view_id": 6, "point_pitch": -0.726723118624415, "camera_rotation_from_original_to_final": [-0.5010898113250732, -0.4571881592273712, 0.5796821117401123], "camera_location": [3.0527701377868652, 1.6275533437728882, -0.790357768535614], "point_normal": [0.44639652967453003, -0.8364235162734985, -0.31800320744514465], "camera_rotation_final_quaternion": [0.7613950967788696, 0.32147935032844543, 0.2973098158836365, 0.4780537188053131], "skybox_img": 4, "point_uuid": "10", "field_of_view_rads": 1.48952952790217, "camera_rotation_final": [0.8980512619018555, 0.14588865637779236, 1.1917073726654053]}