{"camera_uuid": "6891", "obliqueness_angle": 1.5032868385314941, "nonfixated_points_in_view": [], "camera_rotation_original": [1.5707963705062866, 0.009110103361308575, -2.9073383808135986], "point_location": [4.301836967468262, 1.017685055732727, -0.9298179745674133], "skybox_img_path": "./img/high/6891_skybox4.jpg", "resolution": 512, "camera_distance": 0.7562753668680361, "view_id": 23, "point_pitch": -0.19676439364882903, "camera_rotation_from_original_to_final": [0.1862095296382904, 0.04559469223022461, 0.6022111177444458], "camera_location": [3.752938747406006, 1.5175981521606445, -0.7857691645622253], "point_normal": [0.34493890404701233, 0.21770301461219788, 0.9130293130874634], "camera_rotation_final_quaternion": [0.3090859651565552, 0.25934845209121704, -0.5809498429298401, -0.7068957090377808], "skybox_img": 4, "point_uuid": "143", "field_of_view_rads": 1.1498058012590282, "camera_rotation_final": [1.3791486024856567, 0.007537800818681717, -2.310985565185547]}