{"camera_uuid": "5173", "obliqueness_angle": 1.4432523250579834, "nonfixated_points_in_view": [42], "camera_rotation_original": [1.5707963705062866, 0.012031998485326767, -2.5447773933410645], "point_location": [0.22651520371437073, 2.849133014678955, -1.442795991897583], "skybox_img_path": "./img/high/5173_skybox4.jpg", "resolution": 512, "camera_distance": 0.7983005181522285, "view_id": 17, "point_pitch": -0.16121141513320403, "camera_rotation_from_original_to_final": [0.12642675638198853, 0.0881858766078949, 0.6499527096748352], "camera_location": [-0.5198275446891785, 3.1045989990234375, -1.3203487396240234], "point_normal": [0.024610353633761406, -0.009762244299054146, 0.9996494650840759], "camera_rotation_final_quaternion": [0.4385342597961426, 0.38087520003318787, -0.5274861454963684, -0.619983971118927], "skybox_img": 4, "point_uuid": "150", "field_of_view_rads": 1.3609219594277338, "camera_rotation_final": [1.416796326637268, 0.009631706401705742, -1.9020816087722778]}