{"camera_uuid": "1805", "obliqueness_angle": 0.9879398345947266, "nonfixated_points_in_view": [2], "camera_rotation_original": [1.5707963705062866, 0.14812004566192627, 1.682491660118103], "point_location": [0.22651520371437073, 2.849133014678955, -1.442795991897583], "skybox_img_path": "./img/high/1805_skybox4.jpg", "resolution": 512, "camera_distance": 0.5799851391179203, "view_id": 18, "point_pitch": -0.6449960907313486, "camera_rotation_from_original_to_final": [0.0637374073266983, -0.5670048594474792, 0.5521776676177979], "camera_location": [0.6047142744064331, 3.1579208374023438, -1.1297491788864136], "point_normal": [0.024610353633761406, -0.009762244299054146, 0.9996494650840759], "camera_rotation_final_quaternion": [0.4367004930973053, 0.1712963730096817, 0.4480878412723541, 0.7610305547714233], "skybox_img": 4, "point_uuid": "150", "field_of_view_rads": 1.0948971454717533, "camera_rotation_final": [0.9951046109199524, 0.13101129233837128, 2.170914649963379]}