{"camera_uuid": "5101", "obliqueness_angle": 0.70652174949646, "nonfixated_points_in_view": [], "camera_rotation_original": [1.5707963705062866, 0.06724123656749725, 1.9039381742477417], "point_location": [-0.4168107807636261, 2.6449878215789795, -1.3910259008407593], "skybox_img_path": "./img/high/5101_skybox4.jpg", "resolution": 512, "camera_distance": 0.6022184993780392, "view_id": 29, "point_pitch": -0.6845390041682382, "camera_rotation_from_original_to_final": [0.2431296408176422, -0.6458468437194824, -0.048530422151088715], "camera_location": [0.017909716814756393, 2.8152410984039307, -1.0106326341629028], "point_normal": [0.9926148056983948, 0.12025166302919388, 0.015980595722794533], "camera_rotation_final_quaternion": [0.5409574508666992, 0.2262767255306244, 0.3646535873413086, 0.7233198881149292], "skybox_img": 4, "point_uuid": "109", "field_of_view_rads": 2.0062308946333633, "camera_rotation_final": [0.8852660655975342, 0.06723391264677048, 1.8891832828521729]}