{"camera_uuid": "10280", "obliqueness_angle": 0.9443022608757019, "nonfixated_points_in_view": [8], "camera_rotation_original": [1.5707963705062866, 0.0841742679476738, -1.9241713285446167], "point_location": [5.437486171722412, 0.3159542977809906, -0.8787023425102234], "skybox_img_path": "./img/high/10280_skybox4.jpg", "resolution": 512, "camera_distance": 0.7697780136029834, "view_id": 3, "point_pitch": -0.34105174144240813, "camera_rotation_from_original_to_final": [0.12856407463550568, 0.37732556462287903, -0.6911346316337585], "camera_location": [5.09824800491333, 0.9394657015800476, -0.580861508846283], "point_normal": [-0.7694647312164307, 0.4968859851360321, -0.4012836813926697], "camera_rotation_final_quaternion": [0.1781156212091446, 0.154458686709404, -0.5316799879074097, -0.813470184803009], "skybox_img": 4, "point_uuid": "4", "field_of_view_rads": 1.0386947080855735, "camera_rotation_final": [1.1727033853530884, 0.06193365901708603, -2.6693317890167236]}