{"camera_uuid": "15243", "obliqueness_angle": 1.2309093475341797, "nonfixated_points_in_view": [], "camera_rotation_original": [1.5707963705062866, -0.051880642771720886, 0.8135831356048584], "point_location": [6.080295085906982, 1.5599316358566284, -1.4123303890228271], "skybox_img_path": "./img/high/15243_skybox4.jpg", "resolution": 512, "camera_distance": 0.6945183966255081, "view_id": 2, "point_pitch": -0.7069696625086923, "camera_rotation_from_original_to_final": [-0.5136114358901978, -0.49398118257522583, -0.08222845941781998], "camera_location": [6.3783087730407715, 1.1184512376785278, -0.966641366481781], "point_normal": [0.9878883361816406, 0.1546885371208191, 0.012175889685750008], "camera_rotation_final_quaternion": [0.8570715188980103, 0.40862956643104553, 0.11027231812477112, 0.29375210404396057], "skybox_img": 4, "point_uuid": "94", "field_of_view_rads": 1.4604219695947274, "camera_rotation_final": [0.8729596138000488, -0.05107124522328377, 0.6365556716918945]}