{"camera_uuid": "13836", "obliqueness_angle": 0.8081377744674683, "nonfixated_points_in_view": [], "camera_rotation_original": [1.5707963705062866, 0.020442591980099678, 3.057391881942749], "point_location": [5.022676944732666, -0.4345104992389679, -1.360304355621338], "skybox_img_path": "./img/high/13836_skybox4.jpg", "resolution": 512, "camera_distance": 0.8041161828406395, "view_id": 4, "point_pitch": -0.7092899521205087, "camera_rotation_from_original_to_final": [0.7017096877098083, -0.05856723338365555, 0.2609546184539795], "camera_location": [4.900764465332031, 0.1663375347852707, -0.8399949669837952], "point_normal": [0.020464561879634857, 0.0647537112236023, 0.9976915121078491], "camera_rotation_final_quaternion": [-0.07899802923202515, -0.0473775714635849, 0.41740474104881287, 0.9040398001670837], "skybox_img": 4, "point_uuid": "62", "field_of_view_rads": 1.7779022957772381, "camera_rotation_final": [0.866912841796875, 0.019715389236807823, 3.3250412940979004]}