{"camera_uuid": "13015", "obliqueness_angle": 1.5060210227966309, "nonfixated_points_in_view": [], "camera_rotation_original": [1.5707963705062866, -0.029780637472867966, -0.29783979058265686], "point_location": [5.518570899963379, 1.8022818565368652, -0.9034366607666016], "skybox_img_path": "./img/high/13015_skybox4.jpg", "resolution": 512, "camera_distance": 0.7411732150456545, "view_id": 55, "point_pitch": -0.12338296969863372, "camera_rotation_from_original_to_final": [-0.1246233657002449, 0.038786474615335464, 0.23659147322177887], "camera_location": [5.4753947257995605, 1.0686792135238647, -0.8069964647293091], "point_normal": [-0.3810344636440277, 0.07813670486211777, 0.9212532639503479], "camera_rotation_final_quaternion": [0.751621663570404, 0.6588630080223083, -0.028989680111408234, -0.011136823333799839], "skybox_img": 4, "point_uuid": "103", "field_of_view_rads": 0.6720038838202558, "camera_rotation_final": [1.4402532577514648, -0.028907286003232002, -0.05499248951673508]}