{"camera_uuid": "9714", "obliqueness_angle": 0.8154619932174683, "nonfixated_points_in_view": [65, 127], "camera_rotation_original": [1.5707963705062866, 0.1705460101366043, -2.953568935394287], "point_location": [0.14699065685272217, -0.1122998520731926, -1.4476916790008545], "skybox_img_path": "./img/high/9714_skybox4.jpg", "resolution": 512, "camera_distance": 0.829467318143853, "view_id": 5, "point_pitch": -0.484293862185206, "camera_rotation_from_original_to_final": [0.49865517020225525, 0.07117270678281784, -0.05040229111909866], "camera_location": [0.05626634880900383, 0.6088081002235413, -1.0479562282562256], "point_normal": [0.0340309739112854, 0.2575204074382782, 0.9656734466552734], "camera_rotation_final_quaternion": [-0.02901601605117321, 0.08051738888025284, -0.5025510191917419, -0.8603008389472961], "skybox_img": 4, "point_uuid": "178", "field_of_view_rads": 0.9791046545667723, "camera_rotation_final": [1.0600345134735107, 0.16849860548973083, -3.1101388931274414]}