{"camera_uuid": "8046", "obliqueness_angle": 1.381570816040039, "nonfixated_points_in_view": [], "camera_rotation_original": [1.5707963705062866, 0.12212720513343811, 1.495082974433899], "point_location": [-0.34234288334846497, 0.8369564414024353, -0.7921566963195801], "skybox_img_path": "./img/high/8046_skybox4.jpg", "resolution": 512, "camera_distance": 0.8478661400368482, "view_id": 27, "point_pitch": -0.14148680766555266, "camera_rotation_from_original_to_final": [-0.012266124598681927, -0.15819132328033447, -0.13081099092960358], "camera_location": [0.4769173860549927, 0.6644913554191589, -0.6581960916519165], "point_normal": [0.04777548089623451, 0.07583989202976227, 0.9959748387336731], "camera_rotation_final_quaternion": [0.6190701723098755, 0.4779247045516968, 0.4388500452041626, 0.4424372613430023], "skybox_img": 4, "point_uuid": "121", "field_of_view_rads": 1.949514490688795, "camera_rotation_final": [1.4109605550765991, 0.12074772268533707, 1.3438966274261475]}