{"camera_uuid": "10506", "obliqueness_angle": 1.3162121772766113, "nonfixated_points_in_view": [], "camera_rotation_original": [1.5707963705062866, -0.13888362050056458, -2.261781930923462], "point_location": [0.2828949987888336, -0.2686469852924347, -1.422070026397705], "skybox_img_path": "./img/high/10506_skybox4.jpg", "resolution": 512, "camera_distance": 0.7708755716654134, "view_id": 12, "point_pitch": -0.33497433265181975, "camera_rotation_from_original_to_final": [0.1794210523366928, 0.16792723536491394, -0.7238504886627197], "camera_location": [0.17517352104187012, 0.4717245399951935, -1.236341118812561], "point_normal": [0.2531956732273102, 0.05679197609424591, 0.9657466411590576], "camera_rotation_final_quaternion": [0.09953707456588745, 0.01095270924270153, -0.615965723991394, -0.7813825011253357], "skybox_img": 4, "point_uuid": "105", "field_of_view_rads": 0.9904486154446002, "camera_rotation_final": [1.3260761499404907, -0.10570306330919266, -2.9707682132720947]}