{"camera_uuid": "5120", "obliqueness_angle": 0.5683331489562988, "nonfixated_points_in_view": [], "camera_rotation_original": [1.5707963705062866, 0.14142240583896637, 2.0166094303131104], "point_location": [-0.30368760228157043, 1.3439174890518188, -0.7665223479270935], "skybox_img_path": "./img/high/5120_skybox4.jpg", "resolution": 512, "camera_distance": 0.7964631727463916, "view_id": 33, "point_pitch": 0.7124920050289969, "camera_rotation_from_original_to_final": [-0.3966616988182068, 0.6175132989883423, -0.13014842569828033], "camera_location": [0.2421972006559372, 1.5919325351715088, -1.290785551071167], "point_normal": [0.9422652125358582, 0.29410141706466675, -0.16012726724147797], "camera_rotation_final_quaternion": [0.25534841418266296, 0.41927433013916016, 0.808287501335144, 0.3250807821750641], "skybox_img": 4, "point_uuid": "180", "field_of_view_rads": 1.82720328702949, "camera_rotation_final": [2.2980289459228516, 0.14065714180469513, 2.1213736534118652]}