{"camera_uuid": "6428", "obliqueness_angle": 1.222311019897461, "nonfixated_points_in_view": [], "camera_rotation_original": [1.5707963705062866, 0.07106039673089981, -0.9358491897583008], "point_location": [0.7851385474205017, 1.2789015769958496, -1.4171496629714966], "skybox_img_path": "./img/high/6428_skybox4.jpg", "resolution": 512, "camera_distance": 0.5743598796994089, "view_id": 38, "point_pitch": -0.36925570567580657, "camera_rotation_from_original_to_final": [-0.23573653399944305, 0.3110559284687042, -0.290183424949646], "camera_location": [0.2918704152107239, 1.080493450164795, -1.1998709440231323], "point_normal": [0.012679249048233032, 0.07213246822357178, 0.9973145127296448], "camera_rotation_final_quaternion": [0.6702571511268616, 0.47317948937416077, -0.29487723112106323, -0.4897999167442322], "skybox_img": 4, "point_uuid": "187", "field_of_view_rads": 0.554628086887159, "camera_rotation_final": [1.1818852424621582, 0.06829250603914261, -1.2163234949111938]}