{"camera_uuid": "8888", "obliqueness_angle": 0.6489149332046509, "nonfixated_points_in_view": [], "camera_rotation_original": [1.5707963705062866, -0.1595860719680786, -0.809381902217865], "point_location": [2.813992500305176, 1.206691026687622, -1.412956953048706], "skybox_img_path": "./img/high/8888_skybox4.jpg", "resolution": 512, "camera_distance": 0.9066922079037573, "view_id": 17, "point_pitch": -0.46327988704177336, "camera_rotation_from_original_to_final": [-0.37957629561424255, 0.35726723074913025, 0.22336679697036743], "camera_location": [2.422147035598755, 0.5218363404273987, -0.9662781357765198], "point_normal": [-0.8119872808456421, -0.5835861563682556, 0.010192384012043476], "camera_rotation_final_quaternion": [0.8508080244064331, 0.4739203453063965, -0.17051775753498077, -0.14982959628105164], "skybox_img": 4, "point_uuid": "163", "field_of_view_rads": 1.0039714359666843, "camera_rotation_final": [1.0493407249450684, -0.1486884504556656, -0.43479424715042114]}