{"camera_uuid": "3887", "obliqueness_angle": 0.957529604434967, "nonfixated_points_in_view": [97, 42], "camera_rotation_original": [1.5707963705062866, -0.06790903210639954, -0.8691604137420654], "point_location": [-0.014790859073400497, 3.0187888145446777, -1.4541010856628418], "skybox_img_path": "./img/high/3887_skybox4.jpg", "resolution": 512, "camera_distance": 0.5626785604200472, "view_id": 32, "point_pitch": -0.627050562700953, "camera_rotation_from_original_to_final": [-0.4343847334384918, 0.4466305673122406, -0.33555474877357483], "camera_location": [-0.4269339442253113, 2.8135995864868164, -1.1306159496307373], "point_normal": [-0.0014163268497213721, 0.001087893615476787, 0.9999983906745911], "camera_rotation_final_quaternion": [0.7728582620620728, 0.3817555606365204, -0.25847941637039185, -0.4360518157482147], "skybox_img": 4, "point_uuid": "3", "field_of_view_rads": 1.4604219695947274, "camera_rotation_final": [0.9567471742630005, -0.06665481626987457, -1.0619429349899292]}