{"camera_uuid": "6881", "obliqueness_angle": 1.0658962726593018, "nonfixated_points_in_view": [], "camera_rotation_original": [1.5707963705062866, 0.005009469576179981, -2.0205421447753906], "point_location": [1.8005895614624023, 0.6414239406585693, -0.9798945188522339], "skybox_img_path": "./img/high/6881_skybox4.jpg", "resolution": 512, "camera_distance": 0.8612810325291486, "view_id": 61, "point_pitch": -0.49440376361342864, "camera_rotation_from_original_to_final": [0.2301647663116455, 0.4404316842556, 0.24848778545856476], "camera_location": [1.0661674737930298, 0.8311859965324402, -0.5719489455223083], "point_normal": [-0.012308535166084766, -0.0017647614004090428, 0.9999226927757263], "camera_rotation_final_quaternion": [0.5236969590187073, 0.3152463734149933, -0.4047158360481262, -0.6801223158836365], "skybox_img": 4, "point_uuid": "193", "field_of_view_rads": 1.3730269261190586, "camera_rotation_final": [1.077359676361084, 0.004915292840451002, -1.8262925148010254]}