{"camera_uuid": "1872", "obliqueness_angle": 1.286942958831787, "nonfixated_points_in_view": [30], "camera_rotation_original": [1.5707963705062866, -0.14293967187404633, -1.7300928831100464], "point_location": [2.155930757522583, 2.4535746574401855, -1.421875], "skybox_img_path": "./img/high/1872_skybox4.jpg", "resolution": 512, "camera_distance": 0.9523056682955751, "view_id": 5, "point_pitch": -0.3435689648005624, "camera_rotation_from_original_to_final": [0.049472734332084656, 0.2908945083618164, -0.36163392663002014], "camera_location": [1.3688278198242188, 2.912618398666382, -1.1450467109680176], "point_normal": [0.01849367655813694, 0.009777815081179142, 0.9997811913490295], "camera_rotation_final_quaternion": [0.44841742515563965, 0.25935983657836914, -0.5360840559005737, -0.6665344834327698], "skybox_img": 4, "point_uuid": "168", "field_of_view_rads": 1.1498058012590282, "camera_rotation_final": [1.273036003112793, -0.13544809818267822, -2.0573601722717285]}