{"camera_uuid": "0250", "obliqueness_angle": 1.4773303270339966, "nonfixated_points_in_view": [], "camera_rotation_original": [1.5707963705062866, -0.037277352064847946, -1.318726897239685], "point_location": [2.950843095779419, 3.0527775287628174, -0.6373903751373291], "skybox_img_path": "./img/high/0250_skybox4.jpg", "resolution": 512, "camera_distance": 0.6655531953085475, "view_id": 6, "point_pitch": -0.7063905437800546, "camera_rotation_from_original_to_final": [-0.2229476124048233, 0.6847256422042847, 0.12601256370544434], "camera_location": [2.4989352226257324, 2.832347869873047, -0.20132720470428467], "point_normal": [-0.1132572814822197, -0.8965836763381958, -0.42814773321151733], "camera_rotation_final_quaternion": [0.7828466892242432, 0.34674471616744995, -0.22841544449329376, -0.46340644359588623], "skybox_img": 4, "point_uuid": "42", "field_of_view_rads": 1.48952952790217, "camera_rotation_final": [0.8557927012443542, -0.03626903519034386, -1.08550226688385]}