{"camera_uuid": "8502", "obliqueness_angle": 1.3077887296676636, "nonfixated_points_in_view": [], "camera_rotation_original": [1.5707963705062866, 0.1127706915140152, -0.09361673146486282], "point_location": [-0.30368760228157043, 1.3439174890518188, -0.7665223479270935], "skybox_img_path": "./img/high/8502_skybox4.jpg", "resolution": 512, "camera_distance": 0.9557706841624886, "view_id": 90, "point_pitch": 0.061298922696385816, "camera_rotation_from_original_to_final": [0.1267738938331604, -0.03420935943722725, 0.6395368576049805], "camera_location": [0.19133907556533813, 0.5356826186180115, -0.8898211121559143], "point_normal": [0.9422652125358582, 0.29410141706466675, -0.16012726724147797], "camera_rotation_final_quaternion": [0.6426041722297668, 0.7132061123847961, 0.23630355298519135, 0.15019172430038452], "skybox_img": 4, "point_uuid": "180", "field_of_view_rads": 1.8936590958975879, "camera_rotation_final": [1.7006852626800537, 0.08958376199007034, 0.5612302422523499]}