{"camera_uuid": "2866", "obliqueness_angle": 1.3358407020568848, "nonfixated_points_in_view": [], "camera_rotation_original": [1.5707963705062866, 0.11204075068235397, -0.7153879404067993], "point_location": [2.295008659362793, 2.27626895904541, -1.3962150812149048], "skybox_img_path": "./img/high/2866_skybox4.jpg", "resolution": 512, "camera_distance": 0.8216231047185074, "view_id": 17, "point_pitch": -0.6807662685725351, "camera_rotation_from_original_to_final": [-0.48830437660217285, 0.38727661967277527, 0.5809237957000732], "camera_location": [2.270305633544922, 1.604860782623291, -0.9232823848724365], "point_normal": [-0.9679071307182312, -0.2512916922569275, -0.0028668304439634085], "camera_rotation_final_quaternion": [0.8851207494735718, 0.4603196382522583, 0.017376234754920006, -0.066069595515728], "skybox_img": 4, "point_uuid": "18", "field_of_view_rads": 1.0039714359666843, "camera_rotation_final": [0.9544750452041626, 0.09171491861343384, -0.10156252235174179]}