{"camera_uuid": "9910", "obliqueness_angle": 0.3582991063594818, "nonfixated_points_in_view": [50], "camera_rotation_original": [1.5707963705062866, 0.09422764182090759, 1.909048080444336], "point_location": [2.8440728187561035, 0.5467994809150696, -1.3693242073059082], "skybox_img_path": "./img/high/9910_skybox4.jpg", "resolution": 512, "camera_distance": 0.9470273190048419, "view_id": 10, "point_pitch": -0.15137211879226165, "camera_rotation_from_original_to_final": [0.07567256689071655, -0.18193419277668, -0.49914121627807617], "camera_location": [3.761719226837158, 0.4034149944782257, -1.1843196153640747], "point_normal": [0.9891408681869507, 0.14696341753005981, 0.0014960329281166196], "camera_rotation_final_quaternion": [0.6079160571098328, 0.46416181325912476, 0.4322931468486786, 0.4776133596897125], "skybox_img": 4, "point_uuid": "6", "field_of_view_rads": 1.957036885090066, "camera_rotation_final": [1.3735023736953735, 0.08230900764465332, 1.3993641138076782]}