{"camera_uuid": "15432", "obliqueness_angle": 0.68581223487854, "nonfixated_points_in_view": [15], "camera_rotation_original": [1.5707963705062866, -0.14676174521446228, 2.485659599304199], "point_location": [6.403560161590576, -0.3128143846988678, -1.373155951499939], "skybox_img_path": "./img/high/15432_skybox4.jpg", "resolution": 512, "camera_distance": 0.5321591632058649, "view_id": 4, "point_pitch": -0.16050557692977385, "camera_rotation_from_original_to_final": [0.17309200763702393, -0.148061603307724, 0.4415055513381958], "camera_location": [6.506592273712158, 0.19536390900611877, -1.2534371614456177], "point_normal": [-0.4072767198085785, 0.9103356599807739, -0.07358577847480774], "camera_rotation_final_quaternion": [0.02606850489974022, 0.10330452024936676, 0.6138765215873718, 0.7821791172027588], "skybox_img": 4, "point_uuid": "113", "field_of_view_rads": 1.48952952790217, "camera_rotation_final": [1.341922402381897, -0.1299651563167572, 2.971738576889038]}