{"camera_uuid": "15627", "obliqueness_angle": 1.4707887172698975, "nonfixated_points_in_view": [70], "camera_rotation_original": [1.5707963705062866, -0.1299261748790741, -2.109513759613037], "point_location": [6.496413230895996, -0.9186689257621765, -1.3843356370925903], "skybox_img_path": "./img/high/15627_skybox4.jpg", "resolution": 512, "camera_distance": 0.8574696426511035, "view_id": 23, "point_pitch": -0.12434701522323088, "camera_rotation_from_original_to_final": [0.04911401867866516, 0.07340952754020691, -0.2866919934749603], "camera_location": [5.918099880218506, -0.2900956869125366, -1.3088139295578003], "point_normal": [-0.002619897248223424, 0.013651745393872261, 0.9999033808708191], "camera_rotation_final_quaternion": [0.3105893135070801, 0.20543400943279266, -0.643241286277771, -0.6690080761909485], "skybox_img": 4, "point_uuid": "21", "field_of_view_rads": 2.056502920039658, "camera_rotation_final": [1.481911540031433, -0.1250191479921341, -2.386702537536621]}