{"camera_uuid": "3673", "obliqueness_angle": 1.0714671611785889, "nonfixated_points_in_view": [51], "camera_rotation_original": [1.5707963705062866, 0.01648988574743271, 2.7277185916900635], "point_location": [0.7851385474205017, 1.2789015769958496, -1.4171496629714966], "skybox_img_path": "./img/high/3673_skybox4.jpg", "resolution": 512, "camera_distance": 0.773642953403174, "view_id": 67, "point_pitch": -0.44069354136916594, "camera_rotation_from_original_to_final": [0.39925795793533325, -0.16757531464099884, 0.5794031023979187], "camera_location": [0.6460873484611511, 1.967820405960083, -1.0937628746032715], "point_normal": [0.012679249048233032, 0.07213246822357178, 0.9973145127296448], "camera_rotation_final_quaternion": [-0.07746265828609467, -0.057630568742752075, 0.5363545417785645, 0.8384522199630737], "skybox_img": 4, "point_uuid": "187", "field_of_view_rads": 1.9181515624810694, "camera_rotation_final": [1.1395058631896973, 0.01354647520929575, 3.3345232009887695]}