{"camera_uuid": "8778", "obliqueness_angle": 1.292447805404663, "nonfixated_points_in_view": [49], "camera_rotation_original": [1.5707963705062866, 0.16182942688465118, -1.2107347249984741], "point_location": [3.2907848358154297, 0.7151510119438171, -0.953556478023529], "skybox_img_path": "./img/high/8778_skybox4.jpg", "resolution": 512, "camera_distance": 0.4362067795797256, "view_id": 1, "point_pitch": 0.3354500095036368, "camera_rotation_from_original_to_final": [0.14504502713680267, -0.38519537448883057, 0.42131784558296204], "camera_location": [3.015357255935669, 0.42506787180900574, -1.1275328397750854], "point_normal": [-0.31622445583343506, 0.4023386836051941, -0.8591424822807312], "camera_rotation_final_quaternion": [0.4920324981212616, 0.7982997894287109, -0.24927324056625366, -0.24183529615402222], "skybox_img": 4, "point_uuid": "195", "field_of_view_rads": 1.274054123740192, "camera_rotation_final": [1.9854285717010498, 0.14128261804580688, -0.6975888609886169]}