{"camera_uuid": "10434", "obliqueness_angle": 0.6887339353561401, "nonfixated_points_in_view": [8, 92], "camera_rotation_original": [1.5707963705062866, -0.09813763946294785, -2.4593372344970703], "point_location": [5.437486171722412, 0.3159542977809906, -0.8787023425102234], "skybox_img_path": "./img/high/10434_skybox4.jpg", "resolution": 512, "camera_distance": 0.7798860493016491, "view_id": 4, "point_pitch": -0.23826949199172454, "camera_rotation_from_original_to_final": [0.21722251176834106, 0.16876517236232758, 0.3808492124080658], "camera_location": [4.788083076477051, 0.6926407217979431, -0.6675028800964355], "point_normal": [-0.7694647312164307, 0.4968859851360321, -0.4012836813926697], "camera_rotation_final_quaternion": [0.43001049757003784, 0.2763567268848419, -0.5368639230728149, -0.6711892485618591], "skybox_img": 4, "point_uuid": "4", "field_of_view_rads": 1.7779022957772381, "camera_rotation_final": [1.2953983545303345, -0.09086389094591141, -2.0707826614379883]}