{"camera_uuid": "13682", "obliqueness_angle": 0.3525444567203522, "nonfixated_points_in_view": [117], "camera_rotation_original": [1.5707963705062866, 0.03077872283756733, -0.615931510925293], "point_location": [1.7417666912078857, -0.21807560324668884, -1.426782488822937], "skybox_img_path": "./img/high/13682_skybox4.jpg", "resolution": 512, "camera_distance": 0.7303708630523338, "view_id": 12, "point_pitch": -0.38585297664138274, "camera_rotation_from_original_to_final": [-0.3058207929134369, 0.2030254453420639, 0.7073180675506592], "camera_location": [1.8245418071746826, -0.8952250480651855, -1.1659021377563477], "point_normal": [0.059019673615694046, -0.998093843460083, 0.018043018877506256], "camera_rotation_final_quaternion": [0.8227987885475159, 0.5654118657112122, 0.04141189530491829, 0.039958201348781586], "skybox_img": 4, "point_uuid": "171", "field_of_view_rads": 0.6651429173367224, "camera_rotation_final": [1.2054388523101807, 0.02296365424990654, 0.1128537580370903]}