{"camera_uuid": "2106", "obliqueness_angle": 1.1024869680404663, "nonfixated_points_in_view": [], "camera_rotation_original": [1.5707963705062866, -0.040813446044921875, 1.7010319232940674], "point_location": [1.5920188426971436, 2.1285598278045654, -1.4049173593521118], "skybox_img_path": "./img/high/2106_skybox4.jpg", "resolution": 512, "camera_distance": 0.6994959187657088, "view_id": 48, "point_pitch": -0.13988463481399016, "camera_rotation_from_original_to_final": [0.016860635951161385, -0.13096141815185547, -0.19736537337303162], "camera_location": [2.283916711807251, 2.082829236984253, -1.312827229499817], "point_normal": [0.3241092562675476, -0.10795459151268005, 0.9398399591445923], "camera_rotation_final_quaternion": [0.5386533141136169, 0.4900473952293396, 0.440485417842865, 0.5250511765480042], "skybox_img": 4, "point_uuid": "107", "field_of_view_rads": 1.689463874588242, "camera_rotation_final": [1.4386540651321411, -0.04007282853126526, 1.5101227760314941]}