{"camera_uuid": "9097", "obliqueness_angle": 1.2107402086257935, "nonfixated_points_in_view": [], "camera_rotation_original": [1.5707963705062866, -0.1420903354883194, 0.9528425931930542], "point_location": [-0.30368760228157043, 1.3439174890518188, -0.7665223479270935], "skybox_img_path": "./img/high/9097_skybox4.jpg", "resolution": 512, "camera_distance": 0.8650285869518776, "view_id": 41, "point_pitch": 0.04665465752152009, "camera_rotation_from_original_to_final": [0.04674902930855751, 0.07629832625389099, -0.2972339391708374], "camera_location": [0.22016200423240662, 0.6598762273788452, -0.8436171412467957], "point_normal": [0.9422652125358582, 0.29410141706466675, -0.16012726724147797], "camera_rotation_final_quaternion": [0.622968852519989, 0.7133632302284241, 0.18887822329998016, 0.2595144212245941], "skybox_img": 4, "point_uuid": "180", "field_of_view_rads": 2.0028936213055424, "camera_rotation_final": [1.6608647108078003, -0.13533838093280792, 0.6413618922233582]}