{"camera_uuid": "9424", "obliqueness_angle": 0.6420383453369141, "nonfixated_points_in_view": [], "camera_rotation_original": [1.5707963705062866, 0.09638535231351852, -1.9979363679885864], "point_location": [2.624671697616577, -0.7024632096290588, -0.5636605024337769], "skybox_img_path": "./img/high/9424_skybox4.jpg", "resolution": 512, "camera_distance": 0.9884574868698772, "view_id": 9, "point_pitch": -0.3630712469432016, "camera_rotation_from_original_to_final": [0.17335829138755798, 0.3694615960121155, -0.41521745920181274], "camera_location": [2.0430617332458496, -0.005255418363958597, -0.17291849851608276], "point_normal": [-0.34883588552474976, 0.9258549809455872, -0.14528000354766846], "camera_rotation_final_quaternion": [0.24777057766914368, 0.21112222969532013, -0.5077154040336609, -0.7976604700088501], "skybox_img": 4, "point_uuid": "60", "field_of_view_rads": 1.1263039557204935, "camera_rotation_final": [1.1628249883651733, 0.08531728386878967, -2.4831583499908447]}