{"camera_uuid": "0938", "obliqueness_angle": 1.083274006843567, "nonfixated_points_in_view": [], "camera_rotation_original": [1.5707963705062866, -0.02915501967072487, -2.0734715461730957], "point_location": [1.607214331626892, 2.3642938137054443, -1.430482268333435], "skybox_img_path": "./img/high/0938_skybox4.jpg", "resolution": 512, "camera_distance": 0.8943327221184684, "view_id": 6, "point_pitch": -0.5264779766413827, "camera_rotation_from_original_to_final": [0.26455503702163696, 0.43978673219680786, -0.6023211479187012], "camera_location": [1.298019289970398, 3.0815682411193848, -0.9948828816413879], "point_normal": [0.2987099289894104, 0.13948945701122284, 0.9440948963165283], "camera_rotation_final_quaternion": [0.18548892438411713, 0.09573853760957718, -0.4972935616970062, -0.8420968651771545], "skybox_img": 4, "point_uuid": "181", "field_of_view_rads": 1.48952952790217, "camera_rotation_final": [1.0619179010391235, -0.023244746029376984, -2.7216262817382812]}