{"camera_uuid": "3220", "obliqueness_angle": 1.5098397731781006, "nonfixated_points_in_view": [], "camera_rotation_original": [-1.570796251296997, -3.0276689529418945, 0.06446710228919983], "point_location": [3.4670467376708984, 1.0758438110351562, -0.6993377804756165], "skybox_img_path": "./img/high/3220_skybox4.jpg", "resolution": 512, "camera_distance": 0.9948439330539263, "view_id": 27, "point_pitch": 0.23571308056381746, "camera_rotation_from_original_to_final": [-0.20863693952560425, -0.013716621324419975, 0.24970564246177673], "camera_location": [3.1676692962646484, 2.0018293857574463, -0.9058282375335693], "point_normal": [-0.6784085035324097, -0.30312207341194153, -0.6692376136779785], "camera_rotation_final_quaternion": [0.13314656913280487, 0.07723711431026459, -0.7731847763061523, -0.6152167916297913], "skybox_img": 4, "point_uuid": "78", "field_of_view_rads": 1.949514490688795, "camera_rotation_final": [-1.360399603843689, -3.030505657196045, 0.2890293300151825]}