{"camera_uuid": "1902", "obliqueness_angle": 0.9355977773666382, "nonfixated_points_in_view": [2], "camera_rotation_original": [1.5707963705062866, 0.15798419713974, 1.571942925453186], "point_location": [0.22651520371437073, 2.849133014678955, -1.442795991897583], "skybox_img_path": "./img/high/1902_skybox4.jpg", "resolution": 512, "camera_distance": 0.6847979125928672, "view_id": 26, "point_pitch": -0.601474448046412, "camera_rotation_from_original_to_final": [-0.033205874264240265, -0.610641598701477, -0.0030658470932394266], "camera_location": [0.7875709533691406, 2.8481976985931396, -1.0501590967178345], "point_normal": [0.024610353633761406, -0.009762244299054146, 0.9996494650840759], "camera_rotation_final_quaternion": [0.684864342212677, 0.29407814145088196, 0.35614216327667236, 0.5635970830917358], "skybox_img": 4, "point_uuid": "150", "field_of_view_rads": 1.2859281057335497, "camera_rotation_final": [0.9514544606208801, 0.15697889029979706, 1.458133578300476]}