{"camera_uuid": "5338", "obliqueness_angle": 1.522115707397461, "nonfixated_points_in_view": [], "camera_rotation_original": [1.5707963705062866, -0.13881945610046387, -2.750343084335327], "point_location": [3.4670467376708984, 1.0758438110351562, -0.6993377804756165], "skybox_img_path": "./img/high/5338_skybox4.jpg", "resolution": 512, "camera_distance": 0.7612004687091062, "view_id": 23, "point_pitch": 0.5225745002415518, "camera_rotation_from_original_to_final": [-0.5614817142486572, -0.21704275906085968, -0.47123315930366516], "camera_location": [3.556774139404297, 1.6986278295516968, -1.127724528312683], "point_normal": [-0.6784085035324097, -0.30312207341194153, -0.6692376136779785], "camera_rotation_final_quaternion": [-0.0012219760101288557, -0.12376798689365387, -0.8752545118331909, -0.46755701303482056], "skybox_img": 4, "point_uuid": "78", "field_of_view_rads": 2.056502920039658, "camera_rotation_final": [2.1729815006256104, -0.11384385079145432, -3.3626062870025635]}