{"camera_uuid": "4202", "obliqueness_angle": 0.7622125744819641, "nonfixated_points_in_view": [], "camera_rotation_original": [1.5707963705062866, 0.03230614960193634, 0.8038306832313538], "point_location": [1.1355481147766113, 2.277404546737671, -1.37511146068573], "skybox_img_path": "./img/high/4202_skybox4.jpg", "resolution": 512, "camera_distance": 0.8755435915494205, "view_id": 21, "point_pitch": -0.425730629763331, "camera_rotation_from_original_to_final": [-0.3151634633541107, -0.3110995292663574, -0.3721836507320404], "camera_location": [1.4308369159698486, 1.5420140027999878, -1.0028456449508667], "point_normal": [-0.34670761227607727, -0.666063666343689, 0.6604189276695251], "camera_rotation_final_quaternion": [0.8312968015670776, 0.5246496200561523, 0.110233835875988, 0.1467544436454773], "skybox_img": 4, "point_uuid": "162", "field_of_view_rads": 1.9352794957620667, "camera_rotation_final": [1.131431221961975, 0.02928893268108368, 0.36807024478912354]}