{"camera_uuid": "16002", "obliqueness_angle": 0.9825721383094788, "nonfixated_points_in_view": [70], "camera_rotation_original": [1.5707963705062866, -0.037746611982584, 2.9908995628356934], "point_location": [6.095944881439209, -0.5426977872848511, -1.423715353012085], "skybox_img_path": "./img/high/16002_skybox4.jpg", "resolution": 512, "camera_distance": 0.8818392874990982, "view_id": 4, "point_pitch": -0.32757846911879973, "camera_rotation_from_original_to_final": [0.30643582344055176, -0.048205483704805374, -0.49544578790664673], "camera_location": [6.5963134765625, 0.13174237310886383, -1.154638648033142], "point_normal": [-0.36893877387046814, 0.8434303998947144, 0.3905245363712311], "camera_rotation_final_quaternion": [0.23991350829601288, 0.194767028093338, 0.5563274025917053, 0.771367073059082], "skybox_img": 4, "point_uuid": "20", "field_of_view_rads": 1.7779022957772381, "camera_rotation_final": [1.2605397701263428, -0.03353910520672798, 2.514045000076294]}