{"camera_uuid": "6377", "obliqueness_angle": 1.0266691446304321, "nonfixated_points_in_view": [120], "camera_rotation_original": [1.5707963705062866, 0.08010257035493851, 1.8084882497787476], "point_location": [-0.0037994040176272392, 1.4926419258117676, -1.4197502136230469], "skybox_img_path": "./img/high/6377_skybox4.jpg", "resolution": 512, "camera_distance": 0.6569349062510299, "view_id": 5, "point_pitch": -0.39199106296035247, "camera_rotation_from_original_to_final": [0.09942369908094406, -0.4022430181503296, -0.278653621673584], "camera_location": [0.5976022481918335, 1.4806760549545288, -1.1556737422943115], "point_normal": [0.5946656465530396, -0.7973978519439697, -0.10261386632919312], "camera_rotation_final_quaternion": [0.6219195127487183, 0.3741026222705841, 0.39881813526153564, 0.560542106628418], "skybox_img": 4, "point_uuid": "70", "field_of_view_rads": 2.119048415795751, "camera_rotation_final": [1.1558189392089844, 0.0767403095960617, 1.5171394348144531]}