{"camera_uuid": "3141", "obliqueness_angle": 1.0886435508728027, "nonfixated_points_in_view": [], "camera_rotation_original": [1.5707963705062866, 0.057359736412763596, -1.6008437871932983], "point_location": [3.4670467376708984, 1.0758438110351562, -0.6993377804756165], "skybox_img_path": "./img/high/3141_skybox4.jpg", "resolution": 512, "camera_distance": 0.6764282432810724, "view_id": 62, "point_pitch": -0.16200940211745696, "camera_rotation_from_original_to_final": [0.002898822771385312, 0.1815250962972641, -0.3419709801673889], "camera_location": [2.847364902496338, 1.3179939985275269, -0.5772194862365723], "point_normal": [-0.728654682636261, -0.24732623994350433, -0.6386642456054688], "camera_rotation_final_quaternion": [0.4157349467277527, 0.3753061890602112, -0.518534779548645, -0.6460893154144287], "skybox_img": 4, "point_uuid": "78", "field_of_view_rads": 0.6720038838202558, "camera_rotation_final": [1.389000654220581, 0.05384262278676033, -1.9532092809677124]}