{"camera_uuid": "9534", "obliqueness_angle": 1.019404649734497, "nonfixated_points_in_view": [], "camera_rotation_original": [1.5707963705062866, 0.14176131784915924, 1.2479312419891357], "point_location": [-0.34234288334846497, 0.8369564414024353, -0.7921566963195801], "skybox_img_path": "./img/high/9534_skybox4.jpg", "resolution": 512, "camera_distance": 0.900414390002092, "view_id": 39, "point_pitch": -0.5101558407160898, "camera_rotation_from_original_to_final": [-0.208001047372818, -0.527415931224823, -0.29051437973976135], "camera_location": [0.25607550144195557, 0.36628979444503784, -0.311413049697876], "point_normal": [0.04777548089623451, 0.07583989202976227, 0.9959748387336731], "camera_rotation_final_quaternion": [0.8146941065788269, 0.41683724522590637, 0.2434951514005661, 0.32129475474357605], "skybox_img": 4, "point_uuid": "121", "field_of_view_rads": 2.1797545326211765, "camera_rotation_final": [1.0022534132003784, 0.12925250828266144, 0.8221644163131714]}