{"camera_uuid": "4021", "obliqueness_angle": 1.3647106885910034, "nonfixated_points_in_view": [108, 6], "camera_rotation_original": [1.5707963705062866, 0.13814251124858856, -1.8138943910598755], "point_location": [3.3059499263763428, 1.507105827331543, -1.4197665452957153], "skybox_img_path": "./img/high/4021_skybox4.jpg", "resolution": 512, "camera_distance": 0.883173459188352, "view_id": 10, "point_pitch": -0.21602742274733977, "camera_rotation_from_original_to_final": [0.0371553972363472, 0.16787704825401306, 0.3415115475654602], "camera_location": [2.439697265625, 1.4246693849563599, -1.2687503099441528], "point_normal": [-0.034560561180114746, 0.0017010869923979044, 0.9994011521339417], "camera_rotation_final_quaternion": [0.5305410623550415, 0.5041360855102539, -0.4004379212856293, -0.551382303237915], "skybox_img": 4, "point_uuid": "155", "field_of_view_rads": 2.0576205968287535, "camera_rotation_final": [1.3974494934082031, 0.1314239501953125, -1.498860478401184]}