{"camera_uuid": "10900", "obliqueness_angle": 1.5552970170974731, "nonfixated_points_in_view": [], "camera_rotation_original": [1.5707963705062866, 0.0044560120441019535, -1.4435598850250244], "point_location": [3.9741721153259277, -0.9291063547134399, -0.6485407948493958], "skybox_img_path": "./img/high/10900_skybox4.jpg", "resolution": 512, "camera_distance": 0.7937628394406332, "view_id": 16, "point_pitch": -0.19335321982833342, "camera_rotation_from_original_to_final": [-0.025561468675732613, 0.1937926858663559, -0.49195829033851624], "camera_location": [3.246063709259033, -0.653146505355835, -0.4943857491016388], "point_normal": [0.019443031400442123, 0.5589542388916016, -0.8289705514907837], "camera_rotation_final_quaternion": [0.4377496838569641, 0.36167481541633606, -0.5216200351715088, -0.6367723941802979], "skybox_img": 4, "point_uuid": "189", "field_of_view_rads": 2.056502920039658, "camera_rotation_final": [1.3753451108932495, 0.003931050654500723, -1.933855652809143]}