{"camera_uuid": "13258", "obliqueness_angle": 1.4266338348388672, "nonfixated_points_in_view": [40], "camera_rotation_original": [1.5707963705062866, 0.02701343037188053, 1.4276520013809204], "point_location": [0.580907940864563, -0.050188999623060226, -1.4085019826889038], "skybox_img_path": "./img/high/13258_skybox4.jpg", "resolution": 512, "camera_distance": 0.7769873022887958, "view_id": 18, "point_pitch": -0.09656159480544524, "camera_rotation_from_original_to_final": [-0.011529844254255295, -0.11119568347930908, -0.5926996469497681], "camera_location": [1.1528081893920898, -0.5689745545387268, -1.3218940496444702], "point_normal": [0.11274728178977966, 0.07453673332929611, 0.9908240437507629], "camera_rotation_final_quaternion": [0.684938371181488, 0.60633385181427, 0.27681419253349304, 0.29426610469818115], "skybox_img": 4, "point_uuid": "57", "field_of_view_rads": 1.9554518605800617, "camera_rotation_final": [1.459069848060608, 0.022356180474162102, 0.831550121307373]}