{"camera_uuid": "2876", "obliqueness_angle": 1.2797253131866455, "nonfixated_points_in_view": [], "camera_rotation_original": [1.5707963705062866, 0.09314149618148804, -2.391406297683716], "point_location": [3.4670467376708984, 1.0758438110351562, -0.6993377804756165], "skybox_img_path": "./img/high/2876_skybox4.jpg", "resolution": 512, "camera_distance": 0.6211478289266873, "view_id": 29, "point_pitch": -0.1427611549708505, "camera_rotation_from_original_to_final": [0.09117749333381653, 0.0858100950717926, 0.20052573084831238], "camera_location": [2.966916084289551, 1.4359619617462158, -0.6218209862709045], "point_normal": [-0.6784085035324097, -0.30312207341194153, -0.6692376136779785], "camera_rotation_final_quaternion": [0.31073424220085144, 0.3284139633178711, -0.5742354393005371, -0.6825262904167175], "skybox_img": 4, "point_uuid": "78", "field_of_view_rads": 2.0062308946333633, "camera_rotation_final": [1.4451451301574707, 0.0915609821677208, -2.2064003944396973]}