{"camera_uuid": "1215", "obliqueness_angle": 1.4777705669403076, "nonfixated_points_in_view": [31], "camera_rotation_original": [1.5707963705062866, -0.024105271324515343, -1.2042338848114014], "point_location": [2.2359414100646973, 3.1619937419891357, -1.4091827869415283], "skybox_img_path": "./img/high/1215_skybox4.jpg", "resolution": 512, "camera_distance": 0.4880511628685124, "view_id": 6, "point_pitch": -0.2508801658961435, "camera_rotation_from_original_to_final": [-0.09032826125621796, 0.22979314625263214, -0.19119742512702942], "camera_location": [1.7707982063293457, 3.0745856761932373, -1.2900376319885254], "point_normal": [0.1874009370803833, -0.20707298815250397, 0.9602092504501343], "camera_rotation_final_quaternion": [0.61313796043396, 0.46830788254737854, -0.39827829599380493, -0.4961088299751282], "skybox_img": 4, "point_uuid": "91", "field_of_view_rads": 1.1498058012590282, "camera_rotation_final": [1.3241088390350342, -0.023737944662570953, -1.3790693283081055]}