{"camera_uuid": "9020", "obliqueness_angle": 0.6553370356559753, "nonfixated_points_in_view": [54], "camera_rotation_original": [1.5707963705062866, -0.1444333791732788, 0.179631769657135], "point_location": [2.448582887649536, 0.7421338558197021, -1.3952909708023071], "skybox_img_path": "./img/high/9020_skybox4.jpg", "resolution": 512, "camera_distance": 0.8828417617033074, "view_id": 12, "point_pitch": -0.5404431064936777, "camera_rotation_from_original_to_final": [-0.484837144613266, -0.09573810547590256, -0.3436249792575836], "camera_location": [2.301060914993286, -0.02132452093064785, -0.977226197719574], "point_normal": [-0.7041676044464111, -0.69074547290802, 0.16437388956546783], "camera_rotation_final_quaternion": [0.8582319617271423, 0.5053108930587769, -0.08881864696741104, -0.014491090551018715], "skybox_img": 4, "point_uuid": "158", "field_of_view_rads": 2.0028936213055424, "camera_rotation_final": [1.0722993612289429, -0.1382489651441574, -0.11599976569414139]}