{"camera_uuid": "10051", "obliqueness_angle": 0.5542259812355042, "nonfixated_points_in_view": [], "camera_rotation_original": [1.5707963705062866, 0.09163464605808258, -1.7186094522476196], "point_location": [1.46160089969635, 0.19978925585746765, -1.450141191482544], "skybox_img_path": "./img/high/10051_skybox4.jpg", "resolution": 512, "camera_distance": 0.7612467428233238, "view_id": 9, "point_pitch": -0.5269095142695566, "camera_rotation_from_original_to_final": [0.08911628276109695, 0.4928168058395386, 0.34168627858161926], "camera_location": [0.8036308288574219, 0.08431140333414078, -1.0851249694824219], "point_normal": [-0.5807929635047913, 0.19898450374603271, 0.7893571853637695], "camera_rotation_final_quaternion": [0.6299986839294434, 0.40666794776916504, -0.3080134093761444, -0.5855344533920288], "skybox_img": 4, "point_uuid": "100", "field_of_view_rads": 1.1263039557204935, "camera_rotation_final": [1.068577766418457, 0.08825459331274033, -1.4454271793365479]}