{"camera_uuid": "6731", "obliqueness_angle": 1.0704280138015747, "nonfixated_points_in_view": [64, 77], "camera_rotation_original": [1.5707963705062866, -0.009525425732135773, 1.3810045719146729], "point_location": [-0.30368760228157043, 1.3439174890518188, -0.7665223479270935], "skybox_img_path": "./img/high/6731_skybox4.jpg", "resolution": 512, "camera_distance": 0.945599031766244, "view_id": 6, "point_pitch": -0.49401156505080657, "camera_rotation_from_original_to_final": [-0.09991387277841568, -0.48096537590026855, -0.3624657094478607], "camera_location": [0.39545130729675293, 0.8889533877372742, -0.3211348354816437], "point_normal": [0.9422652125358582, 0.29410141706466675, -0.16012726724147797], "camera_rotation_final_quaternion": [0.7518230676651001, 0.45330533385276794, 0.24291734397411346, 0.41263481974601746], "skybox_img": 4, "point_uuid": "180", "field_of_view_rads": 1.48952952790217, "camera_rotation_final": [1.0803390741348267, -0.008837487548589706, 0.9986134767532349]}