{"camera_uuid": "6238", "obliqueness_angle": 1.2366617918014526, "nonfixated_points_in_view": [], "camera_rotation_original": [1.5707963705062866, 0.026245947927236557, -1.406345009803772], "point_location": [1.8005895614624023, 0.6414239406585693, -0.9798945188522339], "skybox_img_path": "./img/high/6238_skybox4.jpg", "resolution": 512, "camera_distance": 0.8471187214457582, "view_id": 75, "point_pitch": -0.31248263915511565, "camera_rotation_from_original_to_final": [-0.05536933243274689, 0.3179064989089966, -0.39761415123939514], "camera_location": [1.0172957181930542, 0.8202080726623535, -0.7113854289054871], "point_normal": [-0.012308535166084766, -0.0017647614004090428, 0.9999226927757263], "camera_rotation_final_quaternion": [0.49780529737472534, 0.37016376852989197, -0.45221132040023804, -0.6408382058143616], "skybox_img": 4, "point_uuid": "193", "field_of_view_rads": 0.9554677901838584, "camera_rotation_final": [1.2481681108474731, 0.02420615218579769, -1.8032900094985962]}