{"camera_uuid": "3889", "obliqueness_angle": 1.2043148279190063, "nonfixated_points_in_view": [], "camera_rotation_original": [1.5707963705062866, -0.004935294855386019, -2.4571075439453125], "point_location": [1.8005895614624023, 0.6414239406585693, -0.9798945188522339], "skybox_img_path": "./img/high/3889_skybox4.jpg", "resolution": 512, "camera_distance": 0.9474782606753673, "view_id": 93, "point_pitch": -0.3569255312297006, "camera_rotation_from_original_to_final": [0.2819719910621643, 0.22354599833488464, 0.24503540992736816], "camera_location": [1.106764793395996, 1.1947005987167358, -0.6479198336601257], "point_normal": [-0.012308535166084766, -0.0017647614004090428, 0.9999226927757263], "camera_rotation_final_quaternion": [0.3584359288215637, 0.24596431851387024, -0.5141138434410095, -0.7393999099731445], "skybox_img": 4, "point_uuid": "193", "field_of_view_rads": 1.7135854309274448, "camera_rotation_final": [1.2128183841705322, -0.004821774549782276, -2.242164373397827]}