{"camera_uuid": "0952", "obliqueness_angle": 0.5096917748451233, "nonfixated_points_in_view": [57], "camera_rotation_original": [1.5707963705062866, -0.016528654843568802, -0.161053866147995], "point_location": [1.904913306236267, 3.043900966644287, -1.3826780319213867], "skybox_img_path": "./img/high/0952_skybox4.jpg", "resolution": 512, "camera_distance": 0.44868189255104046, "view_id": 6, "point_pitch": -0.5545732220027109, "camera_rotation_from_original_to_final": [-0.549645185470581, 0.08217065036296844, 0.005707539152354002], "camera_location": [1.854351282119751, 2.665961980819702, -1.146201729774475], "point_normal": [-0.06379000097513199, -0.9967313408851624, 0.04957450553774834], "camera_rotation_final_quaternion": [0.87239009141922, 0.4848770499229431, -0.03702642396092415, -0.049586985260248184], "skybox_img": 4, "point_uuid": "74", "field_of_view_rads": 1.48952952790217, "camera_rotation_final": [1.0155901908874512, -0.016516538336873055, -0.12274963408708572]}