{"camera_uuid": "9810", "obliqueness_angle": 1.5296894311904907, "nonfixated_points_in_view": [], "camera_rotation_original": [1.5707963705062866, -0.006887745577841997, -1.6199803352355957], "point_location": [5.577847957611084, 0.5073602795600891, -0.8285789489746094], "skybox_img_path": "./img/high/9810_skybox4.jpg", "resolution": 512, "camera_distance": 0.9995107739271237, "view_id": 32, "point_pitch": -0.0966932018611093, "camera_rotation_from_original_to_final": [0.005128098651766777, 0.09393128007650375, -0.3908554017543793], "camera_location": [4.677646160125732, 0.9314405918121338, -0.7346940040588379], "point_normal": [0.047805894166231155, -0.0227388683706522, 0.9985978007316589], "camera_rotation_final_quaternion": [0.3981420695781708, 0.35871008038520813, -0.5695276260375977, -0.6232562065124512], "skybox_img": 4, "point_uuid": "11", "field_of_view_rads": 1.4604219695947274, "camera_rotation_final": [1.4767249822616577, -0.006369263399392366, -2.0104527473449707]}