{"camera_uuid": "14473", "obliqueness_angle": 1.0423966646194458, "nonfixated_points_in_view": [8], "camera_rotation_original": [1.5707963705062866, 0.1303064227104187, 0.10415849834680557], "point_location": [5.4932861328125, 0.18884922564029694, -0.9166303277015686], "skybox_img_path": "./img/high/14473_skybox4.jpg", "resolution": 512, "camera_distance": 0.5402849901301656, "view_id": 49, "point_pitch": -0.7563962181422372, "camera_rotation_from_original_to_final": [-0.7887395620346069, -0.04141199216246605, -0.18868117034435272], "camera_location": [5.461882591247559, -0.19069339334964752, -0.5333952903747559], "point_normal": [-0.48851633071899414, 0.18398629128932953, 0.8529366254806519], "camera_rotation_final_quaternion": [0.9167361855506897, 0.38081464171409607, 0.017894580960273743, -0.11939314752817154], "skybox_img": 4, "point_uuid": "142", "field_of_view_rads": 1.5023104524077913, "camera_rotation_final": [0.7744385600090027, 0.12406053394079208, -0.2083694487810135]}