{"camera_uuid": "0355", "obliqueness_angle": 0.8245649337768555, "nonfixated_points_in_view": [], "camera_rotation_original": [-1.570796251296997, 3.0363197326660156, -0.005175264552235603], "point_location": [1.5920188426971436, 2.1285598278045654, -1.4049173593521118], "skybox_img_path": "./img/high/0355_skybox4.jpg", "resolution": 512, "camera_distance": 0.8501959387305679, "view_id": 18, "point_pitch": -0.7014443119380136, "camera_rotation_from_original_to_final": [0.7524435520172119, -0.01673252135515213, -0.47732219099998474], "camera_location": [1.8724205493927002, 2.682286262512207, -0.8238880634307861], "point_normal": [0.3241092562675476, -0.10795459151268005, 0.9398399591445923], "camera_rotation_final_quaternion": [0.26765698194503784, 0.06836997717618942, 0.3919468820095062, 0.8775323033332825], "skybox_img": 4, "point_uuid": "107", "field_of_view_rads": 1.9554518605800617, "camera_rotation_final": [-2.3270208835601807, 3.0516505241394043, -0.5532722473144531]}