{"camera_uuid": "4982", "obliqueness_angle": 1.017911672592163, "nonfixated_points_in_view": [102], "camera_rotation_original": [1.5707963705062866, 0.04968786984682083, -0.6860842704772949], "point_location": [3.365755796432495, 1.3757675886154175, -0.9474144577980042], "skybox_img_path": "./img/high/4982_skybox4.jpg", "resolution": 512, "camera_distance": 0.8472786857142206, "view_id": 9, "point_pitch": 0.10366256634262605, "camera_rotation_from_original_to_final": [0.04567738622426987, -0.0543903224170208, -0.7537122368812561], "camera_location": [2.5279700756073, 1.2639330625534058, -1.0064846277236938], "point_normal": [-0.6433119773864746, 0.7428977489471436, 0.18507462739944458], "camera_rotation_final_quaternion": [0.5048916935920715, 0.5589791536331177, -0.4715941846370697, -0.45850369334220886], "skybox_img": 4, "point_uuid": "9", "field_of_view_rads": 1.1263039557204935, "camera_rotation_final": [1.640616774559021, 0.03638807311654091, -1.4355485439300537]}