{"camera_uuid": "14084", "obliqueness_angle": 1.0954896211624146, "nonfixated_points_in_view": [118], "camera_rotation_original": [1.5707963705062866, -0.056424885988235474, -1.848453164100647], "point_location": [-0.11395721882581711, -0.04560520127415657, -1.4123445749282837], "skybox_img_path": "./img/high/14084_skybox4.jpg", "resolution": 512, "camera_distance": 0.7331414947255828, "view_id": 47, "point_pitch": -0.4246796806666513, "camera_rotation_from_original_to_final": [0.14050881564617157, 0.4378829896450043, 0.6603410243988037], "camera_location": [-0.7308900356292725, -0.27280980348587036, -1.0878936052322388], "point_normal": [-0.009451550431549549, -0.023393457755446434, 0.9996817111968994], "camera_rotation_final_quaternion": [0.7085420489311218, 0.42535537481307983, -0.3127274513244629, -0.4682333767414093], "skybox_img": 4, "point_uuid": "192", "field_of_view_rads": 1.689463874588242, "camera_rotation_final": [1.111860752105713, -0.04484501853585243, -1.1957814693450928]}