{"camera_uuid": "3670", "obliqueness_angle": 1.5050376653671265, "nonfixated_points_in_view": [], "camera_rotation_original": [1.5707963705062866, 0.04406867176294327, -2.4287054538726807], "point_location": [3.4670467376708984, 1.0758438110351562, -0.6993377804756165], "skybox_img_path": "./img/high/3670_skybox4.jpg", "resolution": 512, "camera_distance": 0.8770940057891621, "view_id": 66, "point_pitch": 0.12123687664536043, "camera_rotation_from_original_to_final": [-0.08107437193393707, -0.06582982838153839, -0.39315879344940186], "camera_location": [3.194946765899658, 1.904644250869751, -0.7906906604766846], "point_normal": [-0.714185893535614, -0.237505242228508, -0.6584298610687256], "camera_rotation_final_quaternion": [0.09215153753757477, 0.13235807418823242, -0.7311350107192993, -0.6628959774971008], "skybox_img": 4, "point_uuid": "78", "field_of_view_rads": 0.63963352615166, "camera_rotation_final": [1.6752265691757202, 0.040740106254816055, -2.8201041221618652]}