{"camera_uuid": "11281", "obliqueness_angle": 1.2949538230895996, "nonfixated_points_in_view": [], "camera_rotation_original": [1.5707963705062866, 0.1304205060005188, 0.30680835247039795], "point_location": [-0.34234288334846497, 0.8369564414024353, -0.7921566963195801], "skybox_img_path": "./img/high/11281_skybox4.jpg", "resolution": 512, "camera_distance": 0.8976650322475387, "view_id": 21, "point_pitch": -0.3045603473994394, "camera_rotation_from_original_to_final": [-0.3390886187553406, -0.10832341760396957, -0.3593631088733673], "camera_location": [-0.4026564359664917, -0.002472986001521349, -0.47986993193626404], "point_normal": [0.04777548089623451, 0.07583989202976227, 0.9959748387336731], "camera_rotation_final_quaternion": [0.8168909549713135, 0.5707950592041016, 0.015783043578267097, -0.08144380152225494], "skybox_img": 4, "point_uuid": "121", "field_of_view_rads": 0.7376648996792496, "camera_rotation_final": [1.2128329277038574, 0.11904244869947433, -0.11612444370985031]}