{"camera_uuid": "15091", "obliqueness_angle": 1.1891765594482422, "nonfixated_points_in_view": [], "camera_rotation_original": [1.5707963705062866, -0.1289079487323761, 2.800766706466675], "point_location": [5.327018737792969, -0.6150552034378052, -1.3985912799835205], "skybox_img_path": "./img/high/15091_skybox4.jpg", "resolution": 512, "camera_distance": 0.9182711610406982, "view_id": 9, "point_pitch": -0.45619551738234954, "camera_rotation_from_original_to_final": [0.3621440529823303, -0.13551019132137299, -0.6310029029846191], "camera_location": [6.0166015625, -0.1165703758597374, -1.0533227920532227], "point_normal": [-0.004159807693213224, -0.0008233638945966959, 0.9999910593032837], "camera_rotation_final_quaternion": [0.3331948220729828, 0.28310084342956543, 0.48151299357414246, 0.7595922350883484], "skybox_img": 4, "point_uuid": "39", "field_of_view_rads": 1.1263039557204935, "camera_rotation_final": [1.1828796863555908, -0.1094253808259964, 2.2413077354431152]}