{"camera_uuid": "6025", "obliqueness_angle": 1.4123908281326294, "nonfixated_points_in_view": [97, 42], "camera_rotation_original": [1.5707963705062866, 0.06076933071017265, -0.828322172164917], "point_location": [0.8357325792312622, 3.0001583099365234, -1.4500991106033325], "skybox_img_path": "./img/high/6025_skybox4.jpg", "resolution": 512, "camera_distance": 0.9271122472742196, "view_id": 19, "point_pitch": -0.16105966170760588, "camera_rotation_from_original_to_final": [-0.13325266540050507, 0.13498690724372864, -0.4867675006389618], "camera_location": [-0.043236907571554184, 2.7624266147613525, -1.2756474018096924], "point_normal": [0.02106740139424801, 0.04000088572502136, 0.998977541923523], "camera_rotation_final_quaternion": [0.5990130305290222, 0.5163044929504395, -0.3732912838459015, -0.4850429892539978], "skybox_img": 4, "point_uuid": "133", "field_of_view_rads": 1.1498058012590282, "camera_rotation_final": [1.3812249898910522, 0.05367281660437584, -1.3169431686401367]}