{"camera_uuid": "14833", "obliqueness_angle": 0.4489503502845764, "nonfixated_points_in_view": [], "camera_rotation_original": [1.5707963705062866, -0.024450529366731644, 1.9493039846420288], "point_location": [5.635040283203125, 1.0644794702529907, -1.395928978919983], "skybox_img_path": "./img/high/14833_skybox4.jpg", "resolution": 512, "camera_distance": 0.723810093125506, "view_id": 8, "point_pitch": -0.23786990245315032, "camera_rotation_from_original_to_final": [0.08124656230211258, -0.20977362990379333, -0.5792559385299683], "camera_location": [6.327709674835205, 0.9299567341804504, -1.2346410751342773], "point_normal": [0.9823573231697083, 0.185846209526062, -0.02086620032787323], "camera_rotation_final_quaternion": [0.5980154871940613, 0.48514288663864136, 0.3914339542388916, 0.5037789940834045], "skybox_img": 4, "point_uuid": "116", "field_of_view_rads": 1.6816280418618088, "camera_rotation_final": [1.3460294008255005, -0.020643921568989754, 1.3836946487426758]}