{"camera_uuid": "4887", "obliqueness_angle": 0.789986252784729, "nonfixated_points_in_view": [64], "camera_rotation_original": [1.5707963705062866, -0.0011231304379180074, 1.2390077114105225], "point_location": [-0.30368760228157043, 1.3439174890518188, -0.7665223479270935], "skybox_img_path": "./img/high/4887_skybox4.jpg", "resolution": 512, "camera_distance": 0.8381924274631977, "view_id": 62, "point_pitch": -0.4138168533656259, "camera_rotation_from_original_to_final": [-0.14203281700611115, -0.39010322093963623, 0.10780259966850281], "camera_location": [0.4394652545452118, 1.152485966682434, -0.4294106066226959], "point_normal": [0.9422652125358582, 0.29410141706466675, -0.16012726724147797], "camera_rotation_final_quaternion": [0.6614955067634583, 0.43233177065849304, 0.33465614914894104, 0.5133402347564697], "skybox_img": 4, "point_uuid": "180", "field_of_view_rads": 0.6720038838202558, "camera_rotation_final": [1.15688955783844, -0.0011195075931027532, 1.3191752433776855]}