{"camera_uuid": "9349", "obliqueness_angle": 0.9272086024284363, "nonfixated_points_in_view": [], "camera_rotation_original": [1.5707963705062866, 0.002644857857376337, 1.9320799112319946], "point_location": [2.624671697616577, -0.7024632096290588, -0.5636605024337769], "skybox_img_path": "./img/high/9349_skybox4.jpg", "resolution": 512, "camera_distance": 0.9120481172367486, "view_id": 2, "point_pitch": -0.3048346479746957, "camera_rotation_from_original_to_final": [0.11063992232084274, -0.28269660472869873, 0.7330055832862854], "camera_location": [3.0117805004119873, 0.07721687853336334, -0.2914886772632599], "point_normal": [-0.34883588552474976, 0.9258549809455872, -0.14528000354766846], "camera_rotation_final_quaternion": [0.18481594324111938, 0.13468264043331146, 0.5767595171928406, 0.7842525839805603], "skybox_img": 4, "point_uuid": "60", "field_of_view_rads": 1.0910236528484336, "camera_rotation_final": [1.267760992050171, 0.0019383060280233622, 2.680145263671875]}