{"camera_uuid": "12811", "obliqueness_angle": 0.8339202404022217, "nonfixated_points_in_view": [34], "camera_rotation_original": [1.5707963705062866, 0.008775599300861359, -2.0267553329467773], "point_location": [0.35382547974586487, -0.5060790181159973, -1.460171103477478], "skybox_img_path": "./img/high/12811_skybox4.jpg", "resolution": 512, "camera_distance": 0.7828964146543794, "view_id": 5, "point_pitch": -0.5160145004603525, "camera_rotation_from_original_to_final": [0.24616765975952148, 0.4588659107685089, -0.0011942647397518158], "camera_location": [-0.23876804113388062, -0.17103569209575653, -1.0735114812850952], "point_normal": [-0.8047041893005371, -0.3797302544116974, 0.4563511312007904], "camera_rotation_final_quaternion": [0.43173545598983765, 0.25567182898521423, -0.43323224782943726, -0.7486963272094727], "skybox_img": 4, "point_uuid": "17", "field_of_view_rads": 2.119048415795751, "camera_rotation_final": [1.0542242527008057, 0.00875781662762165, -2.090348958969116]}