{"camera_uuid": "2430", "obliqueness_angle": 0.5834442377090454, "nonfixated_points_in_view": [], "camera_rotation_original": [1.5707963705062866, 0.1740519106388092, 2.015017509460449], "point_location": [1.5920188426971436, 2.1285598278045654, -1.4049173593521118], "skybox_img_path": "./img/high/2430_skybox4.jpg", "resolution": 512, "camera_distance": 0.6522610006557984, "view_id": 41, "point_pitch": -0.770114584765162, "camera_rotation_from_original_to_final": [0.3502137064933777, -0.7177947759628296, -0.14567933976650238], "camera_location": [2.0065906047821045, 2.333850383758545, -0.9451016783714294], "point_normal": [0.3241092562675476, -0.10795459151268005, 0.9398399591445923], "camera_rotation_final_quaternion": [0.5786321759223938, 0.16140228509902954, 0.3485269248485565, 0.7194880843162537], "skybox_img": 4, "point_uuid": "107", "field_of_view_rads": 2.0028936213055424, "camera_rotation_final": [0.7734487056732178, 0.17192955315113068, 1.857124924659729]}