{"camera_uuid": "3145", "obliqueness_angle": 1.088728427886963, "nonfixated_points_in_view": [], "camera_rotation_original": [1.5707963705062866, 0.16651733219623566, -1.7590960264205933], "point_location": [0.8357325792312622, 3.0001583099365234, -1.4500991106033325], "skybox_img_path": "./img/high/3145_skybox4.jpg", "resolution": 512, "camera_distance": 0.8935484505524307, "view_id": 18, "point_pitch": -0.6258150776240488, "camera_rotation_from_original_to_final": [0.09475795924663544, 0.5129706263542175, 0.7510815262794495], "camera_location": [0.16876107454299927, 2.6052629947662354, -1.0055369138717651], "point_normal": [0.02106740139424801, 0.04000088572502136, 0.998977541923523], "camera_rotation_final_quaternion": [0.7165582776069641, 0.45325303077697754, -0.21400821208953857, -0.4850839376449585], "skybox_img": 4, "point_uuid": "133", "field_of_view_rads": 2.0062308946333633, "camera_rotation_final": [1.0449025630950928, 0.13342837989330292, -1.1132878065109253]}