{"camera_uuid": "3726", "obliqueness_angle": 1.2809982299804688, "nonfixated_points_in_view": [], "camera_rotation_original": [1.5707963705062866, 0.1556985080242157, -1.0854955911636353], "point_location": [3.3059499263763428, 1.507105827331543, -1.4197665452957153], "skybox_img_path": "./img/high/3726_skybox4.jpg", "resolution": 512, "camera_distance": 0.6041952261331172, "view_id": 26, "point_pitch": -0.17773131926986174, "camera_rotation_from_original_to_final": [-0.13623572885990143, 0.2171568125486374, -0.5176293849945068], "camera_location": [2.7214367389678955, 1.5186128616333008, -1.2672418355941772], "point_normal": [-0.034560561180114746, 0.0017010869923979044, 0.9994011521339417], "camera_rotation_final_quaternion": [0.5136547684669495, 0.45717671513557434, -0.40591639280319214, -0.6019802093505859], "skybox_img": 4, "point_uuid": "155", "field_of_view_rads": 1.1203805951522874, "camera_rotation_final": [1.3132381439208984, 0.13381992280483246, -1.625610113143921]}