{"camera_uuid": "0854", "obliqueness_angle": 0.86284339427948, "nonfixated_points_in_view": [], "camera_rotation_original": [1.5707963705062866, 0.048446111381053925, 0.8741888999938965], "point_location": [0.8357325792312622, 3.0001583099365234, -1.4500991106033325], "skybox_img_path": "./img/high/0854_skybox4.jpg", "resolution": 512, "camera_distance": 0.564732772693789, "view_id": 14, "point_pitch": -0.71833078464004, "camera_rotation_from_original_to_final": [-0.49523282051086426, -0.5092021822929382, 0.6565027236938477], "camera_location": [1.263416051864624, 2.9272234439849854, -1.088587760925293], "point_normal": [0.02106740139424801, 0.04000088572502136, 0.998977541923523], "camera_rotation_final_quaternion": [0.7080409526824951, 0.31644201278686523, 0.28247395157814026, 0.5645803213119507], "skybox_img": 4, "point_uuid": "133", "field_of_view_rads": 1.5766701541034631, "camera_rotation_final": [0.8753476142883301, 0.042705364525318146, 1.3662731647491455]}