{"camera_uuid": "1145", "obliqueness_angle": 1.5074207782745361, "nonfixated_points_in_view": [97], "camera_rotation_original": [1.5707963705062866, 0.1289544701576233, 2.13028621673584], "point_location": [0.3078916072845459, 2.7992374897003174, -1.4269014596939087], "skybox_img_path": "./img/high/1145_skybox4.jpg", "resolution": 512, "camera_distance": 0.9261860988366173, "view_id": 0, "point_pitch": -0.43837253650161223, "camera_rotation_from_original_to_final": [0.2551613450050354, -0.3990730047225952, -0.26991090178489685], "camera_location": [1.0853575468063354, 3.0776712894439697, -1.007566213607788], "point_normal": [-0.2804282307624817, 0.9596080183982849, 0.022641496732831], "camera_rotation_final_quaternion": [0.5379202365875244, 0.2706665098667145, 0.44761839509010315, 0.6610743403434753], "skybox_img": 4, "point_uuid": "66", "field_of_view_rads": 2.078591559549699, "camera_rotation_final": [1.0970094203948975, 0.12402226775884628, 1.8513520956039429]}