{"camera_uuid": "9699", "obliqueness_angle": 1.0086275339126587, "nonfixated_points_in_view": [], "camera_rotation_original": [1.5707963705062866, -0.1293715238571167, -1.0108869075775146], "point_location": [5.518570899963379, 1.8022818565368652, -0.9034366607666016], "skybox_img_path": "./img/high/9699_skybox4.jpg", "resolution": 512, "camera_distance": 0.6507921525928068, "view_id": 35, "point_pitch": -0.3228577812525888, "camera_rotation_from_original_to_final": [-0.19393576681613922, 0.289390504360199, 0.13629598915576935], "camera_location": [5.05989933013916, 1.3970396518707275, -0.68223637342453], "point_normal": [-0.3810344636440277, 0.07813670486211777, 0.9212532639503479], "camera_rotation_final_quaternion": [0.7671045660972595, 0.5066599249839783, -0.2708298861980438, -0.28547754883766174], "skybox_img": 4, "point_uuid": "103", "field_of_view_rads": 1.5082571856068028, "camera_rotation_final": [1.2210766077041626, -0.12656724452972412, -0.8011605143547058]}