{"camera_uuid": "7700", "obliqueness_angle": 1.4242695569992065, "nonfixated_points_in_view": [], "camera_rotation_original": [1.5707963705062866, 0.13512389361858368, -0.39715689420700073], "point_location": [0.7851385474205017, 1.2789015769958496, -1.4171496629714966], "skybox_img_path": "./img/high/7700_skybox4.jpg", "resolution": 512, "camera_distance": 0.6569478588659273, "view_id": 31, "point_pitch": -0.20874731143447356, "camera_rotation_from_original_to_final": [-0.15559449791908264, 0.06021352857351303, 0.3238903284072876], "camera_location": [0.740512490272522, 0.6325986981391907, -1.3081469535827637], "point_normal": [0.04163115471601486, 0.017202280461788177, 0.9989850521087646], "camera_rotation_final_quaternion": [0.7597175240516663, 0.6454771161079407, 0.019946688786149025, -0.07609650492668152], "skybox_img": 4, "point_uuid": "187", "field_of_view_rads": 1.7804764599127723, "camera_rotation_final": [1.402694821357727, 0.12890146672725677, -0.09074980020523071]}