{"camera_uuid": "10280", "obliqueness_angle": 1.2551939487457275, "nonfixated_points_in_view": [], "camera_rotation_original": [1.5707963705062866, 0.0841742679476738, -1.9241713285446167], "point_location": [5.577847957611084, 0.5073602795600891, -0.8285789489746094], "skybox_img_path": "./img/high/10280_skybox4.jpg", "resolution": 512, "camera_distance": 0.691444242371098, "view_id": 7, "point_pitch": -0.3340579708430429, "camera_rotation_from_original_to_final": [0.13070327043533325, 0.34328994154930115, -0.35702189803123474], "camera_location": [5.09824800491333, 0.9394657015800476, -0.580861508846283], "point_normal": [0.047805894166231155, -0.0227388683706522, 0.9985978007316589], "camera_rotation_final_quaternion": [0.3036454916000366, 0.25152328610420227, -0.5075486302375793, -0.7661134600639343], "skybox_img": 4, "point_uuid": "11", "field_of_view_rads": 0.5961933550608073, "camera_rotation_final": [1.2032442092895508, 0.07723783701658249, -2.3338496685028076]}