{"camera_uuid": "9048", "obliqueness_angle": 0.8171898126602173, "nonfixated_points_in_view": [], "camera_rotation_original": [1.5707963705062866, -0.1725916862487793, 1.8827601671218872], "point_location": [3.6669938564300537, 1.5509448051452637, -1.3941354751586914], "skybox_img_path": "./img/high/9048_skybox4.jpg", "resolution": 512, "camera_distance": 0.9104543206017642, "view_id": 6, "point_pitch": -0.36791317065688567, "camera_rotation_from_original_to_final": [0.04973123222589493, -0.255161315202713, -0.7224701046943665], "camera_location": [4.477901458740234, 1.2082170248031616, -1.1619855165481567], "point_normal": [0.3106723129749298, -0.9194551110267639, 0.24100880324840546], "camera_rotation_final_quaternion": [0.6280307173728943, 0.5310035943984985, 0.30090534687042236, 0.48277175426483154], "skybox_img": 4, "point_uuid": "61", "field_of_view_rads": 1.48952952790217, "camera_rotation_final": [1.3105388879776, -0.1351626068353653, 1.2067888975143433]}