{"camera_uuid": "5798", "obliqueness_angle": 1.1076174974441528, "nonfixated_points_in_view": [], "camera_rotation_original": [1.5707963705062866, 0.059097569435834885, -2.15187406539917], "point_location": [3.2907848358154297, 0.7151510119438171, -0.953556478023529], "skybox_img_path": "./img/high/5798_skybox4.jpg", "resolution": 512, "camera_distance": 0.6206010828749075, "view_id": 2, "point_pitch": 0.000500158467565015, "camera_rotation_from_original_to_final": [-0.009075951762497425, -0.010927358642220497, 0.23223936557769775], "camera_location": [2.7076284885406494, 0.9272775053977966, -0.9623163938522339], "point_normal": [-0.31622445583343506, 0.4023386836051941, -0.8591424822807312], "camera_rotation_final_quaternion": [0.3860607147216797, 0.4250878393650055, -0.5712774991989136, -0.5864294171333313], "skybox_img": 4, "point_uuid": "195", "field_of_view_rads": 0.9239011772765595, "camera_rotation_final": [1.5849355459213257, 0.0575040839612484, -1.9188604354858398]}