{"camera_uuid": "7762", "obliqueness_angle": 1.01585054397583, "nonfixated_points_in_view": [37], "camera_rotation_original": [1.5707963705062866, 0.07108227908611298, 1.421230435371399], "point_location": [3.765934944152832, 1.8845245838165283, -1.4114539623260498], "skybox_img_path": "./img/high/7762_skybox4.jpg", "resolution": 512, "camera_distance": 0.6141340998409833, "view_id": 15, "point_pitch": -0.5264038284632822, "camera_rotation_from_original_to_final": [-0.0988270714879036, -0.5327792167663574, -0.16065040230751038], "camera_location": [4.263213634490967, 1.7116893529891968, -1.0952221155166626], "point_normal": [-0.0554204061627388, -0.27599287033081055, 0.9595605731010437], "camera_rotation_final_quaternion": [0.729072093963623, 0.38949054479599, 0.3013894557952881, 0.47530558705329895], "skybox_img": 4, "point_uuid": "154", "field_of_view_rads": 1.6403442297244761, "camera_rotation_final": [1.0284337997436523, 0.06927060335874557, 1.194606900215149]}