{"camera_uuid": "4865", "obliqueness_angle": 1.1528863906860352, "nonfixated_points_in_view": [], "camera_rotation_original": [1.5707963705062866, 0.06070522964000702, 0.28052961826324463], "point_location": [0.48665541410446167, 2.050424337387085, -1.4244725704193115], "skybox_img_path": "./img/high/4865_skybox4.jpg", "resolution": 512, "camera_distance": 0.5272364515647344, "view_id": 29, "point_pitch": -0.49832670291396575, "camera_rotation_from_original_to_final": [-0.5002822875976562, -0.1321881115436554, -0.2465999573469162], "camera_location": [0.4874010384082794, 1.5918312072753906, -1.1643378734588623], "point_normal": [-0.7508701086044312, -0.09726908802986145, 0.6532478928565979], "camera_rotation_final_quaternion": [0.8636621832847595, 0.5030012130737305, 0.017127161845564842, -0.028001874685287476], "skybox_img": 4, "point_uuid": "167", "field_of_view_rads": 1.794124606241639, "camera_rotation_final": [1.0538614988327026, 0.05778627097606659, -0.031195472925901413]}