{"camera_uuid": "4836", "obliqueness_angle": 0.7885702848434448, "nonfixated_points_in_view": [], "camera_rotation_original": [1.5707963705062866, -0.002742730313912034, -2.852384090423584], "point_location": [-0.34234288334846497, 0.8369564414024353, -0.7921566963195801], "skybox_img_path": "./img/high/4836_skybox4.jpg", "resolution": 512, "camera_distance": 0.9315301714205177, "view_id": 33, "point_pitch": -0.70514719089004, "camera_rotation_from_original_to_final": [0.6832380890846252, 0.18617850542068481, -0.28760722279548645], "camera_location": [-0.29623109102249146, 1.5454049110412598, -0.18906225264072418], "point_normal": [0.04777548089623451, 0.07583989202976227, 0.9959748387336731], "camera_rotation_final_quaternion": [-0.027958031743764877, -0.014351308345794678, -0.41962170600891113, -0.90715491771698], "skybox_img": 4, "point_uuid": "121", "field_of_view_rads": 1.82720328702949, "camera_rotation_final": [0.8665948510169983, -0.0025741274002939463, -3.2044029235839844]}