{"camera_uuid": "8626", "obliqueness_angle": 0.5856556296348572, "nonfixated_points_in_view": [], "camera_rotation_original": [1.5707963705062866, -0.005650285165756941, -2.3050055503845215], "point_location": [5.518570899963379, 1.8022818565368652, -0.9034366607666016], "skybox_img_path": "./img/high/8626_skybox4.jpg", "resolution": 512, "camera_distance": 0.7691002037081545, "view_id": 37, "point_pitch": -0.5945593555781503, "camera_rotation_from_original_to_final": [0.4288550019264221, 0.4310586154460907, 0.8357763886451721], "camera_location": [4.883114814758301, 1.7981675863265991, -0.4702002704143524], "point_normal": [-0.3810344636440277, 0.07813670486211777, 0.9212532639503479], "camera_rotation_final_quaternion": [0.6287474632263184, 0.33065319061279297, -0.3301772177219391, -0.6215530037879944], "skybox_img": 4, "point_uuid": "103", "field_of_view_rads": 2.173302890718354, "camera_rotation_final": [0.9724125266075134, -0.004159183241426945, -1.5614863634109497]}