{"camera_uuid": "11346", "obliqueness_angle": 1.0073963403701782, "nonfixated_points_in_view": [], "camera_rotation_original": [1.5707963705062866, 0.07948597520589828, -1.5837968587875366], "point_location": [6.416158676147461, 2.537578821182251, -1.2911784648895264], "skybox_img_path": "./img/high/11346_skybox4.jpg", "resolution": 512, "camera_distance": 0.8946808269330488, "view_id": 21, "point_pitch": -0.612186117968287, "camera_rotation_from_original_to_final": [0.014358129352331161, 0.5758351683616638, 0.49917545914649963], "camera_location": [5.751890182495117, 2.1886444091796875, -0.8038942217826843], "point_normal": [-0.00751654664054513, 0.040270037949085236, 0.9991605877876282], "camera_rotation_final_quaternion": [0.7320691347122192, 0.4185463488101959, -0.22912000119686127, -0.486207515001297], "skybox_img": 4, "point_uuid": "148", "field_of_view_rads": 2.0028936213055424, "camera_rotation_final": [0.9931603670120239, 0.07159855216741562, -1.1337149143218994]}