{"camera_uuid": "12982", "obliqueness_angle": 1.3490091562271118, "nonfixated_points_in_view": [], "camera_rotation_original": [1.5707963705062866, 0.11249169707298279, 1.6064231395721436], "point_location": [3.54880690574646, 0.15072500705718994, -1.4055030345916748], "skybox_img_path": "./img/high/12982_skybox4.jpg", "resolution": 512, "camera_distance": 0.35819546957581855, "view_id": 12, "point_pitch": -0.5324908932063241, "camera_rotation_from_original_to_final": [0.008638289757072926, -0.49845197796821594, 0.3327814042568207], "camera_location": [3.84175181388855, 0.26547595858573914, -1.2342736721038818], "point_normal": [0.19957615435123444, 0.8647677302360535, -0.4608103036880493], "camera_rotation_final_quaternion": [0.527309775352478, 0.2613837420940399, 0.4389326572418213, 0.6789411306381226], "skybox_img": 4, "point_uuid": "83", "field_of_view_rads": 1.3476975839402114, "camera_rotation_final": [1.0691784620285034, 0.10818950831890106, 1.884993314743042]}