{"camera_uuid": "6671", "obliqueness_angle": 1.5171873569488525, "nonfixated_points_in_view": [120, 77], "camera_rotation_original": [1.5707963705062866, 0.06208742409944534, 1.4789453744888306], "point_location": [-0.4054321348667145, 1.2653040885925293, -0.6841932535171509], "skybox_img_path": "./img/high/6671_skybox4.jpg", "resolution": 512, "camera_distance": 0.8337433369873426, "view_id": 34, "point_pitch": 0.00441940228012605, "camera_rotation_from_original_to_final": [0.0023301022592931986, -0.017634524032473564, -0.3578703999519348], "camera_location": [0.3452928066253662, 0.9029080271720886, -0.6697315573692322], "point_normal": [0.040700461715459824, 0.0009101604809984565, 0.9991709589958191], "camera_rotation_final_quaternion": [0.6148396134376526, 0.5825995206832886, 0.3897499740123749, 0.3614484965801239], "skybox_img": 4, "point_uuid": "104", "field_of_view_rads": 1.6403442297244761, "camera_rotation_final": [1.5534205436706543, 0.05814075469970703, 1.120051622390747]}