{"camera_uuid": "9812", "obliqueness_angle": 1.44560968875885, "nonfixated_points_in_view": [], "camera_rotation_original": [1.5707963705062866, -0.0945725217461586, -2.4454123973846436], "point_location": [6.416158676147461, 2.537578821182251, -1.2911784648895264], "skybox_img_path": "./img/high/9812_skybox4.jpg", "resolution": 512, "camera_distance": 0.8976399489102099, "view_id": 19, "point_pitch": -0.061845703921045825, "camera_rotation_from_original_to_final": [0.08266405016183853, 0.0583924762904644, 0.4232546091079712], "camera_location": [5.613300323486328, 2.9287431240081787, -1.2008103132247925], "point_normal": [-0.00751654664054513, 0.040270037949085236, 0.9991605877876282], "camera_rotation_final_quaternion": [0.4200645983219147, 0.3305648863315582, -0.5834298133850098, -0.6114590764045715], "skybox_img": 4, "point_uuid": "148", "field_of_view_rads": 2.1797545326211765, "camera_rotation_final": [1.4695770740509033, -0.08600863814353943, -2.0154387950897217]}