{"camera_uuid": "0602", "obliqueness_angle": 0.9604041576385498, "nonfixated_points_in_view": [47], "camera_rotation_original": [1.5707963705062866, -0.10482561588287354, -0.742271363735199], "point_location": [2.2359414100646973, 3.1619937419891357, -1.4091827869415283], "skybox_img_path": "./img/high/0602_skybox4.jpg", "resolution": 512, "camera_distance": 0.9441824692657578, "view_id": 2, "point_pitch": -0.520896120867457, "camera_rotation_from_original_to_final": [-0.4292481243610382, 0.3504543900489807, 0.14792078733444214], "camera_location": [1.8346291780471802, 2.462531805038452, -0.9180799126625061], "point_normal": [0.1874009370803833, -0.20707298815250397, 0.9602092504501343], "camera_rotation_final_quaternion": [0.8541858792304993, 0.46505117416381836, -0.15381690859794617, -0.17445425689220428], "skybox_img": 4, "point_uuid": "91", "field_of_view_rads": 1.6071546237233685, "camera_rotation_final": [1.020683765411377, -0.10068618506193161, -0.4593254029750824]}