{"camera_uuid": "13768", "obliqueness_angle": 0.3671391010284424, "nonfixated_points_in_view": [], "camera_rotation_original": [1.5707963705062866, -0.1010952889919281, -3.0330488681793213], "point_location": [2.624671697616577, -0.7024632096290588, -0.5636605024337769], "skybox_img_path": "./img/high/13768_skybox4.jpg", "resolution": 512, "camera_distance": 0.9761222304672362, "view_id": 19, "point_pitch": 0.5372379581120352, "camera_rotation_from_original_to_final": [-0.5103346109390259, -0.04269193485379219, 0.2900591194629669], "camera_location": [2.3006484508514404, 0.08446899801492691, -1.0417412519454956], "point_normal": [-0.34883588552474976, 0.9258549809455872, -0.14528000354766846], "camera_rotation_final_quaternion": [0.125857874751091, 0.11937889456748962, -0.8547727465629578, -0.4891543984413147], "skybox_img": 4, "point_uuid": "60", "field_of_view_rads": 1.8083336999188173, "camera_rotation_final": [2.0853686332702637, -0.09852968901395798, -2.806553363800049]}