{"camera_uuid": "15228", "obliqueness_angle": 1.0102804899215698, "nonfixated_points_in_view": [], "camera_rotation_original": [1.5707963705062866, 0.003347872756421566, -0.7409108281135559], "point_location": [2.4280853271484375, -0.49214041233062744, -0.8174121379852295], "skybox_img_path": "./img/high/15228_skybox4.jpg", "resolution": 512, "camera_distance": 0.9107189250350038, "view_id": 7, "point_pitch": -0.14358822902175383, "camera_rotation_from_original_to_final": [-0.10819830000400543, 0.09761154651641846, -0.6470155715942383], "camera_location": [1.5428979396820068, -0.6606483459472656, -0.6852859258651733], "point_normal": [-0.53856360912323, -0.546765923500061, -0.641089916229248], "camera_rotation_final_quaternion": [0.5822728276252747, 0.5042498111724854, -0.41616424918174744, -0.4832161068916321], "skybox_img": 4, "point_uuid": "141", "field_of_view_rads": 1.957036885090066, "camera_rotation_final": [1.4252030849456787, 0.0026810262352228165, -1.3830760717391968]}