{"camera_uuid": "7649", "obliqueness_angle": 0.4644645154476166, "nonfixated_points_in_view": [120], "camera_rotation_original": [1.5707963705062866, -0.06231781840324402, 1.1155285835266113], "point_location": [-0.0037994040176272392, 1.4926419258117676, -1.4197502136230469], "skybox_img_path": "./img/high/7649_skybox4.jpg", "resolution": 512, "camera_distance": 0.7989038464162934, "view_id": 23, "point_pitch": -0.38524453242751555, "camera_rotation_from_original_to_final": [-0.16518397629261017, -0.31248924136161804, -0.5448464155197144], "camera_location": [0.385347455739975, 0.8516411185264587, -1.1441961526870728], "point_normal": [0.5946656465530396, -0.7973978519439697, -0.10261386632919312], "camera_rotation_final_quaternion": [0.7831387519836426, 0.5552912950515747, 0.13854238390922546, 0.24321036040782928], "skybox_img": 4, "point_uuid": "70", "field_of_view_rads": 2.056502920039658, "camera_rotation_final": [1.2181285619735718, -0.05313437432050705, 0.5651630163192749]}