{"camera_uuid": "4263", "obliqueness_angle": 1.082636833190918, "nonfixated_points_in_view": [], "camera_rotation_original": [1.5707963705062866, 0.08905540406703949, -2.7909176349639893], "point_location": [0.48665541410446167, 2.050424337387085, -1.4244725704193115], "skybox_img_path": "./img/high/4263_skybox4.jpg", "resolution": 512, "camera_distance": 0.7256146408605784, "view_id": 35, "point_pitch": -0.604803248247828, "camera_rotation_from_original_to_final": [0.5892906188964844, 0.1843639463186264, -0.021460868418216705], "camera_location": [0.323234885931015, 2.620579481124878, -1.006461262702942], "point_normal": [-0.7508701086044312, -0.09726908802986145, 0.6532478928565979], "camera_rotation_final_quaternion": [0.07584729045629501, 0.0885738804936409, -0.45179104804992676, -0.884469747543335], "skybox_img": 4, "point_uuid": "167", "field_of_view_rads": 2.0028936213055424, "camera_rotation_final": [0.9541159272193909, 0.08826212584972382, -2.9248597621917725]}