{"camera_uuid": "9112", "obliqueness_angle": 0.8929418921470642, "nonfixated_points_in_view": [], "camera_rotation_original": [1.5707963705062866, -0.02850213833153248, -1.8974262475967407], "point_location": [2.9207348823547363, -0.5152132511138916, -0.5628843903541565], "skybox_img_path": "./img/high/9112_skybox4.jpg", "resolution": 512, "camera_distance": 0.6642150423210719, "view_id": 55, "point_pitch": -0.43916718562575774, "camera_rotation_from_original_to_final": [0.1452203094959259, 0.40949127078056335, -0.1903565675020218], "camera_location": [2.406028985977173, -0.20128357410430908, -0.2841235399246216], "point_normal": [-0.26315274834632874, 0.039460260421037674, 0.9639468193054199], "camera_rotation_final_quaternion": [0.4236813187599182, 0.25644806027412415, -0.47370046377182007, -0.7282419800758362], "skybox_img": 4, "point_uuid": "152", "field_of_view_rads": 0.6720038838202558, "camera_rotation_final": [1.1375187635421753, -0.027887191623449326, -2.1055803298950195]}