{"camera_uuid": "8098", "obliqueness_angle": 1.1863882541656494, "nonfixated_points_in_view": [42], "camera_rotation_original": [1.5707963705062866, -0.006346420850604773, -1.8958892822265625], "point_location": [0.22651520371437073, 2.849133014678955, -1.442795991897583], "skybox_img_path": "./img/high/8098_skybox4.jpg", "resolution": 512, "camera_distance": 0.7948836486116894, "view_id": 7, "point_pitch": -0.403135939440455, "camera_rotation_from_original_to_final": [0.1370031088590622, 0.383836567401886, 0.5672639608383179], "camera_location": [-0.4867185652256012, 2.6929330825805664, -1.1285680532455444], "point_normal": [0.024610353633761406, -0.009762244299054146, 0.9996494650840759], "camera_rotation_final_quaternion": [0.652279257774353, 0.4273618459701538, -0.345984548330307, -0.5217167139053345], "skybox_img": 4, "point_uuid": "150", "field_of_view_rads": 1.1757349260572838, "camera_rotation_final": [1.1643812656402588, -0.005433510523289442, -1.3528592586517334]}