{"camera_uuid": "11539", "obliqueness_angle": 0.7197451591491699, "nonfixated_points_in_view": [], "camera_rotation_original": [1.5707963705062866, 0.10596123337745667, -1.082534909248352], "point_location": [2.9207348823547363, -0.5152132511138916, -0.5628843903541565], "skybox_img_path": "./img/high/11539_skybox4.jpg", "resolution": 512, "camera_distance": 0.4722487075874057, "view_id": 72, "point_pitch": -0.561259194216456, "camera_rotation_from_original_to_final": [-0.29915517568588257, 0.526258647441864, -0.4080522060394287], "camera_location": [2.53580904006958, -0.5794271230697632, -0.2969379425048828], "point_normal": [-0.26315274834632874, 0.039460260421037674, 0.9639468193054199], "camera_rotation_final_quaternion": [0.6395091414451599, 0.37392371892929077, -0.2803686261177063, -0.6104118227958679], "skybox_img": 4, "point_uuid": "152", "field_of_view_rads": 1.0218518288922764, "camera_rotation_final": [0.9693117141723633, 0.09805537015199661, -1.4725857973098755]}