{"camera_uuid": "3605", "obliqueness_angle": 1.5664706230163574, "nonfixated_points_in_view": [], "camera_rotation_original": [1.5707963705062866, 0.15444375574588776, -1.9025524854660034], "point_location": [2.448582887649536, 0.7421338558197021, -1.3952909708023071], "skybox_img_path": "./img/high/3605_skybox4.jpg", "resolution": 512, "camera_distance": 0.938003857635687, "view_id": 11, "point_pitch": -0.5493771274897714, "camera_rotation_from_original_to_final": [0.2349940687417984, 0.6008986234664917, -0.5079455375671387], "camera_location": [1.9890868663787842, 1.3379662036895752, -0.8352030515670776], "point_normal": [-0.7041676044464111, -0.69074547290802, 0.16437388956546783], "camera_rotation_final_quaternion": [0.22354288399219513, 0.17646759748458862, -0.41268160939216614, -0.8652061223983765], "skybox_img": 4, "point_uuid": "158", "field_of_view_rads": 1.1399099232606629, "camera_rotation_final": [0.925399661064148, 0.12115379422903061, -2.575423240661621]}