{"camera_uuid": "7596", "obliqueness_angle": 1.3826744556427002, "nonfixated_points_in_view": [], "camera_rotation_original": [1.5707963705062866, 0.1590937376022339, 0.28303688764572144], "point_location": [1.8005895614624023, 0.6414239406585693, -0.9798945188522339], "skybox_img_path": "./img/high/7596_skybox4.jpg", "resolution": 512, "camera_distance": 0.8521576953693684, "view_id": 5, "point_pitch": -0.2695086439463754, "camera_rotation_from_original_to_final": [-0.18412478268146515, -0.06777875125408173, 0.5068925619125366], "camera_location": [2.389817714691162, 0.04849505051970482, -0.8143099546432495], "point_normal": [-0.012308535166084766, -0.0017647614004090428, 0.9999226927757263], "camera_rotation_final_quaternion": [0.7338374257087708, 0.5677248239517212, 0.2837824821472168, 0.24215421080589294], "skybox_img": 4, "point_uuid": "193", "field_of_view_rads": 1.4547424917401932, "camera_rotation_final": [1.3732250928878784, 0.1420234888792038, 0.7539400458335876]}