{"camera_uuid": "6980", "obliqueness_angle": 1.4132225513458252, "nonfixated_points_in_view": [], "camera_rotation_original": [1.5707963705062866, -0.12621745467185974, 2.1370842456817627], "point_location": [2.3317840099334717, 0.14568398892879486, -1.3473780155181885], "skybox_img_path": "./img/high/6980_skybox4.jpg", "resolution": 512, "camera_distance": 0.9790385975006608, "view_id": 11, "point_pitch": -0.31895844539138274, "camera_rotation_from_original_to_final": [0.1982399970293045, -0.29757195711135864, 0.2460070550441742], "camera_location": [2.943070888519287, 0.8301293849945068, -1.0062336921691895], "point_normal": [0.2968771159648895, 0.3930782675743103, -0.8702605962753296], "camera_rotation_final_quaternion": [0.24307815730571747, 0.23713581264019012, 0.5191748142242432, 0.7843067646026611], "skybox_img": 4, "point_uuid": "123", "field_of_view_rads": 0.7352830670651015, "camera_rotation_final": [1.212193489074707, -0.11986110359430313, 2.457383394241333]}