{"camera_uuid": "3220", "obliqueness_angle": 0.7747554183006287, "nonfixated_points_in_view": [], "camera_rotation_original": [-1.570796251296997, -3.0276689529418945, 0.06446710228919983], "point_location": [3.3059499263763428, 1.507105827331543, -1.4197665452957153], "skybox_img_path": "./img/high/3220_skybox4.jpg", "resolution": 512, "camera_distance": 0.72663988065379, "view_id": 29, "point_pitch": -0.7561060627314706, "camera_rotation_from_original_to_final": [0.7837180495262146, 0.0735333263874054, 0.25488001108169556], "camera_location": [3.1676692962646484, 2.0018293857574463, -0.9058282375335693], "point_normal": [-0.034560561180114746, 0.0017010869923979044, 0.9994011521339417], "camera_rotation_final_quaternion": [0.19533005356788635, 0.0227627232670784, -0.3818921148777008, -0.9030428528785706], "skybox_img": 4, "point_uuid": "155", "field_of_view_rads": 1.0905758212600238, "camera_rotation_final": [-2.3623528480529785, -3.0333025455474854, 0.381539523601532]}