{"camera_uuid": "9612", "obliqueness_angle": 1.240497350692749, "nonfixated_points_in_view": [], "camera_rotation_original": [1.5707963705062866, -0.063205786049366, -1.79792320728302], "point_location": [5.518570899963379, 1.8022818565368652, -0.9034366607666016], "skybox_img_path": "./img/high/9612_skybox4.jpg", "resolution": 512, "camera_distance": 0.49143304771898183, "view_id": 6, "point_pitch": 0.027771071591649488, "camera_rotation_from_original_to_final": [-0.007724654395133257, -0.04632318392395973, -0.3055275082588196], "camera_location": [5.0957465171813965, 2.0516726970672607, -0.9264626502990723], "point_normal": [-0.3810344636440277, 0.07813670486211777, 0.9212532639503479], "camera_rotation_final_quaternion": [0.3602997958660126, 0.3397239148616791, -0.6387606263160706, -0.5888603925704956], "skybox_img": 4, "point_uuid": "103", "field_of_view_rads": 0.6651429173367224, "camera_rotation_final": [1.6177536249160767, -0.06022712215781212, -2.1065263748168945]}