{"camera_uuid": "12911", "obliqueness_angle": 1.2200708389282227, "nonfixated_points_in_view": [], "camera_rotation_original": [1.5707963705062866, 0.16859892010688782, -0.1864173710346222], "point_location": [0.42542582750320435, 0.7923682928085327, -1.4128706455230713], "skybox_img_path": "./img/high/12911_skybox4.jpg", "resolution": 512, "camera_distance": 0.7452094909415488, "view_id": 10, "point_pitch": -0.4461366375300546, "camera_rotation_from_original_to_final": [-0.4219987392425537, 0.09271647781133652, 0.10461887717247009], "camera_location": [0.3860355615615845, 0.11650411039590836, -1.101433277130127], "point_normal": [0.20031511783599854, -0.7043237090110779, -0.6810300946235657], "camera_rotation_final_quaternion": [0.8357512950897217, 0.538388729095459, 0.034322455525398254, -0.10236849635839462], "skybox_img": 4, "point_uuid": "16", "field_of_view_rads": 1.957036885090066, "camera_rotation_final": [1.1330325603485107, 0.1683928668498993, -0.1364997923374176]}