{"camera_uuid": "15279", "obliqueness_angle": 1.4356282949447632, "nonfixated_points_in_view": [92], "camera_rotation_original": [1.5707963705062866, 0.12462364137172699, 0.3628888726234436], "point_location": [5.577847957611084, 0.5073602795600891, -0.8285789489746094], "skybox_img_path": "./img/high/15279_skybox4.jpg", "resolution": 512, "camera_distance": 0.8221973302482609, "view_id": 3, "point_pitch": -0.05686466296645598, "camera_rotation_from_original_to_final": [-0.10730060189962387, -0.05917385593056679, -0.5331875681877136], "camera_location": [5.436119079589844, -0.2964021861553192, -0.7291439771652222], "point_normal": [0.047805894166231155, -0.0227388683706522, 0.9985978007316589], "camera_rotation_final_quaternion": [0.7412313222885132, 0.6625950932502747, -0.0223317239433527, -0.10509602725505829], "skybox_img": 4, "point_uuid": "11", "field_of_view_rads": 1.0386947080855735, "camera_rotation_final": [1.448868989944458, 0.10636673122644424, -0.18754595518112183]}