{"camera_uuid": "2486", "obliqueness_angle": 1.0265390872955322, "nonfixated_points_in_view": [102], "camera_rotation_original": [1.5707963705062866, 0.016297250986099243, -2.035538673400879], "point_location": [3.765934944152832, 1.8845245838165283, -1.4114539623260498], "skybox_img_path": "./img/high/2486_skybox4.jpg", "resolution": 512, "camera_distance": 0.893721050659747, "view_id": 0, "point_pitch": -0.5057255466792245, "camera_rotation_from_original_to_final": [0.23890121281147003, 0.44104576110839844, 0.5636441111564636], "camera_location": [2.981490135192871, 1.8491261005401611, -0.9846863150596619], "point_normal": [-0.0554204061627388, -0.27599287033081055, 0.9595605731010437], "camera_rotation_final_quaternion": [0.6164649128913879, 0.3723302185535431, -0.3501591086387634, -0.5989406108856201], "skybox_img": 4, "point_uuid": "154", "field_of_view_rads": 1.8083336999188173, "camera_rotation_final": [1.072913646697998, 0.014286253601312637, -1.5334663391113281]}