{"camera_uuid": "12130", "obliqueness_angle": 0.921831488609314, "nonfixated_points_in_view": [], "camera_rotation_original": [1.5707963705062866, -0.14209333062171936, -0.27096158266067505], "point_location": [6.319373607635498, 3.116034984588623, -1.4095163345336914], "skybox_img_path": "./img/high/12130_skybox4.jpg", "resolution": 512, "camera_distance": 0.581004417873524, "view_id": 6, "point_pitch": -0.6356298168513437, "camera_rotation_from_original_to_final": [-0.5947092175483704, 0.12997277081012726, -0.2868216931819916], "camera_location": [6.079282283782959, 2.7034077644348145, -1.0783652067184448], "point_normal": [0.11794652789831161, -0.12946823239326477, 0.9845438599586487], "camera_rotation_final_quaternion": [0.8720015287399292, 0.435742050409317, -0.1585789918899536, -0.15682753920555115], "skybox_img": 4, "point_uuid": "112", "field_of_view_rads": 1.48952952790217, "camera_rotation_final": [0.9574303030967712, -0.1403498649597168, -0.4288170635700226]}