{"camera_uuid": "14716", "obliqueness_angle": 1.1017634868621826, "nonfixated_points_in_view": [], "camera_rotation_original": [1.5707963705062866, -0.07020436227321625, 1.0837066173553467], "point_location": [5.601480484008789, 2.1461212635040283, -1.4044468402862549], "skybox_img_path": "./img/high/14716_skybox4.jpg", "resolution": 512, "camera_distance": 0.9793639246442793, "view_id": 14, "point_pitch": -0.1943879564616342, "camera_rotation_from_original_to_final": [-0.08800261467695236, -0.16656093299388885, -0.08773777633905411], "camera_location": [6.405017375946045, 1.617052674293518, -1.2212295532226562], "point_normal": [0.8320084810256958, 0.5058020949363708, 0.2278733104467392], "camera_rotation_final_quaternion": [0.6647677421569824, 0.5716547966003418, 0.2822621762752533, 0.3893876373767853], "skybox_img": 4, "point_uuid": "56", "field_of_view_rads": 1.274054123740192, "camera_rotation_final": [1.3821426630020142, -0.06997012346982956, 1.001868724822998]}