{"camera_uuid": "5287", "obliqueness_angle": 0.6879622340202332, "nonfixated_points_in_view": [], "camera_rotation_original": [1.5707963705062866, -0.05270453169941902, -0.9827942252159119], "point_location": [2.813992500305176, 1.206691026687622, -1.412956953048706], "skybox_img_path": "./img/high/5287_skybox4.jpg", "resolution": 512, "camera_distance": 0.8334225542268145, "view_id": 28, "point_pitch": -0.6961967190119882, "camera_rotation_from_original_to_final": [-0.44512248039245605, 0.5548726916313171, -0.1436488926410675], "camera_location": [2.2747089862823486, 0.8631014227867126, -0.8784360289573669], "point_normal": [-0.8119872808456421, -0.5835861563682556, 0.010192384012043476], "camera_rotation_final_quaternion": [0.80874103307724, 0.3640524744987488, -0.21630433201789856, -0.40818652510643005], "skybox_img": 4, "point_uuid": "163", "field_of_view_rads": 0.6025778511851491, "camera_rotation_final": [0.8733690977096558, -0.05269014462828636, -0.9594273567199707]}