{"camera_uuid": "3636", "obliqueness_angle": 0.834645688533783, "nonfixated_points_in_view": [130], "camera_rotation_original": [1.5707963705062866, 0.13004551827907562, -2.415530204772949], "point_location": [3.4670467376708984, 1.0758438110351562, -0.6993377804756165], "skybox_img_path": "./img/high/3636_skybox4.jpg", "resolution": 512, "camera_distance": 0.9317924982514895, "view_id": 82, "point_pitch": 0.009216503300939038, "camera_rotation_from_original_to_final": [-0.07038764655590057, -0.03700241073966026, 0.5475766062736511], "camera_location": [2.57889986038208, 1.3483669757843018, -0.7711952328681946], "point_normal": [-0.728654682636261, -0.24732623994350433, -0.6386642456054688], "camera_rotation_final_quaternion": [0.3728611469268799, 0.46828117966651917, -0.5650411248207092, -0.5678167343139648], "skybox_img": 4, "point_uuid": "78", "field_of_view_rads": 1.2654133589566097, "camera_rotation_final": [1.6484664678573608, 0.11065767705440521, -1.8599263429641724]}