{"camera_uuid": "12154", "obliqueness_angle": 1.128833532333374, "nonfixated_points_in_view": [], "camera_rotation_original": [1.5707963705062866, -0.09222570061683655, 0.2969908118247986], "point_location": [4.528530120849609, 1.0438001155853271, -1.4141380786895752], "skybox_img_path": "./img/high/12154_skybox4.jpg", "resolution": 512, "camera_distance": 0.9883642900641962, "view_id": 21, "point_pitch": -0.4968401630732675, "camera_rotation_from_original_to_final": [-0.45050451159477234, -0.13938912749290466, -0.28325143456459045], "camera_location": [4.5108723640441895, 0.1628294438123703, -0.966429591178894], "point_normal": [0.012244894169270992, 0.0278637632727623, 0.9995367527008057], "camera_rotation_final_quaternion": [0.8516674041748047, 0.5220452547073364, -0.03129395470023155, 0.03394195809960365], "skybox_img": 4, "point_uuid": "140", "field_of_view_rads": 0.7376648996792496, "camera_rotation_final": [1.0986788272857666, -0.0888594537973404, 0.025243062525987625]}