{"camera_uuid": "7981", "obliqueness_angle": 1.1220905780792236, "nonfixated_points_in_view": [], "camera_rotation_original": [1.5707963705062866, -0.10010319203138351, 1.3111350536346436], "point_location": [2.7213988304138184, 0.7782269716262817, -1.3615648746490479], "skybox_img_path": "./img/high/7981_skybox4.jpg", "resolution": 512, "camera_distance": 0.6902188836835523, "view_id": 7, "point_pitch": -0.08084230025741057, "camera_rotation_from_original_to_final": [-0.020510926842689514, -0.07832169532775879, -0.002101642545312643], "camera_location": [3.3857762813568115, 0.599651575088501, -1.3057478666305542], "point_normal": [0.6617732048034668, 0.7121241688728333, -0.2343832552433014], "camera_rotation_final_quaternion": [0.5602146983146667, 0.5580114722251892, 0.38495323061943054, 0.4760185778141022], "skybox_img": 4, "point_uuid": "12", "field_of_view_rads": 0.5961933550608073, "camera_rotation_final": [1.4894312620162964, -0.10010183602571487, 1.3163654804229736]}