{"camera_uuid": "9084", "obliqueness_angle": 0.29753732681274414, "nonfixated_points_in_view": [], "camera_rotation_original": [1.5707963705062866, -0.013871199451386929, 1.6083217859268188], "point_location": [4.301836967468262, 1.017685055732727, -0.9298179745674133], "skybox_img_path": "./img/high/9084_skybox4.jpg", "resolution": 512, "camera_distance": 0.786371045710709, "view_id": 31, "point_pitch": -0.20828120311233, "camera_rotation_from_original_to_final": [0.005736857187002897, -0.2165454924106598, 0.6415911912918091], "camera_location": [4.899002552032471, 1.5006036758422852, -0.7608141303062439], "point_normal": [0.8843962550163269, 0.35868605971336365, 0.2986428737640381], "camera_rotation_final_quaternion": [0.331775039434433, 0.27312108874320984, 0.5638678073883057, 0.705254077911377], "skybox_img": 4, "point_uuid": "143", "field_of_view_rads": 0.9322372163182677, "camera_rotation_final": [1.3541769981384277, -0.011085232719779015, 2.2532501220703125]}