{"camera_uuid": "4535", "obliqueness_angle": 0.10473324358463287, "nonfixated_points_in_view": [], "camera_rotation_original": [1.5707963705062866, 0.13249008357524872, 1.2416269779205322], "point_location": [-0.30368760228157043, 1.3439174890518188, -0.7665223479270935], "skybox_img_path": "./img/high/4535_skybox4.jpg", "resolution": 512, "camera_distance": 0.7526228708805087, "view_id": 83, "point_pitch": 0.13037152687576814, "camera_rotation_from_original_to_final": [0.10202733427286148, 0.19644159078598022, 0.7271103858947754], "camera_location": [0.37543806433677673, 1.6241999864578247, -0.9298356175422668], "point_normal": [0.9422652125358582, 0.29410141706466675, -0.16012726724147797], "camera_rotation_final_quaternion": [0.3735821843147278, 0.4007560908794403, 0.6692463755607605, 0.5019364356994629], "skybox_img": 4, "point_uuid": "180", "field_of_view_rads": 2.1466993855908125, "camera_rotation_final": [1.790597915649414, 0.09788510203361511, 1.9840422868728638]}