{"camera_uuid": "13961", "obliqueness_angle": 1.061294436454773, "nonfixated_points_in_view": [], "camera_rotation_original": [1.5707963705062866, 0.15776367485523224, -2.375298023223877], "point_location": [0.580907940864563, -0.050188999623060226, -1.4085019826889038], "skybox_img_path": "./img/high/13961_skybox4.jpg", "resolution": 512, "camera_distance": 0.7706823914221553, "view_id": 75, "point_pitch": -0.45702163775893645, "camera_rotation_from_original_to_final": [0.2374146282672882, 0.2621547281742096, 0.801667332649231], "camera_location": [-0.14234066009521484, -0.0213994812220335, -1.1438626050949097], "point_normal": [-0.16356271505355835, 0.2954562306404114, 0.941250741481781], "camera_rotation_final_quaternion": [0.5293392539024353, 0.42237308621406555, -0.3871813714504242, -0.6256928443908691], "skybox_img": 4, "point_uuid": "57", "field_of_view_rads": 1.8970819167949853, "camera_rotation_final": [1.217677354812622, 0.11893121153116226, -1.6542842388153076]}