{"camera_uuid": "5390", "obliqueness_angle": 0.49137288331985474, "nonfixated_points_in_view": [], "camera_rotation_original": [1.5707963705062866, -0.045647621154785156, -1.8490556478500366], "point_location": [3.4670467376708984, 1.0758438110351562, -0.6993377804756165], "skybox_img_path": "./img/high/5390_skybox4.jpg", "resolution": 512, "camera_distance": 0.6249447354827921, "view_id": 21, "point_pitch": 0.25046177307632966, "camera_rotation_from_original_to_final": [-0.06260465085506439, -0.22404497861862183, 0.41748833656311035], "camera_location": [2.8641955852508545, 0.9958638548851013, -0.843315601348877], "point_normal": [-0.728654682636261, -0.24732623994350433, -0.6386642456054688], "camera_rotation_final_quaternion": [0.4753137230873108, 0.578654944896698, -0.5294817686080933, -0.39860299229621887], "skybox_img": 4, "point_uuid": "78", "field_of_view_rads": 0.7376648996792496, "camera_rotation_final": [1.8034790754318237, -0.042045075446367264, -1.4488574266433716]}