{"camera_uuid": "5392", "obliqueness_angle": 1.4453403949737549, "nonfixated_points_in_view": [], "camera_rotation_original": [1.5707963705062866, 0.0014407966518774629, -1.1493545770645142], "point_location": [0.8357325792312622, 3.0001583099365234, -1.4500991106033325], "skybox_img_path": "./img/high/5392_skybox4.jpg", "resolution": 512, "camera_distance": 0.8751517104712374, "view_id": 2, "point_pitch": -0.161420269808497, "camera_rotation_from_original_to_final": [-0.0664910078048706, 0.14718201756477356, 0.005663726013153791], "camera_location": [0.05131463333964348, 2.6384968757629395, -1.3094576597213745], "point_normal": [0.02106740139424801, 0.04000088572502136, 0.998977541923523], "camera_rotation_final_quaternion": [0.6413171291351318, 0.5458520650863647, -0.34884515404701233, -0.41117507219314575], "skybox_img": 4, "point_uuid": "133", "field_of_view_rads": 0.6651429173367224, "camera_rotation_final": [1.4093910455703735, 0.0014407795388251543, -1.1390200853347778]}