{"camera_uuid": "9341", "obliqueness_angle": 0.7214810252189636, "nonfixated_points_in_view": [], "camera_rotation_original": [1.5707963705062866, -0.04713837802410126, -1.1016819477081299], "point_location": [5.518570899963379, 1.8022818565368652, -0.9034366607666016], "skybox_img_path": "./img/high/9341_skybox4.jpg", "resolution": 512, "camera_distance": 0.20578247916313253, "view_id": 56, "point_pitch": -0.5024489601466318, "camera_rotation_from_original_to_final": [-0.24044041335582733, 0.4311743974685669, -0.332083523273468], "camera_location": [5.340224742889404, 1.7682061195373535, -0.8065969944000244], "point_normal": [-0.3810344636440277, 0.07813670486211777, 0.9212532639503479], "camera_rotation_final_quaternion": [0.6746928691864014, 0.3878666162490845, -0.33802860975265503, -0.5292312502861023], "skybox_img": 4, "point_uuid": "103", "field_of_view_rads": 1.2336953516850653, "camera_rotation_final": [1.0802792310714722, -0.045604486018419266, -1.3576645851135254]}