{"camera_uuid": "9952", "obliqueness_angle": 0.6441299319267273, "nonfixated_points_in_view": [], "camera_rotation_original": [1.5707963705062866, -0.11470390856266022, 1.623410940170288], "point_location": [0.9227169156074524, 0.6807072758674622, -1.4383314847946167], "skybox_img_path": "./img/high/9952_skybox4.jpg", "resolution": 512, "camera_distance": 0.704529199878538, "view_id": 6, "point_pitch": -0.6914054592463632, "camera_rotation_from_original_to_final": [0.05942469835281372, -0.6442774534225464, -0.45774176716804504], "camera_location": [1.442482352256775, 0.46588096022605896, -1.0140026807785034], "point_normal": [0.9748377203941345, -0.22190459072589874, 0.021208828315138817], "camera_rotation_final_quaternion": [0.7089017033576965, 0.3865090608596802, 0.2224123477935791, 0.5464447140693665], "skybox_img": 4, "point_uuid": "59", "field_of_view_rads": 1.48952952790217, "camera_rotation_final": [0.9200636148452759, -0.10728033632040024, 1.260208010673523]}