{"camera_uuid": "13812", "obliqueness_angle": 1.1093034744262695, "nonfixated_points_in_view": [34, 84, 118, 127], "camera_rotation_original": [1.5707963705062866, 0.07328678667545319, -0.12214570492506027], "point_location": [0.2828949987888336, -0.2686469852924347, -1.422070026397705], "skybox_img_path": "./img/high/13812_skybox4.jpg", "resolution": 512, "camera_distance": 0.5665835070305635, "view_id": 25, "point_pitch": -0.5487741669032236, "camera_rotation_from_original_to_final": [-0.5777357816696167, 0.07059993594884872, -0.46457815170288086], "camera_location": [0.02962983213365078, -0.6686614155769348, -1.110843300819397], "point_normal": [0.3723050653934479, -0.15438079833984375, 0.9151805639266968], "camera_rotation_final_quaternion": [0.8351755142211914, 0.46071648597717285, -0.1144038736820221, -0.27772995829582214], "skybox_img": 4, "point_uuid": "105", "field_of_view_rads": 1.5766701541034631, "camera_rotation_final": [0.9878792762756348, 0.06486038118600845, -0.6071408987045288]}