{"camera_uuid": "8108", "obliqueness_angle": 0.4995224177837372, "nonfixated_points_in_view": [], "camera_rotation_original": [1.5707963705062866, -0.16134341061115265, 2.939875364303589], "point_location": [2.624671697616577, -0.7024632096290588, -0.5636605024337769], "skybox_img_path": "./img/high/8108_skybox4.jpg", "resolution": 512, "camera_distance": 0.9851391528383175, "view_id": 24, "point_pitch": -0.21165744861098723, "camera_rotation_from_original_to_final": [0.3092878460884094, -0.10038589686155319, 0.7165712118148804], "camera_location": [2.1467108726501465, 0.10044372826814651, -0.2515818476676941], "point_normal": [-0.34883588552474976, 0.9258549809455872, -0.14528000354766846], "camera_rotation_final_quaternion": [-0.2624475061893463, -0.1204552873969078, 0.5719243288040161, 0.7677984237670898], "skybox_img": 4, "point_uuid": "60", "field_of_view_rads": 0.5256461677815203, "camera_rotation_final": [1.2462166547775269, -0.11548600345849991, 3.7172932624816895]}