{"camera_uuid": "11955", "obliqueness_angle": 0.48176348209381104, "nonfixated_points_in_view": [], "camera_rotation_original": [1.5707963705062866, 0.07782047241926193, 1.9060109853744507], "point_location": [3.54880690574646, 0.15072500705718994, -1.4055030345916748], "skybox_img_path": "./img/high/11955_skybox4.jpg", "resolution": 512, "camera_distance": 0.9672270001062695, "view_id": 6, "point_pitch": -0.5513078411433359, "camera_rotation_from_original_to_final": [0.18802261352539062, -0.5233994722366333, -0.052440427243709564], "camera_location": [4.325528144836426, 0.42296895384788513, -0.8974524140357971], "point_normal": [0.8191559314727783, 0.5571656823158264, 0.1361984759569168], "camera_rotation_final_quaternion": [0.5371725559234619, 0.2633785605430603, 0.4098770022392273, 0.688533365726471], "skybox_img": 4, "point_uuid": "83", "field_of_view_rads": 0.9342833371495716, "camera_rotation_final": [1.0158987045288086, 0.07773780077695847, 1.859818935394287]}