{"camera_uuid": "1572", "obliqueness_angle": 1.2151707410812378, "nonfixated_points_in_view": [107], "camera_rotation_original": [1.5707963705062866, -0.03169442340731621, 0.9166212677955627], "point_location": [1.2839659452438354, 2.9057657718658447, -1.431881308555603], "skybox_img_path": "./img/high/1572_skybox4.jpg", "resolution": 512, "camera_distance": 0.8543607338200521, "view_id": 0, "point_pitch": -0.5724503239009042, "camera_rotation_from_original_to_final": [-0.3642268180847168, -0.4405776858329773, -0.19919215142726898], "camera_location": [1.7115330696105957, 2.323875904083252, -0.9752383232116699], "point_normal": [0.8212894797325134, -0.29224738478660583, -0.4899746775627136], "camera_rotation_final_quaternion": [0.8272452354431152, 0.461080402135849, 0.141994446516037, 0.2879370450973511], "skybox_img": 4, "point_uuid": "117", "field_of_view_rads": 2.078591559549699, "camera_rotation_final": [1.0066019296646118, -0.030600564554333687, 0.6530545949935913]}