{"camera_uuid": "15522", "obliqueness_angle": 1.071783185005188, "nonfixated_points_in_view": [], "camera_rotation_original": [1.5707963705062866, 0.03284243866801262, 2.5526814460754395], "point_location": [5.327018737792969, -0.6150552034378052, -1.3985912799835205], "skybox_img_path": "./img/high/15522_skybox4.jpg", "resolution": 512, "camera_distance": 0.9944882637556957, "view_id": 1, "point_pitch": -0.4911214550349374, "camera_rotation_from_original_to_final": [0.42803341150283813, -0.27255213260650635, -0.41759514808654785], "camera_location": [6.033973217010498, -0.1056368499994278, -0.919305145740509], "point_normal": [-0.004159807693213224, -0.0008233638945966959, 0.9999910593032837], "camera_rotation_final_quaternion": [0.4055997133255005, 0.2240065038204193, 0.45700088143348694, 0.759249746799469], "skybox_img": 4, "point_uuid": "39", "field_of_view_rads": 1.6316217442386929, "camera_rotation_final": [1.0676687955856323, 0.030569879338145256, 2.1783816814422607]}