{"camera_uuid": "7969", "obliqueness_angle": 0.4531129002571106, "nonfixated_points_in_view": [], "camera_rotation_original": [1.5707963705062866, -0.02896234206855297, -1.0754170417785645], "point_location": [2.813992500305176, 1.206691026687622, -1.412956953048706], "skybox_img_path": "./img/high/7969_skybox4.jpg", "resolution": 512, "camera_distance": 0.8406395978262817, "view_id": 0, "point_pitch": -0.4459945400569101, "camera_rotation_from_original_to_final": [-0.22622542083263397, 0.3879731595516205, -0.043937403708696365], "camera_location": [2.1468074321746826, 0.8462192416191101, -1.050191044807434], "point_normal": [-0.8119872808456421, -0.5835861563682556, 0.010192384012043476], "camera_rotation_final_quaternion": [0.7334992289543152, 0.45345571637153625, -0.2803749442100525, -0.4216001629829407], "skybox_img": 4, "point_uuid": "163", "field_of_view_rads": 2.078591559549699, "camera_rotation_final": [1.124401330947876, -0.028959650546312332, -1.0615826845169067]}