{"camera_uuid": "1670", "obliqueness_angle": 0.8198747634887695, "nonfixated_points_in_view": [], "camera_rotation_original": [1.5707963705062866, -0.16459672152996063, -2.8224048614501953], "point_location": [3.3059499263763428, 1.507105827331543, -1.4197665452957153], "skybox_img_path": "./img/high/1670_skybox4.jpg", "resolution": 512, "camera_distance": 0.9042135410346668, "view_id": 36, "point_pitch": -0.6537732323023935, "camera_rotation_from_original_to_final": [0.6967793703079224, 0.22958210110664368, 0.4931788444519043], "camera_location": [2.861306667327881, 2.015625476837158, -0.8186823129653931], "point_normal": [-0.034560561180114746, 0.0017010869923979044, 0.9994011521339417], "camera_rotation_final_quaternion": [0.40087300539016724, 0.10666364431381226, -0.39527618885040283, -0.8195611238479614], "skybox_img": 4, "point_uuid": "155", "field_of_view_rads": 1.9787549044183042, "camera_rotation_final": [0.8344681859016418, -0.1425587385892868, -2.295039415359497]}