{"camera_uuid": "3440", "obliqueness_angle": 1.1626921892166138, "nonfixated_points_in_view": [51], "camera_rotation_original": [1.5707963705062866, -0.06109561771154404, 1.7723698616027832], "point_location": [-0.0037994040176272392, 1.4926419258117676, -1.4197502136230469], "skybox_img_path": "./img/high/3440_skybox4.jpg", "resolution": 512, "camera_distance": 0.9568817693398001, "view_id": 25, "point_pitch": -0.12853960593673186, "camera_rotation_from_original_to_final": [0.02654583938419819, -0.12668275833129883, 0.008770795539021492], "camera_location": [0.9238375425338745, 1.6922965049743652, -1.2962571382522583], "point_normal": [0.5946656465530396, -0.7973978519439697, -0.10261386632919312], "camera_rotation_final_quaternion": [0.45386967062950134, 0.43024730682373047, 0.5003583431243896, 0.5987746715545654], "skybox_img": 4, "point_uuid": "70", "field_of_view_rads": 1.5766701541034631, "camera_rotation_final": [1.4411345720291138, -0.06108541786670685, 1.7907516956329346]}