{"camera_uuid": "9467", "obliqueness_angle": 1.1621081829071045, "nonfixated_points_in_view": [34, 118, 127], "camera_rotation_original": [1.5707963705062866, -0.07112031430006027, 2.5675535202026367], "point_location": [0.2828949987888336, -0.2686469852924347, -1.422070026397705], "skybox_img_path": "./img/high/9467_skybox4.jpg", "resolution": 512, "camera_distance": 0.7215475779651208, "view_id": 42, "point_pitch": -0.306259079775538, "camera_rotation_from_original_to_final": [0.2726920247077942, -0.17000216245651245, 0.16304968297481537], "camera_location": [0.5419844388961792, 0.3653247058391571, -1.1949501037597656], "point_normal": [0.22545656561851501, 0.011161365546286106, 0.974189281463623], "camera_rotation_final_quaternion": [0.12703470885753632, 0.13380524516105652, 0.5698353052139282, 0.8007784485816956], "skybox_img": 4, "point_uuid": "105", "field_of_view_rads": 1.5082571856068028, "camera_rotation_final": [1.2497799396514893, -0.06957510113716125, 2.7767412662506104]}