{"camera_uuid": "6626", "obliqueness_angle": 1.3365483283996582, "nonfixated_points_in_view": [], "camera_rotation_original": [1.5707963705062866, 0.04246385395526886, -2.7582154273986816], "point_location": [4.301836967468262, 1.017685055732727, -0.9298179745674133], "skybox_img_path": "./img/high/6626_skybox4.jpg", "resolution": 512, "camera_distance": 0.9422001043903165, "view_id": 57, "point_pitch": -0.3617083271357675, "camera_rotation_from_original_to_final": [0.3427305519580841, 0.13202214241027832, -0.07864094525575638], "camera_location": [4.05673885345459, 1.862533688545227, -0.5923290848731995], "point_normal": [0.8697540760040283, 0.39081519842147827, 0.30131638050079346], "camera_rotation_final_quaternion": [0.09750031679868698, 0.09235585480928421, -0.5589044690132141, -0.8182846903800964], "skybox_img": 4, "point_uuid": "143", "field_of_view_rads": 0.554628086887159, "camera_rotation_final": [1.204123854637146, 0.04217253997921944, -2.875424861907959]}