{"camera_uuid": "2185", "obliqueness_angle": 1.028377890586853, "nonfixated_points_in_view": [], "camera_rotation_original": [1.5707963705062866, 0.00682924035936594, 1.6917847394943237], "point_location": [0.32991182804107666, 2.4133899211883545, -1.3794349431991577], "skybox_img_path": "./img/high/2185_skybox4.jpg", "resolution": 512, "camera_distance": 0.8769092718769506, "view_id": 45, "point_pitch": -0.652225180468287, "camera_rotation_from_original_to_final": [0.09126298129558563, -0.6493053436279297, -0.4101237654685974], "camera_location": [1.0024443864822388, 2.235914945602417, -0.8454195261001587], "point_normal": [0.7323230504989624, 0.6650322675704956, 0.14640741050243378], "camera_rotation_final_quaternion": [0.7127272486686707, 0.34920498728752136, 0.2712354063987732, 0.5445246696472168], "skybox_img": 4, "point_uuid": "151", "field_of_view_rads": 1.3499468538769375, "camera_rotation_final": [0.9160138964653015, 0.006332302000373602, 1.3079257011413574]}