{"camera_uuid": "6198", "obliqueness_angle": 1.137434720993042, "nonfixated_points_in_view": [], "camera_rotation_original": [1.5707963705062866, -0.046343136578798294, -1.476075291633606], "point_location": [3.4670467376708984, 1.0758438110351562, -0.6993377804756165], "skybox_img_path": "./img/high/6198_skybox4.jpg", "resolution": 512, "camera_distance": 0.9786682238342823, "view_id": 87, "point_pitch": -0.42586056788894133, "camera_rotation_from_original_to_final": [-0.04646676033735275, 0.4389244616031647, 0.3175429105758667], "camera_location": [2.659815549850464, 0.713207483291626, -0.28140929341316223], "point_normal": [-0.728654682636261, -0.24732623994350433, -0.6386642456054688], "camera_rotation_final_quaternion": [0.7200409173965454, 0.442240446805954, -0.30150365829467773, -0.4416560232639313], "skybox_img": 4, "point_uuid": "78", "field_of_view_rads": 1.6097076868571798, "camera_rotation_final": [1.1291333436965942, -0.043567411601543427, -1.1279891729354858]}