{"camera_uuid": "13844", "obliqueness_angle": 0.978171169757843, "nonfixated_points_in_view": [33], "camera_rotation_original": [1.5707963705062866, -0.04011639580130577, 0.5940263271331787], "point_location": [5.892533779144287, 2.487980365753174, -1.4214177131652832], "skybox_img_path": "./img/high/13844_skybox4.jpg", "resolution": 512, "camera_distance": 0.8224323493302838, "view_id": 1, "point_pitch": -0.5364186008784433, "camera_rotation_from_original_to_final": [-0.4565652012825012, -0.29588910937309265, 0.10582426935434341], "camera_location": [6.307875156402588, 1.9169214963912964, -0.9997801184654236], "point_normal": [0.39446601271629333, -0.8215044736862183, -0.41173672676086426], "camera_rotation_final_quaternion": [0.8205450177192688, 0.47285783290863037, 0.14166782796382904, 0.28816935420036316], "skybox_img": 4, "point_uuid": "138", "field_of_view_rads": 1.7927549318813307, "camera_rotation_final": [1.0320237874984741, -0.040047306567430496, 0.6527537703514099]}