{"camera_uuid": "16224", "obliqueness_angle": 1.2484437227249146, "nonfixated_points_in_view": [], "camera_rotation_original": [1.5707963705062866, 0.14956150949001312, 1.1809649467468262], "point_location": [5.327018737792969, -0.6150552034378052, -1.3985912799835205], "skybox_img_path": "./img/high/16224_skybox4.jpg", "resolution": 512, "camera_distance": 0.7423360224237099, "view_id": 5, "point_pitch": -0.4137034853312631, "camera_rotation_from_original_to_final": [-0.110633984208107, -0.30848121643066406, 0.664715051651001], "camera_location": [6.0074663162231445, -0.4380280673503876, -1.1604416370391846], "point_normal": [-0.004159807693213224, -0.0008233638945966959, 0.9999910593032837], "camera_rotation_final_quaternion": [0.5379098057746887, 0.32562145590782166, 0.4832858145236969, 0.6091457605361938], "skybox_img": 4, "point_uuid": "39", "field_of_view_rads": 2.119048415795751, "camera_rotation_final": [1.2416082620620728, 0.12354050576686859, 1.783245325088501]}