{"camera_uuid": "7930", "obliqueness_angle": 0.8244587182998657, "nonfixated_points_in_view": [], "camera_rotation_original": [1.5707963705062866, 0.0506286695599556, 2.907243490219116], "point_location": [0.580907940864563, -0.050188999623060226, -1.4085019826889038], "skybox_img_path": "./img/high/7930_skybox4.jpg", "resolution": 512, "camera_distance": 0.8728416935688657, "view_id": 11, "point_pitch": -0.5851101120326181, "camera_rotation_from_original_to_final": [0.6001347303390503, -0.1343519389629364, -0.6148436069488525], "camera_location": [1.0966639518737793, 0.44331756234169006, -0.9062076210975647], "point_normal": [0.11274728178977966, 0.07453673332929611, 0.9908240437507629], "camera_rotation_final_quaternion": [0.3693734109401703, 0.17012320458889008, 0.4281623065471649, 0.8070306181907654], "skybox_img": 4, "point_uuid": "57", "field_of_view_rads": 0.7352830670651015, "camera_rotation_final": [0.9570041298866272, 0.041726380586624146, 2.3047704696655273]}