{"camera_uuid": "4991", "obliqueness_angle": 1.430694341659546, "nonfixated_points_in_view": [], "camera_rotation_original": [1.5707963705062866, 0.08812625706195831, 1.5708457231521606], "point_location": [-0.0037994040176272392, 1.4926419258117676, -1.4197502136230469], "skybox_img_path": "./img/high/4991_skybox4.jpg", "resolution": 512, "camera_distance": 0.7150665623853126, "view_id": 12, "point_pitch": -0.2718265493724008, "camera_rotation_from_original_to_final": [0.006638096179813147, -0.2325984239578247, 0.47121208906173706], "camera_location": [0.6161645650863647, 1.8085479736328125, -1.2549222707748413], "point_normal": [0.5946656465530396, -0.7973978519439697, -0.10261386632919312], "camera_rotation_final_quaternion": [0.43673568964004517, 0.30227386951446533, 0.5416428446769714, 0.6515485048294067], "skybox_img": 4, "point_uuid": "70", "field_of_view_rads": 0.9904486154446002, "camera_rotation_final": [1.3374507427215576, 0.07930044829845428, 2.023233413696289]}