{"camera_uuid": "0847", "obliqueness_angle": 1.243336796760559, "nonfixated_points_in_view": [5, 22, 31], "camera_rotation_original": [1.5707963705062866, 0.02852204628288746, -1.2314497232437134], "point_location": [2.2359414100646973, 3.1619937419891357, -1.4091827869415283], "skybox_img_path": "./img/high/0847_skybox4.jpg", "resolution": 512, "camera_distance": 0.5167989696192083, "view_id": 9, "point_pitch": -0.366608782610621, "camera_rotation_from_original_to_final": [-0.12334714829921722, 0.3360540568828583, 0.32142162322998047], "camera_location": [1.8599904775619507, 2.8568787574768066, -1.2284982204437256], "point_normal": [0.1874009370803833, -0.20707298815250397, 0.9602092504501343], "camera_rotation_final_quaternion": [0.7364779114723206, 0.5183104276657104, -0.23778782784938812, -0.36388400197029114], "skybox_img": 4, "point_uuid": "91", "field_of_view_rads": 1.82720328702949, "camera_rotation_final": [1.213492512702942, 0.026962045580148697, -0.8990971446037292]}