{"camera_uuid": "2886", "obliqueness_angle": 0.9050983786582947, "nonfixated_points_in_view": [], "camera_rotation_original": [1.5707963705062866, 0.1328848898410797, 0.6077804565429688], "point_location": [1.5920188426971436, 2.1285598278045654, -1.4049173593521118], "skybox_img_path": "./img/high/2886_skybox4.jpg", "resolution": 512, "camera_distance": 0.7045003658377318, "view_id": 30, "point_pitch": -0.3794845779750009, "camera_rotation_from_original_to_final": [-0.2681460380554199, -0.18634732067584991, 0.46802255511283875], "camera_location": [2.17108416557312, 1.7964003086090088, -1.1798081398010254], "point_normal": [0.3241092562675476, -0.10795459151268005, 0.9398399591445923], "camera_rotation_final_quaternion": [0.7276961803436279, 0.4848008155822754, 0.3243502676486969, 0.36086469888687134], "skybox_img": 4, "point_uuid": "107", "field_of_view_rads": 1.1498058012590282, "camera_rotation_final": [1.2430169582366943, 0.12246780097484589, 1.0084882974624634]}