{"camera_uuid": "9791", "obliqueness_angle": 0.540932834148407, "nonfixated_points_in_view": [], "camera_rotation_original": [1.5707963705062866, -0.08092927932739258, -1.7513667345046997], "point_location": [1.46160089969635, 0.19978925585746765, -1.450141191482544], "skybox_img_path": "./img/high/9791_skybox4.jpg", "resolution": 512, "camera_distance": 0.6246341662827919, "view_id": 6, "point_pitch": -0.6128241260859628, "camera_rotation_from_original_to_final": [0.13354212045669556, 0.6443731784820557, 0.5848664045333862], "camera_location": [0.9980941414833069, 0.0262233167886734, -1.0690845251083374], "point_normal": [-0.5807929635047913, 0.19898450374603271, 0.7893571853637695], "camera_rotation_final_quaternion": [0.7583732008934021, 0.35186412930488586, -0.2667728364467621, -0.47947263717651367], "skybox_img": 4, "point_uuid": "100", "field_of_view_rads": 1.48952952790217, "camera_rotation_final": [0.9129295349121094, -0.06725899875164032, -1.1606122255325317]}