{"camera_uuid": "3610", "obliqueness_angle": 0.6902545690536499, "nonfixated_points_in_view": [], "camera_rotation_original": [1.5707963705062866, -0.1419207900762558, -0.9395244121551514], "point_location": [1.1355481147766113, 2.277404546737671, -1.37511146068573], "skybox_img_path": "./img/high/3610_skybox4.jpg", "resolution": 512, "camera_distance": 0.9306757166674179, "view_id": 37, "point_pitch": -0.5535489757868906, "camera_rotation_from_original_to_final": [-0.328893780708313, 0.3963582515716553, -0.4193958342075348], "camera_location": [0.3534263074398041, 2.0569686889648438, -0.9214035868644714], "point_normal": [-0.34670761227607727, -0.666063666343689, 0.6604189276695251], "camera_rotation_final_quaternion": [0.7261517643928528, 0.37847191095352173, -0.3361654281616211, -0.4652477502822876], "skybox_img": 4, "point_uuid": "162", "field_of_view_rads": 1.8970819167949853, "camera_rotation_final": [1.0563201904296875, -0.13647103309631348, -1.2193291187286377]}