{"camera_uuid": "13695", "obliqueness_angle": 1.0785003900527954, "nonfixated_points_in_view": [33], "camera_rotation_original": [1.5707963705062866, -0.054442886263132095, 0.9266906380653381], "point_location": [5.892533779144287, 2.487980365753174, -1.4214177131652832], "skybox_img_path": "./img/high/13695_skybox4.jpg", "resolution": 512, "camera_distance": 0.8071425956585192, "view_id": 3, "point_pitch": -0.6101979454371591, "camera_rotation_from_original_to_final": [-0.3849101662635803, -0.47761768102645874, -0.037580542266368866], "camera_location": [6.364852428436279, 2.020691394805908, -0.9631216526031494], "point_normal": [0.39446601271629333, -0.8215044736862183, -0.41173672676086426], "camera_rotation_final_quaternion": [0.8054105043411255, 0.4346619248390198, 0.16482925415039062, 0.36771485209465027], "skybox_img": 4, "point_uuid": "138", "field_of_view_rads": 1.384811670309553, "camera_rotation_final": [0.9659507870674133, -0.05417937412858009, 0.8281680941581726]}