{"camera_uuid": "0974", "obliqueness_angle": 1.369429349899292, "nonfixated_points_in_view": [], "camera_rotation_original": [1.5707963705062866, 0.01766020990908146, -1.8564046621322632], "point_location": [2.5494112968444824, 3.0172948837280273, -1.405600666999817], "skybox_img_path": "./img/high/0974_skybox4.jpg", "resolution": 512, "camera_distance": 0.8476321598018739, "view_id": 6, "point_pitch": -0.5110513408991952, "camera_rotation_from_original_to_final": [0.15613953769207, 0.4828090965747833, 0.3611074686050415], "camera_location": [1.8083183765411377, 2.989579200744629, -0.9951211810112], "point_normal": [-0.03991111367940903, -0.9602947235107422, 0.2761182188987732], "camera_rotation_final_quaternion": [0.6146644353866577, 0.36908647418022156, -0.3487723469734192, -0.6035898327827454], "skybox_img": 4, "point_uuid": "54", "field_of_view_rads": 1.48952952790217, "camera_rotation_final": [1.0651941299438477, 0.016798563301563263, -1.5427143573760986]}