{"camera_uuid": "3513", "obliqueness_angle": 0.9982714653015137, "nonfixated_points_in_view": [], "camera_rotation_original": [1.5707963705062866, 0.09005628526210785, 3.0245578289031982], "point_location": [0.7851385474205017, 1.2789015769958496, -1.4171496629714966], "skybox_img_path": "./img/high/3513_skybox4.jpg", "resolution": 512, "camera_distance": 0.7211543482387458, "view_id": 58, "point_pitch": -0.4835352142665048, "camera_rotation_from_original_to_final": [0.5304781794548035, -0.05596867576241493, -0.575889527797699], "camera_location": [1.175087809562683, 1.7622978687286377, -1.0506374835968018], "point_normal": [0.04163115471601486, 0.017202280461788177, 0.9989850521087646], "camera_rotation_final_quaternion": [0.32407310605049133, 0.14481601119041443, 0.47425034642219543, 0.8056621551513672], "skybox_img": 4, "point_uuid": "187", "field_of_view_rads": 2.0654331783647693, "camera_rotation_final": [1.0360432863235474, 0.07410579919815063, 2.418962001800537]}