{"camera_uuid": "13106", "obliqueness_angle": 1.2434896230697632, "nonfixated_points_in_view": [80], "camera_rotation_original": [1.5707963705062866, 0.10285572707653046, -2.9752771854400635], "point_location": [5.601480484008789, 2.1461212635040283, -1.4044468402862549], "skybox_img_path": "./img/high/13106_skybox4.jpg", "resolution": 512, "camera_distance": 0.5314077378055615, "view_id": 5, "point_pitch": -0.2938710888239999, "camera_rotation_from_original_to_final": [0.2819710373878479, 0.0427122563123703, 0.10629922896623611], "camera_location": [5.466865539550781, 2.637993812561035, -1.2549998760223389], "point_normal": [0.8320084810256958, 0.5058020949363708, 0.2278733104467392], "camera_rotation_final_quaternion": [0.06404400616884232, 0.11147237569093704, -0.5890328288078308, -0.7978174090385437], "skybox_img": 4, "point_uuid": "56", "field_of_view_rads": 2.119048415795751, "camera_rotation_final": [1.2841726541519165, 0.1026010736823082, -2.9046342372894287]}