{"camera_uuid": "8318", "obliqueness_angle": 0.9010921120643616, "nonfixated_points_in_view": [], "camera_rotation_original": [1.5707963705062866, -0.1511094868183136, -2.5000834465026855], "point_location": [2.745572328567505, -0.016294807195663452, -0.9296797513961792], "skybox_img_path": "./img/high/8318_skybox4.jpg", "resolution": 512, "camera_distance": 0.8892875760244151, "view_id": 9, "point_pitch": -0.19941119750472502, "camera_rotation_from_original_to_final": [0.22501777112483978, 0.1494351327419281, 0.47756484150886536], "camera_location": [1.9800258874893188, 0.36954495310783386, -0.6932506561279297], "point_normal": [-0.5854119062423706, 0.6019739508628845, -0.5430656671524048], "camera_rotation_final_quaternion": [0.462847501039505, 0.28140270709991455, -0.5365452766418457, -0.6470732688903809], "skybox_img": 4, "point_uuid": "102", "field_of_view_rads": 2.056502920039658, "camera_rotation_final": [1.2992428541183472, -0.13289175927639008, -2.000767707824707]}