{"camera_uuid": "10492", "obliqueness_angle": 0.9836404323577881, "nonfixated_points_in_view": [127], "camera_rotation_original": [1.5707963705062866, 0.13775071501731873, 1.617323398590088], "point_location": [-0.1822434514760971, 0.2831597626209259, -1.431676983833313], "skybox_img_path": "./img/high/10492_skybox4.jpg", "resolution": 512, "camera_distance": 0.8801188178883512, "view_id": 0, "point_pitch": -0.4095861156794687, "camera_rotation_from_original_to_final": [0.03638940677046776, -0.4865645468235016, -0.5805400013923645], "camera_location": [0.4894246757030487, -0.10849200934171677, -1.0192694664001465], "point_normal": [0.12324375659227371, -0.9915743470191956, 0.03989033028483391], "camera_rotation_final_quaternion": [0.7684251070022583, 0.42991021275520325, 0.284405380487442, 0.37922772765159607], "skybox_img": 4, "point_uuid": "188", "field_of_view_rads": 0.9239011772765595, "camera_rotation_final": [1.079809546470642, 0.11125005781650543, 0.9836053252220154]}