{"camera_uuid": "11231", "obliqueness_angle": 1.286806583404541, "nonfixated_points_in_view": [], "camera_rotation_original": [1.5707963705062866, 0.10950127243995667, 0.5634635090827942], "point_location": [-0.34234288334846497, 0.8369564414024353, -0.7921566963195801], "skybox_img_path": "./img/high/11231_skybox4.jpg", "resolution": 512, "camera_distance": 0.6905535981143209, "view_id": 15, "point_pitch": -0.30016104777785735, "camera_rotation_from_original_to_final": [-0.3022938072681427, -0.19993267953395844, -0.5345878601074219], "camera_location": [-0.3449426293373108, 0.19079892337322235, -0.54856276512146], "point_normal": [0.04777548089623451, 0.07583989202976227, 0.9959748387336731], "camera_rotation_final_quaternion": [0.8213797211647034, 0.568270206451416, 0.02632773481309414, -0.04136664420366287], "skybox_img": 4, "point_uuid": "121", "field_of_view_rads": 0.9239011772765595, "camera_rotation_final": [1.208740472793579, 0.09038802236318588, -0.038198091089725494]}