{"camera_uuid": "11280", "obliqueness_angle": 0.9085895419120789, "nonfixated_points_in_view": [59], "camera_rotation_original": [1.5707963705062866, -0.05958590283989906, -2.4130806922912598], "point_location": [4.966612815856934, 0.5080769658088684, -1.3585069179534912], "skybox_img_path": "./img/high/11280_skybox4.jpg", "resolution": 512, "camera_distance": 0.5029625039366079, "view_id": 11, "point_pitch": -0.6105024059626718, "camera_rotation_from_original_to_final": [0.5127742886543274, 0.4120994806289673, 0.7320351600646973], "camera_location": [4.57466983795166, 0.5955409407615662, -1.0556834936141968], "point_normal": [-0.30664733052253723, -0.5435833930969238, 0.7813350558280945], "camera_rotation_final_quaternion": [0.5801013112068176, 0.26855048537254333, -0.35614728927612305, -0.6815586686134338], "skybox_img": 4, "point_uuid": "115", "field_of_view_rads": 1.8083336999188173, "camera_rotation_final": [0.923853874206543, -0.04715467244386673, -1.754761815071106]}