{"camera_uuid": "14952", "obliqueness_angle": 0.28946244716644287, "nonfixated_points_in_view": [], "camera_rotation_original": [1.5707963705062866, -0.1040942519903183, -2.2552733421325684], "point_location": [6.403560161590576, -0.3128143846988678, -1.373155951499939], "skybox_img_path": "./img/high/14952_skybox4.jpg", "resolution": 512, "camera_distance": 0.6842896505838545, "view_id": 10, "point_pitch": -0.1863141496989389, "camera_rotation_from_original_to_final": [0.09371771663427353, 0.0801924467086792, -0.6775320768356323], "camera_location": [6.2643890380859375, 0.3520340323448181, -1.2903292179107666], "point_normal": [-0.4072767198085785, 0.9103356599807739, -0.07358577847480774], "camera_rotation_final_quaternion": [0.10768227279186249, 0.041087180376052856, -0.6616582870483398, -0.7408944964408875], "skybox_img": 4, "point_uuid": "113", "field_of_view_rads": 0.9904486154446002, "camera_rotation_final": [1.4490503072738647, -0.08170607686042786, -2.9252593517303467]}