{"camera_uuid": "4100", "obliqueness_angle": 0.7314204573631287, "nonfixated_points_in_view": [], "camera_rotation_original": [1.5707963705062866, 0.13417845964431763, 0.09656312316656113], "point_location": [3.3389689922332764, 2.438570022583008, -0.8113840222358704], "skybox_img_path": "./img/high/4100_skybox4.jpg", "resolution": 512, "camera_distance": 0.5372882606322382, "view_id": 4, "point_pitch": 0.5687822858479361, "camera_rotation_from_original_to_final": [0.5556444525718689, 0.07167001813650131, -0.08558856695890427], "camera_location": [3.331483840942383, 1.983210563659668, -1.096463680267334], "point_normal": [-0.2806170880794525, -0.3034345805644989, -0.9105940461158752], "camera_rotation_final_quaternion": [0.48261332511901855, 0.8726077079772949, 0.06205369532108307, -0.04230264574289322], "skybox_img": 4, "point_uuid": "196", "field_of_view_rads": 0.5961933550608073, "camera_rotation_final": [2.135775566101074, 0.13412488996982574, 0.0681295320391655]}