{"camera_uuid": "6025", "obliqueness_angle": 0.9664844870567322, "nonfixated_points_in_view": [], "camera_rotation_original": [1.5707963705062866, 0.06076933071017265, -0.828322172164917], "point_location": [-0.014790859073400497, 3.0187888145446777, -1.4541010856628418], "skybox_img_path": "./img/high/6025_skybox4.jpg", "resolution": 512, "camera_distance": 0.3136502434501768, "view_id": 15, "point_pitch": -0.6444482048365732, "camera_rotation_from_original_to_final": [-0.4396589398384094, 0.43042001128196716, 0.6213027834892273], "camera_location": [-0.043236907571554184, 2.7624266147613525, -1.2756474018096924], "point_normal": [-0.0014163268497213721, 0.001087893615476787, 0.9999983906745911], "camera_rotation_final_quaternion": [0.8825939297676086, 0.46407806873321533, -0.012359880842268467, -0.0742073655128479], "skybox_img": 4, "point_uuid": "3", "field_of_view_rads": 0.9239011772765595, "camera_rotation_final": [0.9647911190986633, 0.047075897455215454, -0.1431078165769577]}