{"camera_uuid": "8198", "obliqueness_angle": 1.3138401508331299, "nonfixated_points_in_view": [], "camera_rotation_original": [1.5707963705062866, 0.09112873673439026, -0.2951487600803375], "point_location": [1.8005895614624023, 0.6414239406585693, -0.9798945188522339], "skybox_img_path": "./img/high/8198_skybox4.jpg", "resolution": 512, "camera_distance": 0.2886968100545106, "view_id": 21, "point_pitch": -0.31732062896224456, "camera_rotation_from_original_to_final": [-0.2540128827095032, 0.05897888168692589, 0.6840985417366028], "camera_location": [1.9077508449554443, 0.3838372826576233, -0.905655562877655], "point_normal": [-0.012308535166084766, -0.0017647614004090428, 0.9999226927757263], "camera_rotation_final_quaternion": [0.7826846837997437, 0.5928208231925964, 0.14137716591358185, 0.12641440331935883], "skybox_img": 4, "point_uuid": "193", "field_of_view_rads": 1.8936590958975879, "camera_rotation_final": [1.310041069984436, 0.07148617506027222, 0.3751840889453888]}