{"camera_uuid": "10149", "obliqueness_angle": 0.9367435574531555, "nonfixated_points_in_view": [], "camera_rotation_original": [1.5707963705062866, -0.04618680477142334, -0.7670478224754333], "point_location": [4.896637916564941, 0.275483638048172, -1.4008036851882935], "skybox_img_path": "./img/high/10149_skybox4.jpg", "resolution": 512, "camera_distance": 0.9267370098058421, "view_id": 11, "point_pitch": -0.20260099967452483, "camera_rotation_from_original_to_final": [-0.11719074100255966, 0.12691648304462433, -0.730096697807312], "camera_location": [3.986677646636963, 0.20066356658935547, -1.242008924484253], "point_normal": [-0.7319196462631226, 0.15615351498126984, -0.6632569432258606], "camera_rotation_final_quaternion": [0.5719664692878723, 0.46564292907714844, -0.44441258907318115, -0.5084569454193115], "skybox_img": 4, "point_uuid": "93", "field_of_view_rads": 0.7352830670651015, "camera_rotation_final": [1.3984925746917725, -0.03486647456884384, -1.4826909303665161]}