{"camera_uuid": "11075", "obliqueness_angle": 0.4485592246055603, "nonfixated_points_in_view": [], "camera_rotation_original": [1.5707963705062866, 0.04447803273797035, 1.6098155975341797], "point_location": [2.8856472969055176, -0.07985954731702805, -0.8925162553787231], "skybox_img_path": "./img/high/11075_skybox4.jpg", "resolution": 512, "camera_distance": 0.7115201687413766, "view_id": 0, "point_pitch": -0.03068821032973723, "camera_rotation_from_original_to_final": [0.0011989452177658677, -0.03117235377430916, -0.01073114201426506], "camera_location": [3.59653639793396, -0.05973098799586296, -0.8703237771987915], "point_normal": [0.9069681167602539, 0.21763847768306732, -0.36061400175094604], "camera_rotation_final_quaternion": [0.5118309855461121, 0.4739038050174713, 0.5097254514694214, 0.503611147403717], "skybox_img": 4, "point_uuid": "127", "field_of_view_rads": 2.078591559549699, "camera_rotation_final": [1.5395700931549072, 0.04447473958134651, 1.5977146625518799]}