{"camera_uuid": "5150", "obliqueness_angle": 1.4211640357971191, "nonfixated_points_in_view": [21, 54], "camera_rotation_original": [1.5707963705062866, -0.14615754783153534, -2.3009891510009766], "point_location": [2.3317840099334717, 0.14568398892879486, -1.3473780155181885], "skybox_img_path": "./img/high/5150_skybox4.jpg", "resolution": 512, "camera_distance": 0.9652770180624416, "view_id": 8, "point_pitch": -0.3276453455302377, "camera_rotation_from_original_to_final": [0.17890717089176178, 0.15120649337768555, -0.7216265201568604], "camera_location": [2.229537010192871, 1.0795999765396118, -1.1257787942886353], "point_normal": [0.2968771159648895, 0.3930782675743103, -0.8702605962753296], "camera_rotation_final_quaternion": [0.08754093945026398, -0.0017585557652637362, -0.6206542253494263, -0.7791802287101746], "skybox_img": 4, "point_uuid": "123", "field_of_view_rads": 1.6816280418618088, "camera_rotation_final": [1.3376822471618652, -0.11163751780986786, -3.0061001777648926]}