{"camera_uuid": "5748", "obliqueness_angle": 1.158241868019104, "nonfixated_points_in_view": [], "camera_rotation_original": [1.5707963705062866, -0.14946042001247406, 1.345273733139038], "point_location": [1.6843894720077515, 1.1254421472549438, -1.4068831205368042], "skybox_img_path": "./img/high/5748_skybox4.jpg", "resolution": 512, "camera_distance": 0.2827978852220952, "view_id": 22, "point_pitch": -0.5378505428645273, "camera_rotation_from_original_to_final": [-0.11020854115486145, -0.5327298045158386, 0.022609282284975052], "camera_location": [1.9196581840515137, 1.0678918361663818, -1.2608994245529175], "point_normal": [-0.13031253218650818, 0.011851518414914608, 0.9914022088050842], "camera_rotation_final_quaternion": [0.6355491280555725, 0.4118466377258301, 0.2688426375389099, 0.5951330065727234], "skybox_img": 4, "point_uuid": "111", "field_of_view_rads": 0.9791046545667723, "camera_rotation_final": [1.021604299545288, -0.14903269708156586, 1.4215130805969238]}