{"camera_uuid": "10498", "obliqueness_angle": 1.123908281326294, "nonfixated_points_in_view": [], "camera_rotation_original": [1.5707963705062866, 0.07547740638256073, -2.6518847942352295], "point_location": [2.745572328567505, -0.016294807195663452, -0.9296797513961792], "skybox_img_path": "./img/high/10498_skybox4.jpg", "resolution": 512, "camera_distance": 0.30523369125233973, "view_id": 0, "point_pitch": -0.4151683290812631, "camera_rotation_from_original_to_final": [0.3903789818286896, 0.19541580975055695, -0.20158188045024872], "camera_location": [2.6769583225250244, 0.25196945667266846, -0.8012507557868958], "point_normal": [-0.5854119062423706, 0.6019739508628845, -0.5430656671524048], "camera_rotation_final_quaternion": [0.07166340202093124, 0.08853980898857117, -0.5308319926261902, -0.8397871255874634], "skybox_img": 4, "point_uuid": "102", "field_of_view_rads": 1.274054123740192, "camera_rotation_final": [1.135289192199707, 0.07269072532653809, -2.924971342086792]}