{"camera_uuid": "6341", "obliqueness_angle": 0.9538255333900452, "nonfixated_points_in_view": [], "camera_rotation_original": [1.5707963705062866, 0.08701968193054199, -2.2719078063964844], "point_location": [3.4670467376708984, 1.0758438110351562, -0.6993377804756165], "skybox_img_path": "./img/high/6341_skybox4.jpg", "resolution": 512, "camera_distance": 0.7113915450237163, "view_id": 70, "point_pitch": 0.729024008908544, "camera_rotation_from_original_to_final": [-0.490944504737854, -0.5358312726020813, -0.11361626535654068], "camera_location": [3.158282995223999, 1.5183967351913452, -1.1628998517990112], "point_normal": [-0.728654682636261, -0.24732623994350433, -0.6386642456054688], "camera_rotation_final_quaternion": [0.10251465439796448, 0.32098066806793213, -0.8501676917076111, -0.40457022190093994], "skybox_img": 4, "point_uuid": "78", "field_of_view_rads": 1.188507872007912, "camera_rotation_final": [2.2836790084838867, 0.08551330864429474, -2.4587132930755615]}