{"camera_uuid": "3980", "obliqueness_angle": 1.210351586341858, "nonfixated_points_in_view": [], "camera_rotation_original": [1.5707963705062866, -0.009661366231739521, 2.6529622077941895], "point_location": [0.7851385474205017, 1.2789015769958496, -1.4171496629714966], "skybox_img_path": "./img/high/3980_skybox4.jpg", "resolution": 512, "camera_distance": 0.7216418582876399, "view_id": 49, "point_pitch": -0.28507976134749846, "camera_rotation_from_original_to_final": [0.2553209066390991, -0.13333451747894287, 0.22025428712368011], "camera_location": [0.9571954011917114, 1.949222445487976, -1.2126176357269287], "point_normal": [0.012679249048233032, 0.07213246822357178, 0.9973145127296448], "camera_rotation_final_quaternion": [0.09648196399211884, 0.07790383696556091, 0.5934796333312988, 0.7952384352684021], "skybox_img": 4, "point_uuid": "187", "field_of_view_rads": 1.8970819167949853, "camera_rotation_final": [1.2834187746047974, -0.009384220466017723, 2.8931117057800293]}