{"camera_uuid": "13186", "obliqueness_angle": 1.2945314645767212, "nonfixated_points_in_view": [124, 65, 34, 84], "camera_rotation_original": [1.5707963705062866, -0.16781236231327057, -0.40717071294784546], "point_location": [0.14699065685272217, -0.1122998520731926, -1.4476916790008545], "skybox_img_path": "./img/high/13186_skybox4.jpg", "resolution": 512, "camera_distance": 0.5836772551055917, "view_id": 32, "point_pitch": -0.45197145541640715, "camera_rotation_from_original_to_final": [-0.48787447810173035, 0.19519926607608795, 0.34463945031166077], "camera_location": [0.13938552141189575, -0.6180370450019836, -1.1563993692398071], "point_normal": [0.33598119020462036, 0.20910274982452393, 0.9183641672134399], "camera_rotation_final_quaternion": [0.8630756735801697, 0.4982708990573883, -0.04684166982769966, 0.06806148588657379], "skybox_img": 4, "point_uuid": "178", "field_of_view_rads": 1.5023104524077913, "camera_rotation_final": [1.0417927503585815, -0.14923524856567383, 0.07166189700365067]}