{"camera_uuid": "6164", "obliqueness_angle": 1.5363107919692993, "nonfixated_points_in_view": [], "camera_rotation_original": [1.5707963705062866, 0.07646685093641281, 1.6030770540237427], "point_location": [1.8005895614624023, 0.6414239406585693, -0.9798945188522339], "skybox_img_path": "./img/high/6164_skybox4.jpg", "resolution": 512, "camera_distance": 0.8694325502643881, "view_id": 28, "point_pitch": -0.05356971820327239, "camera_rotation_from_original_to_final": [0.0017088487511500716, -0.046886738389730453, 0.08894302695989609], "camera_location": [2.6626882553100586, 0.7464767694473267, -0.9391179084777832], "point_normal": [-0.012308535166084766, -0.0017647614004090428, 0.9999226927757263], "camera_rotation_final_quaternion": [0.49995505809783936, 0.43762242794036865, 0.5338881015777588, 0.522967517375946], "skybox_img": 4, "point_uuid": "193", "field_of_view_rads": 1.1393301111905725, "camera_rotation_final": [1.5237423181533813, 0.07618917524814606, 1.6884714365005493]}