{"camera_uuid": "9348", "obliqueness_angle": 0.6778906583786011, "nonfixated_points_in_view": [79], "camera_rotation_original": [1.5707963705062866, -0.11540529131889343, -1.6464804410934448], "point_location": [1.46160089969635, 0.19978925585746765, -1.450141191482544], "skybox_img_path": "./img/high/9348_skybox4.jpg", "resolution": 512, "camera_distance": 0.4413203349939434, "view_id": 31, "point_pitch": -0.41933075984450774, "camera_rotation_from_original_to_final": [0.03952996805310249, 0.4694848358631134, 0.44837623834609985], "camera_location": [1.0940330028533936, 0.05996963381767273, -1.2498714923858643], "point_normal": [-0.5807929635047913, 0.19898450374603271, 0.7893571853637695], "camera_rotation_final_quaternion": [0.7284144163131714, 0.41257625818252563, -0.3207530975341797, -0.44306960701942444], "skybox_img": 4, "point_uuid": "100", "field_of_view_rads": 1.792492522379571, "camera_rotation_final": [1.0971200466156006, -0.10185839235782623, -1.155232310295105]}