{"camera_uuid": "4619", "obliqueness_angle": 0.6269300580024719, "nonfixated_points_in_view": [6], "camera_rotation_original": [1.5707963705062866, 0.09913118183612823, -1.2847317457199097], "point_location": [3.4670467376708984, 1.0758438110351562, -0.6993377804756165], "skybox_img_path": "./img/high/4619_skybox4.jpg", "resolution": 512, "camera_distance": 0.7848687286017045, "view_id": 3, "point_pitch": 0.5580122033741812, "camera_rotation_from_original_to_final": [0.14367136359214783, -0.4774649739265442, -0.7231634259223938], "camera_location": [2.8315370082855225, 1.34442937374115, -1.0735143423080444], "point_normal": [-0.728654682636261, -0.24732623994350433, -0.6386642456054688], "camera_rotation_final_quaternion": [0.2630964517593384, 0.506706953048706, -0.6939864158630371, -0.43864706158638], "skybox_img": 4, "point_uuid": "78", "field_of_view_rads": 1.0386947080855735, "camera_rotation_final": [2.069453239440918, 0.07944382727146149, -1.9274686574935913]}