{"camera_uuid": "2617", "obliqueness_angle": 1.3008103370666504, "nonfixated_points_in_view": [], "camera_rotation_original": [1.5707963705062866, -0.16743901371955872, -1.0054478645324707], "point_location": [1.5920188426971436, 2.1285598278045654, -1.4049173593521118], "skybox_img_path": "./img/high/2617_skybox4.jpg", "resolution": 512, "camera_distance": 0.9284216508307579, "view_id": 6, "point_pitch": -0.6803840835902353, "camera_rotation_from_original_to_final": [-0.3651241064071655, 0.48967400193214417, -0.6303264498710632], "camera_location": [0.8267809152603149, 2.1117982864379883, -0.8794683218002319], "point_normal": [0.3241092562675476, -0.10795459151268005, 0.9398399591445923], "camera_rotation_final_quaternion": [0.6868348717689514, 0.30155953764915466, -0.35508042573928833, -0.5578867793083191], "skybox_img": 4, "point_uuid": "107", "field_of_view_rads": 1.48952952790217, "camera_rotation_final": [0.9611836075782776, -0.15187425911426544, -1.4436335563659668]}