{"camera_uuid": "5699", "obliqueness_angle": 1.2986177206039429, "nonfixated_points_in_view": [], "camera_rotation_original": [1.5707963705062866, -0.04330568388104439, -0.5512305498123169], "point_location": [-0.014790859073400497, 3.0187888145446777, -1.4541010856628418], "skybox_img_path": "./img/high/5699_skybox4.jpg", "resolution": 512, "camera_distance": 0.737452627333507, "view_id": 13, "point_pitch": -0.26154224475356536, "camera_rotation_from_original_to_final": [-0.23400214314460754, 0.14154835045337677, 0.24079616367816925], "camera_location": [-0.22043663263320923, 2.3390350341796875, -1.2554028034210205], "point_normal": [-0.0014163268497213721, 0.001087893615476787, 0.9999983906745911], "camera_rotation_final_quaternion": [0.79045569896698, 0.5958183407783508, -0.10139594972133636, -0.09949478507041931], "skybox_img": 4, "point_uuid": "3", "field_of_view_rads": 0.6651429173367224, "camera_rotation_final": [1.2977421283721924, -0.04174850136041641, -0.28208839893341064]}