{"camera_uuid": "3757", "obliqueness_angle": 0.6643110513687134, "nonfixated_points_in_view": [], "camera_rotation_original": [1.5707963705062866, -0.10968003422021866, 2.489154815673828], "point_location": [0.4283650815486908, 1.0628477334976196, -1.424589991569519], "skybox_img_path": "./img/high/3757_skybox4.jpg", "resolution": 512, "camera_distance": 0.9225256127262487, "view_id": 6, "point_pitch": -0.6521903713557382, "camera_rotation_from_original_to_final": [0.5531461238861084, -0.35569241642951965, -0.1819705367088318], "camera_location": [0.9257030487060547, 1.605535626411438, -0.8685339689254761], "point_normal": [0.870360791683197, 0.48990392684936523, 0.049661390483379364], "camera_rotation_final_quaternion": [0.26634782552719116, 0.18971474468708038, 0.4032756984233856, 0.854655385017395], "skybox_img": 4, "point_uuid": "84", "field_of_view_rads": 0.5256461677815203, "camera_rotation_final": [0.9192739129066467, -0.10967803746461868, 2.4830524921417236]}