{"camera_uuid": "6183", "obliqueness_angle": 1.112633466720581, "nonfixated_points_in_view": [], "camera_rotation_original": [1.5707963705062866, 0.10661628097295761, -1.9543917179107666], "point_location": [3.4670467376708984, 1.0758438110351562, -0.6993377804756165], "skybox_img_path": "./img/high/6183_skybox4.jpg", "resolution": 512, "camera_distance": 0.798576595187077, "view_id": 84, "point_pitch": -0.4917582710597177, "camera_rotation_from_original_to_final": [0.14515374600887299, 0.39340800046920776, 0.8220800161361694], "camera_location": [2.796109676361084, 0.7882362604141235, -0.3755323886871338], "point_normal": [-0.728654682636261, -0.24732623994350433, -0.6386642456054688], "camera_rotation_final_quaternion": [0.6795766353607178, 0.46754834055900574, -0.2804631292819977, -0.49083051085472107], "skybox_img": 4, "point_uuid": "78", "field_of_view_rads": 2.0654331783647693, "camera_rotation_final": [1.1519463062286377, 0.07786025106906891, -1.2004393339157104]}