{"camera_uuid": "10713", "obliqueness_angle": 1.5349220037460327, "nonfixated_points_in_view": [], "camera_rotation_original": [1.5707963705062866, -0.07213212549686432, -2.9024477005004883], "point_location": [5.577847957611084, 0.5073602795600891, -0.8285789489746094], "skybox_img_path": "./img/high/10713_skybox4.jpg", "resolution": 512, "camera_distance": 0.9300898472196646, "view_id": 48, "point_pitch": -0.061155839762415454, "camera_rotation_from_original_to_final": [0.07607661187648773, 0.0166909322142601, 0.23175083100795746], "camera_location": [5.157626152038574, 1.333947777748108, -0.7562335729598999], "point_normal": [0.047805894166231155, -0.0227388683706522, 0.9985978007316589], "camera_rotation_final_quaternion": [0.19604310393333435, 0.13490265607833862, -0.6655145287513733, -0.7074311375617981], "skybox_img": 4, "point_uuid": "11", "field_of_view_rads": 1.689463874588242, "camera_rotation_final": [1.4927420616149902, -0.07012786716222763, -2.6657819747924805]}