{"camera_uuid": "10077", "obliqueness_angle": 0.8244827389717102, "nonfixated_points_in_view": [], "camera_rotation_original": [1.5707963705062866, -0.05216406658291817, -2.704921245574951], "point_location": [1.1332991123199463, -0.8327366709709167, -1.4375404119491577], "skybox_img_path": "./img/high/10077_skybox4.jpg", "resolution": 512, "camera_distance": 0.7792383700234321, "view_id": 23, "point_pitch": -0.7412182529780527, "camera_rotation_from_original_to_final": [0.6780520677566528, 0.2980879545211792, -0.10943406820297241], "camera_location": [1.009525179862976, -0.2659059464931488, -0.9173526167869568], "point_normal": [-0.5603585243225098, 0.8280418515205383, -0.018577322363853455], "camera_rotation_final_quaternion": [0.12922538816928864, 0.029731037095189095, -0.40661585330963135, -0.9039250016212463], "skybox_img": 4, "point_uuid": "147", "field_of_view_rads": 0.6025778511851491, "camera_rotation_final": [0.838685929775238, -0.051363516598939896, -2.880497455596924]}