{"camera_uuid": "1476", "obliqueness_angle": 1.1688624620437622, "nonfixated_points_in_view": [], "camera_rotation_original": [1.5707963705062866, -0.009487888775765896, 0.4796403646469116], "point_location": [2.950843095779419, 3.0527775287628174, -0.6373903751373291], "skybox_img_path": "./img/high/1476_skybox4.jpg", "resolution": 512, "camera_distance": 0.5228208068990334, "view_id": 2, "point_pitch": -0.5050298412654062, "camera_rotation_from_original_to_final": [-0.45647361874580383, -0.2266230285167694, 0.15925660729408264], "camera_location": [3.2036287784576416, 2.6717069149017334, -0.3839615285396576], "point_normal": [-0.1132572814822197, -0.8965836763381958, -0.42814773321151733], "camera_rotation_final_quaternion": [0.8235704898834229, 0.4867480397224426, 0.1439083069562912, 0.2531765103340149], "skybox_img": 4, "point_uuid": "42", "field_of_view_rads": 1.0910236528484336, "camera_rotation_final": [1.0647132396697998, -0.009429208002984524, 0.5909333825111389]}