{"camera_uuid": "14781", "obliqueness_angle": 0.9934771060943604, "nonfixated_points_in_view": [], "camera_rotation_original": [1.5707963705062866, 0.16844074428081512, 2.7323315143585205], "point_location": [5.4932861328125, 0.18884922564029694, -0.9166303277015686], "skybox_img_path": "./img/high/14781_skybox4.jpg", "resolution": 512, "camera_distance": 0.5728941970811632, "view_id": 21, "point_pitch": -0.7627588947627206, "camera_rotation_from_original_to_final": [0.7428876757621765, -0.33175188302993774, -0.28796151280403137], "camera_location": [5.698866367340088, 0.5316815972328186, -0.506251871585846], "point_normal": [-0.48851633071899414, 0.18398629128932953, 0.8529366254806519], "camera_rotation_final_quaternion": [0.3488302230834961, 0.057802263647317886, 0.3721510171890259, 0.8581840991973877], "skybox_img": 4, "point_uuid": "142", "field_of_view_rads": 1.689463874588242, "camera_rotation_final": [0.7587093114852905, 0.16112130880355835, 2.4337918758392334]}