{"camera_uuid": "6226", "obliqueness_angle": 1.1242945194244385, "nonfixated_points_in_view": [], "camera_rotation_original": [1.5707963705062866, -0.1695881485939026, 2.908313035964966], "point_location": [1.8005895614624023, 0.6414239406585693, -0.9798945188522339], "skybox_img_path": "./img/high/6226_skybox4.jpg", "resolution": 512, "camera_distance": 0.42257742772579937, "view_id": 54, "point_pitch": -0.5612830360743661, "camera_rotation_from_original_to_final": [0.44369491934776306, -0.11619951575994492, -0.7249389886856079], "camera_location": [2.1041224002838135, 0.868602991104126, -0.7932687401771545], "point_normal": [-0.012308535166084766, -0.0017647614004090428, 0.9999226927757263], "camera_rotation_final_quaternion": [0.3206475079059601, 0.2721136212348938, 0.45291924476623535, 0.7861319780349731], "skybox_img": 4, "point_uuid": "193", "field_of_view_rads": 1.2859281057335497, "camera_rotation_final": [1.108656883239746, -0.1378154456615448, 2.2816290855407715]}