{"camera_uuid": "15546", "obliqueness_angle": 1.3089547157287598, "nonfixated_points_in_view": [], "camera_rotation_original": [1.5707963705062866, -0.0521126314997673, -2.1553280353546143], "point_location": [6.496413230895996, -0.9186689257621765, -1.3843356370925903], "skybox_img_path": "./img/high/15546_skybox4.jpg", "resolution": 512, "camera_distance": 0.9421557197303599, "view_id": 15, "point_pitch": -0.25639788707229094, "camera_rotation_from_original_to_final": [0.13943880796432495, 0.2095332145690918, -0.0933464914560318], "camera_location": [5.794167995452881, -0.3358306288719177, -1.1502233743667603], "point_normal": [-0.002619897248223424, 0.013651745393872261, 0.9999033808708191], "camera_rotation_final_quaternion": [0.3548627495765686, 0.24560508131980896, -0.5616362690925598, -0.7059144973754883], "skybox_img": 4, "point_uuid": "21", "field_of_view_rads": 0.9239011772765595, "camera_rotation_final": [1.3193341493606567, -0.05187850445508957, -2.2502222061157227]}