{"camera_uuid": "11007", "obliqueness_angle": 1.2803579568862915, "nonfixated_points_in_view": [], "camera_rotation_original": [1.5707963705062866, 0.1244891807436943, -1.235283613204956], "point_location": [2.4280853271484375, -0.49214041233062744, -0.8174121379852295], "skybox_img_path": "./img/high/11007_skybox4.jpg", "resolution": 512, "camera_distance": 0.8638988921559375, "view_id": 17, "point_pitch": 0.06575591961411043, "camera_rotation_from_original_to_final": [-0.03406219184398651, 0.0050189984031021595, -0.7163465023040771], "camera_location": [1.6262331008911133, -0.17094825208187103, -0.8036312460899353], "point_normal": [-0.53856360912323, -0.546765923500061, -0.641089916229248], "camera_rotation_final_quaternion": [0.3712635636329651, 0.4199623465538025, -0.5618324279785156, -0.608390748500824], "skybox_img": 4, "point_uuid": "141", "field_of_view_rads": 1.7927549318813307, "camera_rotation_final": [1.5547730922698975, 0.09396477043628693, -1.9532915353775024]}