{"camera_uuid": "7470", "obliqueness_angle": 1.0383344888687134, "nonfixated_points_in_view": [], "camera_rotation_original": [1.5707963705062866, -0.010212494991719723, -0.17271865904331207], "point_location": [2.813992500305176, 1.206691026687622, -1.412956953048706], "skybox_img_path": "./img/high/7470_skybox4.jpg", "resolution": 512, "camera_distance": 0.6836451326105075, "view_id": 9, "point_pitch": -0.4915329655024667, "camera_rotation_from_original_to_final": [-0.48739972710609436, 0.08048257231712341, 0.1684737652540207], "camera_location": [2.8233139514923096, 0.6046808958053589, -1.089124321937561], "point_normal": [-0.8119872808456421, -0.5835861563682556, 0.010192384012043476], "camera_rotation_final_quaternion": [0.8583179712295532, 0.5129876136779785, 0.0010524537647143006, 0.011528784409165382], "skybox_img": 4, "point_uuid": "163", "field_of_view_rads": 1.1263039557204935, "camera_rotation_final": [1.0772987604141235, -0.010021734982728958, 0.02087308093905449]}