{"camera_uuid": "10432", "obliqueness_angle": 0.6465535163879395, "nonfixated_points_in_view": [3], "camera_rotation_original": [1.5707963705062866, 0.04201403632760048, -2.736790895462036], "point_location": [5.4932861328125, 0.18884922564029694, -0.9166303277015686], "skybox_img_path": "./img/high/10432_skybox4.jpg", "resolution": 512, "camera_distance": 0.9520788470537482, "view_id": 19, "point_pitch": -0.4255618294093271, "camera_rotation_from_original_to_final": [0.37398475408554077, 0.15760260820388794, 0.5665531158447266], "camera_location": [4.785927772521973, 0.7043821811676025, -0.5420318245887756], "point_normal": [-0.48851633071899414, 0.18398629128932953, 0.8529366254806519], "camera_rotation_final_quaternion": [0.3635694682598114, 0.2593318521976471, -0.4858192801475525, -0.7513613700866699], "skybox_img": 4, "point_uuid": "142", "field_of_view_rads": 0.8278892494736719, "camera_rotation_final": [1.1661269664764404, 0.03645379841327667, -2.2162089347839355]}