{"camera_uuid": "8403", "obliqueness_angle": 0.5313427448272705, "nonfixated_points_in_view": [123], "camera_rotation_original": [1.5707963705062866, 0.027271190658211708, -0.13407987356185913], "point_location": [1.098549485206604, 1.1407040357589722, -1.4134143590927124], "skybox_img_path": "./img/high/8403_skybox4.jpg", "resolution": 512, "camera_distance": 0.8846601945489379, "view_id": 0, "point_pitch": -0.6709918220851083, "camera_rotation_from_original_to_final": [-0.6720829606056213, 0.0890926942229271, -0.24589908123016357], "camera_location": [0.8644030094146729, 0.49213558435440063, -0.8591959476470947], "point_normal": [-0.13369430601596832, -0.9747203588485718, 0.179014191031456], "camera_rotation_final_quaternion": [0.8855260610580444, 0.4268977642059326, -0.06723316758871078, -0.1705332100391388], "skybox_img": 4, "point_uuid": "1", "field_of_view_rads": 2.078591559549699, "camera_rotation_final": [0.8934895992279053, 0.026530157774686813, -0.3677889406681061]}