{"camera_uuid": "6644", "obliqueness_angle": 1.2902449369430542, "nonfixated_points_in_view": [], "camera_rotation_original": [1.5707963705062866, -0.058629315346479416, 1.8879369497299194], "point_location": [3.6669938564300537, 1.5509448051452637, -1.3941354751586914], "skybox_img_path": "./img/high/6644_skybox4.jpg", "resolution": 512, "camera_distance": 0.7784360795934591, "view_id": 2, "point_pitch": -0.5852791508052011, "camera_rotation_from_original_to_final": [0.20975381135940552, -0.5410400629043579, -0.22631166875362396], "camera_location": [4.31271505355835, 1.6459119319915771, -0.9698854088783264], "point_normal": [0.3106723129749298, -0.9194551110267639, 0.24100880324840546], "camera_rotation_final_quaternion": [0.5511019229888916, 0.3240883946418762, 0.34995031356811523, 0.6846810579299927], "skybox_img": 4, "point_uuid": "61", "field_of_view_rads": 1.0910236528484336, "camera_rotation_final": [0.9933041930198669, -0.058110449463129044, 1.754645586013794]}