{"camera_uuid": "11823", "obliqueness_angle": 1.268174648284912, "nonfixated_points_in_view": [], "camera_rotation_original": [1.5707963705062866, -0.09344182163476944, -0.6633659601211548], "point_location": [5.518570899963379, 1.8022818565368652, -0.9034366607666016], "skybox_img_path": "./img/high/11823_skybox4.jpg", "resolution": 512, "camera_distance": 0.786135867805941, "view_id": 53, "point_pitch": -0.2815226753565927, "camera_rotation_from_original_to_final": [-0.25453582406044006, 0.20101937651634216, 0.41901788115501404], "camera_location": [5.3576178550720215, 1.0743651390075684, -0.6539552807807922], "point_normal": [-0.3810344636440277, 0.07813670486211777, 0.9212532639503479], "camera_rotation_final_quaternion": [0.8098781704902649, 0.5774331092834473, -0.0888553261756897, -0.052660223096609116], "skybox_img": 4, "point_uuid": "103", "field_of_view_rads": 1.4743485341217646, "camera_rotation_final": [1.2466990947723389, -0.08320442587137222, -0.18970081210136414]}