{"camera_uuid": "5299", "obliqueness_angle": 1.4479401111602783, "nonfixated_points_in_view": [120], "camera_rotation_original": [1.5707963705062866, 0.01045041624456644, 1.8350650072097778], "point_location": [-0.5440130829811096, 1.3457797765731812, -0.7867993712425232], "skybox_img_path": "./img/high/5299_skybox4.jpg", "resolution": 512, "camera_distance": 0.9863003887393547, "view_id": 2, "point_pitch": 0.24942548672226472, "camera_rotation_from_original_to_final": [-0.06477208435535431, 0.23676244914531708, -0.41464555263519287], "camera_location": [0.4030497074127197, 1.2098027467727661, -1.026321291923523], "point_normal": [-0.13791655004024506, -0.11702719330787659, -0.9835058450698853], "camera_rotation_final_quaternion": [0.466951459646225, 0.5931463837623596, 0.5192319750785828, 0.4006642699241638], "skybox_img": 4, "point_uuid": "69", "field_of_view_rads": 1.0910236528484336, "camera_rotation_final": [1.816109538078308, 0.009607275016605854, 1.430598497390747]}