{"camera_uuid": "13618", "obliqueness_angle": 1.005024790763855, "nonfixated_points_in_view": [65, 118], "camera_rotation_original": [1.5707963705062866, 0.04938711225986481, -0.09049724787473679], "point_location": [-0.11395721882581711, -0.04560520127415657, -1.4123445749282837], "skybox_img_path": "./img/high/13618_skybox4.jpg", "resolution": 512, "camera_distance": 0.9375386150672627, "view_id": 60, "point_pitch": -0.5685569485041757, "camera_rotation_from_original_to_final": [-0.5450103878974915, 0.049583811312913895, 0.4501258432865143], "camera_location": [0.17882871627807617, -0.7908848524093628, -0.9246835708618164], "point_normal": [0.004181658383458853, -0.01849798485636711, 0.9998201131820679], "camera_rotation_final_quaternion": [0.8605522513389587, 0.4787144660949707, 0.10371769964694977, 0.13973164558410645], "skybox_img": 4, "point_uuid": "192", "field_of_view_rads": 1.0364683158521881, "camera_rotation_final": [1.023159384727478, 0.04474080353975296, 0.3470609486103058]}