{"camera_uuid": "15575", "obliqueness_angle": 0.5332792401313782, "nonfixated_points_in_view": [], "camera_rotation_original": [1.5707963705062866, 0.013471652753651142, 1.5062671899795532], "point_location": [6.080295085906982, 1.5599316358566284, -1.4123303890228271], "skybox_img_path": "./img/high/15575_skybox4.jpg", "resolution": 512, "camera_distance": 0.566236373485307, "view_id": 1, "point_pitch": -0.5335776050898691, "camera_rotation_from_original_to_final": [-0.03884449601173401, -0.5276045799255371, 0.36880043148994446], "camera_location": [6.548173427581787, 1.7016428709030151, -1.1266182661056519], "point_normal": [0.9878883361816406, 0.1546885371208191, 0.012175889685750008], "camera_rotation_final_quaternion": [0.5219151973724365, 0.2936314046382904, 0.4018583595752716, 0.6927445530891418], "skybox_img": 4, "point_uuid": "94", "field_of_view_rads": 1.792492522379571, "camera_rotation_final": [1.0418530702590942, 0.01264917477965355, 1.8575009107589722]}