{"camera_uuid": "5942", "obliqueness_angle": 1.3460016250610352, "nonfixated_points_in_view": [], "camera_rotation_original": [1.5707963705062866, 0.10243836790323257, -0.2593924403190613], "point_location": [-0.4168107807636261, 2.6449878215789795, -1.3910259008407593], "skybox_img_path": "./img/high/5942_skybox4.jpg", "resolution": 512, "camera_distance": 0.7132268948646721, "view_id": 9, "point_pitch": -0.5711576183650156, "camera_rotation_from_original_to_final": [-0.49930620193481445, 0.12279364466667175, 0.5990972518920898], "camera_location": [-0.19208917021751404, 2.065598964691162, -1.0410239696502686], "point_normal": [0.9926148056983948, 0.12025166302919388, 0.015980595722794533], "camera_rotation_final_quaternion": [0.8553981184959412, 0.49083682894706726, 0.11710738390684128, 0.11687222868204117], "skybox_img": 4, "point_uuid": "109", "field_of_view_rads": 1.1263039557204935, "camera_rotation_final": [1.055791974067688, 0.08572143316268921, 0.3215804100036621]}