{"camera_uuid": "6188", "obliqueness_angle": 1.3277133703231812, "nonfixated_points_in_view": [], "camera_rotation_original": [1.5707963705062866, 0.08051542192697525, -0.43789589405059814], "point_location": [1.4004169702529907, 1.5106022357940674, -1.393282175064087], "skybox_img_path": "./img/high/6188_skybox4.jpg", "resolution": 512, "camera_distance": 0.9435319367534082, "view_id": 3, "point_pitch": -0.25598780711623625, "camera_rotation_from_original_to_final": [-0.29146045446395874, 0.11318252980709076, -0.7650551795959473], "camera_location": [0.5668135285377502, 1.1763195991516113, -1.1041231155395508], "point_normal": [-0.36604005098342896, -0.46424242854118347, -0.8065318465232849], "camera_rotation_final_quaternion": [0.6553951501846313, 0.497567355632782, -0.314951628446579, -0.47295814752578735], "skybox_img": 4, "point_uuid": "63", "field_of_view_rads": 1.0386947080855735, "camera_rotation_final": [1.2587802410125732, 0.0578538216650486, -1.208068609237671]}