{"camera_uuid": "3903", "obliqueness_angle": 0.9333911538124084, "nonfixated_points_in_view": [2], "camera_rotation_original": [1.5707963705062866, 0.028179336339235306, -0.6907712817192078], "point_location": [0.22651520371437073, 2.849133014678955, -1.442795991897583], "skybox_img_path": "./img/high/3903_skybox4.jpg", "resolution": 512, "camera_distance": 0.7982190708652143, "view_id": 35, "point_pitch": -0.6457242210719247, "camera_rotation_from_original_to_final": [-0.5210480690002441, 0.39708369970321655, -0.02971816435456276], "camera_location": [-0.13974681496620178, 2.3261964321136475, -0.963689386844635], "point_normal": [0.024610353633761406, -0.009762244299054146, 0.9996494650840759], "camera_rotation_final_quaternion": [0.8482089042663574, 0.4286886155605316, -0.12695041298866272, -0.28399181365966797], "skybox_img": 4, "point_uuid": "150", "field_of_view_rads": 1.6775272364394038, "camera_rotation_final": [0.9267239570617676, 0.028130900114774704, -0.632108211517334]}