{"camera_uuid": "8646", "obliqueness_angle": 1.19576096534729, "nonfixated_points_in_view": [], "camera_rotation_original": [1.5707963705062866, -0.10059869289398193, -0.30539071559906006], "point_location": [1.8005895614624023, 0.6414239406585693, -0.9798945188522339], "skybox_img_path": "./img/high/8646_skybox4.jpg", "resolution": 512, "camera_distance": 0.5410678611078643, "view_id": 51, "point_pitch": -0.3907678564402719, "camera_rotation_from_original_to_final": [-0.3526274859905243, 0.1039542555809021, -0.27555686235427856], "camera_location": [1.5309226512908936, 0.21440578997135162, -0.7857562303543091], "point_normal": [-0.012308535166084766, -0.0017647614004090428, 0.9999226927757263], "camera_rotation_final_quaternion": [0.802736222743988, 0.5348780155181885, -0.18574891984462738, -0.18712937831878662], "skybox_img": 4, "point_uuid": "193", "field_of_view_rads": 1.8637085995693825, "camera_rotation_final": [1.2019470930099487, -0.09818969666957855, -0.5253928899765015]}