{"camera_uuid": "10574", "obliqueness_angle": 1.189906120300293, "nonfixated_points_in_view": [], "camera_rotation_original": [1.5707963705062866, 0.025233151391148567, -1.2607848644256592], "point_location": [0.580907940864563, -0.050188999623060226, -1.4085019826889038], "skybox_img_path": "./img/high/10574_skybox4.jpg", "resolution": 512, "camera_distance": 0.6997060118559328, "view_id": 56, "point_pitch": -0.48343603213759856, "camera_rotation_from_original_to_final": [-0.16076266765594482, 0.46733683347702026, -0.39026063680648804], "camera_location": [-0.03518372401595116, -0.024591386318206787, -1.0777992010116577], "point_normal": [0.11274728178977966, 0.07453673332929611, 0.9908240437507629], "camera_rotation_final_quaternion": [0.5856954455375671, 0.3604098856449127, -0.3657720685005188, -0.6271175146102905], "skybox_img": 4, "point_uuid": "57", "field_of_view_rads": 1.3499468538769375, "camera_rotation_final": [1.0783733129501343, 0.023578830063343048, -1.6249690055847168]}