{"camera_uuid": "8986", "obliqueness_angle": 0.8579102158546448, "nonfixated_points_in_view": [65], "camera_rotation_original": [1.5707963705062866, -0.16275732219219208, 2.137554168701172], "point_location": [0.580907940864563, -0.050188999623060226, -1.4085019826889038], "skybox_img_path": "./img/high/8986_skybox4.jpg", "resolution": 512, "camera_distance": 0.25611084308451354, "view_id": 17, "point_pitch": -0.5570890148493906, "camera_rotation_from_original_to_final": [0.35818231105804443, -0.46414715051651, -0.002918041544035077], "camera_location": [0.7529110312461853, 0.07808871567249298, -1.2686716318130493], "point_normal": [0.11274728178977966, 0.07453673332929611, 0.9908240437507629], "camera_rotation_final_quaternion": [0.3172941505908966, 0.25340017676353455, 0.40348532795906067, 0.8199465870857239], "skybox_img": 4, "point_uuid": "57", "field_of_view_rads": 1.0039714359666843, "camera_rotation_final": [0.9847680926322937, -0.1601862907409668, 2.3170833587646484]}