{"camera_uuid": "1328", "obliqueness_angle": 0.5028095245361328, "nonfixated_points_in_view": [], "camera_rotation_original": [1.5707963705062866, 0.08062836527824402, -3.0554163455963135], "point_location": [0.32991182804107666, 2.4133899211883545, -1.3794349431991577], "skybox_img_path": "./img/high/1328_skybox4.jpg", "resolution": 512, "camera_distance": 0.9400190445183125, "view_id": 13, "point_pitch": -0.5506903370234628, "camera_rotation_from_original_to_final": [0.6010802984237671, 0.05513554811477661, -0.6702287197113037], "camera_location": [0.7692521810531616, 3.050739049911499, -0.8461414575576782], "point_normal": [0.7323230504989624, 0.6650322675704956, 0.14640741050243378], "camera_rotation_final_quaternion": [-0.29375773668289185, -0.12194323539733887, -0.4488528072834015, -0.8350852727890015], "skybox_img": 4, "point_uuid": "151", "field_of_view_rads": 0.5256461677815203, "camera_rotation_final": [0.9663004279136658, 0.06007811427116394, -3.7865686416625977]}