{"camera_uuid": "3983", "obliqueness_angle": 0.4400540292263031, "nonfixated_points_in_view": [], "camera_rotation_original": [1.5707963705062866, 0.07483092695474625, 1.5761305093765259], "point_location": [-0.4168107807636261, 2.6449878215789795, -1.3910259008407593], "skybox_img_path": "./img/high/3983_skybox4.jpg", "resolution": 512, "camera_distance": 0.8190222720615793, "view_id": 34, "point_pitch": -0.4487003525111337, "camera_rotation_from_original_to_final": [-0.002789826598018408, -0.4300258159637451, 0.2688716650009155], "camera_location": [0.29973044991493225, 2.8469579219818115, -1.0495961904525757], "point_normal": [0.9926148056983948, 0.12025166302919388, 0.015980595722794533], "camera_rotation_final_quaternion": [0.5345060229301453, 0.3084403872489929, 0.4432010054588318, 0.6501851677894592], "skybox_img": 4, "point_uuid": "109", "field_of_view_rads": 1.6403442297244761, "camera_rotation_final": [1.1395747661590576, 0.07276465743780136, 1.8120993375778198]}