{"camera_uuid": "2652", "obliqueness_angle": 1.3306604623794556, "nonfixated_points_in_view": [], "camera_rotation_original": [1.5707963705062866, -0.03326615318655968, -1.9138712882995605], "point_location": [3.3059499263763428, 1.507105827331543, -1.4197665452957153], "skybox_img_path": "./img/high/2652_skybox4.jpg", "resolution": 512, "camera_distance": 0.9249261556771674, "view_id": 22, "point_pitch": -0.21000949939223723, "camera_rotation_from_original_to_final": [0.07018547505140305, 0.1957581639289856, -0.06280824542045593], "camera_location": [2.476961135864258, 1.8702194690704346, -1.2289408445358276], "point_normal": [-0.034560561180114746, 0.0017010869923979044, 0.9994011521339417], "camera_rotation_final_quaternion": [0.43591347336769104, 0.3356948792934418, -0.5330588221549988, -0.6427570581436157], "skybox_img": 4, "point_uuid": "155", "field_of_view_rads": 1.1757349260572838, "camera_rotation_final": [1.3628731966018677, -0.033200617879629135, -1.9766403436660767]}