{"camera_uuid": "14393", "obliqueness_angle": 0.5969892740249634, "nonfixated_points_in_view": [118], "camera_rotation_original": [1.5707963705062866, -0.09119945764541626, -1.376837968826294], "point_location": [0.35382547974586487, -0.5060790181159973, -1.460171103477478], "skybox_img_path": "./img/high/14393_skybox4.jpg", "resolution": 512, "camera_distance": 0.9426647238980442, "view_id": 17, "point_pitch": -0.4580532749507089, "camera_rotation_from_original_to_final": [-0.08830605447292328, 0.41409486532211304, -0.43375226855278015], "camera_location": [-0.484779417514801, -0.31711816787719727, -1.07332181930542], "point_normal": [-0.8047041893005371, -0.3797302544116974, 0.4563511312007904], "camera_rotation_final_quaternion": [0.5544164776802063, 0.31903722882270813, -0.4393472671508789, -0.6307230591773987], "skybox_img": 4, "point_uuid": "17", "field_of_view_rads": 1.0039714359666843, "camera_rotation_final": [1.1463031768798828, -0.084816113114357, -1.7541526556015015]}