{"camera_uuid": "8232", "obliqueness_angle": 1.3707526922225952, "nonfixated_points_in_view": [], "camera_rotation_original": [1.5707963705062866, -0.01639084704220295, -3.0259652137756348], "point_location": [-0.11395721882581711, -0.04560520127415657, -1.4123445749282837], "skybox_img_path": "./img/high/8232_skybox4.jpg", "resolution": 512, "camera_distance": 0.9429499940342182, "view_id": 45, "point_pitch": -0.22267906268569426, "camera_rotation_from_original_to_final": [0.2157224416732788, 0.024252943694591522, -0.3490932881832123], "camera_location": [0.10136859863996506, 0.8496885895729065, -1.209271788597107], "point_normal": [0.004181658383458853, -0.01849798485636711, 0.9998201131820679], "camera_rotation_final_quaternion": [-0.08567251265048981, -0.07865062355995178, -0.6213972568511963, -0.7748159170150757], "skybox_img": 4, "point_uuid": "192", "field_of_view_rads": 0.8278892494736719, "camera_rotation_final": [1.353710651397705, -0.015406797640025616, -3.3742198944091797]}