{"camera_uuid": "7081", "obliqueness_angle": 0.5423666834831238, "nonfixated_points_in_view": [120], "camera_rotation_original": [1.5707963705062866, 0.09716785699129105, 1.389789342880249], "point_location": [-0.0037994040176272392, 1.4926419258117676, -1.4197502136230469], "skybox_img_path": "./img/high/7081_skybox4.jpg", "resolution": 512, "camera_distance": 0.9018644157920054, "view_id": 18, "point_pitch": -0.3736221035334726, "camera_rotation_from_original_to_final": [-0.06601874530315399, -0.43449506163597107, -0.7004072070121765], "camera_location": [0.503597617149353, 0.8530328273773193, -1.0365949869155884], "point_normal": [0.5946656465530396, -0.7973978519439697, -0.10261386632919312], "camera_rotation_final_quaternion": [0.8073256611824036, 0.4990817606449127, 0.196197509765625, 0.24627067148685455], "skybox_img": 4, "point_uuid": "70", "field_of_view_rads": 1.9554518605800617, "camera_rotation_final": [1.1308157444000244, 0.07103186100721359, 0.6372392773628235]}