{"camera_uuid": "13534", "obliqueness_angle": 1.2624495029449463, "nonfixated_points_in_view": [], "camera_rotation_original": [1.5707963705062866, -0.05564797669649124, 0.8529567718505859], "point_location": [2.9207348823547363, -0.5152132511138916, -0.5628843903541565], "skybox_img_path": "./img/high/13534_skybox4.jpg", "resolution": 512, "camera_distance": 0.7287206795848192, "view_id": 63, "point_pitch": -0.5479382713648935, "camera_rotation_from_original_to_final": [-0.38317251205444336, -0.4150017499923706, 0.23271052539348602], "camera_location": [3.441714286804199, -0.8486177325248718, -0.17758482694625854], "point_normal": [-0.26315274834632874, 0.039460260421037674, 0.9639468193054199], "camera_rotation_final_quaternion": [0.7530065774917603, 0.43311160802841187, 0.21919693052768707, 0.4442388415336609], "skybox_img": 4, "point_uuid": "152", "field_of_view_rads": 1.188507872007912, "camera_rotation_final": [1.0127537250518799, -0.05472386255860329, 1.035643458366394]}