{"camera_uuid": "13068", "obliqueness_angle": 1.3670690059661865, "nonfixated_points_in_view": [117], "camera_rotation_original": [1.5707963705062866, 0.03924138844013214, -0.5049738883972168], "point_location": [1.9553519487380981, 0.06541500240564346, -1.4134390354156494], "skybox_img_path": "./img/high/13068_skybox4.jpg", "resolution": 512, "camera_distance": 0.9562248681504226, "view_id": 3, "point_pitch": -0.11365310748549895, "camera_rotation_from_original_to_final": [-0.10330729186534882, 0.056976206600666046, -0.10983025282621384], "camera_location": [1.4099229574203491, -0.7118982076644897, -1.300934076309204], "point_normal": [-0.5318350791931152, 0.001723279245197773, -0.8468462228775024], "camera_rotation_final_quaternion": [0.708279550075531, 0.6371731162071228, -0.18757081031799316, -0.23909763991832733], "skybox_img": 4, "point_uuid": "24", "field_of_view_rads": 1.0386947080855735, "camera_rotation_final": [1.4527777433395386, 0.03899789974093437, -0.6164787411689758]}