{"camera_uuid": "10534", "obliqueness_angle": 1.2825714349746704, "nonfixated_points_in_view": [], "camera_rotation_original": [1.5707963705062866, 0.07134417444467545, 2.3662843704223633], "point_location": [5.518570899963379, 1.8022818565368652, -0.9034366607666016], "skybox_img_path": "./img/high/10534_skybox4.jpg", "resolution": 512, "camera_distance": 0.8492908845461608, "view_id": 44, "point_pitch": -0.4342138012263437, "camera_rotation_from_original_to_final": [0.30054497718811035, -0.28603237867355347, 0.2893228232860565], "camera_location": [5.851307392120361, 2.5058329105377197, -0.5634405612945557], "point_normal": [-0.3810344636440277, 0.07813670486211777, 0.9212532639503479], "camera_rotation_final_quaternion": [0.21352824568748474, 0.10003823041915894, 0.5383565425872803, 0.8090551495552063], "skybox_img": 4, "point_uuid": "103", "field_of_view_rads": 2.0816637958161985, "camera_rotation_final": [1.1579054594039917, 0.06808836758136749, 2.670031785964966]}