{"camera_uuid": "12403", "obliqueness_angle": 1.0773576498031616, "nonfixated_points_in_view": [], "camera_rotation_original": [1.5707963705062866, 0.10636422038078308, -0.30388644337654114], "point_location": [4.528530120849609, 1.0438001155853271, -1.4141380786895752], "skybox_img_path": "./img/high/12403_skybox4.jpg", "resolution": 512, "camera_distance": 0.6995607690417406, "view_id": 13, "point_pitch": -0.5042649944636484, "camera_rotation_from_original_to_final": [-0.5006603598594666, 0.16171975433826447, -0.20048171281814575], "camera_location": [4.260013103485107, 0.5008159875869751, -1.0642064809799194], "point_normal": [0.012244894169270992, 0.0278637632727623, 0.9995367527008057], "camera_rotation_final_quaternion": [0.8300051093101501, 0.49272090196609497, -0.08436848968267441, -0.24738554656505585], "skybox_img": 4, "point_uuid": "140", "field_of_view_rads": 0.6651429173367224, "camera_rotation_final": [1.0438117980957031, 0.10391843318939209, -0.5195402503013611]}