{"camera_uuid": "13906", "obliqueness_angle": 1.214370846748352, "nonfixated_points_in_view": [40], "camera_rotation_original": [1.5707963705062866, 0.034971997141838074, 1.7517304420471191], "point_location": [0.9536174535751343, -0.7778398990631104, -1.5063177347183228], "skybox_img_path": "./img/high/13906_skybox4.jpg", "resolution": 512, "camera_distance": 0.5727488228099958, "view_id": 8, "point_pitch": -0.35639087756606536, "camera_rotation_from_original_to_final": [0.06755448877811432, -0.3592522442340851, -0.26295483112335205], "camera_location": [1.4872866868972778, -0.8150064945220947, -1.3017278909683228], "point_normal": [-0.008941924199461937, -0.0010165447602048516, 0.9999595284461975], "camera_rotation_final_quaternion": [0.6124491095542908, 0.40750598907470703, 0.39412620663642883, 0.5509169697761536], "skybox_img": 4, "point_uuid": "89", "field_of_view_rads": 1.792492522379571, "camera_rotation_final": [1.2053024768829346, 0.03376692160964012, 1.488345980644226]}