{"camera_uuid": "12190", "obliqueness_angle": 0.793269157409668, "nonfixated_points_in_view": [8, 3], "camera_rotation_original": [1.5707963705062866, -0.15374386310577393, -1.1606556177139282], "point_location": [5.4932861328125, 0.18884922564029694, -0.9166303277015686], "skybox_img_path": "./img/high/12190_skybox4.jpg", "resolution": 512, "camera_distance": 0.767099187394608, "view_id": 71, "point_pitch": -0.32454554637404875, "camera_rotation_from_original_to_final": [-0.0717686265707016, 0.22356492280960083, -0.6629913449287415], "camera_location": [4.768693923950195, 0.36760297417640686, -0.7392765283584595], "point_normal": [-0.48851633071899414, 0.18398629128932953, 0.8529366254806519], "camera_rotation_final_quaternion": [0.5225591063499451, 0.35011523962020874, -0.5116825699806213, -0.5852625966072083], "skybox_img": 4, "point_uuid": "142", "field_of_view_rads": 2.1523097516304066, "camera_rotation_final": [1.3356072902679443, -0.12527747452259064, -1.7827304601669312]}