{"camera_uuid": "12600", "obliqueness_angle": 1.028929591178894, "nonfixated_points_in_view": [], "camera_rotation_original": [1.5707963705062866, -0.0408603809773922, 1.444948673248291], "point_location": [0.14699065685272217, -0.1122998520731926, -1.4476916790008545], "skybox_img_path": "./img/high/12600_skybox4.jpg", "resolution": 512, "camera_distance": 0.8448314447284639, "view_id": 2, "point_pitch": -0.5431381901118417, "camera_rotation_from_original_to_final": [-0.07574685662984848, -0.5118075609207153, -0.6886793971061707], "camera_location": [0.6409614086151123, -0.6558442711830139, -1.0302081108093262], "point_normal": [0.33598119020462036, 0.20910274982452393, 0.9183641672134399], "camera_rotation_final_quaternion": [0.8004279732704163, 0.472301721572876, 0.17277181148529053, 0.32618412375450134], "skybox_img": 4, "point_uuid": "178", "field_of_view_rads": 0.8278892494736719, "camera_rotation_final": [1.0536428689956665, -0.03153708949685097, 0.7555863857269287]}