{"camera_uuid": "4638", "obliqueness_angle": 0.7776743769645691, "nonfixated_points_in_view": [64], "camera_rotation_original": [1.5707963705062866, 0.06870300322771072, 1.6419072151184082], "point_location": [-0.30368760228157043, 1.3439174890518188, -0.7665223479270935], "skybox_img_path": "./img/high/4638_skybox4.jpg", "resolution": 512, "camera_distance": 0.8927443769588295, "view_id": 39, "point_pitch": -0.5493497093531747, "camera_rotation_from_original_to_final": [0.032617975026369095, -0.5557302236557007, -0.0954059511423111], "camera_location": [0.45430833101272583, 1.3350660800933838, -0.2949756681919098], "point_normal": [0.9422652125358582, 0.29410141706466675, -0.16012726724147797], "camera_rotation_final_quaternion": [0.6458644866943359, 0.3314546048641205, 0.35501885414123535, 0.5890318155288696], "skybox_img": 4, "point_uuid": "180", "field_of_view_rads": 2.1797545326211765, "camera_rotation_final": [1.0128695964813232, 0.06816626340150833, 1.516637921333313]}