{"camera_uuid": "10169", "obliqueness_angle": 1.418723702430725, "nonfixated_points_in_view": [], "camera_rotation_original": [1.5707963705062866, 0.010555760934948921, -2.333322048187256], "point_location": [2.4280853271484375, -0.49214041233062744, -0.8174121379852295], "skybox_img_path": "./img/high/10169_skybox4.jpg", "resolution": 512, "camera_distance": 0.9524403765197713, "view_id": 12, "point_pitch": -0.1811639507624765, "camera_rotation_from_original_to_final": [0.12305188924074173, 0.12842273712158203, 0.350749671459198], "camera_location": [1.5720056295394897, -0.11010756343603134, -0.6491232514381409], "point_normal": [-0.53856360912323, -0.546765923500061, -0.641089916229248], "camera_rotation_final_quaternion": [0.41422489285469055, 0.35192620754241943, -0.5364716649055481, -0.6455724835395813], "skybox_img": 4, "point_uuid": "141", "field_of_view_rads": 0.9239011772765595, "camera_rotation_final": [1.393162727355957, 0.00994808878749609, -1.9923204183578491]}