{"camera_uuid": "13899", "obliqueness_angle": 0.8102078437805176, "nonfixated_points_in_view": [95], "camera_rotation_original": [1.5707963705062866, -0.1048063337802887, -2.0691585540771484], "point_location": [0.9536174535751343, -0.7778398990631104, -1.5063177347183228], "skybox_img_path": "./img/high/13899_skybox4.jpg", "resolution": 512, "camera_distance": 0.5920349262479881, "view_id": 17, "point_pitch": -0.7006568153712411, "camera_rotation_from_original_to_final": [0.4072064459323883, 0.6510121822357178, 0.6130625605583191], "camera_location": [0.5213257074356079, -0.7642488479614258, -1.1020350456237793], "point_normal": [-0.008941924199461937, -0.0010165447602048516, 0.9999595284461975], "camera_rotation_final_quaternion": [0.6774837970733643, 0.2590867578983307, -0.3023892641067505, -0.6184258460998535], "skybox_img": 4, "point_uuid": "89", "field_of_view_rads": 1.1399099232606629, "camera_rotation_final": [0.8153588175773621, -0.08939473330974579, -1.5183424949645996]}