{"camera_uuid": "9216", "obliqueness_angle": 0.7475614547729492, "nonfixated_points_in_view": [], "camera_rotation_original": [1.5707963705062866, -0.12529204785823822, -1.4763246774673462], "point_location": [5.518570899963379, 1.8022818565368652, -0.9034366607666016], "skybox_img_path": "./img/high/9216_skybox4.jpg", "resolution": 512, "camera_distance": 0.6927410915105509, "view_id": 81, "point_pitch": -0.4463357170436044, "camera_rotation_from_original_to_final": [-0.05985923856496811, 0.45624426007270813, 0.0655340924859047], "camera_location": [4.906780242919922, 1.6967607736587524, -0.5960806608200073], "point_normal": [-0.3810344636440277, 0.07813670486211777, 0.9212532639503479], "camera_rotation_final_quaternion": [0.6861538290977478, 0.37889376282691956, -0.36687740683555603, -0.5010323524475098], "skybox_img": 4, "point_uuid": "103", "field_of_view_rads": 0.6570232286300489, "camera_rotation_final": [1.1072531938552856, -0.12411095947027206, -1.3381965160369873]}