{"camera_uuid": "5204", "obliqueness_angle": 0.6957816481590271, "nonfixated_points_in_view": [], "camera_rotation_original": [1.5707963705062866, 0.026802891865372658, -1.6230762004852295], "point_location": [1.1355481147766113, 2.277404546737671, -1.37511146068573], "skybox_img_path": "./img/high/5204_skybox4.jpg", "resolution": 512, "camera_distance": 0.9896266650659528, "view_id": 12, "point_pitch": -0.14994065364333586, "camera_rotation_from_original_to_final": [0.0004244135052431375, 0.13233453035354614, 0.7264419198036194], "camera_location": [0.3688834309577942, 1.665378451347351, -1.2446881532669067], "point_normal": [-0.34670761227607727, -0.666063666343689, 0.6604189276695251], "camera_rotation_final_quaternion": [0.6745038032531738, 0.5965553522109985, -0.279690146446228, -0.33307623863220215], "skybox_img": 4, "point_uuid": "162", "field_of_view_rads": 0.950131287597413, "camera_rotation_final": [1.4385946989059448, 0.020094050094485283, -0.8997665643692017]}