{"camera_uuid": "15756", "obliqueness_angle": 1.281933069229126, "nonfixated_points_in_view": [23], "camera_rotation_original": [1.5707963705062866, -0.03332335874438286, 2.0407423973083496], "point_location": [5.469937324523926, -0.7986144423484802, -1.3267128467559814], "skybox_img_path": "./img/high/15756_skybox4.jpg", "resolution": 512, "camera_distance": 0.8574128639251674, "view_id": 1, "point_pitch": -0.32285325129958586, "camera_rotation_from_original_to_final": [0.15372255444526672, -0.28964269161224365, 0.09358002990484238], "camera_location": [6.14659309387207, -0.34973064064979553, -1.051400065422058], "point_normal": [0.21725454926490784, -0.34371235966682434, 0.9135985970497131], "camera_rotation_final_quaternion": [0.3717571496963501, 0.28441712260246277, 0.5084863901138306, 0.7227344512939453], "skybox_img": 4, "point_uuid": "47", "field_of_view_rads": 1.6316217442386929, "camera_rotation_final": [1.2437233924865723, -0.033055249601602554, 2.167736053466797]}