{"camera_uuid": "11079", "obliqueness_angle": 0.7434027194976807, "nonfixated_points_in_view": [65, 124, 127], "camera_rotation_original": [1.5707963705062866, 0.15327952802181244, 1.972721815109253], "point_location": [0.14699065685272217, -0.1122998520731926, -1.4476916790008545], "skybox_img_path": "./img/high/11079_skybox4.jpg", "resolution": 512, "camera_distance": 0.5584246406131255, "view_id": 31, "point_pitch": -0.6930276592585702, "camera_rotation_from_original_to_final": [0.2669539451599121, -0.6287335157394409, 0.07873845100402832], "camera_location": [0.5109900832176208, 0.12778817117214203, -1.098836064338684], "point_normal": [0.0340309739112854, 0.2575204074382782, 0.9656734466552734], "camera_rotation_final_quaternion": [0.503020703792572, 0.1669377237558365, 0.3997184932231903, 0.7478817105293274], "skybox_img": 4, "point_uuid": "178", "field_of_view_rads": 1.8970819167949853, "camera_rotation_final": [0.8865349888801575, 0.15303058922290802, 2.0301685333251953]}