{"camera_uuid": "13283", "obliqueness_angle": 0.9353041648864746, "nonfixated_points_in_view": [], "camera_rotation_original": [1.5707963705062866, -0.08455725759267807, 0.4697379767894745], "point_location": [5.601480484008789, 2.1461212635040283, -1.4044468402862549], "skybox_img_path": "./img/high/13283_skybox4.jpg", "resolution": 512, "camera_distance": 0.48152888038958785, "view_id": 2, "point_pitch": -0.4044331749293466, "camera_rotation_from_original_to_final": [-0.4193594455718994, -0.19118446111679077, 0.7138943076133728], "camera_location": [5.994895935058594, 1.9680804014205933, -1.191383957862854], "point_normal": [0.8320084810256958, 0.5058020949363708, 0.2278733104467392], "camera_rotation_final_quaternion": [0.6966880559921265, 0.4536527097225189, 0.2701173424720764, 0.48565584421157837], "skybox_img": 4, "point_uuid": "56", "field_of_view_rads": 1.0910236528484336, "camera_rotation_final": [1.1114211082458496, -0.06430746614933014, 1.1776008605957031]}