{"camera_uuid": "14828", "obliqueness_angle": 1.1927227973937988, "nonfixated_points_in_view": [], "camera_rotation_original": [1.5707963705062866, -0.017792824655771255, 0.5769277811050415], "point_location": [-0.11395721882581711, -0.04560520127415657, -1.4123445749282837], "skybox_img_path": "./img/high/14828_skybox4.jpg", "resolution": 512, "camera_distance": 0.711901371830331, "view_id": 63, "point_pitch": -0.36403171618911223, "camera_rotation_from_original_to_final": [-0.3021608889102936, -0.18999171257019043, -0.4824722409248352], "camera_location": [-0.07016652077436447, -0.7115869522094727, -1.1646467447280884], "point_normal": [-0.009451550431549549, -0.023393457755446434, 0.9996817111968994], "camera_rotation_final_quaternion": [0.8202618956565857, 0.5708193182945251, 0.014003134332597256, 0.03375834599137306], "skybox_img": 4, "point_uuid": "192", "field_of_view_rads": 0.554628086887159, "camera_rotation_final": [1.215380072593689, -0.01556798443198204, 0.0714372843503952]}