{"camera_uuid": "3596", "obliqueness_angle": 1.0573928356170654, "nonfixated_points_in_view": [2, 42], "camera_rotation_original": [1.5707963705062866, -0.012508025392889977, 1.770687222480774], "point_location": [0.22651520371437073, 2.849133014678955, -1.442795991897583], "skybox_img_path": "./img/high/3596_skybox4.jpg", "resolution": 512, "camera_distance": 0.48981349097187304, "view_id": 42, "point_pitch": -0.49234382708999114, "camera_rotation_from_original_to_final": [0.10811246931552887, -0.4843137264251709, 0.20852556824684143], "camera_location": [0.6173656582832336, 3.0306692123413086, -1.2099918127059937], "point_normal": [0.024610353633761406, -0.009762244299054146, 0.9996494650840759], "camera_rotation_final_quaternion": [0.45700716972351074, 0.2785084545612335, 0.4298689663410187, 0.7271795868873596], "skybox_img": 4, "point_uuid": "150", "field_of_view_rads": 0.8778424833614246, "camera_rotation_final": [1.0754612684249878, -0.012145204469561577, 2.0121750831604004]}