{"camera_uuid": "16062", "obliqueness_angle": 1.20079505443573, "nonfixated_points_in_view": [], "camera_rotation_original": [1.5707963705062866, -0.06164824962615967, -2.2813682556152344], "point_location": [6.403560161590576, -0.3128143846988678, -1.373155951499939], "skybox_img_path": "./img/high/16062_skybox4.jpg", "resolution": 512, "camera_distance": 0.4617998310140882, "view_id": 5, "point_pitch": -0.36483995517226653, "camera_rotation_from_original_to_final": [0.2799736261367798, 0.2962110936641693, 0.7309627532958984], "camera_location": [5.979125499725342, -0.3045657277107239, -1.191369652748108], "point_normal": [-0.4072767198085785, 0.9103356599807739, -0.07358577847480774], "camera_rotation_final_quaternion": [0.5994598269462585, 0.3754262328147888, -0.4027796685695648, -0.5809230208396912], "skybox_img": 4, "point_uuid": "113", "field_of_view_rads": 0.5961933550608073, "camera_rotation_final": [1.1657323837280273, -0.04672999307513237, -1.5702017545700073]}