{"camera_uuid": "13035", "obliqueness_angle": 1.0644986629486084, "nonfixated_points_in_view": [], "camera_rotation_original": [-1.570796251296997, 3.091336250305176, 0.003058107802644372], "point_location": [5.518570899963379, 1.8022818565368652, -0.9034366607666016], "skybox_img_path": "./img/high/13035_skybox4.jpg", "resolution": 512, "camera_distance": 0.6128637827653525, "view_id": 74, "point_pitch": -0.3670150478694101, "camera_rotation_from_original_to_final": [0.3542955815792084, -0.0005404625553637743, 0.26464778184890747], "camera_location": [5.366302013397217, 2.356546640396118, -0.6908178925514221], "point_normal": [-0.3810344636440277, 0.07813670486211777, 0.9212532639503479], "camera_rotation_final_quaternion": [-0.0885167270898819, -0.09106019884347916, 0.5641319155693054, 0.8158602714538574], "skybox_img": 4, "point_uuid": "103", "field_of_view_rads": 0.8384684589002184, "camera_rotation_final": [-1.9255280494689941, 3.0928587913513184, 0.2500663995742798]}