{"camera_uuid": "5970", "obliqueness_angle": 0.5942487120628357, "nonfixated_points_in_view": [], "camera_rotation_original": [1.5707963705062866, -0.0408761128783226, -1.259485125541687], "point_location": [2.813992500305176, 1.206691026687622, -1.412956953048706], "skybox_img_path": "./img/high/5970_skybox4.jpg", "resolution": 512, "camera_distance": 0.6671695838979195, "view_id": 20, "point_pitch": -0.24479238589736418, "camera_rotation_from_original_to_final": [-0.07325596362352371, 0.22361892461776733, -0.2519066333770752], "camera_location": [2.1666626930236816, 1.162843942642212, -1.2575323581695557], "point_normal": [-0.8119872808456421, -0.5835861563682556, 0.010192384012043476], "camera_rotation_final_quaternion": [0.5844866633415222, 0.4437202215194702, -0.4320090711116791, -0.5242669582366943], "skybox_img": 4, "point_uuid": "163", "field_of_view_rads": 1.7927549318813307, "camera_rotation_final": [1.3354854583740234, -0.039761871099472046, -1.4936342239379883]}