{"camera_uuid": "13344", "obliqueness_angle": 1.3445613384246826, "nonfixated_points_in_view": [], "camera_rotation_original": [1.5707963705062866, -0.06546053290367126, 2.878382682800293], "point_location": [6.416158676147461, 2.537578821182251, -1.2911784648895264], "skybox_img_path": "./img/high/13344_skybox4.jpg", "resolution": 512, "camera_distance": 0.6261719935697275, "view_id": 36, "point_pitch": -0.14252905448409514, "camera_rotation_from_original_to_final": [0.17654407024383545, -0.06438043713569641, 0.7366015315055847], "camera_location": [6.13168478012085, 3.083111524581909, -1.174730896949768], "point_normal": [-0.00751654664054513, 0.040270037949085236, 0.9991605877876282], "camera_rotation_final_quaternion": [-0.20142993330955505, -0.13674099743366241, 0.6231518387794495, 0.7432426810264587], "skybox_img": 4, "point_uuid": "148", "field_of_view_rads": 1.3499468538769375, "camera_rotation_final": [1.3835235834121704, -0.047797560691833496, 3.631314754486084]}