{"camera_uuid": "4335", "obliqueness_angle": 0.6114693284034729, "nonfixated_points_in_view": [], "camera_rotation_original": [1.5707963705062866, -0.1700792759656906, 2.5047895908355713], "point_location": [-0.4168107807636261, 2.6449878215789795, -1.3910259008407593], "skybox_img_path": "./img/high/4335_skybox4.jpg", "resolution": 512, "camera_distance": 0.2727406733820157, "view_id": 17, "point_pitch": -0.3280343254420419, "camera_rotation_from_original_to_final": [0.23327718675136566, -0.16615571081638336, -0.29731985926628113], "camera_location": [-0.20939768850803375, 2.804570198059082, -1.3142095804214478], "point_normal": [0.9920056462287903, 0.12320997565984726, -0.027280181646347046], "camera_rotation_final_quaternion": [0.29030635952949524, 0.3101252019405365, 0.5128347277641296, 0.7460195422172546], "skybox_img": 4, "point_uuid": "109", "field_of_view_rads": 1.0039714359666843, "camera_rotation_final": [1.281207799911499, -0.16571800410747528, 2.275707483291626]}