{"camera_uuid": "8869", "obliqueness_angle": 1.5117883682250977, "nonfixated_points_in_view": [], "camera_rotation_original": [1.5707963705062866, -0.1305796056985855, 1.016933798789978], "point_location": [-0.30368760228157043, 1.3439174890518188, -0.7665223479270935], "skybox_img_path": "./img/high/8869_skybox4.jpg", "resolution": 512, "camera_distance": 0.633753518399511, "view_id": 16, "point_pitch": 0.2629438201573233, "camera_rotation_from_original_to_final": [0.16637906432151794, 0.3102130591869354, -0.6789088845252991], "camera_location": [-0.12376680970191956, 0.7763472199440002, -0.9836306571960449], "point_normal": [0.9422652125358582, 0.29410141706466675, -0.16012726724147797], "camera_rotation_final_quaternion": [0.5613629817962646, 0.8150405883789062, 0.08364494144916534, 0.11655048280954361], "skybox_img": 4, "point_uuid": "180", "field_of_view_rads": 1.6924921945557647, "camera_rotation_final": [1.9221481084823608, -0.0962248146533966, 0.27177751064300537]}