{"camera_uuid": "10701", "obliqueness_angle": 1.2131586074829102, "nonfixated_points_in_view": [], "camera_rotation_original": [1.5707963705062866, 0.09848782420158386, -0.9907154440879822], "point_location": [5.518570899963379, 1.8022818565368652, -0.9034366607666016], "skybox_img_path": "./img/high/10701_skybox4.jpg", "resolution": 512, "camera_distance": 0.8439082123190277, "view_id": 26, "point_pitch": -0.2136428793284555, "camera_rotation_from_original_to_final": [-0.10433654487133026, 0.15379424393177032, 0.2901839017868042], "camera_location": [4.988901615142822, 1.1640197038650513, -0.7477031350135803], "point_normal": [-0.3810344636440277, 0.07813670486211777, 0.9212532639503479], "camera_rotation_final_quaternion": [0.7104748487472534, 0.6103614568710327, -0.18758925795555115, -0.2957949936389923], "skybox_img": 4, "point_uuid": "103", "field_of_view_rads": 1.82720328702949, "camera_rotation_final": [1.3843495845794678, 0.09467018395662308, -0.7105158567428589]}