{"camera_uuid": "11753", "obliqueness_angle": 0.9852411150932312, "nonfixated_points_in_view": [], "camera_rotation_original": [1.5707963705062866, -0.12835533916950226, 0.4229995608329773], "point_location": [4.528530120849609, 1.0438001155853271, -1.4141380786895752], "skybox_img_path": "./img/high/11753_skybox4.jpg", "resolution": 512, "camera_distance": 0.7169668635315388, "view_id": 22, "point_pitch": -0.6100963791224618, "camera_rotation_from_original_to_final": [-0.5569074749946594, -0.25824519991874695, 0.018155360594391823], "camera_location": [4.734875679016113, 0.4924701452255249, -1.0048725605010986], "point_normal": [0.012244894169270992, 0.0278637632727623, 0.9995367527008057], "camera_rotation_final_quaternion": [0.8570597171783447, 0.46088144183158875, 0.04662438482046127, 0.22552849352359772], "skybox_img": 4, "point_uuid": "140", "field_of_view_rads": 1.384811670309553, "camera_rotation_final": [0.9575066566467285, -0.12831585109233856, 0.44795161485671997]}