{"camera_uuid": "7335", "obliqueness_angle": 1.0342811346054077, "nonfixated_points_in_view": [], "camera_rotation_original": [1.5707963705062866, 0.10063564777374268, 0.16090749204158783], "point_location": [3.4670467376708984, 1.0758438110351562, -0.6993377804756165], "skybox_img_path": "./img/high/7335_skybox4.jpg", "resolution": 512, "camera_distance": 0.6104446515620509, "view_id": 72, "point_pitch": 0.3137112418797354, "camera_rotation_from_original_to_final": [0.28192031383514404, 0.04558247700333595, -0.2924366891384125], "camera_location": [3.3864328861236572, 0.4956806004047394, -0.8712525367736816], "point_normal": [-0.728654682636261, -0.24732623994350433, -0.6386642456054688], "camera_rotation_final_quaternion": [0.5950433611869812, 0.8003700971603394, -0.01479205023497343, -0.07150053977966309], "skybox_img": 4, "point_uuid": "78", "field_of_view_rads": 0.7907185303916441, "camera_rotation_final": [1.8576672077178955, 0.09700201451778412, -0.10950251668691635]}