{"camera_uuid": "5345", "obliqueness_angle": 0.8406137228012085, "nonfixated_points_in_view": [6], "camera_rotation_original": [1.5707963705062866, -0.008709733374416828, -0.7131603956222534], "point_location": [3.3059499263763428, 1.507105827331543, -1.4197665452957153], "skybox_img_path": "./img/high/5345_skybox4.jpg", "resolution": 512, "camera_distance": 0.7392506769155913, "view_id": 14, "point_pitch": -0.7070752819392343, "camera_rotation_from_original_to_final": [-0.5740440487861633, 0.43672093749046326, -0.2464272379875183], "camera_location": [2.890956163406372, 1.1273908615112305, -0.9400913715362549], "point_normal": [-0.034560561180114746, 0.0017010869923979044, 0.9994011521339417], "camera_rotation_final_quaternion": [0.8330226540565491, 0.3824929893016815, -0.1710723638534546, -0.36125698685646057], "skybox_img": 4, "point_uuid": "155", "field_of_view_rads": 1.633880848593436, "camera_rotation_final": [0.8646702766418457, -0.00865788385272026, -0.8223778009414673]}