{"camera_uuid": "14581", "obliqueness_angle": 0.9122969508171082, "nonfixated_points_in_view": [], "camera_rotation_original": [1.5707963705062866, 0.04579580947756767, 2.9928464889526367], "point_location": [6.393562316894531, 1.728407621383667, -1.384456753730774], "skybox_img_path": "./img/high/14581_skybox4.jpg", "resolution": 512, "camera_distance": 0.3574583264300237, "view_id": 0, "point_pitch": -0.2695668180796762, "camera_rotation_from_original_to_final": [0.28697720170021057, -0.039536189287900925, -0.45202377438545227], "camera_location": [6.5857157707214355, 2.0120155811309814, -1.2823781967163086], "point_normal": [0.31409239768981934, 0.7621999382972717, -0.5660364627838135], "camera_rotation_final_quaternion": [0.25156593322753906, 0.1630561202764511, 0.5750033855438232, 0.7612479329109192], "skybox_img": 4, "point_uuid": "185", "field_of_view_rads": 1.3001655876812834, "camera_rotation_final": [1.2809462547302246, 0.04106181859970093, 2.533863067626953]}