{"camera_uuid": "9753", "obliqueness_angle": 0.8138302564620972, "nonfixated_points_in_view": [], "camera_rotation_original": [1.5707963705062866, -0.01667063869535923, -0.7232473492622375], "point_location": [3.4670467376708984, 1.0758438110351562, -0.6993377804756165], "skybox_img_path": "./img/high/9753_skybox4.jpg", "resolution": 512, "camera_distance": 0.7001588231984182, "view_id": 60, "point_pitch": 0.16679282585648103, "camera_rotation_from_original_to_final": [0.12336798757314682, -0.10817837715148926, 0.1691732555627823], "camera_location": [3.1075263023376465, 0.48599961400032043, -0.8135797381401062], "point_normal": [-0.728654682636261, -0.24732623994350433, -0.6386642456054688], "camera_rotation_final_quaternion": [0.6242086291313171, 0.7324896454811096, -0.21223066747188568, -0.16964860260486603], "skybox_img": 4, "point_uuid": "78", "field_of_view_rads": 1.4743485341217646, "camera_rotation_final": [1.7347172498703003, -0.01642148196697235, -0.5501044392585754]}