{"camera_uuid": "15691", "obliqueness_angle": 1.1350511312484741, "nonfixated_points_in_view": [], "camera_rotation_original": [1.5707963705062866, 0.04933874309062958, -2.358844518661499], "point_location": [6.496413230895996, -0.9186689257621765, -1.3843356370925903], "skybox_img_path": "./img/high/15691_skybox4.jpg", "resolution": 512, "camera_distance": 0.8637506279135712, "view_id": 13, "point_pitch": -0.45190779765578704, "camera_rotation_from_original_to_final": [0.31321150064468384, 0.29848581552505493, 0.5353100299835205], "camera_location": [5.74619197845459, -0.6862642168998718, -1.0248620510101318], "point_normal": [-0.002619897248223424, 0.013651745393872261, 0.9999033808708191], "camera_rotation_final_quaternion": [0.48272499442100525, 0.3310123383998871, -0.4270153343677521, -0.6892498135566711], "skybox_img": 4, "point_uuid": "21", "field_of_view_rads": 0.6651429173367224, "camera_rotation_final": [1.1411144733428955, 0.044052671641111374, -1.891379952430725]}