{"camera_uuid": "7152", "obliqueness_angle": 0.9970241785049438, "nonfixated_points_in_view": [], "camera_rotation_original": [1.5707963705062866, -0.16674217581748962, -1.2532390356063843], "point_location": [0.7851385474205017, 1.2789015769958496, -1.4171496629714966], "skybox_img_path": "./img/high/7152_skybox4.jpg", "resolution": 512, "camera_distance": 0.7856518239500181, "view_id": 61, "point_pitch": -0.5463411053034921, "camera_rotation_from_original_to_final": [-0.2308085858821869, 0.5773683786392212, 0.3203178346157074], "camera_location": [0.29583126306533813, 0.8649677038192749, -0.9627424478530884], "point_normal": [0.04163115471601486, 0.017202280461788177, 0.9989850521087646], "camera_rotation_final_quaternion": [0.8363766670227051, 0.3973388075828552, -0.23006655275821686, -0.2994416654109955], "skybox_img": 4, "point_uuid": "187", "field_of_view_rads": 1.6097076868571798, "camera_rotation_final": [0.9462556838989258, -0.14741839468479156, -0.7631732225418091]}