{"camera_uuid": "7958", "obliqueness_angle": 1.006467580795288, "nonfixated_points_in_view": [48, 110], "camera_rotation_original": [1.5707963705062866, -0.07906636595726013, 2.8060567378997803], "point_location": [4.301836967468262, 1.017685055732727, -0.9298179745674133], "skybox_img_path": "./img/high/7958_skybox4.jpg", "resolution": 512, "camera_distance": 0.9446449937794339, "view_id": 20, "point_pitch": 0.13002605835464998, "camera_rotation_from_original_to_final": [-0.15469780564308167, 0.04758807644248009, -0.40974292159080505], "camera_location": [4.931910514831543, 1.7048780918121338, -1.0818942785263062], "point_normal": [0.5320354104042053, 0.411212295293808, 0.7401641011238098], "camera_rotation_final_quaternion": [0.21258452534675598, 0.30205556750297546, 0.6994686722755432, 0.6118119359016418], "skybox_img": 4, "point_uuid": "143", "field_of_view_rads": 1.949514490688795, "camera_rotation_final": [1.732914924621582, -0.07227285951375961, 2.3877201080322266]}