{"camera_uuid": "8307", "obliqueness_angle": 1.1181375980377197, "nonfixated_points_in_view": [], "camera_rotation_original": [1.5707963705062866, -0.131728395819664, 2.38332462310791], "point_location": [-0.11395721882581711, -0.04560520127415657, -1.4123445749282837], "skybox_img_path": "./img/high/8307_skybox4.jpg", "resolution": 512, "camera_distance": 0.9875237771760039, "view_id": 66, "point_pitch": -0.39498107036086516, "camera_rotation_from_original_to_final": [0.34813961386680603, -0.33340415358543396, 0.5833137631416321], "camera_location": [-0.016396410763263702, 0.8262585401535034, -0.9589807987213135], "point_normal": [-0.009451550431549549, -0.023393457755446434, 0.9996817111968994], "camera_rotation_final_quaternion": [-0.0010115397162735462, 0.05844448506832123, 0.5167576670646667, 0.8541339039802551], "skybox_img": 4, "point_uuid": "192", "field_of_view_rads": 1.494443233462961, "camera_rotation_final": [1.091172218322754, -0.10105618834495544, 3.0825822353363037]}