{"camera_uuid": "10868", "obliqueness_angle": 0.8279034495353699, "nonfixated_points_in_view": [], "camera_rotation_original": [1.5707963705062866, 0.03247171267867088, -0.8979169726371765], "point_location": [1.46160089969635, 0.19978925585746765, -1.450141191482544], "skybox_img_path": "./img/high/10868_skybox4.jpg", "resolution": 512, "camera_distance": 0.9898909400223022, "view_id": 21, "point_pitch": -0.5071298321101327, "camera_rotation_from_original_to_final": [-0.33051300048828125, 0.3927799463272095, -0.07667713612318039], "camera_location": [0.780235767364502, -0.333131343126297, -0.9688706994056702], "point_normal": [-0.5807929635047913, 0.19898450374603271, 0.7893571853637695], "camera_rotation_final_quaternion": [0.7677373290061951, 0.4596675634384155, -0.21357223391532898, -0.3920101821422577], "skybox_img": 4, "point_uuid": "100", "field_of_view_rads": 0.7376648996792496, "camera_rotation_final": [1.0627840757369995, 0.032459698617458344, -0.9251099228858948]}