{"camera_uuid": "8520", "obliqueness_angle": 0.24640105664730072, "nonfixated_points_in_view": [], "camera_rotation_original": [1.5707963705062866, -0.11059053987264633, 2.227903127670288], "point_location": [4.301836967468262, 1.017685055732727, -0.9298179745674133], "skybox_img_path": "./img/high/8520_skybox4.jpg", "resolution": 512, "camera_distance": 0.9116001627337113, "view_id": 19, "point_pitch": -0.6663662632319589, "camera_rotation_from_original_to_final": [0.4498275816440582, -0.48261409997940063, -0.3221130073070526], "camera_location": [4.960444450378418, 1.3265109062194824, -0.38038402795791626], "point_normal": [0.5320354104042053, 0.411212295293808, 0.7401641011238098], "camera_rotation_final_quaternion": [0.4271462857723236, 0.26434358954429626, 0.3588392436504364, 0.7867038249969482], "skybox_img": 4, "point_uuid": "143", "field_of_view_rads": 1.6071546237233685, "camera_rotation_final": [0.9193326830863953, -0.10958576202392578, 2.092463493347168]}