{"camera_uuid": "9159", "obliqueness_angle": 1.1737967729568481, "nonfixated_points_in_view": [], "camera_rotation_original": [1.5707963705062866, -0.013792949728667736, -1.825778841972351], "point_location": [6.319373607635498, 3.116034984588623, -1.4095163345336914], "skybox_img_path": "./img/high/9159_skybox4.jpg", "resolution": 512, "camera_distance": 0.8437314601302843, "view_id": 2, "point_pitch": -0.5077058513972421, "camera_rotation_from_original_to_final": [0.13967780768871307, 0.49426260590553284, 0.3517206907272339], "camera_location": [5.585227966308594, 3.071101427078247, -0.9961231350898743], "point_normal": [0.11794652789831161, -0.12946823239326477, 0.9845438599586487], "camera_rotation_final_quaternion": [0.6331035494804382, 0.36522597074508667, -0.34875616431236267, -0.5866506695747375], "skybox_img": 4, "point_uuid": "112", "field_of_view_rads": 1.0910236528484336, "camera_rotation_final": [1.0587064027786255, -0.013077786192297935, -1.5023167133331299]}