{"camera_uuid": "14067", "obliqueness_angle": 0.6387810111045837, "nonfixated_points_in_view": [], "camera_rotation_original": [1.5707963705062866, -0.07599041610956192, 1.7616679668426514], "point_location": [5.635040283203125, 1.0644794702529907, -1.395928978919983], "skybox_img_path": "./img/high/14067_skybox4.jpg", "resolution": 512, "camera_distance": 0.9087273192444897, "view_id": 13, "point_pitch": -0.09832815726729827, "camera_rotation_from_original_to_final": [0.013792927376925945, -0.14243869483470917, 0.6135761737823486], "camera_location": [6.257596969604492, 1.713759422302246, -1.266917109489441], "point_normal": [0.9823573231697083, 0.185846209526062, -0.02086620032787323], "camera_rotation_final_quaternion": [0.2598382830619812, 0.26310139894485474, 0.5998273491859436, 0.7095553874969482], "skybox_img": 4, "point_uuid": "116", "field_of_view_rads": 0.6651429173367224, "camera_rotation_final": [1.4280720949172974, -0.06169291213154793, 2.3860626220703125]}