{"camera_uuid": "5965", "obliqueness_angle": 0.8690302968025208, "nonfixated_points_in_view": [], "camera_rotation_original": [1.5707963705062866, 0.022159069776535034, -1.7640597820281982], "point_location": [3.4670467376708984, 1.0758438110351562, -0.6993377804756165], "skybox_img_path": "./img/high/5965_skybox4.jpg", "resolution": 512, "camera_distance": 0.9867416242873739, "view_id": 26, "point_pitch": -0.017059727511133715, "camera_rotation_from_original_to_final": [0.003388390876352787, 0.017337609082460403, -0.027123071253299713], "camera_location": [2.5043280124664307, 1.2915469408035278, -0.6819072961807251], "point_normal": [-0.728654682636261, -0.24732623994350433, -0.6386642456054688], "camera_rotation_final_quaternion": [0.4396655857563019, 0.4440859258174896, -0.5421765446662903, -0.5617174506187439], "skybox_img": 4, "point_uuid": "78", "field_of_view_rads": 1.6071546237233685, "camera_rotation_final": [1.5531264543533325, 0.022150671109557152, -1.791603684425354]}