{"camera_uuid": "15060", "obliqueness_angle": 1.2851530313491821, "nonfixated_points_in_view": [], "camera_rotation_original": [1.5707963705062866, 0.17203161120414734, -0.3150860071182251], "point_location": [1.9191844463348389, 0.03978348895907402, -1.4310652017593384], "skybox_img_path": "./img/high/15060_skybox4.jpg", "resolution": 512, "camera_distance": 0.48141453375711024, "view_id": 11, "point_pitch": -0.35421733458968596, "camera_rotation_from_original_to_final": [-0.2541007995605469, 0.060756780207157135, 0.5940545797348022], "camera_location": [2.049539804458618, -0.40677571296691895, -1.30716073513031], "point_normal": [-0.03025132790207863, -0.0354352742433548, 0.9989140033721924], "camera_rotation_final_quaternion": [0.7911533713340759, 0.5949761867523193, 0.1315883845090866, 0.052575673907995224], "skybox_img": 4, "point_uuid": "175", "field_of_view_rads": 1.3896106772310381, "camera_rotation_final": [1.3076188564300537, 0.14617058634757996, 0.24479685723781586]}