{"camera_uuid": "8412", "obliqueness_angle": 1.53826105594635, "nonfixated_points_in_view": [], "camera_rotation_original": [1.5707963705062866, 0.17383331060409546, 0.5916867852210999], "point_location": [-0.34234288334846497, 0.8369564414024353, -0.7921566963195801], "skybox_img_path": "./img/high/8412_skybox4.jpg", "resolution": 512, "camera_distance": 0.9125291535592011, "view_id": 58, "point_pitch": -0.08854608138534026, "camera_rotation_from_original_to_final": [-0.038302768021821976, -0.03073432296514511, 0.23589825630187988], "camera_location": [0.3283217251300812, 0.21976390480995178, -0.7475264072418213], "point_normal": [0.04777548089623451, 0.07583989202976227, 0.9959748387336731], "camera_rotation_final_quaternion": [0.6854414939880371, 0.6057462692260742, 0.3295714259147644, 0.2337179183959961], "skybox_img": 4, "point_uuid": "121", "field_of_view_rads": 1.6719092344888167, "camera_rotation_final": [1.521156907081604, 0.1694663166999817, 0.8185157775878906]}