{"camera_uuid": "5961", "obliqueness_angle": 1.0734059810638428, "nonfixated_points_in_view": [27], "camera_rotation_original": [1.5707963705062866, 0.04057379439473152, 1.0872606039047241], "point_location": [3.3389689922332764, 2.438570022583008, -0.8113840222358704], "skybox_img_path": "./img/high/5961_skybox4.jpg", "resolution": 512, "camera_distance": 0.8882636799076968, "view_id": 0, "point_pitch": 0.22736878792313142, "camera_rotation_from_original_to_final": [0.10136622935533524, 0.1820615977048874, -0.4908389151096344], "camera_location": [3.8207569122314453, 1.7152270078659058, -0.9948714375495911], "point_normal": [-0.2663995921611786, -0.5653291940689087, -0.7806627154350281], "camera_rotation_final_quaternion": [0.606099009513855, 0.7391994595527649, 0.23847122490406036, 0.17134660482406616], "skybox_img": 4, "point_uuid": "196", "field_of_view_rads": 1.0386947080855735, "camera_rotation_final": [1.7789981365203857, 0.03576331585645676, 0.595134437084198]}