{"camera_uuid": "14620", "obliqueness_angle": 1.2350237369537354, "nonfixated_points_in_view": [65, 118], "camera_rotation_original": [1.5707963705062866, -0.04593745246529579, 0.8192160129547119], "point_location": [0.580907940864563, -0.050188999623060226, -1.4085019826889038], "skybox_img_path": "./img/high/14620_skybox4.jpg", "resolution": 512, "camera_distance": 0.7108946750653866, "view_id": 6, "point_pitch": -0.39473692973586516, "camera_rotation_from_original_to_final": [-0.26278260350227356, -0.26840147376060486, -0.45626336336135864], "camera_location": [0.7939316630363464, -0.6768860816955566, -1.1491895914077759], "point_normal": [0.11274728178977966, 0.07453673332929611, 0.9908240437507629], "camera_rotation_final_quaternion": [0.8118531703948975, 0.5579097867012024, 0.07970058917999268, 0.15257440507411957], "skybox_img": 4, "point_uuid": "57", "field_of_view_rads": 1.48952952790217, "camera_rotation_final": [1.1970845460891724, -0.04084649682044983, 0.34367403388023376]}