{"camera_uuid": "5572", "obliqueness_angle": 0.567246675491333, "nonfixated_points_in_view": [], "camera_rotation_original": [1.5707963705062866, -0.1418561339378357, -2.7838053703308105], "point_location": [4.561407566070557, 1.4919605255126953, -1.3709478378295898], "skybox_img_path": "./img/high/5572_skybox4.jpg", "resolution": 512, "camera_distance": 0.808325706964989, "view_id": 7, "point_pitch": -0.16174130042525725, "camera_rotation_from_original_to_final": [0.21721942722797394, 0.06662498414516449, 0.4680250287055969], "camera_location": [3.985490560531616, 2.029278039932251, -1.1892889738082886], "point_normal": [-0.47309228777885437, 0.8454535603523254, -0.2477739304304123], "camera_rotation_final_quaternion": [0.3574071526527405, 0.21099773049354553, -0.5857582092285156, -0.696151852607727], "skybox_img": 4, "point_uuid": "26", "field_of_view_rads": 0.5961933550608073, "camera_rotation_final": [1.342303991317749, -0.12526273727416992, -2.2924892902374268]}