{"camera_uuid": "6752", "obliqueness_angle": 1.0100934505462646, "nonfixated_points_in_view": [], "camera_rotation_original": [1.5707963705062866, 0.025535939261317253, 1.5639076232910156], "point_location": [3.3059499263763428, 1.507105827331543, -1.4197665452957153], "skybox_img_path": "./img/high/6752_skybox4.jpg", "resolution": 512, "camera_distance": 0.9354363776397956, "view_id": 27, "point_pitch": -0.6028324802729745, "camera_rotation_from_original_to_final": [-0.004193167667835951, -0.5880194306373596, 0.6265929937362671], "camera_location": [3.9401652812957764, 1.958264946937561, -0.900856614112854], "point_normal": [-0.034560561180114746, 0.0017010869923979044, 0.9994011521339417], "camera_rotation_final_quaternion": [0.4140157699584961, 0.2110261619091034, 0.4220254123210907, 0.7784301042556763], "skybox_img": 4, "point_uuid": "155", "field_of_view_rads": 1.3087021427806742, "camera_rotation_final": [0.9826180338859558, 0.02091364748775959, 2.175164222717285]}