{"camera_uuid": "3420", "obliqueness_angle": 0.8029717803001404, "nonfixated_points_in_view": [], "camera_rotation_original": [1.5707963705062866, 0.15085023641586304, 2.846604585647583], "point_location": [0.7851385474205017, 1.2789015769958496, -1.4171496629714966], "skybox_img_path": "./img/high/3420_skybox4.jpg", "resolution": 512, "camera_distance": 0.9067085109213427, "view_id": 79, "point_pitch": -0.6598555286738534, "camera_rotation_from_original_to_final": [0.7020682096481323, -0.21249251067638397, -0.49778032302856445], "camera_location": [1.223996639251709, 1.7942776679992676, -0.8138989806175232], "point_normal": [0.04163115471601486, 0.017202280461788177, 0.9989850521087646], "camera_rotation_final_quaternion": [0.388955682516098, 0.10715408623218536, 0.3947889804840088, 0.8254532814025879], "skybox_img": 4, "point_uuid": "187", "field_of_view_rads": 1.6952755359089273, "camera_rotation_final": [0.835196316242218, 0.13058023154735565, 2.318905830383301]}