{"camera_uuid": "9616", "obliqueness_angle": 0.8731764554977417, "nonfixated_points_in_view": [], "camera_rotation_original": [1.5707963705062866, 0.07201880216598511, -3.0314629077911377], "point_location": [2.624671697616577, -0.7024632096290588, -0.5636605024337769], "skybox_img_path": "./img/high/9616_skybox4.jpg", "resolution": 512, "camera_distance": 0.9323442828747617, "view_id": 29, "point_pitch": -0.7409781654688974, "camera_rotation_from_original_to_final": [0.7256364822387695, 0.05587441101670265, 0.2381405234336853], "camera_location": [2.3950886726379395, -0.04482108727097511, 0.05606873333454132], "point_normal": [-0.34883588552474976, 0.9258549809455872, -0.14528000354766846], "camera_rotation_final_quaternion": [0.1095234826207161, 0.0875692069530487, -0.3999771177768707, -0.9057342410087585], "skybox_img": 4, "point_uuid": "60", "field_of_view_rads": 2.0062308946333633, "camera_rotation_final": [0.8414500951766968, 0.07107490301132202, -2.8691039085388184]}