{"camera_uuid": "3758", "obliqueness_angle": 1.426041841506958, "nonfixated_points_in_view": [], "camera_rotation_original": [1.5707963705062866, 0.138934925198555, -0.5671420693397522], "point_location": [3.4955337047576904, 2.483621597290039, -0.9530870914459229], "skybox_img_path": "./img/high/3758_skybox4.jpg", "resolution": 512, "camera_distance": 0.7143803657018282, "view_id": 5, "point_pitch": 0.05558653275040193, "camera_rotation_from_original_to_final": [0.07108200341463089, -0.048813216388225555, 0.21477068960666656], "camera_location": [3.251146078109741, 1.8151639699935913, -1.0145556926727295], "point_normal": [-0.05499757453799248, -0.04231813922524452, -0.9975893497467041], "camera_rotation_final_quaternion": [0.6561095118522644, 0.7326615452766418, -0.07892709970474243, -0.1627817004919052], "skybox_img": 4, "point_uuid": "46", "field_of_view_rads": 2.119048415795751, "camera_rotation_final": [1.657745122909546, 0.13537122309207916, -0.33874011039733887]}