{"camera_uuid": "8196", "obliqueness_angle": 1.2754669189453125, "nonfixated_points_in_view": [], "camera_rotation_original": [1.5707963705062866, -0.009351031854748726, -2.6141066551208496], "point_location": [2.9207348823547363, -0.5152132511138916, -0.5628843903541565], "skybox_img_path": "./img/high/8196_skybox4.jpg", "resolution": 512, "camera_distance": 0.9693977162368369, "view_id": 26, "point_pitch": -0.09050325950118498, "camera_rotation_from_original_to_final": [0.07987041771411896, 0.04629082605242729, 0.1937570869922638], "camera_location": [2.284684896469116, 0.2108658105134964, -0.4735448956489563], "point_normal": [-0.26315274834632874, 0.039460260421037674, 0.9639468193054199], "camera_rotation_final_quaternion": [0.2632979452610016, 0.2342417985200882, -0.6317048668861389, -0.690473735332489], "skybox_img": 4, "point_uuid": "152", "field_of_view_rads": 1.82720328702949, "camera_rotation_final": [1.4785019159317017, -0.009177673608064651, -2.4213438034057617]}