{"camera_uuid": "3876", "obliqueness_angle": 0.3740239143371582, "nonfixated_points_in_view": [], "camera_rotation_original": [1.5707963705062866, 0.009422131814062595, -0.06545355170965195], "point_location": [1.1355481147766113, 2.277404546737671, -1.37511146068573], "skybox_img_path": "./img/high/3876_skybox4.jpg", "resolution": 512, "camera_distance": 0.6126038096000445, "view_id": 30, "point_pitch": -0.41697816451522307, "camera_rotation_from_original_to_final": [-0.42222970724105835, 0.025536328554153442, -0.6903545260429382], "camera_location": [0.7545063495635986, 1.8689128160476685, -1.123665452003479], "point_normal": [-0.34670761227607727, -0.666063666343689, 0.6604189276695251], "camera_rotation_final_quaternion": [0.78008633852005, 0.5059261322021484, -0.19700628519058228, -0.3109543025493622], "skybox_img": 4, "point_uuid": "162", "field_of_view_rads": 1.1173938933188836, "camera_rotation_final": [1.147831916809082, 0.0072760554030537605, -0.7539200782775879]}