{"camera_uuid": "14917", "obliqueness_angle": 1.1896812915802002, "nonfixated_points_in_view": [], "camera_rotation_original": [1.5707963705062866, 0.11301150172948837, -1.9788529872894287], "point_location": [6.403560161590576, -0.3128143846988678, -1.373155951499939], "skybox_img_path": "./img/high/14917_skybox4.jpg", "resolution": 512, "camera_distance": 0.9867065924287097, "view_id": 2, "point_pitch": -0.17168275912734465, "camera_rotation_from_original_to_final": [0.041616570204496384, 0.11821536719799042, 0.4363720417022705], "camera_location": [5.424862384796143, -0.3375733494758606, -1.2501617670059204], "point_normal": [-0.4072767198085785, 0.9103356599807739, -0.07358577847480774], "camera_rotation_final_quaternion": [0.5089583396911621, 0.4970571994781494, -0.43658745288848877, -0.550714910030365], "skybox_img": 4, "point_uuid": "113", "field_of_view_rads": 1.7779022957772381, "camera_rotation_final": [1.4451475143432617, 0.10324731469154358, -1.5585217475891113]}