{"camera_uuid": "14766", "obliqueness_angle": 1.3002254962921143, "nonfixated_points_in_view": [23], "camera_rotation_original": [1.5707963705062866, 0.10837561637163162, 2.7938191890716553], "point_location": [5.022676944732666, -0.4345104992389679, -1.360304355621338], "skybox_img_path": "./img/high/14766_skybox4.jpg", "resolution": 512, "camera_distance": 0.7466272199488524, "view_id": 19, "point_pitch": -0.15540842612716155, "camera_rotation_from_original_to_final": [0.20833063125610352, -0.05768660083413124, -0.5822821855545044], "camera_location": [5.605522155761719, 0.003974722698330879, -1.200697422027588], "point_normal": [0.020464561879634857, 0.0647537112236023, 0.9976915121078491], "camera_rotation_final_quaternion": [0.37950068712234497, 0.253939151763916, 0.5732622742652893, 0.6803414821624756], "skybox_img": 4, "point_uuid": "62", "field_of_view_rads": 1.8083336999188173, "camera_rotation_final": [1.3544799089431763, 0.08969643712043762, 2.1960973739624023]}