{"camera_uuid": "5224", "obliqueness_angle": 1.3309636116027832, "nonfixated_points_in_view": [], "camera_rotation_original": [1.5707963705062866, -0.12588921189308167, -2.3560802936553955], "point_location": [0.7851385474205017, 1.2789015769958496, -1.4171496629714966], "skybox_img_path": "./img/high/5224_skybox4.jpg", "resolution": 512, "camera_distance": 0.9635331194300919, "view_id": 12, "point_pitch": -0.24480764468642668, "camera_rotation_from_original_to_final": [0.1856030970811844, 0.18642990291118622, 0.14072051644325256], "camera_location": [0.05132945254445076, 1.851179599761963, -1.1673134565353394], "point_normal": [0.04163115471601486, 0.017202280461788177, 0.9989850521087646], "camera_rotation_final_quaternion": [0.3933260440826416, 0.23127290606498718, -0.5629093647003174, -0.6891592741012573], "skybox_img": 4, "point_uuid": "187", "field_of_view_rads": 0.9322372163182677, "camera_rotation_final": [1.3064172267913818, -0.12436645478010178, -2.199575185775757]}