{"camera_uuid": "6152", "obliqueness_angle": 0.8095070123672485, "nonfixated_points_in_view": [], "camera_rotation_original": [1.5707963705062866, 0.014604713767766953, -2.4044506549835205], "point_location": [1.46160089969635, 0.19978925585746765, -1.450141191482544], "skybox_img_path": "./img/high/6152_skybox4.jpg", "resolution": 512, "camera_distance": 0.7977320862941695, "view_id": 17, "point_pitch": -0.653253241381373, "camera_rotation_from_original_to_final": [0.5233885049819946, 0.42574235796928406, -0.515256941318512], "camera_location": [1.394827127456665, 0.8254979252815247, -0.9598286747932434], "point_normal": [-0.5807929635047913, 0.19898450374603271, 0.7893571853637695], "camera_rotation_final_quaternion": [0.04107639938592911, 0.026577092707157135, -0.4381519556045532, -0.8975685238838196], "skybox_img": 4, "point_uuid": "100", "field_of_view_rads": 1.0039714359666843, "camera_rotation_final": [0.9088221788406372, 0.011714382097125053, -3.044405698776245]}