{"camera_uuid": "9259", "obliqueness_angle": 1.1358575820922852, "nonfixated_points_in_view": [], "camera_rotation_original": [1.5707963705062866, 0.1629020869731903, -0.8909786343574524], "point_location": [2.3592991828918457, 0.36116912961006165, -1.4106029272079468], "skybox_img_path": "./img/high/9259_skybox4.jpg", "resolution": 512, "camera_distance": 0.8923592716500924, "view_id": 11, "point_pitch": -0.36322252353164153, "camera_rotation_from_original_to_final": [-0.2998846173286438, 0.3361835479736328, -0.5545432567596436], "camera_location": [1.566618800163269, 0.22171393036842346, -1.025226354598999], "point_normal": [-0.7301523685455322, 0.6114823222160339, -0.3049046993255615], "camera_rotation_final_quaternion": [0.6047790050506592, 0.4331192374229431, -0.31060656905174255, -0.5917547345161438], "skybox_img": 4, "point_uuid": "28", "field_of_view_rads": 0.7352830670651015, "camera_rotation_final": [1.1196832656860352, 0.1373353749513626, -1.4628729820251465]}