{"camera_uuid": "3783", "obliqueness_angle": 0.8865025639533997, "nonfixated_points_in_view": [], "camera_rotation_original": [1.5707963705062866, 0.01741156168282032, -1.8426051139831543], "point_location": [0.7851385474205017, 1.2789015769958496, -1.4171496629714966], "skybox_img_path": "./img/high/3783_skybox4.jpg", "resolution": 512, "camera_distance": 0.9540890758247851, "view_id": 26, "point_pitch": -0.6245905598017831, "camera_rotation_from_original_to_final": [0.19503316283226013, 0.6085724830627441, -0.5938860774040222], "camera_location": [0.32433608174324036, 1.8932446241378784, -0.8509962558746338], "point_normal": [0.012679249048233032, 0.07213246822357178, 0.9973145127296448], "camera_rotation_final_quaternion": [0.27506375312805176, 0.14622804522514343, -0.42651957273483276, -0.8491397500038147], "skybox_img": 4, "point_uuid": "187", "field_of_view_rads": 0.6299741311869721, "camera_rotation_final": [0.9354547262191772, 0.013696370646357536, -2.5081427097320557]}