{"camera_uuid": "4974", "obliqueness_angle": 1.4396811723709106, "nonfixated_points_in_view": [], "camera_rotation_original": [1.5707963705062866, -0.04431164637207985, 0.3728611171245575], "point_location": [0.417374849319458, 2.3124659061431885, -1.4506763219833374], "skybox_img_path": "./img/high/4974_skybox4.jpg", "resolution": 512, "camera_distance": 0.9302156294650114, "view_id": 4, "point_pitch": -0.518025322756495, "camera_rotation_from_original_to_final": [-0.4611213207244873, -0.165542334318161, -0.7202309370040894], "camera_location": [0.10915663838386536, 1.5507714748382568, -1.014643907546997], "point_normal": [-0.9782938361167908, 0.16282261908054352, -0.12818016111850739], "camera_rotation_final_quaternion": [0.8440558314323425, 0.5039845108985901, -0.10783278197050095, -0.14812642335891724], "skybox_img": 4, "point_uuid": "174", "field_of_view_rads": 1.3089185547613287, "camera_rotation_final": [1.0826442241668701, -0.032732777297496796, -0.3671301603317261]}