{"camera_uuid": "5336", "obliqueness_angle": 1.3119280338287354, "nonfixated_points_in_view": [], "camera_rotation_original": [1.5707963705062866, 0.1005479097366333, -1.1487761735916138], "point_location": [0.7851385474205017, 1.2789015769958496, -1.4171496629714966], "skybox_img_path": "./img/high/5336_skybox4.jpg", "resolution": 512, "camera_distance": 0.5372292200745916, "view_id": 19, "point_pitch": -0.23309664329024748, "camera_rotation_from_original_to_final": [-0.11941707879304886, 0.24686895310878754, -0.4169526994228363], "camera_location": [0.26799383759498596, 1.2690002918243408, -1.2719650268554688], "point_normal": [0.012679249048233032, 0.07213246822357178, 0.9973145127296448], "camera_rotation_final_quaternion": [0.5417373180389404, 0.4508066475391388, -0.40205708146095276, -0.5845033526420593], "skybox_img": 4, "point_uuid": "187", "field_of_view_rads": 2.081073338083007, "camera_rotation_final": [1.2959673404693604, 0.09150496125221252, -1.5774121284484863]}