{"camera_uuid": "5239", "obliqueness_angle": 0.9215124249458313, "nonfixated_points_in_view": [], "camera_rotation_original": [1.5707963705062866, -0.09054266661405563, -1.7703309059143066], "point_location": [0.8357325792312622, 3.0001583099365234, -1.4500991106033325], "skybox_img_path": "./img/high/5239_skybox4.jpg", "resolution": 512, "camera_distance": 0.7909061986092405, "view_id": 3, "point_pitch": -0.6405662735316415, "camera_rotation_from_original_to_final": [0.14534248411655426, 0.6650737524032593, 0.4523911774158478], "camera_location": [0.23190025985240936, 2.879155397415161, -0.9538356065750122], "point_normal": [0.02106740139424801, 0.04000088572502136, 0.998977541923523], "camera_rotation_final_quaternion": [0.7265403866767883, 0.3191213607788086, -0.2905694246292114, -0.5346682071685791], "skybox_img": 4, "point_uuid": "133", "field_of_view_rads": 1.274054123740192, "camera_rotation_final": [0.8898493051528931, -0.08106151223182678, -1.307511806488037]}