{"camera_uuid": "12205", "obliqueness_angle": 0.6495709419250488, "nonfixated_points_in_view": [90], "camera_rotation_original": [1.5707963705062866, -0.02446662075817585, -0.2540106177330017], "point_location": [4.591547966003418, 0.7892270088195801, -1.4046629667282104], "skybox_img_path": "./img/high/12205_skybox4.jpg", "resolution": 512, "camera_distance": 0.6415517285414079, "view_id": 12, "point_pitch": -0.34770934184524016, "camera_rotation_from_original_to_final": [-0.33400288224220276, 0.08371242880821228, -0.172515869140625], "camera_location": [4.34934663772583, 0.2359408438205719, -1.188326358795166], "point_normal": [0.17283882200717926, -0.9842202663421631, 0.037912383675575256], "camera_rotation_final_quaternion": [0.8024280071258545, 0.56190025806427, -0.12515580654144287, -0.15720514953136444], "skybox_img": 4, "point_uuid": "159", "field_of_view_rads": 1.5766701541034631, "camera_rotation_final": [1.2267415523529053, -0.02419218048453331, -0.4039536118507385]}