{"camera_uuid": "9711", "obliqueness_angle": 1.362778663635254, "nonfixated_points_in_view": [], "camera_rotation_original": [1.5707963705062866, 0.09524112194776535, 2.924940347671509], "point_location": [2.9207348823547363, -0.5152132511138916, -0.5628843903541565], "skybox_img_path": "./img/high/9711_skybox4.jpg", "resolution": 512, "camera_distance": 0.6564869254309094, "view_id": 66, "point_pitch": -0.3066635568949838, "camera_rotation_from_original_to_final": [0.3426212966442108, -0.06882493197917938, -0.4586547613143921], "camera_location": [3.301048994064331, -0.029522642493247986, -0.3382938504219055], "point_normal": [-0.26315274834632874, 0.039460260421037674, 0.9639468193054199], "camera_rotation_final_quaternion": [0.30170223116874695, 0.16242867708206177, 0.550056517124176, 0.7615973353385925], "skybox_img": 4, "point_uuid": "152", "field_of_view_rads": 1.6704098442162183, "camera_rotation_final": [1.2203283309936523, 0.0845969021320343, 2.446402072906494]}