{"camera_uuid": "12625", "obliqueness_angle": 1.3510780334472656, "nonfixated_points_in_view": [92], "camera_rotation_original": [1.5707963705062866, 0.022642064839601517, -1.4254000186920166], "point_location": [5.577847957611084, 0.5073602795600891, -0.8285789489746094], "skybox_img_path": "./img/high/12625_skybox4.jpg", "resolution": 512, "camera_distance": 0.8152288954897485, "view_id": 62, "point_pitch": -0.25225154956313567, "camera_rotation_from_original_to_final": [-0.03874118998646736, 0.23630951344966888, 0.6027019619941711], "camera_location": [4.999598026275635, -0.03380817547440529, -0.6352867484092712], "point_normal": [0.047805894166231155, -0.0227388683706522, 0.9985978007316589], "camera_rotation_final_quaternion": [0.7184916734695435, 0.5689452290534973, -0.24031338095664978, -0.3198758363723755], "skybox_img": 4, "point_uuid": "11", "field_of_view_rads": 0.6720038838202558, "camera_rotation_final": [1.3313724994659424, 0.018658410757780075, -0.8230661153793335]}