{"camera_uuid": "6286", "obliqueness_angle": 0.9927884936332703, "nonfixated_points_in_view": [], "camera_rotation_original": [1.5707963705062866, 0.029216734692454338, -0.9579390287399292], "point_location": [0.7851385474205017, 1.2789015769958496, -1.4171496629714966], "skybox_img_path": "./img/high/6286_skybox4.jpg", "resolution": 512, "camera_distance": 0.4423568604290608, "view_id": 60, "point_pitch": -0.6154815395686288, "camera_rotation_from_original_to_final": [-0.38811591267585754, 0.5004939436912537, -0.35399162769317627], "camera_location": [0.44905412197113037, 1.1520140171051025, -1.1590287685394287], "point_normal": [0.04163115471601486, 0.017202280461788177, 0.9989850521087646], "camera_rotation_final_quaternion": [0.7230423092842102, 0.3798051178455353, -0.2529657483100891, -0.5186195373535156], "skybox_img": 4, "point_uuid": "187", "field_of_view_rads": 0.8526318947095067, "camera_rotation_final": [0.947464108467102, 0.028142545372247696, -1.2300224304199219]}