{"camera_uuid": "15614", "obliqueness_angle": 1.1795878410339355, "nonfixated_points_in_view": [], "camera_rotation_original": [1.5707963705062866, -0.05300746485590935, -0.8291499018669128], "point_location": [5.577847957611084, 0.5073602795600891, -0.8285789489746094], "skybox_img_path": "./img/high/15614_skybox4.jpg", "resolution": 512, "camera_distance": 0.40961372507416727, "view_id": 12, "point_pitch": -0.3662322004649301, "camera_rotation_from_original_to_final": [-0.2691129744052887, 0.28450262546539307, 0.3970644176006317], "camera_location": [5.432703495025635, 0.15725693106651306, -0.6731951236724854], "point_normal": [0.047805894166231155, -0.0227388683706522, 0.9985978007316589], "camera_rotation_final_quaternion": [0.8183837532997131, 0.5433721542358398, -0.12278295308351517, -0.14113502204418182], "skybox_img": 4, "point_uuid": "11", "field_of_view_rads": 0.9904486154446002, "camera_rotation_final": [1.181246042251587, -0.047607455402612686, -0.37347412109375]}