{"camera_uuid": "10956", "obliqueness_angle": 0.8854382038116455, "nonfixated_points_in_view": [124, 127], "camera_rotation_original": [1.5707963705062866, -0.07700329273939133, 1.8725486993789673], "point_location": [0.14699065685272217, -0.1122998520731926, -1.4476916790008545], "skybox_img_path": "./img/high/10956_skybox4.jpg", "resolution": 512, "camera_distance": 0.452936715025871, "view_id": 7, "point_pitch": -0.28023020823928313, "camera_rotation_from_original_to_final": [0.08597595244646072, -0.3212343454360962, 0.7066218256950378], "camera_location": [0.36923474073410034, 0.25375810265541077, -1.3001762628555298], "point_normal": [0.33598119020462036, 0.20910274982452393, 0.9183641672134399], "camera_rotation_final_quaternion": [0.19574202597141266, 0.17316985130310059, 0.5542281866073608, 0.7902711033821106], "skybox_img": 4, "point_uuid": "178", "field_of_view_rads": 2.0816637958161985, "camera_rotation_final": [1.2385027408599854, -0.056761231273412704, 2.615522861480713]}