{"camera_uuid": "12085", "obliqueness_angle": 1.111701250076294, "nonfixated_points_in_view": [], "camera_rotation_original": [1.5707963705062866, -0.04255278408527374, 0.4431138336658478], "point_location": [-0.11395721882581711, -0.04560520127415657, -1.4123445749282837], "skybox_img_path": "./img/high/12085_skybox4.jpg", "resolution": 512, "camera_distance": 0.6936564544460335, "view_id": 64, "point_pitch": -0.4571854313227792, "camera_rotation_from_original_to_final": [-0.39812594652175903, -0.1795099675655365, -0.5284439325332642], "camera_location": [-0.1899522840976715, -0.6701310276985168, -1.1201947927474976], "point_normal": [-0.009451550431549549, -0.023393457755446434, 0.9996817111968994], "camera_rotation_final_quaternion": [0.8422715663909912, 0.5362257361412048, -0.043303120881319046, -0.034137893468141556], "skybox_img": 4, "point_uuid": "192", "field_of_view_rads": 1.3847446318031613, "camera_rotation_final": [1.1357505321502686, -0.03634274750947952, -0.10420441627502441]}