{"camera_uuid": "9191", "obliqueness_angle": 0.874517560005188, "nonfixated_points_in_view": [], "camera_rotation_original": [1.5707963705062866, 0.025155460461974144, -2.013216495513916], "point_location": [0.580907940864563, -0.050188999623060226, -1.4085019826889038], "skybox_img_path": "./img/high/9191_skybox4.jpg", "resolution": 512, "camera_distance": 0.7672244560290858, "view_id": 2, "point_pitch": -0.33659176429244475, "camera_rotation_from_original_to_final": [0.15228360891342163, 0.3191820979118347, -0.6556516885757446], "camera_location": [0.2694140672683716, 0.5989983081817627, -1.1436232328414917], "point_normal": [-0.16356271505355835, 0.2954562306404114, 0.941250741481781], "camera_rotation_final_quaternion": [0.17363876104354858, 0.13269150257110596, -0.5565713047981262, -0.8015428185462952], "skybox_img": 4, "point_uuid": "57", "field_of_view_rads": 1.0910236528484336, "camera_rotation_final": [1.2182295322418213, 0.01943235844373703, -2.7013678550720215]}