{"camera_uuid": "6634", "obliqueness_angle": 1.089245080947876, "nonfixated_points_in_view": [], "camera_rotation_original": [1.5707963705062866, -0.0059395707212388515, 2.3813252449035645], "point_location": [3.3059499263763428, 1.507105827331543, -1.4197665452957153], "skybox_img_path": "./img/high/6634_skybox4.jpg", "resolution": 512, "camera_distance": 0.9890966632481089, "view_id": 25, "point_pitch": -0.5128473480555673, "camera_rotation_from_original_to_final": [0.38630810379981995, -0.34340882301330566, -0.37316185235977173], "camera_location": [4.060960292816162, 1.9245151281356812, -0.9359886646270752], "point_normal": [-0.034560561180114746, 0.0017010869923979044, 0.9994011521339417], "camera_rotation_final_quaternion": [0.4359389543533325, 0.2581740617752075, 0.43450063467025757, 0.7446560263633728], "skybox_img": 4, "point_uuid": "155", "field_of_view_rads": 1.2546257408138766, "camera_rotation_final": [1.0597174167633057, -0.005670271813869476, 2.0790066719055176]}