{"camera_uuid": "14478", "obliqueness_angle": 1.3001571893692017, "nonfixated_points_in_view": [124, 118, 127], "camera_rotation_original": [1.5707963705062866, 0.01894199661910534, 0.264761358499527], "point_location": [0.06814911961555481, 0.24820655584335327, -1.4617801904678345], "skybox_img_path": "./img/high/14478_skybox4.jpg", "resolution": 512, "camera_distance": 0.8141590969581664, "view_id": 6, "point_pitch": -0.26710955699416594, "camera_rotation_from_original_to_final": [-0.2616676688194275, -0.06965041905641556, -0.1721888929605484], "camera_location": [0.1335466206073761, -0.5336012840270996, -1.2441688776016235], "point_normal": [-0.7559177279472351, -0.4688270390033722, -0.4569351077079773], "camera_rotation_final_quaternion": [0.7956069111824036, 0.6044763922691345, 0.031088795512914658, 0.025523154065012932], "skybox_img": 4, "point_uuid": "131", "field_of_view_rads": 1.48952952790217, "camera_rotation_final": [1.3001753091812134, 0.01861371099948883, 0.07829118520021439]}