{"camera_uuid": "1221", "obliqueness_angle": 1.3525142669677734, "nonfixated_points_in_view": [], "camera_rotation_original": [1.5707963705062866, -0.07426945120096207, -1.9831783771514893], "point_location": [1.5920188426971436, 2.1285598278045654, -1.4049173593521118], "skybox_img_path": "./img/high/1221_skybox4.jpg", "resolution": 512, "camera_distance": 0.9629503042053514, "view_id": 19, "point_pitch": -0.5429636677119394, "camera_rotation_from_original_to_final": [0.218549445271492, 0.45859089493751526, -0.5092544555664062], "camera_location": [1.1173523664474487, 2.8251230716705322, -0.939337432384491], "point_normal": [0.3241092562675476, -0.10795459151268005, 0.9398399591445923], "camera_rotation_final_quaternion": [0.28381943702697754, 0.1317933052778244, -0.49079933762550354, -0.8131377696990967], "skybox_img": 4, "point_uuid": "107", "field_of_view_rads": 1.8083336999188173, "camera_rotation_final": [1.0650110244750977, -0.06430886685848236, -2.50785493850708]}