{"camera_uuid": "5649", "obliqueness_angle": 0.6025965213775635, "nonfixated_points_in_view": [44], "camera_rotation_original": [1.5707963705062866, -0.14623785018920898, 1.2085237503051758], "point_location": [-0.30368760228157043, 1.3439174890518188, -0.7665223479270935], "skybox_img_path": "./img/high/5649_skybox4.jpg", "resolution": 512, "camera_distance": 0.8714264436792326, "view_id": 23, "point_pitch": 0.7387148300793509, "camera_rotation_from_original_to_final": [0.3219982087612152, 0.6297731399536133, 0.4458359181880951], "camera_location": [0.36487627029418945, 1.3387432098388672, -1.3254317045211792], "point_normal": [0.9422652125358582, 0.29410141706466675, -0.16012726724147797], "camera_rotation_final_quaternion": [0.2716015875339508, 0.6995052695274353, 0.5756552219390869, 0.3248784840106964], "skybox_img": 4, "point_uuid": "180", "field_of_view_rads": 2.056502920039658, "camera_rotation_final": [2.275648355484009, -0.1422903686761856, 1.4430108070373535]}