{"camera_uuid": "1671", "obliqueness_angle": 1.0543169975280762, "nonfixated_points_in_view": [97, 42], "camera_rotation_original": [1.5707963705062866, -0.0874922126531601, 1.8192238807678223], "point_location": [-0.014790859073400497, 3.0187888145446777, -1.4541010856628418], "skybox_img_path": "./img/high/1671_skybox4.jpg", "resolution": 512, "camera_distance": 0.8587082465438143, "view_id": 14, "point_pitch": -0.5167342861506601, "camera_rotation_from_original_to_final": [0.15160639584064484, -0.49700748920440674, -0.04999339580535889], "camera_location": [0.7111836075782776, 3.1914432048797607, -1.029211163520813], "point_normal": [-0.0014163268497213721, 0.001087893615476787, 0.9999983906745911], "camera_rotation_final_quaternion": [0.5011386275291443, 0.3310183584690094, 0.3781880736351013, 0.7044577598571777], "skybox_img": 4, "point_uuid": "3", "field_of_view_rads": 1.274054123740192, "camera_rotation_final": [1.051005244255066, -0.08743897080421448, 1.854217767715454]}