{"camera_uuid": "10878", "obliqueness_angle": 1.2877552509307861, "nonfixated_points_in_view": [], "camera_rotation_original": [1.5707963705062866, -0.052673954516649246, 3.0790207386016846], "point_location": [5.518570899963379, 1.8022818565368652, -0.9034366607666016], "skybox_img_path": "./img/high/10878_skybox4.jpg", "resolution": 512, "camera_distance": 0.9805525557732077, "view_id": 36, "point_pitch": -0.5183388431880136, "camera_rotation_from_original_to_final": [0.48804110288619995, -0.03178492560982704, -0.6116012930870056], "camera_location": [6.053116321563721, 2.483161449432373, -0.44284194707870483], "point_normal": [-0.3810344636440277, 0.07813670486211777, 0.9212532639503479], "camera_rotation_final_quaternion": [0.2597268521785736, 0.1803104430437088, 0.48231035470962524, 0.816949725151062], "skybox_img": 4, "point_uuid": "103", "field_of_view_rads": 0.9196569054818151, "camera_rotation_final": [1.0812941789627075, -0.04408548027276993, 2.4994900226593018]}