{"camera_uuid": "0959", "obliqueness_angle": 0.8740331530570984, "nonfixated_points_in_view": [], "camera_rotation_original": [1.5707963705062866, -0.05484509840607643, 1.0473519563674927], "point_location": [0.22651520371437073, 2.849133014678955, -1.442795991897583], "skybox_img_path": "./img/high/0959_skybox4.jpg", "resolution": 512, "camera_distance": 0.9935490438532734, "view_id": 31, "point_pitch": -0.6420997818324228, "camera_rotation_from_original_to_final": [-0.3770277202129364, -0.5712947249412537, 0.6877259016036987], "camera_location": [1.0025634765625, 2.8890740871429443, -0.8236890435218811], "point_normal": [0.024610353633761406, -0.009762244299054146, 0.9996494650840759], "camera_rotation_final_quaternion": [0.6013973951339722, 0.3078782856464386, 0.3060189485549927, 0.6707343459129333], "skybox_img": 4, "point_uuid": "150", "field_of_view_rads": 0.8621725352763273, "camera_rotation_final": [0.8972564935684204, -0.04494621604681015, 1.6580593585968018]}