{"camera_uuid": "1308", "obliqueness_angle": 1.0372276306152344, "nonfixated_points_in_view": [57], "camera_rotation_original": [1.5707963705062866, 0.13831627368927002, -1.1379716396331787], "point_location": [2.066779375076294, 2.579990863800049, -1.4030261039733887], "skybox_img_path": "./img/high/1308_skybox4.jpg", "resolution": 512, "camera_distance": 0.589089008640447, "view_id": 19, "point_pitch": -0.4632660587641855, "camera_rotation_from_original_to_final": [-0.2508791983127594, 0.48202377557754517, -0.604926586151123], "camera_location": [1.5643008947372437, 2.636413335800171, -1.1007716655731201], "point_normal": [0.0033442084677517414, -0.016241353005170822, 0.9998626112937927], "camera_rotation_final_quaternion": [0.5356093049049377, 0.3524335026741028, -0.3453211784362793, -0.6853222846984863], "skybox_img": 4, "point_uuid": "51", "field_of_view_rads": 1.8083336999188173, "camera_rotation_final": [1.028149962425232, 0.11338944733142853, -1.7507418394088745]}