{"camera_uuid": "10100", "obliqueness_angle": 0.6649183630943298, "nonfixated_points_in_view": [], "camera_rotation_original": [1.5707963705062866, -0.1351614147424698, -1.3248956203460693], "point_location": [5.518570899963379, 1.8022818565368652, -0.9034366607666016], "skybox_img_path": "./img/high/10100_skybox4.jpg", "resolution": 512, "camera_distance": 0.5718864984997917, "view_id": 27, "point_pitch": -0.5715269287440439, "camera_rotation_from_original_to_final": [-0.13847936689853668, 0.49034446477890015, -0.5580410957336426], "camera_location": [5.038144111633301, 1.9396357536315918, -0.6252673268318176], "point_normal": [-0.3810344636440277, 0.07813670486211777, 0.9212532639503479], "camera_rotation_final_quaternion": [0.5656774640083313, 0.2762671113014221, -0.4248214066028595, -0.6505476236343384], "skybox_img": 4, "point_uuid": "103", "field_of_view_rads": 1.6403442297244761, "camera_rotation_final": [1.0586867332458496, -0.12147245556116104, -1.781256914138794]}