{"camera_uuid": "1419", "obliqueness_angle": 0.21353617310523987, "nonfixated_points_in_view": [97], "camera_rotation_original": [1.5707963705062866, -0.1121273934841156, 2.3555550575256348], "point_location": [0.32991182804107666, 2.4133899211883545, -1.3794349431991577], "skybox_img_path": "./img/high/1419_skybox4.jpg", "resolution": 512, "camera_distance": 0.9716965295300071, "view_id": 6, "point_pitch": -0.3371670683238168, "camera_rotation_from_original_to_final": [0.23291584849357605, -0.22076624631881714, -0.20210124552249908], "camera_location": [1.0872137546539307, 2.9402127265930176, -1.0742372274398804], "point_normal": [0.7323230504989624, 0.6650322675704956, 0.14640741050243378], "camera_rotation_final_quaternion": [0.33274486660957336, 0.3010842502117157, 0.5022991895675659, 0.7391377687454224], "skybox_img": 4, "point_uuid": "151", "field_of_view_rads": 1.0039714359666843, "camera_rotation_final": [1.2492501735687256, -0.11103857308626175, 2.2154970169067383]}