{"camera_uuid": "11445", "obliqueness_angle": 1.4881417751312256, "nonfixated_points_in_view": [], "camera_rotation_original": [1.5707963705062866, 0.0869515910744667, -1.9022560119628906], "point_location": [1.8005895614624023, 0.6414239406585693, -0.9798945188522339], "skybox_img_path": "./img/high/11445_skybox4.jpg", "resolution": 512, "camera_distance": 0.7327545632722593, "view_id": 18, "point_pitch": -0.10619251330825286, "camera_rotation_from_original_to_final": [0.015827691182494164, 0.068834088742733, 0.43044137954711914], "camera_location": [1.0731611251831055, 0.5697788000106812, -0.9284740090370178], "point_normal": [-0.012308535166084766, -0.0017647614004090428, 0.9999226927757263], "camera_rotation_final_quaternion": [0.5220580697059631, 0.5230072736740112, -0.4374657869338989, -0.5123890042304993], "skybox_img": 4, "point_uuid": "193", "field_of_view_rads": 1.6097076868571798, "camera_rotation_final": [1.5003427267074585, 0.07928430289030075, -1.4782112836837769]}