{"camera_uuid": "10287", "obliqueness_angle": 0.555534839630127, "nonfixated_points_in_view": [], "camera_rotation_original": [1.5707963705062866, 0.06120114400982857, 1.3909687995910645], "point_location": [2.8440728187561035, 0.5467994809150696, -1.3693242073059082], "skybox_img_path": "./img/high/10287_skybox4.jpg", "resolution": 512, "camera_distance": 0.9941400678896327, "view_id": 2, "point_pitch": -0.5610193451258798, "camera_rotation_from_original_to_final": [-0.11786749958992004, -0.5370076894760132, 0.25467944145202637], "camera_location": [3.6915321350097656, 0.5849568843841553, -0.8509891629219055], "point_normal": [0.9891408681869507, 0.14696341753005981, 0.0014960329281166196], "camera_rotation_final_quaternion": [0.6245302557945251, 0.32537156343460083, 0.36529192328453064, 0.6088162064552307], "skybox_img": 4, "point_uuid": "6", "field_of_view_rads": 1.0910236528484336, "camera_rotation_final": [1.0212104320526123, 0.06012493371963501, 1.5790019035339355]}