{"camera_uuid": "13999", "obliqueness_angle": 0.946213960647583, "nonfixated_points_in_view": [], "camera_rotation_original": [1.5707963705062866, 0.14513756334781647, 0.9906579256057739], "point_location": [5.577847957611084, 0.5073602795600891, -0.8285789489746094], "skybox_img_path": "./img/high/13999_skybox4.jpg", "resolution": 512, "camera_distance": 0.37700526217878577, "view_id": 55, "point_pitch": -0.558106585344996, "camera_rotation_from_original_to_final": [-0.3589346408843994, -0.4569600224494934, 0.022797882556915283], "camera_location": [5.833133697509766, 0.31964898109436035, -0.6243079900741577], "point_normal": [0.047805894166231155, -0.0227388683706522, 0.9985978007316589], "camera_rotation_final_quaternion": [0.8144537806510925, 0.4070585072040558, 0.25177523493766785, 0.32799032330513], "skybox_img": 4, "point_uuid": "11", "field_of_view_rads": 2.1403354343109027, "camera_rotation_final": [0.9914712905883789, 0.14358897507190704, 0.8434285521507263]}