{"camera_uuid": "7869", "obliqueness_angle": 1.2086231708526611, "nonfixated_points_in_view": [], "camera_rotation_original": [1.5707963705062866, 0.009573609568178654, -1.7176729440689087], "point_location": [0.7851385474205017, 1.2789015769958496, -1.4171496629714966], "skybox_img_path": "./img/high/7869_skybox4.jpg", "resolution": 512, "camera_distance": 0.8926280527320417, "view_id": 43, "point_pitch": -0.4128137071940561, "camera_rotation_from_original_to_final": [0.06127387657761574, 0.4021676480770111, 0.7270935773849487], "camera_location": [0.09373211860656738, 0.8382855653762817, -1.064163088798523], "point_normal": [0.04163115471601486, 0.017202280461788177, 0.9989850521087646], "camera_rotation_final_quaternion": [0.730765700340271, 0.4830813407897949, -0.26250573992729187, -0.40460431575775146], "skybox_img": 4, "point_uuid": "187", "field_of_view_rads": 2.058242179128823, "camera_rotation_final": [1.164231300354004, 0.007253289222717285, -1.0065416097640991]}