{"camera_uuid": "15906", "obliqueness_angle": 0.9948508143424988, "nonfixated_points_in_view": [], "camera_rotation_original": [1.5707963705062866, -0.03680521994829178, 0.6666522026062012], "point_location": [5.022676944732666, -0.4345104992389679, -1.360304355621338], "skybox_img_path": "./img/high/15906_skybox4.jpg", "resolution": 512, "camera_distance": 0.9984939715932202, "view_id": 29, "point_pitch": -0.5488864620539804, "camera_rotation_from_original_to_final": [-0.47009211778640747, -0.3392026722431183, 0.7566890716552734], "camera_location": [5.840322017669678, -0.6246657371520996, -0.8196679353713989], "point_normal": [0.020464561879634857, 0.0647537112236023, 0.9976915121078491], "camera_rotation_final_quaternion": [0.6782128214836121, 0.37993139028549194, 0.2914210855960846, 0.5574524998664856], "skybox_img": 4, "point_uuid": "62", "field_of_view_rads": 2.0062308946333633, "camera_rotation_final": [0.9983753561973572, -0.028300156816840172, 1.3605257272720337]}