{"camera_uuid": "6511", "obliqueness_angle": 1.102084755897522, "nonfixated_points_in_view": [], "camera_rotation_original": [1.5707963705062866, -0.09708164632320404, 1.2834820747375488], "point_location": [3.765934944152832, 1.8845245838165283, -1.4114539623260498], "skybox_img_path": "./img/high/6511_skybox4.jpg", "resolution": 512, "camera_distance": 0.9710582706149451, "view_id": 12, "point_pitch": -0.5351413925501962, "camera_rotation_from_original_to_final": [-0.17449909448623657, -0.5501422882080078, 0.43967342376708984], "camera_location": [4.5770263671875, 1.9665664434432983, -0.8838613033294678], "point_normal": [-0.0554204061627388, -0.27599287033081055, 0.9595605731010437], "camera_rotation_final_quaternion": [0.5542330145835876, 0.3385135233402252, 0.33726853132247925, 0.6815308928489685], "skybox_img": 4, "point_uuid": "154", "field_of_view_rads": 1.792492522379571, "camera_rotation_final": [0.9939156770706177, -0.08767642080783844, 1.7285215854644775]}