{"camera_uuid": "9619", "obliqueness_angle": 1.0871810913085938, "nonfixated_points_in_view": [], "camera_rotation_original": [1.5707963705062866, -0.08994855731725693, -0.9234193563461304], "point_location": [5.615777015686035, 2.4743409156799316, -1.4249221086502075], "skybox_img_path": "./img/high/9619_skybox4.jpg", "resolution": 512, "camera_distance": 0.695587264645773, "view_id": 17, "point_pitch": -0.6339070041987558, "camera_rotation_from_original_to_final": [-0.4423520267009735, 0.49119091033935547, 0.022491002455353737], "camera_location": [5.219858169555664, 2.0862114429473877, -1.0048680305480957], "point_normal": [-0.9627537131309509, -0.11571325361728668, -0.2443682849407196], "camera_rotation_final_quaternion": [0.8435693383216858, 0.4001368582248688, -0.19480371475219727, -0.30055418610572815], "skybox_img": 4, "point_uuid": "125", "field_of_view_rads": 2.056502920039658, "camera_rotation_final": [0.9194681644439697, -0.08824976533651352, -0.7282477617263794]}