{"camera_uuid": "4766", "obliqueness_angle": 1.1826344728469849, "nonfixated_points_in_view": [], "camera_rotation_original": [1.5707963705062866, -0.16785670816898346, 1.5743571519851685], "point_location": [1.6843894720077515, 1.1254421472549438, -1.4068831205368042], "skybox_img_path": "./img/high/4766_skybox4.jpg", "resolution": 512, "camera_distance": 0.7405524018890113, "view_id": 24, "point_pitch": -0.5253621776911874, "camera_rotation_from_original_to_final": [0.027818646281957626, -0.5192865133285522, -0.08446856588125229], "camera_location": [2.325207233428955, 1.0738294124603271, -1.0393146276474], "point_normal": [-0.13031253218650818, 0.011851518414914608, 0.9914022088050842], "camera_rotation_final_quaternion": [0.5760233998298645, 0.39998194575309753, 0.3030555248260498, 0.6452664732933044], "skybox_img": 4, "point_uuid": "111", "field_of_view_rads": 2.0816637958161985, "camera_rotation_final": [1.0432463884353638, -0.16784267127513885, 1.587454080581665]}