{"camera_uuid": "5394", "obliqueness_angle": 1.455392599105835, "nonfixated_points_in_view": [64], "camera_rotation_original": [1.5707963705062866, -0.064853236079216, -2.6939356327056885], "point_location": [-0.30368760228157043, 1.3439174890518188, -0.7665223479270935], "skybox_img_path": "./img/high/5394_skybox4.jpg", "resolution": 512, "camera_distance": 0.7782809681351287, "view_id": 65, "point_pitch": -0.7162770469996591, "camera_rotation_from_original_to_final": [0.6364679932594299, 0.2888290584087372, -0.33397969603538513], "camera_location": [-0.31160715222358704, 1.943885087966919, -0.27084359526634216], "point_normal": [0.9422652125358582, 0.29410141706466675, -0.16012726724147797], "camera_rotation_final_quaternion": [0.041247352957725525, -0.013807065784931183, -0.4258694350719452, -0.9037384986877441], "skybox_img": 4, "point_uuid": "180", "field_of_view_rads": 1.3847446318031613, "camera_rotation_final": [0.8788435459136963, -0.060124143958091736, -3.078643798828125]}