{"camera_uuid": "0961", "obliqueness_angle": 1.1725493669509888, "nonfixated_points_in_view": [], "camera_rotation_original": [1.5707963705062866, -0.0030388126615434885, 1.9898834228515625], "point_location": [0.22651520371437073, 2.849133014678955, -1.442795991897583], "skybox_img_path": "./img/high/0961_skybox4.jpg", "resolution": 512, "camera_distance": 0.9569894066246284, "view_id": 3, "point_pitch": -0.37429015239211516, "camera_rotation_from_original_to_final": [0.1576266884803772, -0.33923467993736267, -0.5480308532714844], "camera_location": [1.1131582260131836, 2.7585103511810303, -1.0942556858062744], "point_normal": [0.024610353633761406, -0.009762244299054146, 0.9996494650840759], "camera_rotation_final_quaternion": [0.6121829748153687, 0.4189966320991516, 0.3772788345813751, 0.5543776154518127], "skybox_img": 4, "point_uuid": "150", "field_of_view_rads": 0.8863655597235185, "camera_rotation_final": [1.1980159282684326, -0.0026373763103038073, 1.4699729681015015]}