{"camera_uuid": "0622", "obliqueness_angle": 0.8582394123077393, "nonfixated_points_in_view": [109], "camera_rotation_original": [-1.570796251296997, 3.0551304817199707, -0.00408378429710865], "point_location": [2.155930757522583, 2.4535746574401855, -1.421875], "skybox_img_path": "./img/high/0622_skybox4.jpg", "resolution": 512, "camera_distance": 0.775262862652963, "view_id": 2, "point_pitch": -0.7137874801966806, "camera_rotation_from_original_to_final": [0.7055301070213318, -0.023205073550343513, 0.11532307416200638], "camera_location": [2.079577684402466, 3.0388543605804443, -0.9192315936088562], "point_normal": [0.01849367655813694, 0.009777815081179142, 0.9997811913490295], "camera_rotation_final_quaternion": [-0.00738002173602581, -0.050860363990068436, 0.4162176251411438, 0.9078114628791809], "skybox_img": 4, "point_uuid": "168", "field_of_view_rads": 1.949514490688795, "camera_rotation_final": [-2.27940034866333, 3.055285692214966, 0.05597475916147232]}