{"camera_uuid": "5015", "obliqueness_angle": 0.6182107329368591, "nonfixated_points_in_view": [], "camera_rotation_original": [1.5707963705062866, -0.007723365444689989, -0.3498980402946472], "point_location": [0.48665541410446167, 2.050424337387085, -1.4244725704193115], "skybox_img_path": "./img/high/5015_skybox4.jpg", "resolution": 512, "camera_distance": 0.8952203370303712, "view_id": 20, "point_pitch": -0.6268202503535409, "camera_rotation_from_original_to_final": [-0.5955142378807068, 0.20073828101158142, -0.3648722767829895], "camera_location": [0.045170143246650696, 1.4737879037857056, -0.9010218977928162], "point_normal": [-0.7508701086044312, -0.09726908802986145, 0.6532478928565979], "camera_rotation_final_quaternion": [0.8443500995635986, 0.430902898311615, -0.14820295572280884, -0.28183600306510925], "skybox_img": 4, "point_uuid": "167", "field_of_view_rads": 1.6071546237233685, "camera_rotation_final": [0.9462453126907349, -0.007382526528090239, -0.6481029391288757]}