{"camera_uuid": "5786", "obliqueness_angle": 0.9674727916717529, "nonfixated_points_in_view": [], "camera_rotation_original": [1.5707963705062866, -0.06163300946354866, -1.284367322921753], "point_location": [1.8005895614624023, 0.6414239406585693, -0.9798945188522339], "skybox_img_path": "./img/high/5786_skybox4.jpg", "resolution": 512, "camera_distance": 0.47378066682524117, "view_id": 56, "point_pitch": -0.6032215793940683, "camera_rotation_from_original_to_final": [-0.19787487387657166, 0.5606739521026611, -0.2749496400356293], "camera_location": [1.407984972000122, 0.6158087849617004, -0.7159368991851807], "point_normal": [-0.012308535166084766, -0.0017647614004090428, 0.9999226927757263], "camera_rotation_final_quaternion": [0.665511429309845, 0.33142805099487305, -0.33405131101608276, -0.5793614983558655], "skybox_img": 4, "point_uuid": "193", "field_of_view_rads": 1.7078141053604305, "camera_rotation_final": [0.9786345362663269, -0.060633767396211624, -1.4649043083190918]}