{"camera_uuid": "8764", "obliqueness_angle": 0.23403096199035645, "nonfixated_points_in_view": [], "camera_rotation_original": [1.5707963705062866, 0.10479916632175446, -0.5408739447593689], "point_location": [2.6072916984558105, 0.47235140204429626, -1.3380800485610962], "skybox_img_path": "./img/high/8764_skybox4.jpg", "resolution": 512, "camera_distance": 0.9843129254818951, "view_id": 7, "point_pitch": -0.05836562713118987, "camera_rotation_from_original_to_final": [-0.12002430111169815, 0.04406713321805, -0.6929592490196228], "camera_location": [1.6860144138336182, 0.14842811226844788, -1.214816927909851], "point_normal": [-0.9810226559638977, -0.18625010550022125, -0.0539044626057148], "camera_rotation_final_quaternion": [0.5940508842468262, 0.5546571016311646, -0.3601967990398407, -0.4579490125179291], "skybox_img": 4, "point_uuid": "87", "field_of_view_rads": 0.7352830670651015, "camera_rotation_final": [1.444832682609558, 0.08014462143182755, -1.2428326606750488]}