{"camera_uuid": "6037", "obliqueness_angle": 1.1367526054382324, "nonfixated_points_in_view": [], "camera_rotation_original": [1.5707963705062866, 0.11538919061422348, -2.8969767093658447], "point_location": [2.6072916984558105, 0.47235140204429626, -1.3380800485610962], "skybox_img_path": "./img/high/6037_skybox4.jpg", "resolution": 512, "camera_distance": 0.5738354655835662, "view_id": 20, "point_pitch": -0.5780765255305429, "camera_rotation_from_original_to_final": [0.5152771472930908, 0.11681029945611954, 0.5174822807312012], "camera_location": [2.275465250015259, 0.8409180045127869, -1.0493985414505005], "point_normal": [-0.9810226559638977, -0.18625010550022125, -0.0539044626057148], "camera_rotation_final_quaternion": [0.2608611285686493, 0.2065899670124054, -0.4536340832710266, -0.826733410358429], "skybox_img": 4, "point_uuid": "87", "field_of_view_rads": 0.5256461677815203, "camera_rotation_final": [1.0404114723205566, 0.10511213541030884, -2.4700534343719482]}