{"camera_uuid": "9666", "obliqueness_angle": 1.4393669366836548, "nonfixated_points_in_view": [], "camera_rotation_original": [1.5707963705062866, 0.11146210879087448, -2.117800235748291], "point_location": [6.416158676147461, 2.537578821182251, -1.2911784648895264], "skybox_img_path": "./img/high/9666_skybox4.jpg", "resolution": 512, "camera_distance": 0.8697040628195257, "view_id": 31, "point_pitch": -0.1411575516078134, "camera_rotation_from_original_to_final": [0.056613560765981674, 0.09785939753055573, 0.265163779258728], "camera_location": [5.586801528930664, 2.780351400375366, -1.193130612373352], "point_normal": [-0.00751654664054513, 0.040270037949085236, 0.9991605877876282], "camera_rotation_final_quaternion": [0.41415512561798096, 0.42774683237075806, -0.5105528235435486, -0.6203579902648926], "skybox_img": 4, "point_uuid": "148", "field_of_view_rads": 2.0816637958161985, "camera_rotation_final": [1.4571539163589478, 0.1080261692404747, -1.8678693771362305]}