{"camera_uuid": "11939", "obliqueness_angle": 1.2472037076950073, "nonfixated_points_in_view": [93], "camera_rotation_original": [1.5707963705062866, -0.03899484872817993, 1.0724687576293945], "point_location": [4.528530120849609, 1.0438001155853271, -1.4141380786895752], "skybox_img_path": "./img/high/11939_skybox4.jpg", "resolution": 512, "camera_distance": 0.6829706240252789, "view_id": 35, "point_pitch": -0.3630630215022226, "camera_rotation_from_original_to_final": [-0.1719561368227005, -0.2973845899105072, -0.5448019504547119], "camera_location": [4.838396072387695, 0.47997036576271057, -1.1849483251571655], "point_normal": [0.012244894169270992, 0.0278637632727623, 0.9995367527008057], "camera_rotation_final_quaternion": [0.7878349423408508, 0.5607096552848816, 0.1334758996963501, 0.21703678369522095], "skybox_img": 4, "point_uuid": "140", "field_of_view_rads": 1.794124606241639, "camera_rotation_final": [1.2283828258514404, -0.033081308007240295, 0.514305055141449]}