{"camera_uuid": "16331", "obliqueness_angle": 1.1964683532714844, "nonfixated_points_in_view": [], "camera_rotation_original": [1.5707963705062866, 0.03137904033064842, -1.421927571296692], "point_location": [6.496413230895996, -0.9186689257621765, -1.3843356370925903], "skybox_img_path": "./img/high/16331_skybox4.jpg", "resolution": 512, "camera_distance": 0.2550861481153998, "view_id": 29, "point_pitch": -0.3801430900904794, "camera_rotation_from_original_to_final": [-0.056424032896757126, 0.37175309658050537, 0.13370934128761292], "camera_location": [6.26928186416626, -0.9873350262641907, -1.2907127141952515], "point_normal": [-0.002619897248223424, 0.013651745393872261, 0.9999033808708191], "camera_rotation_final_quaternion": [0.6554864645004272, 0.45724785327911377, -0.32773786783218384, -0.5038350820541382], "skybox_img": 4, "point_uuid": "21", "field_of_view_rads": 2.0062308946333633, "camera_rotation_final": [1.1947970390319824, 0.03110453113913536, -1.2894903421401978]}