{"camera_uuid": "6236", "obliqueness_angle": 0.761879026889801, "nonfixated_points_in_view": [116], "camera_rotation_original": [1.5707963705062866, -0.05693568289279938, -0.5308241248130798], "point_location": [0.48665541410446167, 2.050424337387085, -1.4244725704193115], "skybox_img_path": "./img/high/6236_skybox4.jpg", "resolution": 512, "camera_distance": 0.6640094904217783, "view_id": 2, "point_pitch": -0.6184851368281503, "camera_rotation_from_original_to_final": [-0.5599510073661804, 0.29074400663375854, -0.010589114390313625], "camera_location": [0.24667780101299286, 1.5677553415298462, -1.0367226600646973], "point_normal": [-0.7508701086044312, -0.09726908802986145, 0.6532478928565979], "camera_rotation_final_quaternion": [0.8729203343391418, 0.44010770320892334, -0.11970388889312744, -0.17316555976867676], "skybox_img": 4, "point_uuid": "167", "field_of_view_rads": 1.6816280418618088, "camera_rotation_final": [0.9460535049438477, -0.05659111216664314, -0.4206330180168152]}