{"camera_uuid": "4189", "obliqueness_angle": 1.3552720546722412, "nonfixated_points_in_view": [120], "camera_rotation_original": [1.5707963705062866, 0.116526760160923, 1.7334429025650024], "point_location": [-0.4054321348667145, 1.2653040885925293, -0.6841932535171509], "skybox_img_path": "./img/high/4189_skybox4.jpg", "resolution": 512, "camera_distance": 0.8952323808239199, "view_id": 40, "point_pitch": -0.22936169703933196, "camera_rotation_from_original_to_final": [0.03761197254061699, -0.17768101394176483, 0.4321955740451813], "camera_location": [0.32257112860679626, 1.7606501579284668, -0.522686243057251], "point_normal": [0.040700461715459824, 0.0009101604809984565, 0.9991709589958191], "camera_rotation_final_quaternion": [0.39558547735214233, 0.2682688236236572, 0.581229567527771, 0.6585713028907776], "skybox_img": 4, "point_uuid": "104", "field_of_view_rads": 1.1399099232606629, "camera_rotation_final": [1.388345718383789, 0.10670602321624756, 2.148610830307007]}