{"camera_uuid": "13341", "obliqueness_angle": 1.1864373683929443, "nonfixated_points_in_view": [], "camera_rotation_original": [1.5707963705062866, -0.13577543199062347, 1.2593750953674316], "point_location": [2.9207348823547363, -0.5152132511138916, -0.5628843903541565], "skybox_img_path": "./img/high/13341_skybox4.jpg", "resolution": 512, "camera_distance": 0.8539844552164736, "view_id": 23, "point_pitch": -0.6586312492701669, "camera_rotation_from_original_to_final": [-0.19403433799743652, -0.613852322101593, -0.1211680918931961], "camera_location": [3.5204763412475586, -0.8468974232673645, -0.0533892996609211], "point_normal": [-0.26315274834632874, 0.039460260421037674, 0.9639468193054199], "camera_rotation_final_quaternion": [0.7286404371261597, 0.40470144152641296, 0.19471028447151184, 0.5170955061912537], "skybox_img": 4, "point_uuid": "152", "field_of_view_rads": 1.1498058012590282, "camera_rotation_final": [0.9246625304222107, -0.1352025419473648, 1.1669189929962158]}