{"camera_uuid": "1671", "obliqueness_angle": 1.1644986867904663, "nonfixated_points_in_view": [97, 2], "camera_rotation_original": [1.5707963705062866, -0.0874922126531601, 1.8192238807678223], "point_location": [0.3078916072845459, 2.7992374897003174, -1.4269014596939087], "skybox_img_path": "./img/high/1671_skybox4.jpg", "resolution": 512, "camera_distance": 0.6889320219725881, "view_id": 16, "point_pitch": -0.5697330673548837, "camera_rotation_from_original_to_final": [0.17447927594184875, -0.5932121872901917, 0.47039106488227844], "camera_location": [0.7111836075782776, 3.1914432048797607, -1.029211163520813], "point_normal": [-0.2804282307624817, 0.9596080183982849, 0.022641496732831], "camera_rotation_final_quaternion": [0.30839088559150696, 0.19776959717273712, 0.4150409698486328, 0.8327804207801819], "skybox_img": 4, "point_uuid": "66", "field_of_view_rads": 1.6924921945557647, "camera_rotation_final": [0.9535178542137146, -0.07347371429204941, 2.394317626953125]}