{"camera_uuid": "13996", "obliqueness_angle": 1.0082796812057495, "nonfixated_points_in_view": [34], "camera_rotation_original": [1.5707963705062866, -0.17340309917926788, -1.4182219505310059], "point_location": [0.2828949987888336, -0.2686469852924347, -1.422070026397705], "skybox_img_path": "./img/high/13996_skybox4.jpg", "resolution": 512, "camera_distance": 0.5082953578282204, "view_id": 32, "point_pitch": -0.7582499225947519, "camera_rotation_from_original_to_final": [-0.21449078619480133, 0.7655940055847168, 0.022548897191882133], "camera_location": [-0.06612831354141235, -0.35201966762542725, -1.0620757341384888], "point_normal": [0.22545656561851501, 0.011161365546286106, 0.974189281463623], "camera_rotation_final_quaternion": [0.788565993309021, 0.26944833993911743, -0.2706998288631439, -0.4819573163986206], "skybox_img": 4, "point_uuid": "105", "field_of_view_rads": 1.4604219695947274, "camera_rotation_final": [0.7693670988082886, -0.1679932177066803, -1.1653486490249634]}