{"camera_uuid": "12913", "obliqueness_angle": 1.112126111984253, "nonfixated_points_in_view": [], "camera_rotation_original": [1.5707963705062866, -0.012389566749334335, 1.1738882064819336], "point_location": [0.14699065685272217, -0.1122998520731926, -1.4476916790008545], "skybox_img_path": "./img/high/12913_skybox4.jpg", "resolution": 512, "camera_distance": 0.9798479584579352, "view_id": 40, "point_pitch": -0.6416188915583749, "camera_rotation_from_original_to_final": [-0.27689629793167114, -0.5809950828552246, -0.330802321434021], "camera_location": [0.6893390417098999, -0.6837910413742065, -0.8651471734046936], "point_normal": [0.0340309739112854, 0.2575204074382782, 0.9656734466552734], "camera_rotation_final_quaternion": [0.8269639611244202, 0.41937774419784546, 0.1638891100883484, 0.3367392122745514], "skybox_img": 4, "point_uuid": "178", "field_of_view_rads": 2.0654331783647693, "camera_rotation_final": [0.934073269367218, -0.011381356976926327, 0.767655611038208]}