{"camera_uuid": "10310", "obliqueness_angle": 1.513910174369812, "nonfixated_points_in_view": [], "camera_rotation_original": [1.5707963705062866, 0.016812682151794434, -2.644211769104004], "point_location": [6.416158676147461, 2.537578821182251, -1.2911784648895264], "skybox_img_path": "./img/high/10310_skybox4.jpg", "resolution": 512, "camera_distance": 0.7764382313365946, "view_id": 37, "point_pitch": -0.04088859160872893, "camera_rotation_from_original_to_final": [0.02636512741446495, 0.0175329502671957, 0.5905157923698425], "camera_location": [5.728945732116699, 2.898127555847168, -1.266697883605957], "point_normal": [-0.00751654664054513, 0.040270037949085236, 0.9991605877876282], "camera_rotation_final_quaternion": [0.36727550625801086, 0.3641970753669739, -0.5929551720619202, -0.6171493530273438], "skybox_img": 4, "point_uuid": "148", "field_of_view_rads": 1.7804764599127723, "camera_rotation_final": [1.5392587184906006, 0.013972618617117405, -2.054412603378296]}