{"camera_uuid": "14980", "obliqueness_angle": 0.8090194463729858, "nonfixated_points_in_view": [23], "camera_rotation_original": [-1.570796251296997, 3.052729606628418, 0.023253589868545532], "point_location": [5.022676944732666, -0.4345104992389679, -1.360304355621338], "skybox_img_path": "./img/high/14980_skybox4.jpg", "resolution": 512, "camera_distance": 0.4874649281296008, "view_id": 27, "point_pitch": -0.6456546028468271, "camera_rotation_from_original_to_final": [0.6958543062210083, 0.011276441626250744, -0.5690932869911194], "camera_location": [5.217650890350342, -0.1152212843298912, -1.0477957725524902], "point_normal": [0.020464561879634857, 0.0647537112236023, 0.9976915121078491], "camera_rotation_final_quaternion": [0.28572380542755127, 0.09546614438295364, 0.41272449493408203, 0.8595967888832092], "skybox_img": 4, "point_uuid": "62", "field_of_view_rads": 1.949514490688795, "camera_rotation_final": [-2.2688722610473633, 3.069805383682251, -0.6083190441131592]}