{"camera_uuid": "7409", "obliqueness_angle": 1.2425625324249268, "nonfixated_points_in_view": [], "camera_rotation_original": [1.5707963705062866, 0.11217512935400009, 0.7932189106941223], "point_location": [3.3059499263763428, 1.507105827331543, -1.4197665452957153], "skybox_img_path": "./img/high/7409_skybox4.jpg", "resolution": 512, "camera_distance": 0.632299848219441, "view_id": 21, "point_pitch": -0.4351052482936044, "camera_rotation_from_original_to_final": [-0.24764198064804077, -0.2686285674571991, 0.7545681595802307], "camera_location": [3.8960137367248535, 1.471581220626831, -1.195343255996704], "point_normal": [-0.034560561180114746, 0.0017010869923979044, 0.9994011521339417], "camera_rotation_final_quaternion": [0.6248602271080017, 0.3948974013328552, 0.40815469622612, 0.5357382297515869], "skybox_img": 4, "point_uuid": "155", "field_of_view_rads": 0.6382884761446714, "camera_rotation_final": [1.2065114974975586, 0.08706595748662949, 1.4775197505950928]}