{"camera_uuid": "1065", "obliqueness_angle": 0.9419499635696411, "nonfixated_points_in_view": [], "camera_rotation_original": [1.5707963705062866, 0.10374484956264496, 1.2538155317306519], "point_location": [0.8357325792312622, 3.0001583099365234, -1.4500991106033325], "skybox_img_path": "./img/high/1065_skybox4.jpg", "resolution": 512, "camera_distance": 0.9810312185151678, "view_id": 0, "point_pitch": -0.5997451980921884, "camera_rotation_from_original_to_final": [-0.24028661847114563, -0.5959993600845337, -0.26280680298805237], "camera_location": [1.4640815258026123, 2.523552417755127, -0.8666210174560547], "point_normal": [0.02106740139424801, 0.04000088572502136, 0.998977541923523], "camera_rotation_final_quaternion": [0.821951150894165, 0.3905494809150696, 0.22381050884723663, 0.3489646017551422], "skybox_img": 4, "point_uuid": "133", "field_of_view_rads": 0.7352830670651015, "camera_rotation_final": [0.9304390549659729, 0.09549177438020706, 0.8509505987167358]}