{"camera_uuid": "9464", "obliqueness_angle": 0.9742053151130676, "nonfixated_points_in_view": [], "camera_rotation_original": [1.5707963705062866, 0.014240370132029057, 1.5956882238388062], "point_location": [3.54880690574646, 0.15072500705718994, -1.4055030345916748], "skybox_img_path": "./img/high/9464_skybox4.jpg", "resolution": 512, "camera_distance": 0.9386107937246637, "view_id": 1, "point_pitch": -0.4692990024897714, "camera_rotation_from_original_to_final": [0.012943916954100132, -0.46183863282203674, 0.5377541184425354], "camera_location": [4.25818395614624, 0.6009821891784668, -0.9871217608451843], "point_normal": [0.23840555548667908, 0.9557468891143799, -0.17236833274364471], "camera_rotation_final_quaternion": [0.4146590530872345, 0.2504287362098694, 0.4630473554134369, 0.7422469258308411], "skybox_img": 4, "point_uuid": "83", "field_of_view_rads": 0.63963352615166, "camera_rotation_final": [1.1087523698806763, 0.012253956869244576, 2.130253791809082]}