{"camera_uuid": "6861", "obliqueness_angle": 1.3484983444213867, "nonfixated_points_in_view": [], "camera_rotation_original": [1.5707963705062866, 0.021490033715963364, -2.3759007453918457], "point_location": [1.8005895614624023, 0.6414239406585693, -0.9798945188522339], "skybox_img_path": "./img/high/6861_skybox4.jpg", "resolution": 512, "camera_distance": 0.8771877463482768, "view_id": 22, "point_pitch": -0.21065799792739348, "camera_rotation_from_original_to_final": [0.15885353088378906, 0.15342530608177185, -0.455417275428772], "camera_location": [1.549406886100769, 1.4597104787826538, -0.7881323099136353], "point_normal": [-0.012308535166084766, -0.0017647614004090428, 0.9999226927757263], "camera_rotation_final_quaternion": [0.10823547095060349, 0.09879463911056519, -0.6171990036964417, -0.7730395197868347], "skybox_img": 4, "point_uuid": "193", "field_of_view_rads": 0.6308923629985653, "camera_rotation_final": [1.3503655195236206, 0.019139833748340607, -2.8480496406555176]}