{"camera_uuid": "14317", "obliqueness_angle": 0.6844801306724548, "nonfixated_points_in_view": [], "camera_rotation_original": [1.5707963705062866, 0.09616942703723907, 2.3441762924194336], "point_location": [5.635040283203125, 1.0644794702529907, -1.395928978919983], "skybox_img_path": "./img/high/14317_skybox4.jpg", "resolution": 512, "camera_distance": 0.9656637506518044, "view_id": 7, "point_pitch": -0.609582587084498, "camera_rotation_from_original_to_final": [0.48983046412467957, -0.4569806456565857, -0.601757287979126], "camera_location": [6.367728233337402, 1.283420205116272, -0.8062343001365662], "point_normal": [0.9823573231697083, 0.185846209526062, -0.02086620032787323], "camera_rotation_final_quaternion": [0.5727265477180481, 0.24483521282672882, 0.36704832315444946, 0.690880298614502], "skybox_img": 4, "point_uuid": "116", "field_of_view_rads": 0.5961933550608073, "camera_rotation_final": [0.9112825393676758, 0.08222561329603195, 1.7975748777389526]}