{"camera_uuid": "7631", "obliqueness_angle": 1.1079685688018799, "nonfixated_points_in_view": [], "camera_rotation_original": [1.5707963705062866, -0.10510443896055222, 2.4104907512664795], "point_location": [0.580907940864563, -0.050188999623060226, -1.4085019826889038], "skybox_img_path": "./img/high/7631_skybox4.jpg", "resolution": 512, "camera_distance": 0.9201553088036153, "view_id": 19, "point_pitch": -0.13416795333358245, "camera_rotation_from_original_to_final": [0.13369356095790863, -0.14160020649433136, 0.5830571055412292], "camera_location": [0.7041100263595581, 0.8443180918693542, -1.23140287399292], "point_normal": [-0.16356271505355835, 0.2954562306404114, 0.941250741481781], "camera_rotation_final_quaternion": [0.01893223263323307, 0.07124016433954239, 0.6314201951026917, 0.7719293832778931], "skybox_img": 4, "point_uuid": "57", "field_of_view_rads": 1.8083336999188173, "camera_rotation_final": [1.3763903379440308, -0.08618301153182983, 3.021667718887329]}