{"camera_uuid": "1625", "obliqueness_angle": 0.6344187259674072, "nonfixated_points_in_view": [], "camera_rotation_original": [1.5707963705062866, -0.13124285638332367, -1.992777943611145], "point_location": [2.295008659362793, 2.27626895904541, -1.3962150812149048], "skybox_img_path": "./img/high/1625_skybox4.jpg", "resolution": 512, "camera_distance": 0.5971143660998618, "view_id": 2, "point_pitch": -0.5350782116267343, "camera_rotation_from_original_to_final": [0.26688942313194275, 0.5410850048065186, 0.5329810976982117], "camera_location": [1.8016033172607422, 2.2590858936309814, -1.06035578250885], "point_normal": [-0.9679071307182312, -0.2512916922569275, -0.0028668304439634085], "camera_rotation_final_quaternion": [0.6763025522232056, 0.3134142756462097, -0.3471831977367401, -0.5690783858299255], "skybox_img": 4, "point_uuid": "18", "field_of_view_rads": 1.0910236528484336, "camera_rotation_final": [0.9690424203872681, -0.11312832683324814, -1.458618402481079]}