{"camera_uuid": "9623", "obliqueness_angle": 1.5306096076965332, "nonfixated_points_in_view": [], "camera_rotation_original": [1.5707963705062866, 0.06739164888858795, 0.48970574140548706], "point_location": [1.8005895614624023, 0.6414239406585693, -0.9798945188522339], "skybox_img_path": "./img/high/9623_skybox4.jpg", "resolution": 512, "camera_distance": 0.7564249597931727, "view_id": 77, "point_pitch": -0.0015511949870248287, "camera_rotation_from_original_to_final": [-0.028242219239473343, -0.026821546256542206, -0.5619444847106934], "camera_location": [1.745599627494812, -0.11246538907289505, -0.9515095949172974], "point_normal": [-0.012308535166084766, -0.0017647614004090428, 0.9999226927757263], "camera_rotation_final_quaternion": [0.7187352180480957, 0.6936911344528198, -0.0054862904362380505, -0.04671443998813629], "skybox_img": 4, "point_uuid": "193", "field_of_view_rads": 1.8499695264052243, "camera_rotation_final": [1.5332014560699463, 0.05695519223809242, -0.07495379447937012]}