{"camera_uuid": "4059", "obliqueness_angle": 0.8852616548538208, "nonfixated_points_in_view": [], "camera_rotation_original": [1.5707963705062866, 0.018765080720186234, 1.9870073795318604], "point_location": [-0.30368760228157043, 1.3439174890518188, -0.7665223479270935], "skybox_img_path": "./img/high/4059_skybox4.jpg", "resolution": 512, "camera_distance": 0.9405535678734712, "view_id": 24, "point_pitch": -0.28685681422683196, "camera_rotation_from_original_to_final": [0.116753488779068, -0.24993008375167847, 0.6501545906066895], "camera_location": [0.12246104329824448, 2.14245343208313, -0.5108298063278198], "point_normal": [0.9422652125358582, 0.29410141706466675, -0.16012726724147797], "camera_rotation_final_quaternion": [0.19946126639842987, 0.1419050246477127, 0.5864608883857727, 0.7721021771430969], "skybox_img": 4, "point_uuid": "180", "field_of_view_rads": 0.5256461677815203, "camera_rotation_final": [1.2954471111297607, 0.014822653494775295, 2.6471915245056152]}