{"camera_uuid": "9227", "obliqueness_angle": 0.9608571529388428, "nonfixated_points_in_view": [], "camera_rotation_original": [1.5707963705062866, -0.10504543036222458, -1.3212058544158936], "point_location": [2.9207348823547363, -0.5152132511138916, -0.5628843903541565], "skybox_img_path": "./img/high/9227_skybox4.jpg", "resolution": 512, "camera_distance": 0.8546848929956486, "view_id": 77, "point_pitch": -0.40758578380080657, "camera_rotation_from_original_to_final": [-0.07791461050510406, 0.339751660823822, -0.6348460912704468], "camera_location": [2.1716034412384033, -0.22483432292938232, -0.27139097452163696], "point_normal": [-0.26315274834632874, 0.039460260421037674, 0.9639468193054199], "camera_rotation_final_quaternion": [0.49364715814590454, 0.30194684863090515, -0.4881611466407776, -0.6533293724060059], "skybox_img": 4, "point_uuid": "152", "field_of_view_rads": 2.0654331783647693, "camera_rotation_final": [1.2213642597198486, -0.08752895891666412, -1.9087427854537964]}