{"camera_uuid": "2300", "obliqueness_angle": 0.8990573883056641, "nonfixated_points_in_view": [], "camera_rotation_original": [1.5707963705062866, -0.049760960042476654, 1.6340886354446411], "point_location": [0.32991182804107666, 2.4133899211883545, -1.3794349431991577], "skybox_img_path": "./img/high/2300_skybox4.jpg", "resolution": 512, "camera_distance": 0.9303587365633643, "view_id": 15, "point_pitch": -0.5848840912196298, "camera_rotation_from_original_to_final": [0.0499994195997715, -0.5747161507606506, -0.1958075314760208], "camera_location": [1.1042157411575317, 2.3197240829467773, -0.8722391724586487], "point_normal": [0.7323230504989624, 0.6650322675704956, 0.14640741050243378], "camera_rotation_final_quaternion": [0.6403965353965759, 0.36600950360298157, 0.30570629239082336, 0.6020572781562805], "skybox_img": 4, "point_uuid": "151", "field_of_view_rads": 1.6071546237233685, "camera_rotation_final": [0.9934269189834595, -0.049190703779459, 1.4824333190917969]}