{"camera_uuid": "0846", "obliqueness_angle": 0.9010396003723145, "nonfixated_points_in_view": [], "camera_rotation_original": [1.5707963705062866, -0.04370544105768204, 1.7576991319656372], "point_location": [0.8357325792312622, 3.0001583099365234, -1.4500991106033325], "skybox_img_path": "./img/high/0846_skybox4.jpg", "resolution": 512, "camera_distance": 0.8537273692637916, "view_id": 12, "point_pitch": -0.667096539339747, "camera_rotation_from_original_to_final": [0.15054911375045776, -0.6394451260566711, -0.3565947711467743], "camera_location": [1.5079567432403564, 2.9171128273010254, -0.9304178953170776], "point_normal": [0.02106740139424801, 0.04000088572502136, 0.998977541923523], "camera_rotation_final_quaternion": [0.6559569239616394, 0.3390257954597473, 0.2840798497200012, 0.6116213202476501], "skybox_img": 4, "point_uuid": "133", "field_of_view_rads": 2.056502920039658, "camera_rotation_final": [0.915671169757843, -0.04203489422798157, 1.4801563024520874]}