{"camera_uuid": "15166", "obliqueness_angle": 0.4792857766151428, "nonfixated_points_in_view": [], "camera_rotation_original": [1.5707963705062866, 0.15223640203475952, -1.5689501762390137], "point_location": [0.35382547974586487, -0.5060790181159973, -1.460171103477478], "skybox_img_path": "./img/high/15166_skybox4.jpg", "resolution": 512, "camera_distance": 0.7417718760392031, "view_id": 13, "point_pitch": -0.4058040817591806, "camera_rotation_from_original_to_final": [0.012040426954627037, 0.4248414933681488, -0.09172550588846207], "camera_location": [-0.31929582357406616, -0.44553813338279724, -1.154445767402649], "point_normal": [-0.8047041893005371, -0.3797302544116974, 0.4563511312007904], "camera_rotation_final_quaternion": [0.5138587951660156, 0.3975341022014618, -0.36863118410110474, -0.6648509502410889], "skybox_img": 4, "point_uuid": "17", "field_of_view_rads": 0.6651429173367224, "camera_rotation_final": [1.1408125162124634, 0.15031857788562775, -1.7290650606155396]}