{"camera_uuid": "7406", "obliqueness_angle": 0.9389090538024902, "nonfixated_points_in_view": [], "camera_rotation_original": [1.5707963705062866, -0.10299114882946014, 0.16767680644989014], "point_location": [-0.30368760228157043, 1.3439174890518188, -0.7665223479270935], "skybox_img_path": "./img/high/7406_skybox4.jpg", "resolution": 512, "camera_distance": 0.8086944968813233, "view_id": 78, "point_pitch": 0.492695883908544, "camera_rotation_from_original_to_final": [0.41556549072265625, 0.08493901044130325, 0.7793741226196289], "camera_location": [0.28525736927986145, 0.9003155827522278, -1.098708987236023], "point_normal": [0.9422652125358582, 0.29410141706466675, -0.16012726724147797], "camera_rotation_final_quaternion": [0.4750159978866577, 0.7668152451515198, 0.3426060378551483, 0.26263147592544556], "skybox_img": 4, "point_uuid": "180", "field_of_view_rads": 1.0801451845514387, "camera_rotation_final": [1.995445966720581, -0.07737008482217789, 0.8903064727783203]}