{"camera_uuid": "0982", "obliqueness_angle": 1.1019108295440674, "nonfixated_points_in_view": [112, 14], "camera_rotation_original": [1.5707963705062866, 0.036142852157354355, -2.833397626876831], "point_location": [2.066779375076294, 2.579990863800049, -1.4030261039733887], "skybox_img_path": "./img/high/0982_skybox4.jpg", "resolution": 512, "camera_distance": 0.22677354396626093, "view_id": 1, "point_pitch": -0.500052615008082, "camera_rotation_from_original_to_final": [0.4627007246017456, 0.14152008295059204, 0.553490400314331], "camera_location": [1.9187740087509155, 2.7158403396606445, -1.2978330850601196], "point_normal": [0.0033442084677517414, -0.016241353005170822, 0.9998626112937927], "camera_rotation_final_quaternion": [0.3301845192909241, 0.21676144003868103, -0.4701918959617615, -0.7892478704452515], "skybox_img": 4, "point_uuid": "51", "field_of_view_rads": 1.6316217442386929, "camera_rotation_final": [1.08817720413208, 0.03166213631629944, -2.3299810886383057]}