{"camera_uuid": "1266", "obliqueness_angle": 1.378218173980713, "nonfixated_points_in_view": [], "camera_rotation_original": [1.5707963705062866, 0.11695212870836258, -2.324899911880493], "point_location": [2.066779375076294, 2.579990863800049, -1.4030261039733887], "skybox_img_path": "./img/high/1266_skybox4.jpg", "resolution": 512, "camera_distance": 0.9263808545997096, "view_id": 2, "point_pitch": -0.23864345153304534, "camera_rotation_from_original_to_final": [0.13740767538547516, 0.1490575224161148, 0.33813443779945374], "camera_location": [1.2406127452850342, 2.9554436206817627, -1.2168396711349487], "point_normal": [0.0033442084677517414, -0.016241353005170822, 0.9998626112937927], "camera_rotation_final_quaternion": [0.3817717432975769, 0.3719184994697571, -0.5110629796981812, -0.6743453145027161], "skybox_img": 4, "point_uuid": "51", "field_of_view_rads": 1.0910236528484336, "camera_rotation_final": [1.3671506643295288, 0.11161579936742783, -2.020343780517578]}