{"camera_uuid": "15558", "obliqueness_angle": 1.2053148746490479, "nonfixated_points_in_view": [], "camera_rotation_original": [1.5707963705062866, -0.171311616897583, -2.5381886959075928], "point_location": [6.496413230895996, -0.9186689257621765, -1.3843356370925903], "skybox_img_path": "./img/high/15558_skybox4.jpg", "resolution": 512, "camera_distance": 0.9010428840246779, "view_id": 17, "point_pitch": -0.3279380043360849, "camera_rotation_from_original_to_final": [0.2906069755554199, 0.2043951004743576, 0.15086811780929565], "camera_location": [5.937273979187012, -0.28468653559684753, -1.072393536567688], "point_normal": [-0.002619897248223424, 0.013651745393872261, 0.9999033808708191], "camera_rotation_final_quaternion": [0.3577834963798523, 0.15332892537117004, -0.5508082509040833, -0.7383031249046326], "skybox_img": 4, "point_uuid": "21", "field_of_view_rads": 1.0039714359666843, "camera_rotation_final": [1.2119691371917725, -0.1685304194688797, -2.356013298034668]}