{"camera_uuid": "1600", "obliqueness_angle": 1.2817883491516113, "nonfixated_points_in_view": [5, 22], "camera_rotation_original": [1.5707963705062866, -0.02242867834866047, -1.2155482769012451], "point_location": [2.5494112968444824, 3.0172948837280273, -1.405600666999817], "skybox_img_path": "./img/high/1600_skybox4.jpg", "resolution": 512, "camera_distance": 0.5109247260727959, "view_id": 3, "point_pitch": -0.2054951628062387, "camera_rotation_from_original_to_final": [-0.07138579338788986, 0.1893230527639389, -0.15725521743297577], "camera_location": [2.0593488216400146, 2.9155280590057373, -1.3030025959014893], "point_normal": [-0.03991111367940903, -0.9602947235107422, 0.2761182188987732], "camera_rotation_final_quaternion": [0.6065327525138855, 0.4857778549194336, -0.4044942855834961, -0.4822055995464325], "skybox_img": 4, "point_uuid": "54", "field_of_view_rads": 1.0386947080855735, "camera_rotation_final": [1.3685626983642578, -0.022190293297171593, -1.361496090888977]}