{"camera_uuid": "14155", "obliqueness_angle": 1.2711204290390015, "nonfixated_points_in_view": [], "camera_rotation_original": [1.5707963705062866, -0.1298457384109497, -2.85390305519104], "point_location": [5.022676944732666, -0.4345104992389679, -1.360304355621338], "skybox_img_path": "./img/high/14155_skybox4.jpg", "resolution": 512, "camera_distance": 0.715639896997793, "view_id": 22, "point_pitch": -0.25586287578078704, "camera_rotation_from_original_to_final": [0.2281583845615387, 0.06971567869186401, -0.14278766512870789], "camera_location": [4.928001403808594, 0.25441786646842957, -1.191322922706604], "point_normal": [0.020464561879634857, 0.0647537112236023, 0.9976915121078491], "camera_rotation_final_quaternion": [0.10552679747343063, 0.0011949308682233095, -0.6180092096328735, -0.7790553569793701], "skybox_img": 4, "point_uuid": "62", "field_of_view_rads": 1.384811670309553, "camera_rotation_final": [1.330384612083435, -0.12892812490463257, -2.9735145568847656]}