{"camera_uuid": "9712", "obliqueness_angle": 1.544379472732544, "nonfixated_points_in_view": [], "camera_rotation_original": [1.5707963705062866, -0.14179730415344238, -0.003227871609851718], "point_location": [1.8005895614624023, 0.6414239406585693, -0.9798945188522339], "skybox_img_path": "./img/high/9712_skybox4.jpg", "resolution": 512, "camera_distance": 0.9604623889832209, "view_id": 100, "point_pitch": -0.09062306483718352, "camera_rotation_from_original_to_final": [-0.018528824672102928, 0.019507618620991707, -0.5358459949493408], "camera_location": [1.3079276084899902, -0.18286575376987457, -0.9620422720909119], "point_normal": [-0.012308535166084766, -0.0017647614004090428, 0.9999226927757263], "camera_rotation_final_quaternion": [0.6982389688491821, 0.6625866293907166, -0.2273443192243576, -0.14749859273433685], "skybox_img": 4, "point_uuid": "193", "field_of_view_rads": 1.4868466513489376, "camera_rotation_final": [1.5520682334899902, -0.12232500314712524, -0.5364269018173218]}