{"camera_uuid": "11313", "obliqueness_angle": 0.8814772963523865, "nonfixated_points_in_view": [], "camera_rotation_original": [1.5707963705062866, -0.08884483575820923, -0.5793230533599854], "point_location": [1.9191844463348389, 0.03978348895907402, -1.4310652017593384], "skybox_img_path": "./img/high/11313_skybox4.jpg", "resolution": 512, "camera_distance": 0.5782425799526643, "view_id": 0, "point_pitch": -0.6653780182215829, "camera_rotation_from_original_to_final": [-0.5680630207061768, 0.32070571184158325, -0.3716765344142914], "camera_location": [1.5675995349884033, -0.26095813512802124, -1.0842121839523315], "point_normal": [-0.03025132790207863, -0.0354352742433548, 0.9989140033721924], "camera_rotation_final_quaternion": [0.8314582705497742, 0.3955436050891876, -0.20886655151844025, -0.32954081892967224], "skybox_img": 4, "point_uuid": "175", "field_of_view_rads": 0.6308923629985653, "camera_rotation_final": [0.9246629476547241, -0.08674084395170212, -0.7979440093040466]}