{"camera_uuid": "1644", "obliqueness_angle": 1.4166216850280762, "nonfixated_points_in_view": [], "camera_rotation_original": [1.5707963705062866, -0.1052728071808815, -2.615987777709961], "point_location": [1.5920188426971436, 2.1285598278045654, -1.4049173593521118], "skybox_img_path": "./img/high/1644_skybox4.jpg", "resolution": 512, "camera_distance": 0.6162523899554322, "view_id": 14, "point_pitch": -0.4401976307246347, "camera_rotation_from_original_to_final": [0.4093947410583496, 0.23454990983009338, 0.29730188846588135], "camera_location": [1.208378553390503, 2.5224757194519043, -1.1266775131225586], "point_normal": [0.3241092562675476, -0.10795459151268005, 0.9398399591445923], "camera_rotation_final_quaternion": [0.3648117482662201, 0.16952528059482574, -0.495489239692688, -0.7698467373847961], "skybox_img": 4, "point_uuid": "107", "field_of_view_rads": 1.274054123740192, "camera_rotation_final": [1.099770188331604, -0.1006736010313034, -2.3182713985443115]}