{"camera_uuid": "11810", "obliqueness_angle": 0.785523533821106, "nonfixated_points_in_view": [], "camera_rotation_original": [1.5707963705062866, -0.10218015313148499, -2.2399513721466064], "point_location": [0.580907940864563, -0.050188999623060226, -1.4085019826889038], "skybox_img_path": "./img/high/11810_skybox4.jpg", "resolution": 512, "camera_distance": 0.961136417667036, "view_id": 12, "point_pitch": -0.571506186327662, "camera_rotation_from_original_to_final": [0.4253729581832886, 0.48008185625076294, 0.6877327561378479], "camera_location": [-0.19268611073493958, 0.017129654064774513, -0.8421066403388977], "point_normal": [-0.16356271505355835, 0.2954562306404114, 0.941250741481781], "camera_rotation_final_quaternion": [0.6349391341209412, 0.28889408707618713, -0.3491295576095581, -0.6257004737854004], "skybox_img": 4, "point_uuid": "57", "field_of_view_rads": 0.9904486154446002, "camera_rotation_final": [0.9381506443023682, -0.0819212943315506, -1.5976747274398804]}