{"camera_uuid": "14019", "obliqueness_angle": 0.8102357387542725, "nonfixated_points_in_view": [], "camera_rotation_original": [1.5707963705062866, 0.12271770089864731, 1.5681934356689453], "point_location": [5.635040283203125, 1.0644794702529907, -1.395928978919983], "skybox_img_path": "./img/high/14019_skybox4.jpg", "resolution": 512, "camera_distance": 0.4293391495439507, "view_id": 14, "point_pitch": -0.6235920627925058, "camera_rotation_from_original_to_final": [-0.024675797671079636, -0.662828266620636, -0.28092122077941895], "camera_location": [5.959875583648682, 0.9695847630500793, -1.1317148208618164], "point_normal": [0.9823573231697083, 0.185846209526062, -0.02086620032787323], "camera_rotation_final_quaternion": [0.7563397288322449, 0.3308464288711548, 0.2878229022026062, 0.4854367971420288], "skybox_img": 4, "point_uuid": "116", "field_of_view_rads": 1.274054123740192, "camera_rotation_final": [0.9027570486068726, 0.1144232526421547, 1.196725606918335]}