{"camera_uuid": "9119", "obliqueness_angle": 1.5031226873397827, "nonfixated_points_in_view": [], "camera_rotation_original": [1.5707963705062866, 0.07123624533414841, -0.317680686712265], "point_location": [-0.30368760228157043, 1.3439174890518188, -0.7665223479270935], "skybox_img_path": "./img/high/9119_skybox4.jpg", "resolution": 512, "camera_distance": 0.7922178527840794, "view_id": 43, "point_pitch": -0.36081783374282317, "camera_rotation_from_original_to_final": [-0.30265548825263977, 0.08245554566383362, 0.7348799109458923], "camera_location": [0.008715596050024033, 0.657978892326355, -0.5225928425788879], "point_normal": [0.9422652125358582, 0.29410141706466675, -0.16012726724147797], "camera_rotation_final_quaternion": [0.7947691082954407, 0.5711638927459717, 0.14077745378017426, 0.1493169218301773], "skybox_img": 4, "point_uuid": "180", "field_of_view_rads": 0.9196569054818151, "camera_rotation_final": [1.2573449611663818, 0.05322737991809845, 0.41012465953826904]}