{"camera_uuid": "10704", "obliqueness_angle": 1.2988295555114746, "nonfixated_points_in_view": [3, 92], "camera_rotation_original": [1.5707963705062866, 0.07201939076185226, -2.1616098880767822], "point_location": [5.577847957611084, 0.5073602795600891, -0.8285789489746094], "skybox_img_path": "./img/high/10704_skybox4.jpg", "resolution": 512, "camera_distance": 0.6946844019254466, "view_id": 39, "point_pitch": -0.35464481910201506, "camera_rotation_from_original_to_final": [0.1806117594242096, 0.2681395709514618, 0.5057967901229858], "camera_location": [4.922867298126221, 0.5797540545463562, -0.6087019443511963], "point_normal": [0.047805894166231155, -0.0227388683706522, 0.9985978007316589], "camera_rotation_final_quaternion": [0.5203821659088135, 0.4045964181423187, -0.42195385694503784, -0.6224620938301086], "skybox_img": 4, "point_uuid": "11", "field_of_view_rads": 2.1797545326211765, "camera_rotation_final": [1.2480475902557373, 0.06458225101232529, -1.702458381652832]}