{"camera_uuid": "8126", "obliqueness_angle": 0.6343855857849121, "nonfixated_points_in_view": [], "camera_rotation_original": [1.5707963705062866, 0.10960087180137634, -2.711341381072998], "point_location": [5.518570899963379, 1.8022818565368652, -0.9034366607666016], "skybox_img_path": "./img/high/8126_skybox4.jpg", "resolution": 512, "camera_distance": 0.4965273771714178, "view_id": 8, "point_pitch": -0.6431328495356698, "camera_rotation_from_original_to_final": [0.5564484596252441, 0.22702065110206604, 0.5374270677566528], "camera_location": [5.1951470375061035, 2.05561900138855, -0.6245877146720886], "point_normal": [-0.3810344636440277, 0.07813670486211777, 0.9212532639503479], "camera_rotation_final_quaternion": [0.33779650926589966, 0.23021498322486877, -0.4076787233352661, -0.8165124654769897], "skybox_img": 4, "point_uuid": "103", "field_of_view_rads": 0.9239011772765595, "camera_rotation_final": [0.9710206389427185, 0.10069198906421661, -2.3038992881774902]}