{"camera_uuid": "2204", "obliqueness_angle": 1.2590575218200684, "nonfixated_points_in_view": [], "camera_rotation_original": [-1.570796251296997, -3.072911500930786, -0.03676000237464905], "point_location": [0.32991182804107666, 2.4133899211883545, -1.3794349431991577], "skybox_img_path": "./img/high/2204_skybox4.jpg", "resolution": 512, "camera_distance": 0.800028177040808, "view_id": 31, "point_pitch": -0.6634875973078866, "camera_rotation_from_original_to_final": [0.697135329246521, -0.01727018691599369, 0.4864673912525177], "camera_location": [0.06150326877832413, 2.9648354053497314, -0.8657134175300598], "point_normal": [0.7323230504989624, 0.6650322675704956, 0.14640741050243378], "camera_rotation_final_quaternion": [0.23728972673416138, 0.07906527072191238, -0.41555270552635193, -0.874504566192627], "skybox_img": 4, "point_uuid": "151", "field_of_view_rads": 1.5082571856068028, "camera_rotation_final": [-2.2695279121398926, -3.0826315879821777, 0.5024455785751343]}