{"camera_uuid": "2507", "obliqueness_angle": 1.4011871814727783, "nonfixated_points_in_view": [14], "camera_rotation_original": [1.5707963705062866, -0.15916205942630768, -0.2870009243488312], "point_location": [2.196098566055298, 2.2025678157806396, -1.3980869054794312], "skybox_img_path": "./img/high/2507_skybox4.jpg", "resolution": 512, "camera_distance": 0.7993088304164134, "view_id": 7, "point_pitch": -0.6428782184931894, "camera_rotation_from_original_to_final": [-0.7198482155799866, 0.18840773403644562, 0.5309917330741882], "camera_location": [2.377960443496704, 1.640899896621704, -0.8592455387115479], "point_normal": [0.9356234073638916, 0.2750264108181, 0.22129014134407043], "camera_rotation_final_quaternion": [0.8889840841293335, 0.4025302529335022, 0.030040360987186432, 0.21627351641654968], "skybox_img": 4, "point_uuid": "165", "field_of_view_rads": 0.9239011772765595, "camera_rotation_final": [0.8242617845535278, -0.12099748849868774, 0.4243428111076355]}