{"camera_uuid": "9520", "obliqueness_angle": 1.2989227771759033, "nonfixated_points_in_view": [], "camera_rotation_original": [1.5707963705062866, -0.07713838666677475, 0.6923409104347229], "point_location": [1.8005895614624023, 0.6414239406585693, -0.9798945188522339], "skybox_img_path": "./img/high/9520_skybox4.jpg", "resolution": 512, "camera_distance": 0.7503757454480636, "view_id": 12, "point_pitch": -0.26804999907943206, "camera_rotation_from_original_to_final": [-0.21644632518291473, -0.17876920104026794, 0.16220413148403168], "camera_location": [2.3350989818573, 0.15726140141487122, -0.7726505398750305], "point_normal": [-0.012308535166084766, -0.0017647614004090428, 0.9999226927757263], "camera_rotation_final_quaternion": [0.7168391942977905, 0.5591626763343811, 0.22190923988819122, 0.35246986150741577], "skybox_img": 4, "point_uuid": "193", "field_of_view_rads": 0.8384684589002184, "camera_rotation_final": [1.290137767791748, -0.07610295712947845, 0.8566954135894775]}