{"camera_uuid": "12007", "obliqueness_angle": 0.9144769310951233, "nonfixated_points_in_view": [], "camera_rotation_original": [1.5707963705062866, 0.0007333785761147738, -1.2669705152511597], "point_location": [4.966612815856934, 0.5080769658088684, -1.3585069179534912], "skybox_img_path": "./img/high/12007_skybox4.jpg", "resolution": 512, "camera_distance": 0.424448130588051, "view_id": 16, "point_pitch": -0.13299731811019377, "camera_rotation_from_original_to_final": [-0.03997320681810379, 0.1267726570367813, 0.13978242874145508], "camera_location": [4.587087154388428, 0.32654595375061035, -1.3022664785385132], "point_normal": [-0.30664733052253723, -0.5435833930969238, 0.7813350558280945], "camera_rotation_final_quaternion": [0.6364784240722656, 0.5573124885559082, -0.3509296476840973, -0.4014304280281067], "skybox_img": 4, "point_uuid": "115", "field_of_view_rads": 0.5256461677815203, "camera_rotation_final": [1.4379031658172607, 0.0007261273567564785, -1.1247477531433105]}