{"camera_uuid": "7155", "obliqueness_angle": 1.4458839893341064, "nonfixated_points_in_view": [37], "camera_rotation_original": [1.5707963705062866, -0.11459621787071228, 1.8296345472335815], "point_location": [3.3059499263763428, 1.507105827331543, -1.4197665452957153], "skybox_img_path": "./img/high/7155_skybox4.jpg", "resolution": 512, "camera_distance": 0.9016928115619733, "view_id": 6, "point_pitch": -0.19941382010909514, "camera_rotation_from_original_to_final": [0.03590540215373039, -0.15549728274345398, -0.3686920702457428], "camera_location": [4.1911468505859375, 1.4123643636703491, -1.276586890220642], "point_normal": [-0.034560561180114746, 0.0017010869923979044, 0.9994011521339417], "camera_rotation_final_quaternion": [0.5375495553016663, 0.5053048133850098, 0.4065368175506592, 0.538920521736145], "skybox_img": 4, "point_uuid": "155", "field_of_view_rads": 0.6570232286300489, "camera_rotation_final": [1.4103928804397583, -0.10777947306632996, 1.4815760850906372]}