{"camera_uuid": "5187", "obliqueness_angle": 0.9663297533988953, "nonfixated_points_in_view": [131], "camera_rotation_original": [1.5707963705062866, 0.06683535873889923, 0.24535305798053741], "point_location": [3.778554677963257, 2.2078869342803955, -0.9307063221931458], "skybox_img_path": "./img/high/5187_skybox4.jpg", "resolution": 512, "camera_distance": 0.4790127478278369, "view_id": 3, "point_pitch": 0.6624753038075308, "camera_rotation_from_original_to_final": [0.6482798457145691, 0.16444620490074158, 0.08337492495775223], "camera_location": [3.87801194190979, 1.8445101976394653, -1.2265421152114868], "point_normal": [0.23373255133628845, 0.10200545191764832, -0.966935396194458], "camera_rotation_final_quaternion": [0.4354504346847534, 0.8854431509971619, 0.1574416309595108, 0.03981827199459076], "skybox_img": 4, "point_uuid": "128", "field_of_view_rads": 1.6071546237233685, "camera_rotation_final": [2.2382259368896484, 0.06665175408124924, 0.3195997476577759]}