{"camera_uuid": "5505", "obliqueness_angle": 1.047391653060913, "nonfixated_points_in_view": [], "camera_rotation_original": [1.5707963705062866, -0.02788372151553631, 1.0986697673797607], "point_location": [-0.0037994040176272392, 1.4926419258117676, -1.4197502136230469], "skybox_img_path": "./img/high/5505_skybox4.jpg", "resolution": 512, "camera_distance": 0.673347222755946, "view_id": 9, "point_pitch": -0.22645477851363616, "camera_rotation_from_original_to_final": [-0.1141653060913086, -0.2125518023967743, 0.5509829521179199], "camera_location": [0.6486434936523438, 1.5364651679992676, -1.2591441869735718], "point_normal": [0.5946656465530396, -0.7973978519439697, -0.10261386632919312], "camera_rotation_final_quaternion": [0.5303779244422913, 0.42694196105003357, 0.4454898238182068, 0.5813421010971069], "skybox_img": 4, "point_uuid": "70", "field_of_view_rads": 1.1263039557204935, "camera_rotation_final": [1.3298861980438232, -0.02384505607187748, 1.643721342086792]}