{"camera_uuid": "1091", "obliqueness_angle": 0.7750638127326965, "nonfixated_points_in_view": [], "camera_rotation_original": [1.5707963705062866, -0.12694233655929565, 0.8296562433242798], "point_location": [0.22651520371437073, 2.849133014678955, -1.442795991897583], "skybox_img_path": "./img/high/1091_skybox4.jpg", "resolution": 512, "camera_distance": 0.9442276779180715, "view_id": 43, "point_pitch": -0.7149497707698007, "camera_rotation_from_original_to_final": [-0.5640856623649597, -0.555240273475647, 0.5646719336509705], "camera_location": [0.8630586862564087, 2.6146562099456787, -0.7859863638877869], "point_normal": [0.024610353633761406, -0.009762244299054146, 0.9996494650840759], "camera_rotation_final_quaternion": [0.7119851112365723, 0.33640027046203613, 0.1975659728050232, 0.5838490724563599], "skybox_img": 4, "point_uuid": "150", "field_of_view_rads": 1.3050277495951415, "camera_rotation_final": [0.7954427003860474, -0.11171814799308777, 1.3266968727111816]}