{"camera_uuid": "11030", "obliqueness_angle": 1.471491813659668, "nonfixated_points_in_view": [], "camera_rotation_original": [1.5707963705062866, 0.061246540397405624, 1.8622123003005981], "point_location": [2.9207348823547363, -0.5152132511138916, -0.5628843903541565], "skybox_img_path": "./img/high/11030_skybox4.jpg", "resolution": 512, "camera_distance": 0.4976459591189287, "view_id": 31, "point_pitch": -0.34862320025893645, "camera_rotation_from_original_to_final": [0.10575602203607559, -0.34638795256614685, -0.22030916810035706], "camera_location": [3.384321451187134, -0.47332990169525146, -0.3868594467639923], "point_normal": [-0.26315274834632874, 0.039460260421037674, 0.9639468193054199], "camera_rotation_final_quaternion": [0.5740616917610168, 0.36985746026039124, 0.4316803216934204, 0.5893307328224182], "skybox_img": 4, "point_uuid": "152", "field_of_view_rads": 0.9322372163182677, "camera_rotation_final": [1.2085808515548706, 0.05972103029489517, 1.6382850408554077]}