{"camera_uuid": "1544", "obliqueness_angle": 1.3441239595413208, "nonfixated_points_in_view": [112], "camera_rotation_original": [1.5707963705062866, -0.121261365711689, -1.3386164903640747], "point_location": [2.066779375076294, 2.579990863800049, -1.4030261039733887], "skybox_img_path": "./img/high/1544_skybox4.jpg", "resolution": 512, "camera_distance": 0.6828437485135146, "view_id": 8, "point_pitch": -0.23772780498000579, "camera_rotation_from_original_to_final": [-0.05615648254752159, 0.22091996669769287, -0.10197628289461136], "camera_location": [1.4077296257019043, 2.489738702774048, -1.2488069534301758], "point_normal": [0.0033442084677517414, -0.016241353005170822, 0.9998626112937927], "camera_rotation_final_quaternion": [0.6207561492919922, 0.44253620505332947, -0.43730708956718445, -0.4770597219467163], "skybox_img": 4, "point_uuid": "51", "field_of_view_rads": 1.6816280418618088, "camera_rotation_final": [1.3412749767303467, -0.12098468095064163, -1.4065097570419312]}