{"camera_uuid": "3843", "obliqueness_angle": 0.6216331720352173, "nonfixated_points_in_view": [], "camera_rotation_original": [1.5707963705062866, 0.00028545636450871825, 1.258656620979309], "point_location": [-0.30368760228157043, 1.3439174890518188, -0.7665223479270935], "skybox_img_path": "./img/high/3843_skybox4.jpg", "resolution": 512, "camera_distance": 0.9629860031832899, "view_id": 98, "point_pitch": -0.4551386078211923, "camera_rotation_from_original_to_final": [-0.14907026290893555, -0.4314623475074768, 0.7349939346313477], "camera_location": [0.4963493049144745, 1.6728880405426025, -0.3433659076690674], "point_normal": [0.9422652125358582, 0.29410141706466675, -0.16012726724147797], "camera_rotation_final_quaternion": [0.47231724858283997, 0.2946462333202362, 0.4398556649684906, 0.7047176957130432], "skybox_img": 4, "point_uuid": "180", "field_of_view_rads": 2.1523097516304066, "camera_rotation_final": [1.1158421039581299, 0.00021800570539198816, 1.9608088731765747]}