{"camera_uuid": "5173", "obliqueness_angle": 0.9474265575408936, "nonfixated_points_in_view": [97], "camera_rotation_original": [1.5707963705062866, 0.012031998485326767, -2.5447773933410645], "point_location": [0.3078916072845459, 2.7992374897003174, -1.4269014596939087], "skybox_img_path": "./img/high/5173_skybox4.jpg", "resolution": 512, "camera_distance": 0.8886608484653062, "view_id": 18, "point_pitch": -0.12718240817519622, "camera_rotation_from_original_to_final": [0.09836138039827347, 0.06921841204166412, 0.6240906119346619], "camera_location": [-0.5198275446891785, 3.1045989990234375, -1.3203487396240234], "point_normal": [-0.24926692247390747, 0.8900291919708252, 0.38172534108161926], "camera_rotation_final_quaternion": [0.4248340427875519, 0.3819830119609833, -0.5423446893692017, -0.6160091161727905], "skybox_img": 4, "point_uuid": "66", "field_of_view_rads": 1.9554518605800617, "camera_rotation_final": [1.450598955154419, 0.009797230362892151, -1.9254084825515747]}