{"camera_uuid": "1266", "obliqueness_angle": 1.3284153938293457, "nonfixated_points_in_view": [], "camera_rotation_original": [1.5707963705062866, 0.11695212870836258, -2.324899911880493], "point_location": [1.607214331626892, 2.3642938137054443, -1.430482268333435], "skybox_img_path": "./img/high/1266_skybox4.jpg", "resolution": 512, "camera_distance": 0.7276661141079002, "view_id": 2, "point_pitch": -0.2658685882899423, "camera_rotation_from_original_to_final": [0.20735132694244385, 0.21557731926441193, -0.239092156291008], "camera_location": [1.2406127452850342, 2.9554436206817627, -1.2168396711349487], "point_normal": [0.2987099289894104, 0.13948945701122284, 0.9440948963165283], "camera_rotation_final_quaternion": [0.17473000288009644, 0.19600476324558258, -0.5610547065734863, -0.7850281000137329], "skybox_img": 4, "point_uuid": "181", "field_of_view_rads": 1.0910236528484336, "camera_rotation_final": [1.2708724737167358, 0.11190573871135712, -2.6210098266601562]}