{"camera_uuid": "10181", "obliqueness_angle": 1.0232529640197754, "nonfixated_points_in_view": [], "camera_rotation_original": [1.5707963705062866, 0.15253092348575592, -0.5201405882835388], "point_location": [5.518570899963379, 1.8022818565368652, -0.9034366607666016], "skybox_img_path": "./img/high/10181_skybox4.jpg", "resolution": 512, "camera_distance": 0.9583728184374788, "view_id": 31, "point_pitch": -0.3920103748652597, "camera_rotation_from_original_to_final": [-0.35976994037628174, 0.21088305115699768, -0.15651896595954895], "camera_location": [4.997704982757568, 1.0964620113372803, -0.5174372792243958], "point_normal": [-0.3810344636440277, 0.07813670486211777, 0.9212532639503479], "camera_rotation_final_quaternion": [0.7714082598686218, 0.5313307642936707, -0.12769106030464172, -0.32605502009391785], "skybox_img": 4, "point_uuid": "103", "field_of_view_rads": 0.9322372163182677, "camera_rotation_final": [1.151254653930664, 0.15004462003707886, -0.7023241519927979]}