{"camera_uuid": "12908", "obliqueness_angle": 0.6773556470870972, "nonfixated_points_in_view": [], "camera_rotation_original": [1.5707963705062866, -0.15827643871307373, -0.7012991905212402], "point_location": [5.4932861328125, 0.18884922564029694, -0.9166303277015686], "skybox_img_path": "./img/high/12908_skybox4.jpg", "resolution": 512, "camera_distance": 0.8549597371113388, "view_id": 38, "point_pitch": -0.7211941917750497, "camera_rotation_from_original_to_final": [-0.5789843201637268, 0.3923552930355072, -0.3952609896659851], "camera_location": [4.938479900360107, -0.17208784818649292, -0.3754550516605377], "point_normal": [-0.48851633071899414, 0.18398629128932953, 0.8529366254806519], "camera_rotation_final_quaternion": [0.8337224125862122, 0.35399767756462097, -0.24123427271842957, -0.3484230935573578], "skybox_img": 4, "point_uuid": "142", "field_of_view_rads": 1.3847446318031613, "camera_rotation_final": [0.8752769827842712, -0.15619724988937378, -0.8649052977561951]}