{"camera_uuid": "1671", "obliqueness_angle": 0.9477766752243042, "nonfixated_points_in_view": [2, 42], "camera_rotation_original": [1.5707963705062866, -0.0874922126531601, 1.8192238807678223], "point_location": [0.22651520371437073, 2.849133014678955, -1.442795991897583], "skybox_img_path": "./img/high/1671_skybox4.jpg", "resolution": 512, "camera_distance": 0.7232787363829069, "view_id": 16, "point_pitch": -0.5751301487300058, "camera_rotation_from_original_to_final": [0.17903003096580505, -0.5850871205329895, 0.3155495226383209], "camera_location": [0.7111836075782776, 3.1914432048797607, -1.029211163520813], "point_normal": [0.024610353633761406, -0.009762244299054146, 0.9996494650840759], "camera_rotation_final_quaternion": [0.36895737051963806, 0.23255933821201324, 0.40000802278518677, 0.806089460849762], "skybox_img": 4, "point_uuid": "150", "field_of_view_rads": 0.8446041756018192, "camera_rotation_final": [0.9598451256752014, -0.07984022796154022, 2.2415201663970947]}