{"camera_uuid": "3489", "obliqueness_angle": 1.3011789321899414, "nonfixated_points_in_view": [], "camera_rotation_original": [1.5707963705062866, -0.011678885668516159, 2.128276824951172], "point_location": [2.3265388011932373, 1.823689341545105, -1.379395604133606], "skybox_img_path": "./img/high/3489_skybox4.jpg", "resolution": 512, "camera_distance": 0.7872298771976725, "view_id": 3, "point_pitch": -0.16605834563704924, "camera_rotation_from_original_to_final": [0.0852101519703865, -0.13721489906311035, -0.41928380727767944], "camera_location": [3.095484495162964, 1.9352858066558838, -1.2529059648513794], "point_normal": [0.44639652967453003, -0.8364235162734985, -0.31800320744514465], "camera_rotation_final_quaternion": [0.49536070227622986, 0.4265531003475189, 0.4875592589378357, 0.5787540078163147], "skybox_img": 4, "point_uuid": "10", "field_of_view_rads": 1.0386947080855735, "camera_rotation_final": [1.4094105958938599, -0.010703442618250847, 1.716661810874939]}