{"camera_uuid": "6327", "obliqueness_angle": 0.9058912396430969, "nonfixated_points_in_view": [], "camera_rotation_original": [1.5707963705062866, 0.029640134423971176, 2.472033739089966], "point_location": [-0.34234288334846497, 0.8369564414024353, -0.7921566963195801], "skybox_img_path": "./img/high/6327_skybox4.jpg", "resolution": 512, "camera_distance": 0.8027353646395261, "view_id": 16, "point_pitch": -0.5852700908991952, "camera_rotation_from_original_to_final": [0.49768197536468506, -0.3588256537914276, -0.7940356731414795], "camera_location": [0.3051195740699768, 0.9672105312347412, -0.33585605025291443], "point_normal": [0.04777548089623451, 0.07583989202976227, 0.9959748387336731], "camera_rotation_final_quaternion": [0.57029128074646, 0.2893979251384735, 0.363363116979599, 0.6774835586547852], "skybox_img": 4, "point_uuid": "121", "field_of_view_rads": 1.6924921945557647, "camera_rotation_final": [0.966025173664093, 0.022322814911603928, 1.7538964748382568]}