{"camera_uuid": "13842", "obliqueness_angle": 1.1255769729614258, "nonfixated_points_in_view": [], "camera_rotation_original": [1.5707963705062866, -0.09460261464118958, -1.0392296314239502], "point_location": [5.4932861328125, 0.18884922564029694, -0.9166303277015686], "skybox_img_path": "./img/high/13842_skybox4.jpg", "resolution": 512, "camera_distance": 0.6469198325473076, "view_id": 29, "point_pitch": 0.005131439366612867, "camera_rotation_from_original_to_final": [0.031048616394400597, -0.03479443117976189, -0.4424932301044464], "camera_location": [4.849623680114746, 0.13114863634109497, -0.9462030529975891], "point_normal": [-0.48851633071899414, 0.18398629128932953, 0.8529366254806519], "camera_rotation_final_quaternion": [0.5292282104492188, 0.5123025178909302, -0.5102967619895935, -0.44391536712646484], "skybox_img": 4, "point_uuid": "142", "field_of_view_rads": 1.3499468538769375, "camera_rotation_final": [1.6166929006576538, -0.08539272099733353, -1.4853084087371826]}