{"camera_uuid": "11080", "obliqueness_angle": 0.7189232707023621, "nonfixated_points_in_view": [], "camera_rotation_original": [1.5707963705062866, -0.10305313766002655, 0.11446705460548401], "point_location": [-0.1822434514760971, 0.2831597626209259, -1.431676983833313], "skybox_img_path": "./img/high/11080_skybox4.jpg", "resolution": 512, "camera_distance": 0.9055319852035133, "view_id": 13, "point_pitch": -0.45682589610549407, "camera_rotation_from_original_to_final": [-0.5128617882728577, -0.05034340173006058, 0.5889277458190918], "camera_location": [0.32059434056282043, -0.32361432909965515, -0.9856191873550415], "point_normal": [0.12324375659227371, -0.9915743470191956, 0.03989033028483391], "camera_rotation_final_quaternion": [0.797663688659668, 0.481503963470459, 0.1478445827960968, 0.3317055106163025], "skybox_img": 4, "point_uuid": "188", "field_of_view_rads": 0.6025778511851491, "camera_rotation_final": [1.053742527961731, -0.08367213606834412, 0.7394911646842957]}