{"camera_uuid": "8890", "obliqueness_angle": 1.5617300271987915, "nonfixated_points_in_view": [], "camera_rotation_original": [-1.570796251296997, -3.00158429145813, -0.12060585618019104], "point_location": [2.9207348823547363, -0.5152132511138916, -0.5628843903541565], "skybox_img_path": "./img/high/8890_skybox4.jpg", "resolution": 512, "camera_distance": 0.6755518062083352, "view_id": 7, "point_pitch": -0.23184244235488372, "camera_rotation_from_original_to_final": [0.15174050629138947, -0.03876885771751404, -0.5942419171333313], "camera_location": [3.355940103530884, -0.00919225811958313, -0.4584363102912903], "point_normal": [-0.26315274834632874, 0.039460260421037674, 0.9639468193054199], "camera_rotation_final_quaternion": [-0.22121374309062958, -0.26206138730049133, -0.594994306564331, -0.7268907427787781], "skybox_img": 4, "point_uuid": "152", "field_of_view_rads": 1.274054123740192, "camera_rotation_final": [-1.7271264791488647, -3.02358078956604, -0.6917464733123779]}