{"camera_uuid": "7459", "obliqueness_angle": 0.4421473443508148, "nonfixated_points_in_view": [], "camera_rotation_original": [1.5707963705062866, 0.13342517614364624, 0.6733261942863464], "point_location": [-0.0037994040176272392, 1.4926419258117676, -1.4197502136230469], "skybox_img_path": "./img/high/7459_skybox4.jpg", "resolution": 512, "camera_distance": 0.9765681114035559, "view_id": 8, "point_pitch": -0.3318825205180307, "camera_rotation_from_original_to_final": [-0.2603280246257782, -0.19394224882125854, 0.11172144114971161], "camera_location": [0.634646475315094, 0.8219298124313354, -1.1095608472824097], "point_normal": [0.5946656465530396, -0.7973978519439697, -0.10261386632919312], "camera_rotation_final_quaternion": [0.7729699611663818, 0.5257830023765564, 0.2544330656528473, 0.2476559281349182], "skybox_img": 4, "point_uuid": "70", "field_of_view_rads": 1.6816280418618088, "camera_rotation_final": [1.2445650100708008, 0.13330617547035217, 0.7158202528953552]}