{"camera_uuid": "11624", "obliqueness_angle": 1.1838971376419067, "nonfixated_points_in_view": [], "camera_rotation_original": [1.5707963705062866, -0.0031735666561871767, -0.6511510610580444], "point_location": [2.6072916984558105, 0.47235140204429626, -1.3380800485610962], "skybox_img_path": "./img/high/11624_skybox4.jpg", "resolution": 512, "camera_distance": 0.9947926339316461, "view_id": 17, "point_pitch": -0.02996043761702971, "camera_rotation_from_original_to_final": [-0.024739479646086693, 0.019241951406002045, 0.4490065276622772], "camera_location": [2.4079012870788574, -0.5017554759979248, -1.3069095611572266], "point_normal": [-0.9810226559638977, -0.18625010550022125, -0.0539044626057148], "camera_rotation_final_quaternion": [0.7145462036132812, 0.6922963261604309, -0.07112648338079453, -0.0713479220867157], "skybox_img": 4, "point_uuid": "87", "field_of_view_rads": 0.7376648996792496, "camera_rotation_final": [1.5394574403762817, -0.0028585130348801613, -0.20181192457675934]}