{"camera_uuid": "13812", "obliqueness_angle": 1.2980691194534302, "nonfixated_points_in_view": [65, 34, 84, 127], "camera_rotation_original": [1.5707963705062866, 0.07328678667545319, -0.12214570492506027], "point_location": [0.14699065685272217, -0.1122998520731926, -1.4476916790008545], "skybox_img_path": "./img/high/13812_skybox4.jpg", "resolution": 512, "camera_distance": 0.6608922582725616, "view_id": 19, "point_pitch": -0.5269779404017587, "camera_rotation_from_original_to_final": [-0.5305591225624084, 0.07174134254455566, -0.1083216443657875], "camera_location": [0.02962983213365078, -0.6686614155769348, -1.110843300819397], "point_normal": [0.0340309739112854, 0.2575204074382782, 0.9656734466552734], "camera_rotation_final_quaternion": [0.8595486879348755, 0.49419063329696655, -0.030528336763381958, -0.1265687346458435], "skybox_img": 4, "point_uuid": "178", "field_of_view_rads": 1.2336953516850653, "camera_rotation_final": [1.0344061851501465, 0.07268096506595612, -0.25104203820228577]}