{"camera_uuid": "5150", "obliqueness_angle": 1.2346906661987305, "nonfixated_points_in_view": [21, 78], "camera_rotation_original": [1.5707963705062866, -0.14615754783153534, -2.3009891510009766], "point_location": [2.6072916984558105, 0.47235140204429626, -1.3380800485610962], "skybox_img_path": "./img/high/5150_skybox4.jpg", "resolution": 512, "camera_distance": 0.7460034875045171, "view_id": 4, "point_pitch": -0.32645289500686125, "camera_rotation_from_original_to_final": [0.19406268000602722, 0.21494488418102264, -0.26282015442848206], "camera_location": [2.229537010192871, 1.0795999765396118, -1.1257787942886353], "point_normal": [-0.9810226559638977, -0.18625010550022125, -0.0539044626057148], "camera_rotation_final_quaternion": [0.27655091881752014, 0.12127005308866501, -0.5856630206108093, -0.7522047758102417], "skybox_img": 4, "point_uuid": "87", "field_of_view_rads": 1.6816280418618088, "camera_rotation_final": [1.2792047262191772, -0.14196787774562836, -2.542656183242798]}