{"camera_uuid": "10092", "obliqueness_angle": 1.2317376136779785, "nonfixated_points_in_view": [], "camera_rotation_original": [1.5707963705062866, 0.0036788813304156065, -1.0864365100860596], "point_location": [2.745572328567505, -0.016294807195663452, -0.9296797513961792], "skybox_img_path": "./img/high/10092_skybox4.jpg", "resolution": 512, "camera_distance": 0.7389851133929853, "view_id": 52, "point_pitch": -0.21848682960006194, "camera_rotation_from_original_to_final": [-0.10360410064458847, 0.19392652809619904, -0.3055506944656372], "camera_location": [2.037155866622925, -0.1517200618982315, -0.7687290906906128], "point_normal": [-0.5854119062423706, 0.6019739508628845, -0.5430656671524048], "camera_rotation_final_quaternion": [0.6004471778869629, 0.48265931010246277, -0.3976684808731079, -0.498360276222229], "skybox_img": 4, "point_uuid": "102", "field_of_view_rads": 0.63963352615166, "camera_rotation_final": [1.3512356281280518, 0.003518627490848303, -1.3826942443847656]}