{"camera_uuid": "8481", "obliqueness_angle": 1.1702955961227417, "nonfixated_points_in_view": [], "camera_rotation_original": [1.5707963705062866, 0.13472555577754974, -0.875363290309906], "point_location": [5.518570899963379, 1.8022818565368652, -0.9034366607666016], "skybox_img_path": "./img/high/8481_skybox4.jpg", "resolution": 512, "camera_distance": 0.7391141726105248, "view_id": 79, "point_pitch": -0.017596407732691333, "camera_rotation_from_original_to_final": [-0.047217000275850296, 0.04389255493879318, -0.3489002585411072], "camera_location": [4.825008392333984, 1.551223874092102, -0.8562062978744507], "point_normal": [-0.3810344636440277, 0.07813670486211777, 0.9212532639503479], "camera_rotation_final_quaternion": [0.5693842172622681, 0.5838066935539246, -0.35667794942855835, -0.4557984471321106], "skybox_img": 4, "point_uuid": "103", "field_of_view_rads": 0.8526318947095067, "camera_rotation_final": [1.5063369274139404, 0.12635871767997742, -1.2316206693649292]}