{"camera_uuid": "7182", "obliqueness_angle": 1.47842538356781, "nonfixated_points_in_view": [], "camera_rotation_original": [1.5707963705062866, 0.09509110450744629, -2.2993004322052], "point_location": [5.615777015686035, 2.4743409156799316, -1.4249221086502075], "skybox_img_path": "./img/high/7182_skybox4.jpg", "resolution": 512, "camera_distance": 0.986464715696646, "view_id": 10, "point_pitch": -0.699578924975123, "camera_rotation_from_original_to_final": [0.554661214351654, 0.5127171277999878, -0.21713770925998688], "camera_location": [5.275373935699463, 3.121147394180298, -0.7624421119689941], "point_normal": [-0.9627537131309509, -0.11571325361728668, -0.2443682849407196], "camera_rotation_final_quaternion": [0.16724646091461182, 0.11993899196386337, -0.3870784044265747, -0.8987845182418823], "skybox_img": 4, "point_uuid": "125", "field_of_view_rads": 1.6924921945557647, "camera_rotation_final": [0.8310853242874146, 0.08623045682907104, -2.735572576522827]}