{"camera_uuid": "11681", "obliqueness_angle": 1.3468091487884521, "nonfixated_points_in_view": [91], "camera_rotation_original": [1.5707963705062866, -0.10393668711185455, -1.9364311695098877], "point_location": [2.9207348823547363, -0.5152132511138916, -0.5628843903541565], "skybox_img_path": "./img/high/11681_skybox4.jpg", "resolution": 512, "camera_distance": 0.9431543701301479, "view_id": 3, "point_pitch": 0.08366938034561677, "camera_rotation_from_original_to_final": [-0.002334973309189081, -0.03778962418437004, 0.4777626693248749], "camera_location": [1.9840885400772095, -0.6204437017440796, -0.5969486832618713], "point_normal": [-0.26315274834632874, 0.039460260421037674, 0.9639468193054199], "camera_rotation_final_quaternion": [0.5384249091148376, 0.5138315558433533, -0.5040196776390076, -0.43822354078292847], "skybox_img": 4, "point_uuid": "152", "field_of_view_rads": 1.957036885090066, "camera_rotation_final": [1.6070770025253296, -0.09253935515880585, -1.4622714519500732]}