{"camera_uuid": "11433", "obliqueness_angle": 1.5078718662261963, "nonfixated_points_in_view": [61], "camera_rotation_original": [1.5707963705062866, -0.03390580415725708, -0.8629082441329956], "point_location": [1.5582280158996582, -0.07981093972921371, -1.376783013343811], "skybox_img_path": "./img/high/11433_skybox4.jpg", "resolution": 512, "camera_distance": 0.6916980572132924, "view_id": 1, "point_pitch": -0.2551674087855478, "camera_rotation_from_original_to_final": [-0.163632333278656, 0.1875467747449875, -0.2247319370508194], "camera_location": [0.9693458676338196, -0.4003984034061432, -1.2068191766738892], "point_normal": [0.37050071358680725, -0.9113456606864929, -0.17938350141048431], "camera_rotation_final_quaternion": [0.6852898597717285, 0.5224980711936951, -0.3227011561393738, -0.39145568013191223], "skybox_img": 4, "point_uuid": "72", "field_of_view_rads": 1.6316217442386929, "camera_rotation_final": [1.3223944902420044, -0.033224090933799744, -1.0638375282287598]}