{"camera_uuid": "9100", "obliqueness_angle": 1.4853315353393555, "nonfixated_points_in_view": [], "camera_rotation_original": [1.5707963705062866, 0.11995986104011536, -1.071993112564087], "point_location": [2.745572328567505, -0.016294807195663452, -0.9296797513961792], "skybox_img_path": "./img/high/9100_skybox4.jpg", "resolution": 512, "camera_distance": 0.5988957615576371, "view_id": 21, "point_pitch": -0.5863725384089609, "camera_rotation_from_original_to_final": [-0.32744652032852173, 0.553925096988678, -0.47220417857170105], "camera_location": [2.2670161724090576, -0.07648424059152603, -0.5746623277664185], "point_normal": [-0.5854119062423706, 0.6019739508628845, -0.5430656671524048], "camera_rotation_final_quaternion": [0.628168523311615, 0.3576362431049347, -0.27514174580574036, -0.6338751316070557], "skybox_img": 4, "point_uuid": "102", "field_of_view_rads": 1.794124606241639, "camera_rotation_final": [0.9319666624069214, 0.10793209820985794, -1.525518774986267]}