{"camera_uuid": "10600", "obliqueness_angle": 1.0165631771087646, "nonfixated_points_in_view": [], "camera_rotation_original": [1.5707963705062866, 0.08999162912368774, -0.9207028150558472], "point_location": [2.745572328567505, -0.016294807195663452, -0.9296797513961792], "skybox_img_path": "./img/high/10600_skybox4.jpg", "resolution": 512, "camera_distance": 0.9341539513777217, "view_id": 66, "point_pitch": 0.4445106546070914, "camera_rotation_from_original_to_final": [0.26865193247795105, -0.32786107063293457, -0.33067479729652405], "camera_location": [1.9484279155731201, -0.31900203227996826, -1.3112196922302246], "point_normal": [-0.5854119062423706, 0.6019739508628845, -0.5430656671524048], "camera_rotation_final_quaternion": [0.432382732629776, 0.712715208530426, -0.4430055022239685, -0.3298913538455963], "skybox_img": 4, "point_uuid": "102", "field_of_view_rads": 1.3012303617095222, "camera_rotation_final": [1.9932430982589722, 0.08725197613239288, -1.1687262058258057]}