{"camera_uuid": "8871", "obliqueness_angle": 1.0131237506866455, "nonfixated_points_in_view": [65, 34], "camera_rotation_original": [1.5707963705062866, -0.1726309061050415, -2.0697035789489746], "point_location": [0.14699065685272217, -0.1122998520731926, -1.4476916790008545], "skybox_img_path": "./img/high/8871_skybox4.jpg", "resolution": 512, "camera_distance": 0.776473233639778, "view_id": 34, "point_pitch": -0.664486094317164, "camera_rotation_from_original_to_final": [0.2935619354248047, 0.4993610084056854, -0.5323327779769897], "camera_location": [-0.143899604678154, 0.47178491950035095, -1.0268133878707886], "point_normal": [0.33598119020462036, 0.20910274982452393, 0.9183641672134399], "camera_rotation_final_quaternion": [0.2770078480243683, 0.06730255484580994, -0.4737628698348999, -0.8332381248474121], "skybox_img": 4, "point_uuid": "178", "field_of_view_rads": 1.0801451845514387, "camera_rotation_final": [0.9905051589012146, -0.15088585019111633, -2.5812978744506836]}