{"camera_uuid": "12411", "obliqueness_angle": 1.527114748954773, "nonfixated_points_in_view": [], "camera_rotation_original": [1.5707963705062866, 0.06170027330517769, 2.2692384719848633], "point_location": [3.54880690574646, 0.15072500705718994, -1.4055030345916748], "skybox_img_path": "./img/high/12411_skybox4.jpg", "resolution": 512, "camera_distance": 0.9401320561358459, "view_id": 2, "point_pitch": -0.4160100658747812, "camera_rotation_from_original_to_final": [0.30727067589759827, -0.33713844418525696, -0.6645429134368896], "camera_location": [4.39141845703125, 0.22259521484375, -0.9947856664657593], "point_normal": [0.19957615435123444, 0.8647677302360535, -0.4608103036880493], "camera_rotation_final_quaternion": [0.5903096199035645, 0.3479991853237152, 0.4005753695964813, 0.6082519888877869], "skybox_img": 4, "point_uuid": "83", "field_of_view_rads": 1.494443233462961, "camera_rotation_final": [1.1180799007415771, 0.049604903906583786, 1.6317713260650635]}