{"camera_uuid": "5879", "obliqueness_angle": 1.3294724225997925, "nonfixated_points_in_view": [], "camera_rotation_original": [1.5707963705062866, 0.15487946569919586, -2.876246690750122], "point_location": [3.54880690574646, 0.15072500705718994, -1.4055030345916748], "skybox_img_path": "./img/high/5879_skybox4.jpg", "resolution": 512, "camera_distance": 0.9784632790625657, "view_id": 3, "point_pitch": -0.15228335460158782, "camera_rotation_from_original_to_final": [0.09205085039138794, 0.03401296213269234, 0.370429664850235], "camera_location": [2.972130537033081, 0.9354035258293152, -1.3100337982177734], "point_normal": [0.6510329842567444, 0.2669019401073456, -0.7105768918991089], "camera_rotation_final_quaternion": [0.17884744703769684, 0.25534898042678833, -0.6212983727455139, -0.718887209892273], "skybox_img": 4, "point_uuid": "83", "field_of_view_rads": 1.1173938933188836, "camera_rotation_final": [1.47202467918396, 0.14541085064411163, -2.522170066833496]}