{"camera_uuid": "14912", "obliqueness_angle": 1.1629889011383057, "nonfixated_points_in_view": [], "camera_rotation_original": [1.5707963705062866, -0.026182018220424652, -2.588315010070801], "point_location": [6.481565952301025, 0.8570258617401123, -1.4156475067138672], "skybox_img_path": "./img/high/14912_skybox4.jpg", "resolution": 512, "camera_distance": 0.2374633775531728, "view_id": 11, "point_pitch": -0.4314874847743173, "camera_rotation_from_original_to_final": [0.35956117510795593, 0.20780730247497559, -0.7525733113288879], "camera_location": [6.532413005828857, 1.0684983730316162, -1.3203437328338623], "point_normal": [-0.010680751875042915, -0.002730970038101077, 0.9999393224716187], "camera_rotation_final_quaternion": [-0.0900857225060463, -0.06991134583950043, -0.5426249504089355, -0.832198977470398], "skybox_img": 4, "point_uuid": "134", "field_of_view_rads": 2.0028936213055424, "camera_rotation_final": [1.1577398777008057, -0.01859586127102375, -3.3694069385528564]}