{"camera_uuid": "3707", "obliqueness_angle": 0.8837370276451111, "nonfixated_points_in_view": [], "camera_rotation_original": [1.5707963705062866, 0.0084884287789464, 0.5617398023605347], "point_location": [1.1355481147766113, 2.277404546737671, -1.37511146068573], "skybox_img_path": "./img/high/3707_skybox4.jpg", "resolution": 512, "camera_distance": 0.9992666610314667, "view_id": 26, "point_pitch": -0.48290364345046477, "camera_rotation_from_original_to_final": [-0.418030709028244, -0.24904027581214905, 0.06678274273872375], "camera_location": [1.6173911094665527, 1.5350193977355957, -0.911187469959259], "point_normal": [-0.34670761227607727, -0.666063666343689, 0.6604189276695251], "camera_rotation_final_quaternion": [0.8215968012809753, 0.4955551326274872, 0.1493082195520401, 0.23897883296012878], "skybox_img": 4, "point_uuid": "162", "field_of_view_rads": 0.554628086887159, "camera_rotation_final": [1.0879735946655273, 0.008488046005368233, 0.5712558031082153]}