{"camera_uuid": "4200", "obliqueness_angle": 1.0442912578582764, "nonfixated_points_in_view": [], "camera_rotation_original": [1.5707963705062866, 0.09520129859447479, -0.18206603825092316], "point_location": [-0.014790859073400497, 3.0187888145446777, -1.4541010856628418], "skybox_img_path": "./img/high/4200_skybox4.jpg", "resolution": 512, "camera_distance": 0.5757508630899312, "view_id": 31, "point_pitch": -0.47168628772231536, "camera_rotation_from_original_to_final": [-0.5199668407440186, 0.08564543724060059, -0.6102516055107117], "camera_location": [-0.3617939054965973, 2.661816358566284, -1.164880394935608], "point_normal": [-0.0014163268497213721, 0.001087893615476787, 0.9999983906745911], "camera_rotation_final_quaternion": [0.7877870202064514, 0.4700745642185211, -0.16691815853118896, -0.3613305985927582], "skybox_img": 4, "point_uuid": "3", "field_of_view_rads": 1.792492522379571, "camera_rotation_final": [1.0427796840667725, 0.07678814977407455, -0.815950870513916]}