{"camera_uuid": "7651", "obliqueness_angle": 0.838941216468811, "nonfixated_points_in_view": [], "camera_rotation_original": [1.5707963705062866, -0.014991353265941143, 2.990154504776001], "point_location": [5.518570899963379, 1.8022818565368652, -0.9034366607666016], "skybox_img_path": "./img/high/7651_skybox4.jpg", "resolution": 512, "camera_distance": 0.8686746355341055, "view_id": 67, "point_pitch": -0.4697858532282968, "camera_rotation_from_original_to_final": [0.4748292863368988, -0.07186657935380936, 0.7124893665313721], "camera_location": [5.096884727478027, 2.447244882583618, -0.502439022064209], "point_normal": [-0.3810344636440277, 0.07813670486211777, 0.9212532639503479], "camera_rotation_final_quaternion": [-0.2491900771856308, -0.14501017332077026, 0.49815866351127625, 0.817749559879303], "skybox_img": 4, "point_uuid": "103", "field_of_view_rads": 1.4547424917401932, "camera_rotation_final": [1.090943694114685, -0.011108622886240482, 3.726425886154175]}