{"camera_uuid": "6180", "obliqueness_angle": 0.5829406380653381, "nonfixated_points_in_view": [], "camera_rotation_original": [1.5707963705062866, 0.12263558059930801, 1.0625379085540771], "point_location": [-0.30368760228157043, 1.3439174890518188, -0.7665223479270935], "skybox_img_path": "./img/high/6180_skybox4.jpg", "resolution": 512, "camera_distance": 0.387895893750706, "view_id": 53, "point_pitch": 0.13945467869308992, "camera_rotation_from_original_to_final": [0.08356106281280518, 0.1451447457075119, 0.2256496548652649], "camera_location": [0.06297968327999115, 1.235082983970642, -0.8311240673065186], "point_normal": [0.9422652125358582, 0.29410141706466675, -0.16012726724147797], "camera_rotation_final_quaternion": [0.5397250652313232, 0.5833612680435181, 0.49291136860847473, 0.35415375232696533], "skybox_img": 4, "point_uuid": "180", "field_of_view_rads": 1.7197523314966958, "camera_rotation_final": [1.7393262386322021, 0.1191558763384819, 1.3024816513061523]}