{"camera_uuid": "9573", "obliqueness_angle": 1.0769175291061401, "nonfixated_points_in_view": [], "camera_rotation_original": [1.5707963705062866, -0.03946898505091667, 2.8279240131378174], "point_location": [1.1332991123199463, -0.8327366709709167, -1.4375404119491577], "skybox_img_path": "./img/high/9573_skybox4.jpg", "resolution": 512, "camera_distance": 0.9597184853938001, "view_id": 40, "point_pitch": -0.29946081241103606, "camera_rotation_from_original_to_final": [0.2811034023761749, -0.0882924273610115, -0.1496575027704239], "camera_location": [1.5336577892303467, -0.006129424553364515, -1.1591647863388062], "point_normal": [-0.5603585243225098, 0.8280418515205383, -0.018577322363853455], "camera_rotation_final_quaternion": [0.1635403037071228, 0.14508002996444702, 0.5778598189353943, 0.786310613155365], "skybox_img": 4, "point_uuid": "147", "field_of_view_rads": 2.081073338083007, "camera_rotation_final": [1.2762746810913086, -0.03915919363498688, 2.7024266719818115]}