{"camera_uuid": "4726", "obliqueness_angle": 0.919353723526001, "nonfixated_points_in_view": [], "camera_rotation_original": [1.5707963705062866, 0.12137409299612045, -2.177798271179199], "point_location": [1.6843894720077515, 1.1254421472549438, -1.4068831205368042], "skybox_img_path": "./img/high/4726_skybox4.jpg", "resolution": 512, "camera_distance": 0.6149480668195342, "view_id": 15, "point_pitch": -0.5393182476374765, "camera_rotation_from_original_to_final": [0.3392117917537689, 0.4200388789176941, 0.1544218510389328], "camera_location": [1.2248417139053345, 1.3886749744415283, -1.0943363904953003], "point_normal": [-0.13031253218650818, 0.011851518414914608, 0.9914022088050842], "camera_rotation_final_quaternion": [0.38146281242370605, 0.27827188372612, -0.41041481494903564, -0.7801349759101868], "skybox_img": 4, "point_uuid": "111", "field_of_view_rads": 1.5082571856068028, "camera_rotation_final": [1.0332674980163574, 0.12136097252368927, -2.163020133972168]}