{"camera_uuid": "11123", "obliqueness_angle": 0.8445500731468201, "nonfixated_points_in_view": [56], "camera_rotation_original": [1.5707963705062866, 0.076044961810112, 2.8605399131774902], "point_location": [1.1332991123199463, -0.8327366709709167, -1.4375404119491577], "skybox_img_path": "./img/high/11123_skybox4.jpg", "resolution": 512, "camera_distance": 0.6442266951006378, "view_id": 37, "point_pitch": -0.6586329182002206, "camera_rotation_from_original_to_final": [0.6160295605659485, -0.17828379571437836, 0.2414254993200302], "camera_location": [1.121690273284912, -0.3153325617313385, -1.0538917779922485], "point_normal": [-0.5603585243225098, 0.8280418515205383, -0.018577322363853455], "camera_rotation_final_quaternion": [0.030974987894296646, -0.025672966614365578, 0.4489787220954895, 0.8926362991333008], "skybox_img": 4, "point_uuid": "147", "field_of_view_rads": 1.5082571856068028, "camera_rotation_final": [0.9308658838272095, 0.07371420413255692, 3.1092536449432373]}