{"camera_uuid": "7233", "obliqueness_angle": 0.7949932217597961, "nonfixated_points_in_view": [93], "camera_rotation_original": [1.5707963705062866, 0.14828787744045258, -2.2007923126220703], "point_location": [4.528530120849609, 1.0438001155853271, -1.4141380786895752], "skybox_img_path": "./img/high/7233_skybox4.jpg", "resolution": 512, "camera_distance": 0.8500062651263077, "view_id": 20, "point_pitch": -0.6961247166010995, "camera_rotation_from_original_to_final": [0.5292006731033325, 0.5735249519348145, -0.23026958107948303], "camera_location": [4.199041366577148, 1.5650339126586914, -0.8291054964065552], "point_normal": [0.012244894169270992, 0.0278637632727623, 0.9995367527008057], "camera_rotation_final_quaternion": [0.17519788444042206, 0.14344525337219238, -0.3678167760372162, -0.9019090533256531], "skybox_img": 4, "point_uuid": "140", "field_of_view_rads": 1.7927549318813307, "camera_rotation_final": [0.8035620450973511, 0.13023555278778076, -2.7024664878845215]}