{"camera_uuid": "2010", "obliqueness_angle": 0.5201523303985596, "nonfixated_points_in_view": [2], "camera_rotation_original": [1.5707963705062866, 0.16014422476291656, 2.0212531089782715], "point_location": [0.32991182804107666, 2.4133899211883545, -1.3794349431991577], "skybox_img_path": "./img/high/2010_skybox4.jpg", "resolution": 512, "camera_distance": 0.6661076635938394, "view_id": 7, "point_pitch": -0.7014095028254648, "camera_rotation_from_original_to_final": [0.2893686592578888, -0.5738163590431213, 0.39064276218414307], "camera_location": [0.6482129693031311, 2.845064401626587, -0.9844147562980652], "point_normal": [0.7323230504989624, 0.6650322675704956, 0.14640741050243378], "camera_rotation_final_quaternion": [0.35619816184043884, 0.10056125372648239, 0.439742773771286, 0.8183132410049438], "skybox_img": 4, "point_uuid": "151", "field_of_view_rads": 1.9554518605800617, "camera_rotation_final": [0.9276779890060425, 0.1492433249950409, 2.3952572345733643]}