{"camera_uuid": "8136", "obliqueness_angle": 1.1971012353897095, "nonfixated_points_in_view": [], "camera_rotation_original": [1.5707963705062866, 7.407369935208408e-07, -1.620261311531067], "point_location": [1.9191844463348389, 0.03978348895907402, -1.4310652017593384], "skybox_img_path": "./img/high/8136_skybox4.jpg", "resolution": 512, "camera_distance": 0.6692554840722467, "view_id": 7, "point_pitch": -0.3636442859980722, "camera_rotation_from_original_to_final": [0.01881502941250801, 0.36317914724349976, -0.42763379216194153], "camera_location": [1.3645373582839966, 0.32892906665802, -1.1930224895477295], "point_normal": [-0.03025132790207863, -0.0354352742433548, 0.9989140033721924], "camera_rotation_final_quaternion": [0.4269046485424042, 0.2943081259727478, -0.48532599210739136, -0.703984260559082], "skybox_img": 4, "point_uuid": "175", "field_of_view_rads": 2.1523097516304066, "camera_rotation_final": [1.2071517705917358, 7.457336437255435e-07, -2.0513501167297363]}