{"camera_uuid": "6256", "obliqueness_angle": 1.350904941558838, "nonfixated_points_in_view": [], "camera_rotation_original": [1.5707963705062866, -0.008497980423271656, -1.4068888425827026], "point_location": [3.4670467376708984, 1.0758438110351562, -0.6993377804756165], "skybox_img_path": "./img/high/6256_skybox4.jpg", "resolution": 512, "camera_distance": 0.8275441795985004, "view_id": 38, "point_pitch": -0.6153217991206308, "camera_rotation_from_original_to_final": [-0.11687858402729034, 0.6079006791114807, 0.23674707114696503], "camera_location": [2.8557543754577637, 0.7903950810432434, -0.22009876370429993], "point_normal": [-0.6784085035324097, -0.30312207341194153, -0.6692376136779785], "camera_rotation_final_quaternion": [0.7519210577011108, 0.3857264220714569, -0.2483147531747818, -0.47346553206443787], "skybox_img": 4, "point_uuid": "78", "field_of_view_rads": 0.9322372163182677, "camera_rotation_final": [0.9531362652778625, -0.008169950917363167, -1.1281251907348633]}