{"camera_uuid": "7529", "obliqueness_angle": 1.481479287147522, "nonfixated_points_in_view": [127], "camera_rotation_original": [1.5707963705062866, 0.023427989333868027, 1.444040298461914], "point_location": [-0.1822434514760971, 0.2831597626209259, -1.431676983833313], "skybox_img_path": "./img/high/7529_skybox4.jpg", "resolution": 512, "camera_distance": 0.9669814058324749, "view_id": 22, "point_pitch": -0.7043921192500253, "camera_rotation_from_original_to_final": [-0.11298932880163193, -0.6931048631668091, 0.20552843809127808], "camera_location": [0.5562920570373535, 0.3130491077899933, -0.808198869228363], "point_normal": [0.12324375659227371, -0.9915743470191956, 0.03989033028483391], "camera_rotation_final_quaternion": [0.6379860639572144, 0.28727802634239197, 0.30836284160614014, 0.6444823741912842], "skybox_img": 4, "point_uuid": "188", "field_of_view_rads": 1.3001655876812834, "camera_rotation_final": [0.8698508739471436, 0.023173214867711067, 1.5916937589645386]}