{"camera_uuid": "4924", "obliqueness_angle": 0.714019775390625, "nonfixated_points_in_view": [], "camera_rotation_original": [1.5707963705062866, -0.1335597187280655, 2.4414658546447754], "point_location": [-0.34234288334846497, 0.8369564414024353, -0.7921566963195801], "skybox_img_path": "./img/high/4924_skybox4.jpg", "resolution": 512, "camera_distance": 0.8297151534901349, "view_id": 65, "point_pitch": -0.7175838192317148, "camera_rotation_from_original_to_final": [0.6513885855674744, -0.44376999139785767, 0.19857129454612732], "camera_location": [-0.1304868459701538, 1.394309401512146, -0.2151801437139511], "point_normal": [0.04777548089623451, 0.07583989202976227, 0.9959748387336731], "camera_rotation_final_quaternion": [0.08992213755846024, 0.10237185657024384, 0.3765958249568939, 0.9163021445274353], "skybox_img": 4, "point_uuid": "121", "field_of_view_rads": 1.3847446318031613, "camera_rotation_final": [0.7947791814804077, -0.12016750127077103, 2.895460605621338]}