{"camera_uuid": "8821", "obliqueness_angle": 0.5173859000205994, "nonfixated_points_in_view": [], "camera_rotation_original": [1.5707963705062866, 0.1636294722557068, -1.7320665121078491], "point_location": [2.745572328567505, -0.016294807195663452, -0.9296797513961792], "skybox_img_path": "./img/high/8821_skybox4.jpg", "resolution": 512, "camera_distance": 0.4523332193271765, "view_id": 80, "point_pitch": 0.14791233936813875, "camera_rotation_from_original_to_final": [-0.032797377556562424, -0.05840136855840683, -0.5524243712425232], "camera_location": [2.4043774604797363, 0.2793109118938446, -0.9581167697906494], "point_normal": [-0.5854119062423706, 0.6019739508628845, -0.5430656671524048], "camera_rotation_final_quaternion": [0.23992833495140076, 0.34870216250419617, -0.6401877999305725, -0.6410934329032898], "skybox_img": 4, "point_uuid": "102", "field_of_view_rads": 1.7038416286700269, "camera_rotation_final": [1.6343307495117188, 0.140363410115242, -2.275825262069702]}