{"camera_uuid": "15026", "obliqueness_angle": 0.8811827301979065, "nonfixated_points_in_view": [], "camera_rotation_original": [1.5707963705062866, 0.011339934542775154, -0.6205227375030518], "point_location": [6.481565952301025, 0.8570258617401123, -1.4156475067138672], "skybox_img_path": "./img/high/15026_skybox4.jpg", "resolution": 512, "camera_distance": 0.7702806546474628, "view_id": 13, "point_pitch": -0.686998768648829, "camera_rotation_from_original_to_final": [-0.5843062400817871, 0.37790143489837646, 0.18434566259384155], "camera_location": [6.293537139892578, 0.2902449667453766, -0.9290913939476013], "point_normal": [-0.010680751875042915, -0.002730970038101077, 0.9999393224716187], "camera_rotation_final_quaternion": [0.8906422257423401, 0.42412644624710083, -0.06547029316425323, -0.15028899908065796], "skybox_img": 4, "point_uuid": "134", "field_of_view_rads": 0.9196569054818151, "camera_rotation_final": [0.8870546221733093, 0.010862068273127079, -0.3291744291782379]}