{"camera_uuid": "11850", "obliqueness_angle": 1.3173868656158447, "nonfixated_points_in_view": [], "camera_rotation_original": [1.5707963705062866, 0.11198456585407257, 2.997753381729126], "point_location": [3.9741721153259277, -0.9291063547134399, -0.6485407948493958], "skybox_img_path": "./img/high/11850_skybox4.jpg", "resolution": 512, "camera_distance": 0.7925191301045431, "view_id": 6, "point_pitch": -0.3406584699961801, "camera_rotation_from_original_to_final": [0.3346141576766968, -0.05398072674870491, 0.026874948292970657], "camera_location": [4.053768634796143, -0.18586589395999908, -0.38520729541778564], "point_normal": [0.019443031400442123, 0.5589542388916016, -0.8289705514907837], "camera_rotation_final_quaternion": [0.09180732071399689, -0.0034881564788520336, 0.5777983069419861, 0.8109921813011169], "skybox_img": 4, "point_uuid": "189", "field_of_view_rads": 0.6651429173367224, "camera_rotation_final": [1.2298614978790283, 0.11198387295007706, 2.995278835296631]}