{"camera_uuid": "12504", "obliqueness_angle": 0.8957199454307556, "nonfixated_points_in_view": [], "camera_rotation_original": [1.5707963705062866, 0.1129649356007576, 2.308058738708496], "point_location": [0.9227169156074524, 0.6807072758674622, -1.4383314847946167], "skybox_img_path": "./img/high/12504_skybox4.jpg", "resolution": 512, "camera_distance": 0.9265375428272181, "view_id": 7, "point_pitch": -0.6631595333430429, "camera_rotation_from_original_to_final": [0.5052183866500854, -0.5129388570785522, -0.46401461958885193], "camera_location": [1.568811297416687, 0.9668719172477722, -0.839045524597168], "point_normal": [0.9748377203941345, -0.22190459072589874, 0.021208828315138817], "camera_rotation_final_quaternion": [0.545549750328064, 0.20472143590450287, 0.3669991195201874, 0.7251043319702148], "skybox_img": 4, "point_uuid": "59", "field_of_view_rads": 0.5961933550608073, "camera_rotation_final": [0.8628210425376892, 0.10372965037822723, 1.8993386030197144]}