{"camera_uuid": "12318", "obliqueness_angle": 1.2516179084777832, "nonfixated_points_in_view": [], "camera_rotation_original": [1.5707963705062866, -0.10687977820634842, -2.9407291412353516], "point_location": [5.022676944732666, -0.4345104992389679, -1.360304355621338], "skybox_img_path": "./img/high/12318_skybox4.jpg", "resolution": 512, "camera_distance": 0.8424182819812349, "view_id": 0, "point_pitch": -0.25424806674453215, "camera_rotation_from_original_to_final": [0.25631338357925415, 0.05489611253142357, 0.06575177609920502], "camera_location": [4.814208984375, 0.3520054221153259, -1.1421247720718384], "point_normal": [0.020464561879634857, 0.0647537112236023, 0.9976915121078491], "camera_rotation_final_quaternion": [0.14569145441055298, 0.045256469398736954, -0.6070056557655334, -0.7799166440963745], "skybox_img": 4, "point_uuid": "62", "field_of_view_rads": 2.078591559549699, "camera_rotation_final": [1.3072903156280518, -0.10647962987422943, -2.8538341522216797]}