{"camera_uuid": "5526", "obliqueness_angle": 1.2652606964111328, "nonfixated_points_in_view": [], "camera_rotation_original": [1.5707963705062866, 0.030767882242798805, -2.78873348236084], "point_location": [2.745572328567505, -0.016294807195663452, -0.9296797513961792], "skybox_img_path": "./img/high/5526_skybox4.jpg", "resolution": 512, "camera_distance": 0.9350083091103355, "view_id": 43, "point_pitch": -0.5539480884883066, "camera_rotation_from_original_to_final": [0.5326957106590271, 0.1805899441242218, -0.12888425588607788], "camera_location": [2.606855630874634, 0.7638339400291443, -0.4332953989505768], "point_normal": [-0.5854119062423706, 0.6019739508628845, -0.5430656671524048], "camera_rotation_final_quaternion": [0.06134871393442154, 0.05114191025495529, -0.481602281332016, -0.8727428317070007], "skybox_img": 4, "point_uuid": "102", "field_of_view_rads": 1.7804764599127723, "camera_rotation_final": [1.0108634233474731, 0.030180692672729492, -2.9845330715179443]}