{"camera_uuid": "12311", "obliqueness_angle": 1.5468641519546509, "nonfixated_points_in_view": [3, 92], "camera_rotation_original": [1.5707963705062866, 0.093011274933815, -1.0928995609283447], "point_location": [5.577847957611084, 0.5073602795600891, -0.8285789489746094], "skybox_img_path": "./img/high/12311_skybox4.jpg", "resolution": 512, "camera_distance": 0.990699302939563, "view_id": 18, "point_pitch": -0.04538862307998137, "camera_rotation_from_original_to_final": [-0.0306752547621727, 0.05559886246919632, -0.19383276998996735], "camera_location": [4.628988742828369, 0.22950665652751923, -0.7657405734062195], "point_normal": [0.047805894166231155, -0.0227388683706522, 0.9985978007316589], "camera_rotation_final_quaternion": [0.5630078315734863, 0.565838098526001, -0.38485461473464966, -0.46339645981788635], "skybox_img": 4, "point_uuid": "11", "field_of_view_rads": 1.9554518605800617, "camera_rotation_final": [1.5070602893829346, 0.09118874371051788, -1.2917430400848389]}