{"camera_uuid": "3822", "obliqueness_angle": 0.34105876088142395, "nonfixated_points_in_view": [], "camera_rotation_original": [1.5707963705062866, -0.09310369938611984, -0.48743751645088196], "point_location": [1.1355481147766113, 2.277404546737671, -1.37511146068573], "skybox_img_path": "./img/high/3822_skybox4.jpg", "resolution": 512, "camera_distance": 0.8878367262062259, "view_id": 24, "point_pitch": -0.5084413727137704, "camera_rotation_from_original_to_final": [-0.43815121054649353, 0.2124134749174118, -0.33686354756355286], "camera_location": [0.5833427906036377, 1.7181562185287476, -0.9621167182922363], "point_normal": [-0.34670761227607727, -0.666063666343689, 0.6604189276695251], "camera_rotation_final_quaternion": [0.8073497414588928, 0.46773725748062134, -0.22053809463977814, -0.2842027544975281], "skybox_img": 4, "point_uuid": "162", "field_of_view_rads": 0.6720038838202558, "camera_rotation_final": [1.0848162174224854, -0.09036123007535934, -0.7314304113388062]}