{"camera_uuid": "7513", "obliqueness_angle": 1.1773496866226196, "nonfixated_points_in_view": [], "camera_rotation_original": [1.5707963705062866, -0.09679215401411057, 0.191489115357399], "point_location": [0.7851385474205017, 1.2789015769958496, -1.4171496629714966], "skybox_img_path": "./img/high/7513_skybox4.jpg", "resolution": 512, "camera_distance": 0.8577421454812428, "view_id": 35, "point_pitch": -0.32905058463546233, "camera_rotation_from_original_to_final": [-0.37436965107917786, -0.06271184980869293, 0.5397541522979736], "camera_location": [1.311131477355957, 0.6803942918777466, -1.0995932817459106], "point_normal": [0.04163115471601486, 0.017202280461788177, 0.9989850521087646], "camera_rotation_final_quaternion": [0.7608768343925476, 0.533298671245575, 0.1745871901512146, 0.32585015892982483], "skybox_img": 4, "point_uuid": "187", "field_of_view_rads": 1.0364683158521881, "camera_rotation_final": [1.1902036666870117, -0.08196398615837097, 0.7537468075752258]}