{"camera_uuid": "13906", "obliqueness_angle": 1.0869150161743164, "nonfixated_points_in_view": [56], "camera_rotation_original": [1.5707963705062866, 0.034971997141838074, 1.7517304420471191], "point_location": [0.6673400402069092, -0.3240413963794708, -1.4424397945404053], "skybox_img_path": "./img/high/13906_skybox4.jpg", "resolution": 512, "camera_distance": 0.9660015861796107, "view_id": 1, "point_pitch": -0.12306456168624358, "camera_rotation_from_original_to_final": [0.03483538329601288, -0.14225386083126068, -0.7223140001296997], "camera_location": [1.4872866868972778, -0.8150064945220947, -1.3017278909683228], "point_normal": [0.31274476647377014, -0.12310799211263657, 0.9418255090713501], "camera_rotation_final_quaternion": [0.6633320450782776, 0.5642844438552856, 0.3297741115093231, 0.36444851756095886], "skybox_img": 4, "point_uuid": "64", "field_of_view_rads": 1.6316217442386929, "camera_rotation_final": [1.4245615005493164, 0.02619720809161663, 1.0274187326431274]}