{"camera_uuid": "10264", "obliqueness_angle": 1.1697336435317993, "nonfixated_points_in_view": [], "camera_rotation_original": [1.5707963705062866, 0.05540456250309944, -0.43628543615341187], "point_location": [3.4670467376708984, 1.0758438110351562, -0.6993377804756165], "skybox_img_path": "./img/high/10264_skybox4.jpg", "resolution": 512, "camera_distance": 0.9887648497576619, "view_id": 89, "point_pitch": 0.05971236626175447, "camera_rotation_from_original_to_final": [0.06814859807491302, -0.03439313918352127, 0.30063870549201965], "camera_location": [3.3349592685699463, 0.09884310513734818, -0.7746930122375488], "point_normal": [-0.728654682636261, -0.24732623994350433, -0.6386642456054688], "camera_rotation_final_quaternion": [0.6766476035118103, 0.7329495549201965, -0.029844313859939575, -0.06357885897159576], "skybox_img": 4, "point_uuid": "78", "field_of_view_rads": 1.3892123789584023, "camera_rotation_final": [1.647188663482666, 0.05283661559224129, -0.1303398311138153]}