{"camera_uuid": "10840", "obliqueness_angle": 0.81987065076828, "nonfixated_points_in_view": [], "camera_rotation_original": [1.5707963705062866, 0.11202539503574371, 2.120614528656006], "point_location": [0.2828949987888336, -0.2686469852924347, -1.422070026397705], "skybox_img_path": "./img/high/10840_skybox4.jpg", "resolution": 512, "camera_distance": 0.574216623640908, "view_id": 38, "point_pitch": -0.3012673099848886, "camera_rotation_from_original_to_final": [0.21035361289978027, -0.3023752272129059, -0.6310135722160339], "camera_location": [0.8183193206787109, -0.2964489161968231, -1.2164671421051025], "point_normal": [0.3723050653934479, -0.15438079833984375, 0.9151805639266968], "camera_rotation_final_quaternion": [0.6243063807487488, 0.3915378451347351, 0.4094741940498352, 0.5378387570381165], "skybox_img": 4, "point_uuid": "105", "field_of_view_rads": 0.9322372163182677, "camera_rotation_final": [1.2030423879623413, 0.0902286022901535, 1.4842157363891602]}