{"camera_uuid": "14003", "obliqueness_angle": 1.3831892013549805, "nonfixated_points_in_view": [], "camera_rotation_original": [1.5707963705062866, -0.01251802034676075, 1.2666923999786377], "point_location": [-0.6464627385139465, -0.8093103766441345, -1.4106639623641968], "skybox_img_path": "./img/high/14003_skybox4.jpg", "resolution": 512, "camera_distance": 0.9372657721696543, "view_id": 0, "point_pitch": -0.2673947056147714, "camera_rotation_from_original_to_final": [-0.08418707549571991, -0.25958722829818726, 0.4384494423866272], "camera_location": [0.24932363629341125, -0.6981627941131592, -1.1583149433135986], "point_normal": [0.4638288617134094, -0.49057990312576294, -0.7376952767372131], "camera_rotation_final_quaternion": [0.5239483118057251, 0.40291139483451843, 0.45060262084007263, 0.6000815629959106], "skybox_img": 4, "point_uuid": "132", "field_of_view_rads": 1.6403442297244761, "camera_rotation_final": [1.2981750965118408, -0.011374715715646744, 1.6974238157272339]}