{"camera_uuid": "9761", "obliqueness_angle": 0.6842551827430725, "nonfixated_points_in_view": [], "camera_rotation_original": [1.5707963705062866, 0.02899159863591194, -0.711689829826355], "point_location": [5.518570899963379, 1.8022818565368652, -0.9034366607666016], "skybox_img_path": "./img/high/9761_skybox4.jpg", "resolution": 512, "camera_distance": 0.9167937448949574, "view_id": 14, "point_pitch": -0.739301129183497, "camera_rotation_from_original_to_final": [-0.6016080975532532, 0.4630308449268341, -0.20247705280780792], "camera_location": [5.050612449645996, 1.314054250717163, -0.284437894821167], "point_normal": [-0.3810344636440277, 0.07813670486211777, 0.9212532639503479], "camera_rotation_final_quaternion": [0.8423489928245544, 0.3768114447593689, -0.14291349053382874, -0.35782259702682495], "skybox_img": 4, "point_uuid": "103", "field_of_view_rads": 0.7376648996792496, "camera_rotation_final": [0.829208254814148, 0.02890126220881939, -0.7906672358512878]}