{"camera_uuid": "14067", "obliqueness_angle": 0.7569650411605835, "nonfixated_points_in_view": [73], "camera_rotation_original": [1.5707963705062866, -0.07599041610956192, 1.7616679668426514], "point_location": [6.080295085906982, 1.5599316358566284, -1.4123303890228271], "skybox_img_path": "./img/high/14067_skybox4.jpg", "resolution": 512, "camera_distance": 0.2761231042135029, "view_id": 5, "point_pitch": -0.5153357227656503, "camera_rotation_from_original_to_final": [0.11663523316383362, -0.5434826016426086, 0.4911174178123474], "camera_location": [6.257596969604492, 1.713759422302246, -1.266917109489441], "point_normal": [0.9878883361816406, 0.1546885371208191, 0.012175889685750008], "camera_rotation_final_quaternion": [0.33238258957862854, 0.21855045855045319, 0.43465304374694824, 0.8079816102981567], "skybox_img": 4, "point_uuid": "94", "field_of_view_rads": 1.794124606241639, "camera_rotation_final": [1.0148887634277344, -0.06427151709794998, 2.325302839279175]}