{"camera_uuid": "7787", "obliqueness_angle": 1.4484074115753174, "nonfixated_points_in_view": [], "camera_rotation_original": [1.5707963705062866, 0.10894042998552322, -2.6517109870910645], "point_location": [2.624671697616577, -0.7024632096290588, -0.5636605024337769], "skybox_img_path": "./img/high/7787_skybox4.jpg", "resolution": 512, "camera_distance": 0.9918791897819109, "view_id": 13, "point_pitch": -0.5913817127558847, "camera_rotation_from_original_to_final": [0.5819787979125977, 0.2742244005203247, -0.31211015582084656], "camera_location": [2.54560923576355, 0.09130361676216125, 0.025837281718850136], "point_normal": [-0.48822447657585144, 0.5849313735961914, -0.6476821303367615], "camera_rotation_final_quaternion": [-0.009876237250864506, 0.049593012779951096, -0.44763654470443726, -0.8927847146987915], "skybox_img": 4, "point_uuid": "60", "field_of_view_rads": 0.6651429173367224, "camera_rotation_final": [0.9308366775512695, 0.09754832834005356, -3.114696979522705]}