{"camera_uuid": "9044", "obliqueness_angle": 0.7463791370391846, "nonfixated_points_in_view": [], "camera_rotation_original": [1.5707963705062866, -0.1255665421485901, -0.9480413198471069], "point_location": [2.6072916984558105, 0.47235140204429626, -1.3380800485610962], "skybox_img_path": "./img/high/9044_skybox4.jpg", "resolution": 512, "camera_distance": 0.9810922395634101, "view_id": 13, "point_pitch": -0.6856321533534189, "camera_rotation_from_original_to_final": [-0.4509124159812927, 0.507276713848114, -0.32452791929244995], "camera_location": [1.8976839780807495, 0.16766296327114105, -0.732965350151062], "point_normal": [-0.9810226559638977, -0.18625010550022125, -0.0539044626057148], "camera_rotation_final_quaternion": [0.7876198887825012, 0.34528446197509766, -0.269054651260376, -0.43363940715789795], "skybox_img": 4, "point_uuid": "87", "field_of_view_rads": 1.0039714359666843, "camera_rotation_final": [0.9000095725059509, -0.12469054013490677, -1.0668535232543945]}