{"camera_uuid": "7209", "obliqueness_angle": 1.2373864650726318, "nonfixated_points_in_view": [], "camera_rotation_original": [1.5707963705062866, -0.1486193984746933, 1.3885138034820557], "point_location": [3.778554677963257, 2.2078869342803955, -0.9307063221931458], "skybox_img_path": "./img/high/7209_skybox4.jpg", "resolution": 512, "camera_distance": 0.9291667511600333, "view_id": 5, "point_pitch": 0.12414606014755769, "camera_rotation_from_original_to_final": [0.026551879942417145, 0.14890699088573456, -0.17074467241764069], "camera_location": [4.6398115158081055, 1.888526439666748, -1.0706933736801147], "point_normal": [0.23373255133628845, 0.10200545191764832, -0.966935396194458], "camera_rotation_final_quaternion": [0.5060544610023499, 0.6528708934783936, 0.386120468378067, 0.41058430075645447], "skybox_img": 4, "point_uuid": "128", "field_of_view_rads": 0.6025778511851491, "camera_rotation_final": [1.7236663103103638, -0.1458374708890915, 1.1933200359344482]}