{"camera_uuid": "7081", "obliqueness_angle": 0.8349796533584595, "nonfixated_points_in_view": [], "camera_rotation_original": [1.5707963705062866, 0.09716785699129105, 1.389789342880249], "point_location": [-0.30368760228157043, 1.3439174890518188, -0.7665223479270935], "skybox_img_path": "./img/high/7081_skybox4.jpg", "resolution": 512, "camera_distance": 0.9826578042771247, "view_id": 46, "point_pitch": 0.31189902225998445, "camera_rotation_from_original_to_final": [0.0531955324113369, 0.27342888712882996, -0.35825881361961365], "camera_location": [0.503597617149353, 0.8530328273773193, -1.0365949869155884], "point_normal": [0.9422652125358582, 0.29410141706466675, -0.16012726724147797], "camera_rotation_final_quaternion": [0.5383310317993164, 0.6764752864837646, 0.4240291714668274, 0.26977789402008057], "skybox_img": 4, "point_uuid": "180", "field_of_view_rads": 0.8278892494736719, "camera_rotation_final": [1.8504241704940796, 0.0916682630777359, 1.0507450103759766]}