{"camera_uuid": "8640", "obliqueness_angle": 1.4547761678695679, "nonfixated_points_in_view": [4], "camera_rotation_original": [1.5707963705062866, -0.07948344945907593, 0.7335731983184814], "point_location": [2.7213988304138184, 0.7782269716262817, -1.3615648746490479], "skybox_img_path": "./img/high/8640_skybox4.jpg", "resolution": 512, "camera_distance": 0.9158702665874119, "view_id": 5, "point_pitch": -0.21232466300460295, "camera_rotation_from_original_to_final": [-0.17607539892196655, -0.1551642119884491, 0.28296133875846863], "camera_location": [3.472459077835083, 0.2990913391113281, -1.1490657329559326], "point_normal": [0.6617732048034668, 0.7121241688728333, -0.2343832552433014], "camera_rotation_final_quaternion": [0.6729177236557007, 0.5546269416809082, 0.2763683795928955, 0.40396931767463684], "skybox_img": 4, "point_uuid": "12", "field_of_view_rads": 2.119048415795751, "camera_rotation_final": [1.3359487056732178, -0.07623198628425598, 1.021161675453186]}