{"camera_uuid": "0461", "obliqueness_angle": 1.568662166595459, "nonfixated_points_in_view": [], "camera_rotation_original": [1.5707963705062866, -0.07942846417427063, 1.5323972702026367], "point_location": [1.1355481147766113, 2.277404546737671, -1.37511146068573], "skybox_img_path": "./img/high/0461_skybox4.jpg", "resolution": 512, "camera_distance": 0.9695719031848833, "view_id": 46, "point_pitch": -0.6853114803645273, "camera_rotation_from_original_to_final": [-0.020153425633907318, -0.7209187150001526, 0.4488190710544586], "camera_location": [1.806972622871399, 2.559457302093506, -0.735029399394989], "point_normal": [-0.34670761227607727, -0.666063666343689, 0.6604189276695251], "camera_rotation_final_quaternion": [0.4684527516365051, 0.24386891722679138, 0.3323298394680023, 0.781432569026947], "skybox_img": 4, "point_uuid": "162", "field_of_view_rads": 2.0654331783647693, "camera_rotation_final": [0.8476024270057678, -0.0698293149471283, 2.0300064086914062]}