{"camera_uuid": "15795", "obliqueness_angle": 1.1915994882583618, "nonfixated_points_in_view": [], "camera_rotation_original": [1.5707963705062866, -0.0439794696867466, -2.4301037788391113], "point_location": [6.496413230895996, -0.9186689257621765, -1.3843356370925903], "skybox_img_path": "./img/high/15795_skybox4.jpg", "resolution": 512, "camera_distance": 0.8307658902883361, "view_id": 26, "point_pitch": -0.36133353312941985, "camera_rotation_from_original_to_final": [0.28289908170700073, 0.23915237188339233, 0.18652920424938202], "camera_location": [5.907369613647461, -0.414966344833374, -1.0851980447769165], "point_normal": [-0.002619897248223424, 0.013651745393872261, 0.9999033808708191], "camera_rotation_final_quaternion": [0.3623308837413788, 0.2246599644422531, -0.5191248655319214, -0.7407790422439575], "skybox_img": 4, "point_uuid": "21", "field_of_view_rads": 1.6071546237233685, "camera_rotation_final": [1.2020854949951172, -0.04335674270987511, -2.261509656906128]}