{"camera_uuid": "12326", "obliqueness_angle": 0.4793030917644501, "nonfixated_points_in_view": [84], "camera_rotation_original": [1.5707963705062866, 0.015124466270208359, 0.46395763754844666], "point_location": [-0.1822434514760971, 0.2831597626209259, -1.431676983833313], "skybox_img_path": "./img/high/12326_skybox4.jpg", "resolution": 512, "camera_distance": 0.854739177021377, "view_id": 19, "point_pitch": -0.5116817196223398, "camera_rotation_from_original_to_final": [-0.47112810611724854, -0.2224247306585312, -0.33065539598464966], "camera_location": [-0.1229068785905838, -0.4573259651660919, -1.0089014768600464], "point_normal": [0.12324375659227371, -0.9915743470191956, 0.03989033028483391], "camera_rotation_final_quaternion": [0.8640314936637878, 0.5021007657051086, 0.024130452424287796, 0.027605749666690826], "skybox_img": 4, "point_uuid": "188", "field_of_view_rads": 1.6403442297244761, "camera_rotation_final": [1.0533373355865479, 0.013977662660181522, 0.07200554758310318]}