{"camera_uuid": "8088", "obliqueness_angle": 1.0632998943328857, "nonfixated_points_in_view": [], "camera_rotation_original": [1.5707963705062866, 0.07402659952640533, -2.2943286895751953], "point_location": [0.580907940864563, -0.050188999623060226, -1.4085019826889038], "skybox_img_path": "./img/high/8088_skybox4.jpg", "resolution": 512, "camera_distance": 0.9685828156953284, "view_id": 24, "point_pitch": -0.46199290355178313, "camera_rotation_from_original_to_final": [0.34268784523010254, 0.361208975315094, -0.3467298448085785], "camera_location": [0.2190922051668167, 0.7227127552032471, -0.9503918886184692], "point_normal": [0.11274728178977966, 0.07453673332929611, 0.9908240437507629], "camera_rotation_final_quaternion": [0.15446837246418, 0.13040302693843842, -0.4964979887008667, -0.8441708087921143], "skybox_img": 4, "point_uuid": "57", "field_of_view_rads": 0.5256461677815203, "camera_rotation_final": [1.0769368410110474, 0.06682812422513962, -2.7397029399871826]}