{"camera_uuid": "5855", "obliqueness_angle": 1.0560595989227295, "nonfixated_points_in_view": [], "camera_rotation_original": [1.5707963705062866, -0.006001599133014679, 2.199697971343994], "point_location": [-0.4054321348667145, 1.2653040885925293, -0.6841932535171509], "skybox_img_path": "./img/high/5855_skybox4.jpg", "resolution": 512, "camera_distance": 0.2634753660566511, "view_id": 18, "point_pitch": -0.491573496660914, "camera_rotation_from_original_to_final": [0.30697572231292725, -0.39342212677001953, 0.3598335385322571], "camera_location": [-0.29007551074028015, 1.4665580987930298, -0.5592575073242188], "point_normal": [0.040700461715459824, 0.0009101604809984565, 0.9991709589958191], "camera_rotation_final_quaternion": [0.21833209693431854, 0.13347217440605164, 0.4950689375400543, 0.8303149938583374], "skybox_img": 4, "point_uuid": "104", "field_of_view_rads": 1.9554518605800617, "camera_rotation_final": [1.076751470565796, -0.005469055846333504, 2.624066114425659]}