{"camera_uuid": "4127", "obliqueness_angle": 0.8273812532424927, "nonfixated_points_in_view": [], "camera_rotation_original": [1.5707963705062866, 0.08494100719690323, 1.6403924226760864], "point_location": [3.3059499263763428, 1.507105827331543, -1.4197665452957153], "skybox_img_path": "./img/high/4127_skybox4.jpg", "resolution": 512, "camera_distance": 0.3322358850682655, "view_id": 39, "point_pitch": -0.7566460808131357, "camera_rotation_from_original_to_final": [0.03921830654144287, -0.7775335907936096, -0.240686297416687], "camera_location": [3.5402207374572754, 1.4733765125274658, -1.1866137981414795], "point_normal": [-0.034560561180114746, 0.0017010869923979044, 0.9994011521339417], "camera_rotation_final_quaternion": [0.7305479645729065, 0.2769424319267273, 0.26910698413848877, 0.5631909370422363], "skybox_img": 4, "point_uuid": "155", "field_of_view_rads": 1.7856823478588526, "camera_rotation_final": [0.7896463871002197, 0.0813378393650055, 1.3474160432815552]}