{"camera_uuid": "9620", "obliqueness_angle": 1.3170686960220337, "nonfixated_points_in_view": [], "camera_rotation_original": [1.5707963705062866, -0.10096528381109238, -2.41081166267395], "point_location": [2.9207348823547363, -0.5152132511138916, -0.5628843903541565], "skybox_img_path": "./img/high/9620_skybox4.jpg", "resolution": 512, "camera_distance": 0.8815725828706829, "view_id": 78, "point_pitch": 0.04816742340591951, "camera_rotation_from_original_to_final": [0.001423878245986998, -0.010919728316366673, 0.4293145537376404], "camera_location": [2.1124956607818604, -0.1632339358329773, -0.5683748722076416], "point_normal": [-0.26315274834632874, 0.039460260421037674, 0.9639468193054199], "camera_rotation_final_quaternion": [0.41299548745155334, 0.3610810935497284, -0.6105198264122009, -0.5712448954582214], "skybox_img": 4, "point_uuid": "152", "field_of_view_rads": 0.8339714968154048, "camera_rotation_final": [1.577050805091858, -0.09188162535429001, -1.9820914268493652]}