{"camera_uuid": "8109", "obliqueness_angle": 1.2976752519607544, "nonfixated_points_in_view": [], "camera_rotation_original": [1.5707963705062866, 0.12090931832790375, 0.07567422091960907], "point_location": [0.7851385474205017, 1.2789015769958496, -1.4171496629714966], "skybox_img_path": "./img/high/8109_skybox4.jpg", "resolution": 512, "camera_distance": 0.5116022010019231, "view_id": 1, "point_pitch": -0.29687313636275725, "camera_rotation_from_original_to_final": [-0.2803475856781006, -0.017009038478136063, 0.15262795984745026], "camera_location": [0.8955201506614685, 0.7998931407928467, -1.2753623723983765], "point_normal": [0.04163115471601486, 0.017202280461788177, 0.9989850521087646], "camera_rotation_final_quaternion": [0.7980789542198181, 0.5919274687767029, 0.10511893033981323, 0.040520403534173965], "skybox_img": 4, "point_uuid": "187", "field_of_view_rads": 1.949514490688795, "camera_rotation_final": [1.2878825664520264, 0.12010467052459717, 0.19166618585586548]}