{"camera_uuid": "7831", "obliqueness_angle": 0.9740321040153503, "nonfixated_points_in_view": [65, 118], "camera_rotation_original": [1.5707963705062866, -0.07610948383808136, 2.0102031230926514], "point_location": [0.580907940864563, -0.050188999623060226, -1.4085019826889038], "skybox_img_path": "./img/high/7831_skybox4.jpg", "resolution": 512, "camera_distance": 0.620496504707313, "view_id": 79, "point_pitch": -0.41214649280044036, "camera_rotation_from_original_to_final": [0.19934560358524323, -0.4114682972431183, 0.5347788333892822], "camera_location": [0.8738793134689331, 0.42407354712486267, -1.1359974145889282], "point_normal": [-0.16356271505355835, 0.2954562306404114, 0.941250741481781], "camera_rotation_final_quaternion": [0.2032056599855423, 0.16227777302265167, 0.5040635466575623, 0.8235856294631958], "skybox_img": 4, "point_uuid": "57", "field_of_view_rads": 1.0218518288922764, "camera_rotation_final": [1.115163803100586, -0.06248282268643379, 2.618818759918213]}