{"camera_uuid": "5032", "obliqueness_angle": 0.9599353671073914, "nonfixated_points_in_view": [], "camera_rotation_original": [1.5707963705062866, -0.0065611256286501884, -2.716334342956543], "point_location": [-0.30368760228157043, 1.3439174890518188, -0.7665223479270935], "skybox_img_path": "./img/high/5032_skybox4.jpg", "resolution": 512, "camera_distance": 0.8397368917572118, "view_id": 40, "point_pitch": 0.3268036405232291, "camera_rotation_from_original_to_final": [-0.3029758632183075, -0.13568323850631714, -0.6945462226867676], "camera_location": [-0.07641303539276123, 2.1048238277435303, -1.039516568183899], "point_normal": [0.9422652125358582, 0.29410141706466675, -0.16012726724147797], "camera_rotation_final_quaternion": [-0.08250665664672852, -0.11982046812772751, -0.8051027655601501, -0.5750175714492798], "skybox_img": 4, "point_uuid": "180", "field_of_view_rads": 1.1399099232606629, "camera_rotation_final": [1.9019125699996948, -0.004945096094161272, -3.433547258377075]}