{"camera_uuid": "10732", "obliqueness_angle": 0.6356914639472961, "nonfixated_points_in_view": [], "camera_rotation_original": [1.5707963705062866, 0.13125263154506683, 1.0008330345153809], "point_location": [2.8440728187561035, 0.5467994809150696, -1.3693242073059082], "skybox_img_path": "./img/high/10732_skybox4.jpg", "resolution": 512, "camera_distance": 0.8569649888941561, "view_id": 15, "point_pitch": -0.11711124976607756, "camera_rotation_from_original_to_final": [-0.057865504175424576, -0.08929113298654556, 0.09180750697851181], "camera_location": [3.5996170043945312, 0.15276186168193817, -1.2783498764038086], "point_normal": [0.9891408681869507, 0.14696341753005981, 0.0014960329281166196], "camera_rotation_final_quaternion": [0.6599195003509521, 0.5476246476173401, 0.3834421932697296, 0.342907577753067], "skybox_img": 4, "point_uuid": "6", "field_of_view_rads": 0.9239011772765595, "camera_rotation_final": [1.463516116142273, 0.13088606297969818, 1.0760204792022705]}