{"camera_uuid": "14099", "obliqueness_angle": 0.8471352458000183, "nonfixated_points_in_view": [23], "camera_rotation_original": [1.5707963705062866, -0.09806133061647415, 2.91787052154541], "point_location": [5.022676944732666, -0.4345104992389679, -1.360304355621338], "skybox_img_path": "./img/high/14099_skybox4.jpg", "resolution": 512, "camera_distance": 0.6315444144047639, "view_id": 14, "point_pitch": -0.7007705410334726, "camera_rotation_from_original_to_final": [0.6509634852409363, -0.12326055765151978, -0.4927317798137665], "camera_location": [5.336493968963623, -0.046984944492578506, -0.9727593064308167], "point_normal": [0.020464561879634857, 0.0647537112236023, 0.9976915121078491], "camera_rotation_final_quaternion": [0.25059840083122253, 0.17032378911972046, 0.40517473220825195, 0.8625680804252625], "skybox_img": 4, "point_uuid": "62", "field_of_view_rads": 1.274054123740192, "camera_rotation_final": [0.9069008231163025, -0.09088452905416489, 2.531794786453247]}