{"camera_uuid": "5569", "obliqueness_angle": 1.2563217878341675, "nonfixated_points_in_view": [98], "camera_rotation_original": [1.5707963705062866, 0.07241781800985336, 0.4527847468852997], "point_location": [0.23549170792102814, 2.561976432800293, -1.4406388998031616], "skybox_img_path": "./img/high/5569_skybox4.jpg", "resolution": 512, "camera_distance": 0.627198388205207, "view_id": 3, "point_pitch": -0.5092593868586679, "camera_rotation_from_original_to_final": [-0.4348413944244385, -0.20129509270191193, 0.5315537452697754], "camera_location": [0.6855595111846924, 2.233234405517578, -1.1529837846755981], "point_normal": [-0.3735734224319458, -0.8979271650314331, 0.23274387419223785], "camera_rotation_final_quaternion": [0.7750705480575562, 0.4549206793308258, 0.2524474263191223, 0.3585848808288574], "skybox_img": 4, "point_uuid": "55", "field_of_view_rads": 1.0386947080855735, "camera_rotation_final": [1.0932413339614868, 0.06511978805065155, 0.9062761664390564]}