{"camera_uuid": "14739", "obliqueness_angle": 0.7526917457580566, "nonfixated_points_in_view": [], "camera_rotation_original": [1.5707963705062866, 0.0708044022321701, 0.7948852777481079], "point_location": [5.635040283203125, 1.0644794702529907, -1.395928978919983], "skybox_img_path": "./img/high/14739_skybox4.jpg", "resolution": 512, "camera_distance": 0.6680407067073119, "view_id": 1, "point_pitch": -0.3245791633937021, "camera_rotation_from_original_to_final": [-0.21861527860164642, -0.21606239676475525, 0.29802820086479187], "camera_location": [6.193577766418457, 0.7582492232322693, -1.1945902109146118], "point_normal": [0.9823573231697083, 0.185846209526062, -0.02086620032787323], "camera_rotation_final_quaternion": [0.7084152102470398, 0.4973912239074707, 0.3192310035228729, 0.38579970598220825], "skybox_img": 4, "point_uuid": "116", "field_of_view_rads": 1.6316217442386929, "camera_rotation_final": [1.2639048099517822, 0.06856310367584229, 1.0475735664367676]}