{"camera_uuid": "11622", "obliqueness_angle": 0.8646047711372375, "nonfixated_points_in_view": [], "camera_rotation_original": [1.5707963705062866, 0.17262902855873108, -1.0557222366333008], "point_location": [6.416158676147461, 2.537578821182251, -1.2911784648895264], "skybox_img_path": "./img/high/11622_skybox4.jpg", "resolution": 512, "camera_distance": 0.9426224636078661, "view_id": 10, "point_pitch": -0.763102455935206, "camera_rotation_from_original_to_final": [-0.3723682165145874, 0.6456345319747925, 0.12302961945533752], "camera_location": [5.919863224029541, 2.0404021739959717, -0.6626537442207336], "point_normal": [-0.00751654664054513, 0.040270037949085236, 0.9991605877876282], "camera_rotation_final_quaternion": [0.79771888256073, 0.39264723658561707, -0.1115197092294693, -0.4438874423503876], "skybox_img": 4, "point_uuid": "148", "field_of_view_rads": 1.1498058012590282, "camera_rotation_final": [0.8275110721588135, 0.17149904370307922, -0.9401021599769592]}