{"camera_uuid": "15503", "obliqueness_angle": 0.7193371653556824, "nonfixated_points_in_view": [], "camera_rotation_original": [1.5707963705062866, -0.15285491943359375, 0.5992259979248047], "point_location": [5.635040283203125, 1.0644794702529907, -1.395928978919983], "skybox_img_path": "./img/high/15503_skybox4.jpg", "resolution": 512, "camera_distance": 0.688536905119779, "view_id": 9, "point_pitch": -0.3665765961024423, "camera_rotation_from_original_to_final": [-0.39399412274360657, -0.23757776618003845, 0.6443654894828796], "camera_location": [6.211090087890625, 0.8406038880348206, -1.0924006700515747], "point_normal": [0.9823573231697083, 0.185846209526062, -0.02086620032787323], "camera_rotation_final_quaternion": [0.6665869355201721, 0.45552119612693787, 0.26848673820495605, 0.5254305005073547], "skybox_img": 4, "point_uuid": "116", "field_of_view_rads": 1.1263039557204935, "camera_rotation_final": [1.1106491088867188, -0.12104533612728119, 1.25989830493927]}