{"camera_uuid": "1618", "obliqueness_angle": 1.2288695573806763, "nonfixated_points_in_view": [], "camera_rotation_original": [1.5707963705062866, -0.11952119320631027, -2.9590938091278076], "point_location": [1.607214331626892, 2.3642938137054443, -1.430482268333435], "skybox_img_path": "./img/high/1618_skybox4.jpg", "resolution": 512, "camera_distance": 0.8781186834970189, "view_id": 7, "point_pitch": -0.3398831327769418, "camera_rotation_from_original_to_final": [0.371072918176651, 0.06852256506681442, 0.3077184557914734], "camera_location": [1.232371211051941, 3.0895915031433105, -1.1071739196777344], "point_normal": [0.2987099289894104, 0.13948945701122284, 0.9440948963165283], "camera_rotation_final_quaternion": [0.24376484751701355, 0.0994310975074768, -0.5531924962997437, -0.7903608083724976], "skybox_img": 4, "point_uuid": "181", "field_of_view_rads": 0.5961933550608073, "camera_rotation_final": [1.1912099123001099, -0.11276370286941528, -2.6197257041931152]}