{"camera_uuid": "5686", "obliqueness_angle": 1.3057993650436401, "nonfixated_points_in_view": [], "camera_rotation_original": [1.5707963705062866, -0.0960824266076088, 1.1299139261245728], "point_location": [0.7851385474205017, 1.2789015769958496, -1.4171496629714966], "skybox_img_path": "./img/high/5686_skybox4.jpg", "resolution": 512, "camera_distance": 0.5923400218235504, "view_id": 37, "point_pitch": -0.23628704150649504, "camera_rotation_from_original_to_final": [-0.09958810359239578, -0.2137676626443863, -0.008830966427922249], "camera_location": [1.301070213317871, 1.022814154624939, -1.2789453268051147], "point_normal": [0.04163115471601486, 0.017202280461788177, 0.9989850521087646], "camera_rotation_final_quaternion": [0.6461410522460938, 0.5416728258132935, 0.2998849153518677, 0.4462749660015106], "skybox_img": 4, "point_uuid": "187", "field_of_view_rads": 1.2336953516850653, "camera_rotation_final": [1.3341946601867676, -0.0960819348692894, 1.1331928968429565]}