{"camera_uuid": "8222", "obliqueness_angle": 0.9225327372550964, "nonfixated_points_in_view": [], "camera_rotation_original": [1.5707963705062866, -0.08619048446416855, 2.8174374103546143], "point_location": [2.624671697616577, -0.7024632096290588, -0.5636605024337769], "skybox_img_path": "./img/high/8222_skybox4.jpg", "resolution": 512, "camera_distance": 0.8717587844755014, "view_id": 22, "point_pitch": 0.23678894440201326, "camera_rotation_from_original_to_final": [-0.24634674191474915, 0.08141933381557465, -0.2622850835323334], "camera_location": [3.0839171409606934, 0.004031680524349213, -0.7870928645133972], "point_normal": [-0.34883588552474976, 0.9258549809455872, -0.14528000354766846], "camera_rotation_final_quaternion": [0.148069366812706, 0.25766921043395996, 0.7495044469833374, 0.5915446877479553], "skybox_img": 4, "point_uuid": "60", "field_of_view_rads": 1.384811670309553, "camera_rotation_final": [1.8309050798416138, -0.08298362791538239, 2.543138027191162]}