{"camera_uuid": "13258", "obliqueness_angle": 1.0115057229995728, "nonfixated_points_in_view": [34], "camera_rotation_original": [1.5707963705062866, 0.02701343037188053, 1.4276520013809204], "point_location": [0.6673400402069092, -0.3240413963794708, -1.4424397945404053], "skybox_img_path": "./img/high/13258_skybox4.jpg", "resolution": 512, "camera_distance": 0.5569585787208737, "view_id": 0, "point_pitch": -0.20948700507613616, "camera_rotation_from_original_to_final": [-0.03078995831310749, -0.21601450443267822, -0.3206903636455536], "camera_location": [1.1528081893920898, -0.5689745545387268, -1.3218940496444702], "point_normal": [0.31274476647377014, -0.12310799211263657, 0.9418255090713501], "camera_rotation_final_quaternion": [0.669442892074585, 0.5286976099014282, 0.33505362272262573, 0.40008020401000977], "skybox_img": 4, "point_uuid": "64", "field_of_view_rads": 2.078591559549699, "camera_rotation_final": [1.352561593055725, 0.025558417662978172, 1.0978641510009766]}