{"camera_uuid": "0933", "obliqueness_angle": 1.0275132656097412, "nonfixated_points_in_view": [30], "camera_rotation_original": [1.5707963705062866, -0.11950215697288513, -1.3823325634002686], "point_location": [2.155930757522583, 2.4535746574401855, -1.421875], "skybox_img_path": "./img/high/0933_skybox4.jpg", "resolution": 512, "camera_distance": 0.7688163932181968, "view_id": 12, "point_pitch": -0.62193767627212, "camera_rotation_from_original_to_final": [-0.11647450923919678, 0.5450789928436279, -0.6478698253631592], "camera_location": [1.5616012811660767, 2.72397518157959, -1.0159997940063477], "point_normal": [0.01849367655813694, 0.009777815081179142, 0.9997811913490295], "camera_rotation_final_quaternion": [0.5163096785545349, 0.23797205090522766, -0.42356613278388977, -0.7052555084228516], "skybox_img": 4, "point_uuid": "168", "field_of_view_rads": 1.3001655876812834, "camera_rotation_final": [1.0113999843597412, -0.10189661383628845, -1.9341713190078735]}