{"camera_uuid": "3110", "obliqueness_angle": 0.7712419629096985, "nonfixated_points_in_view": [], "camera_rotation_original": [1.5707963705062866, -0.1499544233083725, 1.56065833568573], "point_location": [-0.4168107807636261, 2.6449878215789795, -1.3910259008407593], "skybox_img_path": "./img/high/3110_skybox4.jpg", "resolution": 512, "camera_distance": 0.8102133259950887, "view_id": 20, "point_pitch": -0.34840468963118987, "camera_rotation_from_original_to_final": [-0.02001306787133217, -0.26756495237350464, -0.5866807699203491], "camera_location": [0.22929637134075165, 2.2056210041046143, -1.176671028137207], "point_normal": [0.9920056462287903, 0.12320997565984726, -0.027280181646347046], "camera_rotation_final_quaternion": [0.6765772700309753, 0.5535848736763, 0.24750931560993195, 0.41776329278945923], "skybox_img": 4, "point_uuid": "109", "field_of_view_rads": 1.7927549318813307, "camera_rotation_final": [1.3007802963256836, -0.12796548008918762, 1.0089114904403687]}