{"camera_uuid": "9051", "obliqueness_angle": 1.256791114807129, "nonfixated_points_in_view": [], "camera_rotation_original": [1.5707963705062866, -0.012771286070346832, 2.4632959365844727], "point_location": [2.745572328567505, -0.016294807195663452, -0.9296797513961792], "skybox_img_path": "./img/high/9051_skybox4.jpg", "resolution": 512, "camera_distance": 0.5249593313464949, "view_id": 74, "point_pitch": 0.08730025688675447, "camera_rotation_from_original_to_final": [-0.06620849668979645, 0.05300533398985863, 0.1968148648738861], "camera_location": [2.9869937896728516, 0.44773274660110474, -0.9741365313529968], "point_normal": [-0.5854119062423706, 0.6019739508628845, -0.5430656671524048], "camera_rotation_final_quaternion": [0.15658675134181976, 0.17945066094398499, 0.7142413258552551, 0.6581317782402039], "skybox_img": 4, "point_uuid": "102", "field_of_view_rads": 0.6570232286300489, "camera_rotation_final": [1.6555908918380737, -0.012523248791694641, 2.6607935428619385]}