{"camera_uuid": "10227", "obliqueness_angle": 1.3721563816070557, "nonfixated_points_in_view": [], "camera_rotation_original": [1.5707963705062866, -0.07112180441617966, 1.4296643733978271], "point_location": [-0.11395721882581711, -0.04560520127415657, -1.4123445749282837], "skybox_img_path": "./img/high/10227_skybox4.jpg", "resolution": 512, "camera_distance": 0.9700810393443036, "view_id": 23, "point_pitch": -0.18728069861861663, "camera_rotation_from_original_to_final": [-0.026499170809984207, -0.19154071807861328, 0.08107753843069077], "camera_location": [0.8361784815788269, -0.10525830835103989, -1.225955605506897], "point_normal": [0.004181658383458853, -0.01849798485636711, 0.9998201131820679], "camera_rotation_final_quaternion": [0.543335497379303, 0.4786667227745056, 0.4181020259857178, 0.5485028028488159], "skybox_img": 4, "point_uuid": "192", "field_of_view_rads": 0.5256461677815203, "camera_rotation_final": [1.3769643306732178, -0.0708199143409729, 1.5219839811325073]}