{"camera_uuid": "6016", "obliqueness_angle": 1.322813630104065, "nonfixated_points_in_view": [68], "camera_rotation_original": [1.5707963705062866, 0.10524817556142807, -1.750941276550293], "point_location": [1.4004169702529907, 1.5106022357940674, -1.393282175064087], "skybox_img_path": "./img/high/6016_skybox4.jpg", "resolution": 512, "camera_distance": 0.7480269720751451, "view_id": 1, "point_pitch": -0.37756959994765715, "camera_rotation_from_original_to_final": [0.047178275883197784, 0.3158690333366394, 0.6146514415740967], "camera_location": [0.7533331513404846, 1.217716932296753, -1.1586652994155884], "point_normal": [-0.36604005098342896, -0.46424242854118347, -0.8065318465232849], "camera_rotation_final_quaternion": [0.6598780155181885, 0.5065228343009949, -0.2942972183227539, -0.4705154299736023], "skybox_img": 4, "point_uuid": "63", "field_of_view_rads": 1.6316217442386929, "camera_rotation_final": [1.2504701614379883, 0.08836805820465088, -1.175032615661621]}