{"camera_uuid": "16338", "obliqueness_angle": 0.38133445382118225, "nonfixated_points_in_view": [], "camera_rotation_original": [1.5707963705062866, 0.06638249009847641, 1.1294589042663574], "point_location": [5.635040283203125, 1.0644794702529907, -1.395928978919983], "skybox_img_path": "./img/high/16338_skybox4.jpg", "resolution": 512, "camera_distance": 0.8511663862725869, "view_id": 5, "point_pitch": -0.29293195804091887, "camera_rotation_from_original_to_final": [-0.11548928916454315, -0.24349477887153625, 0.3920873999595642], "camera_location": [6.453935146331787, 1.012279987335205, -1.1697196960449219], "point_normal": [0.9823573231697083, 0.185846209526062, -0.02086620032787323], "camera_rotation_final_quaternion": [0.5973840355873108, 0.4282688796520233, 0.42860689759254456, 0.5253705382347107], "skybox_img": 4, "point_uuid": "116", "field_of_view_rads": 2.119048415795751, "camera_rotation_final": [1.3012672662734985, 0.062126122415065765, 1.4899888038635254]}