{"camera_uuid": "4723", "obliqueness_angle": 1.4042609930038452, "nonfixated_points_in_view": [120], "camera_rotation_original": [1.5707963705062866, -0.17211106419563293, -2.764726400375366], "point_location": [-0.4054321348667145, 1.2653040885925293, -0.6841932535171509], "skybox_img_path": "./img/high/4723_skybox4.jpg", "resolution": 512, "camera_distance": 0.8119505522601043, "view_id": 17, "point_pitch": -0.24395088752242522, "camera_rotation_from_original_to_final": [0.15549734234809875, 0.04124755412340164, -0.523884117603302], "camera_location": [-0.286652535200119, 2.0580692291259766, -0.5550478100776672], "point_normal": [0.040700461715459824, 0.0009101604809984565, 0.9991709589958191], "camera_rotation_final_quaternion": [0.0017292852280661464, -0.09753931313753128, -0.6410602927207947, -0.7612652778625488], "skybox_img": 4, "point_uuid": "104", "field_of_view_rads": 1.0039714359666843, "camera_rotation_final": [1.4092003107070923, -0.1513003259897232, -3.2657504081726074]}