{"camera_uuid": "4645", "obliqueness_angle": 1.5091681480407715, "nonfixated_points_in_view": [], "camera_rotation_original": [1.5707963705062866, 0.007625057827681303, 0.26987582445144653], "point_location": [0.417374849319458, 2.3124659061431885, -1.4506763219833374], "skybox_img_path": "./img/high/4645_skybox4.jpg", "resolution": 512, "camera_distance": 0.2776758353257501, "view_id": 0, "point_pitch": -0.46328036387893157, "camera_rotation_from_original_to_final": [-0.4526425004005432, -0.12080779671669006, -0.5420482158660889], "camera_location": [0.34408700466156006, 2.0756547451019287, -1.3255634307861328], "point_normal": [-0.9782938361167908, 0.16282261908054352, -0.12818016111850739], "camera_rotation_final_quaternion": [0.841603696346283, 0.5185191035270691, -0.07649886608123779, -0.1303420215845108], "skybox_img": 4, "point_uuid": "174", "field_of_view_rads": 1.3435070464124403, "camera_rotation_final": [1.1033803224563599, 0.006406246684491634, -0.3033626973628998]}