{"camera_uuid": "0399", "obliqueness_angle": 1.0844306945800781, "nonfixated_points_in_view": [66], "camera_rotation_original": [1.5707963705062866, 0.0190106313675642, 2.3842217922210693], "point_location": [2.133356809616089, 1.9143738746643066, -1.4239013195037842], "skybox_img_path": "./img/high/0399_skybox4.jpg", "resolution": 512, "camera_distance": 0.801094050561858, "view_id": 25, "point_pitch": -0.5060745914790292, "camera_rotation_from_original_to_final": [0.3742583394050598, -0.32967495918273926, 0.6609978079795837], "camera_location": [2.1573994159698486, 2.6194536685943604, -1.0443804264068604], "point_normal": [0.056367747485637665, -0.008248048834502697, 0.9983760714530945], "camera_rotation_final_quaternion": [0.021620066836476326, 0.004563246387988329, 0.512935221195221, 0.8581428527832031], "skybox_img": 4, "point_uuid": "2", "field_of_view_rads": 1.5766701541034631, "camera_rotation_final": [1.0771931409835815, 0.01434804406017065, 3.0997886657714844]}