{"camera_uuid": "12708", "obliqueness_angle": 1.4461555480957031, "nonfixated_points_in_view": [], "camera_rotation_original": [1.5707963705062866, -0.05719905346632004, 2.883617401123047], "point_location": [5.518570899963379, 1.8022818565368652, -0.9034366607666016], "skybox_img_path": "./img/high/12708_skybox4.jpg", "resolution": 512, "camera_distance": 0.9401793498288448, "view_id": 17, "point_pitch": -0.44487754901381926, "camera_rotation_from_original_to_final": [0.3950051963329315, -0.10903501510620117, -0.7129961252212524], "camera_location": [6.218966484069824, 2.305891990661621, -0.5295916795730591], "point_normal": [-0.3810344636440277, 0.07813670486211777, 0.9212532639503479], "camera_rotation_final_quaternion": [0.36305347084999084, 0.26221734285354614, 0.48210608959198, 0.7529993057250977], "skybox_img": 4, "point_uuid": "103", "field_of_view_rads": 0.5256461677815203, "camera_rotation_final": [1.1614258289337158, -0.044853437691926956, 2.213636875152588]}