{"camera_uuid": "0933", "obliqueness_angle": 1.178905725479126, "nonfixated_points_in_view": [], "camera_rotation_original": [1.5707963705062866, -0.11950215697288513, -1.3823325634002686], "point_location": [2.2359414100646973, 3.1619937419891357, -1.4091827869415283], "skybox_img_path": "./img/high/0933_skybox4.jpg", "resolution": 512, "camera_distance": 0.8950909192240575, "view_id": 0, "point_pitch": -0.40677885611983733, "camera_rotation_from_original_to_final": [-0.09229789674282074, 0.44596052169799805, 0.36687779426574707], "camera_location": [1.5616012811660767, 2.72397518157959, -1.0159997940063477], "point_normal": [0.1874009370803833, -0.20707298815250397, 0.9602092504501343], "camera_rotation_final_quaternion": [0.768544614315033, 0.44929152727127075, -0.2801859676837921, -0.35912683606147766], "skybox_img": 4, "point_uuid": "91", "field_of_view_rads": 0.5256461677815203, "camera_rotation_final": [1.11313796043396, -0.10817645490169525, -0.9416096210479736]}