{"camera_uuid": "13462", "obliqueness_angle": 1.1091687679290771, "nonfixated_points_in_view": [], "camera_rotation_original": [1.5707963705062866, -0.161200612783432, -0.48572537302970886], "point_location": [5.577847957611084, 0.5073602795600891, -0.8285789489746094], "skybox_img_path": "./img/high/13462_skybox4.jpg", "resolution": 512, "camera_distance": 0.9613765860894025, "view_id": 47, "point_pitch": -0.4799787243220468, "camera_rotation_from_original_to_final": [-0.4299049377441406, 0.1971079260110855, -0.14179837703704834], "camera_location": [5.1016154289245605, -0.20530813932418823, -0.3932041525840759], "point_normal": [0.047805894166231155, -0.0227388683706522, 0.9985978007316589], "camera_rotation_final_quaternion": [0.8346266150474548, 0.48474329710006714, -0.19644568860530853, -0.1727178990840912], "skybox_img": 4, "point_uuid": "11", "field_of_view_rads": 0.9320269806742028, "camera_rotation_final": [1.094138741493225, -0.1611666977405548, -0.5064171552658081]}