{"camera_uuid": "5778", "obliqueness_angle": 1.4245179891586304, "nonfixated_points_in_view": [], "camera_rotation_original": [1.5707963705062866, 0.04750322178006172, 1.883830189704895], "point_location": [1.8005895614624023, 0.6414239406585693, -0.9798945188522339], "skybox_img_path": "./img/high/5778_skybox4.jpg", "resolution": 512, "camera_distance": 0.43770194129486245, "view_id": 34, "point_pitch": -0.17031507094832854, "camera_rotation_from_original_to_final": [0.04994871839880943, -0.1494254171848297, 0.27346885204315186], "camera_location": [2.1597561836242676, 0.881985068321228, -0.9112456440925598], "point_normal": [-0.012308535166084766, -0.0017647614004090428, 0.9999226927757263], "camera_rotation_final_quaternion": [0.3736003339290619, 0.29239970445632935, 0.57972651720047, 0.6624518036842346], "skybox_img": 4, "point_uuid": "193", "field_of_view_rads": 0.6382884761446714, "camera_rotation_final": [1.4131402969360352, 0.04578659310936928, 2.153672218322754]}