{"camera_uuid": "4233", "obliqueness_angle": 1.231814980506897, "nonfixated_points_in_view": [], "camera_rotation_original": [1.5707963705062866, 0.12034277617931366, -0.2386341094970703], "point_location": [1.5920188426971436, 2.1285598278045654, -1.4049173593521118], "skybox_img_path": "./img/high/4233_skybox4.jpg", "resolution": 512, "camera_distance": 0.49745789651648925, "view_id": 24, "point_pitch": -0.3965915878626962, "camera_rotation_from_original_to_final": [-0.42152902483940125, 0.1037655621767044, -0.30790990591049194], "camera_location": [1.3664186000823975, 1.7374900579452515, -1.1960314512252808], "point_normal": [0.3241092562675476, -0.10795459151268005, 0.9398399591445923], "camera_rotation_final_quaternion": [0.7986810803413391, 0.527931272983551, -0.10646745562553406, -0.2684432864189148], "skybox_img": 4, "point_uuid": "107", "field_of_view_rads": 0.5256461677815203, "camera_rotation_final": [1.1344494819641113, 0.11361638456583023, -0.5760650038719177]}