{"camera_uuid": "6490", "obliqueness_angle": 1.202248215675354, "nonfixated_points_in_view": [39], "camera_rotation_original": [1.5707963705062866, -0.12308141589164734, -1.4410877227783203], "point_location": [1.6843894720077515, 1.1254421472549438, -1.4068831205368042], "skybox_img_path": "./img/high/6490_skybox4.jpg", "resolution": 512, "camera_distance": 0.9891905804125352, "view_id": 0, "point_pitch": -0.2814410169932504, "camera_rotation_from_original_to_final": [-0.027932267636060715, 0.23723363876342773, -0.3723401725292206], "camera_location": [0.7505638003349304, 1.3528494834899902, -1.1728883981704712], "point_normal": [-0.13031253218650818, 0.011851518414914608, 0.9914022088050842], "camera_rotation_final_quaternion": [0.5218456387519836, 0.3520185053348541, -0.5077471137046814, -0.5881776809692383], "skybox_img": 4, "point_uuid": "111", "field_of_view_rads": 1.949514490688795, "camera_rotation_final": [1.3303308486938477, -0.11609302461147308, -1.7812734842300415]}