{"camera_uuid": "9179", "obliqueness_angle": 0.7147749066352844, "nonfixated_points_in_view": [], "camera_rotation_original": [1.5707963705062866, 0.03207230940461159, -0.6211217641830444], "point_location": [2.6072916984558105, 0.47235140204429626, -1.3380800485610962], "skybox_img_path": "./img/high/9179_skybox4.jpg", "resolution": 512, "camera_distance": 0.9208348192588474, "view_id": 1, "point_pitch": -0.43150918086501555, "camera_rotation_from_original_to_final": [-0.363587349653244, 0.25170350074768066, -0.2753540575504303], "camera_location": [1.9813861846923828, -0.07810141146183014, -0.946696937084198], "point_normal": [-0.9810226559638977, -0.18625010550022125, -0.0539044626057148], "camera_rotation_final_quaternion": [0.7630138993263245, 0.4922647774219513, -0.21250909566879272, -0.36100566387176514], "skybox_img": 4, "point_uuid": "87", "field_of_view_rads": 2.119048415795751, "camera_rotation_final": [1.1315730810165405, 0.031131021678447723, -0.8640745282173157]}