{"camera_uuid": "7656", "obliqueness_angle": 0.8785241842269897, "nonfixated_points_in_view": [], "camera_rotation_original": [1.5707963705062866, 0.035322267562150955, -2.4871749877929688], "point_location": [1.46160089969635, 0.19978925585746765, -1.450141191482544], "skybox_img_path": "./img/high/7656_skybox4.jpg", "resolution": 512, "camera_distance": 0.9361664217831711, "view_id": 16, "point_pitch": -0.17207650741073088, "camera_rotation_from_original_to_final": [0.13750141859054565, 0.10411994904279709, 0.004567899275571108], "camera_location": [0.9020709991455078, 0.9329872727394104, -1.2896591424942017], "point_normal": [-0.5807929635047913, 0.19898450374603271, 0.7893571853637695], "camera_rotation_final_quaternion": [0.232010155916214, 0.2169862687587738, -0.6059741377830505, -0.7293034791946411], "skybox_img": 4, "point_uuid": "100", "field_of_view_rads": 1.6924921945557647, "camera_rotation_final": [1.3984122276306152, 0.03532072901725769, -2.4958858489990234]}