{"camera_uuid": "13650", "obliqueness_angle": 1.5023131370544434, "nonfixated_points_in_view": [], "camera_rotation_original": [1.5707963705062866, 0.05626826360821724, -3.015592098236084], "point_location": [6.416158676147461, 2.537578821182251, -1.2911784648895264], "skybox_img_path": "./img/high/13650_skybox4.jpg", "resolution": 512, "camera_distance": 0.2554703827097742, "view_id": 41, "point_pitch": -0.034527941546167895, "camera_rotation_from_original_to_final": [0.027326032519340515, 0.003865528153255582, 0.1244165301322937], "camera_location": [6.352889537811279, 2.7849903106689453, -1.2841296195983887], "point_normal": [-0.00751654664054513, 0.040270037949085236, 0.9991605877876282], "camera_rotation_final_quaternion": [0.06959567219018936, 0.10634633153676987, -0.6891260147094727, -0.713408887386322], "skybox_img": 4, "point_uuid": "148", "field_of_view_rads": 1.0364683158521881, "camera_rotation_final": [1.5431581735610962, 0.055845484137535095, -2.8927769660949707]}