{"camera_uuid": "7106", "obliqueness_angle": 1.0835657119750977, "nonfixated_points_in_view": [], "camera_rotation_original": [1.5707963705062866, -0.14536689221858978, 1.6099576950073242], "point_location": [3.3059499263763428, 1.507105827331543, -1.4197665452957153], "skybox_img_path": "./img/high/7106_skybox4.jpg", "resolution": 512, "camera_distance": 0.7112653079385307, "view_id": 7, "point_pitch": -0.5105354030940195, "camera_rotation_from_original_to_final": [0.04379396140575409, -0.5203080177307129, 0.02870846353471279], "camera_location": [3.920958995819092, 1.552598237991333, -1.0653760433197021], "point_normal": [-0.034560561180114746, 0.0017010869923979044, 0.9994011521339417], "camera_rotation_final_quaternion": [0.5341669917106628, 0.370227187871933, 0.33735013008117676, 0.6810230016708374], "skybox_img": 4, "point_uuid": "155", "field_of_view_rads": 1.3892123789584023, "camera_rotation_final": [1.0431617498397827, -0.14436480402946472, 1.7282726764678955]}