{"camera_uuid": "4500", "obliqueness_angle": 1.193982720375061, "nonfixated_points_in_view": [], "camera_rotation_original": [1.5707963705062866, -0.027993755415081978, -1.4634828567504883], "point_location": [3.4670467376708984, 1.0758438110351562, -0.6993377804756165], "skybox_img_path": "./img/high/4500_skybox4.jpg", "resolution": 512, "camera_distance": 0.6460210106240319, "view_id": 79, "point_pitch": -0.42662541469069915, "camera_rotation_from_original_to_final": [-0.05143203213810921, 0.4241168200969696, -0.0024581090547144413], "camera_location": [2.882944345474243, 1.0081771612167358, -0.4317770302295685], "point_normal": [-0.6784085035324097, -0.30312207341194153, -0.6692376136779785], "camera_rotation_final_quaternion": [0.6363998651504517, 0.3985365331172943, -0.3661762475967407, -0.5496169924736023], "skybox_img": 4, "point_uuid": "78", "field_of_view_rads": 1.0218518288922764, "camera_rotation_final": [1.1435904502868652, -0.027987780049443245, -1.4427242279052734]}