{"camera_uuid": "4510", "obliqueness_angle": 0.5952898263931274, "nonfixated_points_in_view": [], "camera_rotation_original": [1.5707963705062866, -0.038064517080783844, -1.4518183469772339], "point_location": [0.48665541410446167, 2.050424337387085, -1.4244725704193115], "skybox_img_path": "./img/high/4510_skybox4.jpg", "resolution": 512, "camera_distance": 0.4761088588534406, "view_id": 4, "point_pitch": -0.28814391692611174, "camera_rotation_from_original_to_final": [-0.03070436604321003, 0.2699700891971588, -0.45729589462280273], "camera_location": [0.05332592874765396, 2.200704574584961, -1.296718716621399], "point_normal": [-0.7508701086044312, -0.09726908802986145, 0.6532478928565979], "camera_rotation_final_quaternion": [0.4732294976711273, 0.3418378233909607, -0.4989813268184662, -0.6404829621315002], "skybox_img": 4, "point_uuid": "167", "field_of_view_rads": 1.957036885090066, "camera_rotation_final": [1.2989734411239624, -0.03438953310251236, -1.8950377702713013]}