{"camera_uuid": "10231", "obliqueness_angle": 1.0206918716430664, "nonfixated_points_in_view": [], "camera_rotation_original": [1.5707963705062866, -0.018619591370224953, -1.9010182619094849], "point_location": [5.577847957611084, 0.5073602795600891, -0.8285789489746094], "skybox_img_path": "./img/high/10231_skybox4.jpg", "resolution": 512, "camera_distance": 0.838724739316836, "view_id": 13, "point_pitch": -0.6081480224940439, "camera_rotation_from_original_to_final": [0.21680690348148346, 0.5633934736251831, -0.4293849468231201], "camera_location": [5.106931209564209, 1.0150914192199707, -0.3553922176361084], "point_normal": [0.047805894166231155, -0.0227388683706522, 0.9985978007316589], "camera_rotation_final_quaternion": [0.3312208950519562, 0.1661505103111267, -0.4362419545650482, -0.8199875950813293], "skybox_img": 4, "point_uuid": "11", "field_of_view_rads": 0.6651429173367224, "camera_rotation_final": [0.9712708592414856, -0.016502922400832176, -2.382516622543335]}