{"camera_uuid": "14991", "obliqueness_angle": 1.116505742073059, "nonfixated_points_in_view": [], "camera_rotation_original": [1.5707963705062866, -0.16113395988941193, -2.8025217056274414], "point_location": [5.327018737792969, -0.6150552034378052, -1.3985912799835205], "skybox_img_path": "./img/high/14991_skybox4.jpg", "resolution": 512, "camera_distance": 0.4247428666135085, "view_id": 24, "point_pitch": -0.5140384872767587, "camera_rotation_from_original_to_final": [0.4303351938724518, 0.1541772335767746, -0.3752129375934601], "camera_location": [5.35441780090332, -0.23458796739578247, -1.2117745876312256], "point_normal": [-0.004159807693213224, -0.0008233638945966959, 0.9999910593032837], "camera_rotation_final_quaternion": [0.04148701950907707, -0.06377881020307541, -0.5253713130950928, -0.8474645018577576], "skybox_img": 4, "point_uuid": "39", "field_of_view_rads": 0.5256461677815203, "camera_rotation_final": [1.1096398830413818, -0.15228059887886047, -3.138251543045044]}