{"camera_uuid": "1365", "obliqueness_angle": 1.1005339622497559, "nonfixated_points_in_view": [], "camera_rotation_original": [1.5707963705062866, -0.0163907278329134, -2.650428056716919], "point_location": [2.133356809616089, 1.9143738746643066, -1.4239013195037842], "skybox_img_path": "./img/high/1365_skybox4.jpg", "resolution": 512, "camera_distance": 0.7391276074819443, "view_id": 23, "point_pitch": -0.5145279606196542, "camera_rotation_from_original_to_final": [0.470428466796875, 0.23763355612754822, 0.5963655114173889], "camera_location": [1.58427894115448, 2.2438108921051025, -1.0547206401824951], "point_normal": [0.056367747485637665, -0.008248048834502697, 0.9983760714530945], "camera_rotation_final_quaternion": [0.43269380927085876, 0.24295520782470703, -0.4373008608818054, -0.7500112056732178], "skybox_img": 4, "point_uuid": "2", "field_of_view_rads": 2.056502920039658, "camera_rotation_final": [1.0477397441864014, -0.013996940106153488, -2.1031322479248047]}