{"camera_uuid": "0337", "obliqueness_angle": 0.9285284280776978, "nonfixated_points_in_view": [1, 109], "camera_rotation_original": [1.5707963705062866, 0.019521357491612434, 2.7746384143829346], "point_location": [1.5920188426971436, 2.1285598278045654, -1.4049173593521118], "skybox_img_path": "./img/high/0337_skybox4.jpg", "resolution": 512, "camera_distance": 0.9996527426503499, "view_id": 5, "point_pitch": -0.4927810867640634, "camera_rotation_from_original_to_final": [0.4730912446975708, -0.1736101508140564, -0.5097866654396057], "camera_location": [2.2415878772735596, 2.717010498046875, -0.9241976141929626], "point_normal": [0.3241092562675476, -0.10795459151268005, 0.9398399591445923], "camera_rotation_final_quaternion": [0.35656222701072693, 0.20189747214317322, 0.4677543044090271, 0.7831389904022217], "skybox_img": 4, "point_uuid": "107", "field_of_view_rads": 2.119048415795751, "camera_rotation_final": [1.0690481662750244, 0.01734032854437828, 2.2973551750183105]}