{"camera_uuid": "2883", "obliqueness_angle": 0.9140554666519165, "nonfixated_points_in_view": [], "camera_rotation_original": [1.5707963705062866, 0.1061008870601654, 1.772351861000061], "point_location": [0.32991182804107666, 2.4133899211883545, -1.3794349431991577], "skybox_img_path": "./img/high/2883_skybox4.jpg", "resolution": 512, "camera_distance": 0.46172485851791145, "view_id": 5, "point_pitch": -0.3798449476573129, "camera_rotation_from_original_to_final": [0.08941104263067245, -0.41213497519493103, -0.397734671831131], "camera_location": [0.7446671724319458, 2.339000701904297, -1.1906650066375732], "point_normal": [0.7323230504989624, 0.6650322675704956, 0.14640741050243378], "camera_rotation_final_quaternion": [0.6713895201683044, 0.3979001045227051, 0.37048253417015076, 0.5036410689353943], "skybox_img": 4, "point_uuid": "151", "field_of_view_rads": 1.6924921945557647, "camera_rotation_final": [1.1475082635879517, 0.09682971984148026, 1.3497982025146484]}