{"camera_uuid": "11552", "obliqueness_angle": 1.1210216283798218, "nonfixated_points_in_view": [], "camera_rotation_original": [1.5707963705062866, 0.13006320595741272, -2.2811827659606934], "point_location": [6.416158676147461, 2.537578821182251, -1.2911784648895264], "skybox_img_path": "./img/high/11552_skybox4.jpg", "resolution": 512, "camera_distance": 0.6074956652845748, "view_id": 30, "point_pitch": -0.4215506752345224, "camera_rotation_from_original_to_final": [0.2914876639842987, 0.3059486746788025, 0.08963969349861145], "camera_location": [5.978945255279541, 2.8792643547058105, -1.043900489807129], "point_normal": [-0.00751654664054513, 0.040270037949085236, 0.9991605877876282], "camera_rotation_final_quaternion": [0.3130483329296112, 0.2728852331638336, -0.4711807072162628, -0.778153657913208], "skybox_img": 4, "point_uuid": "148", "field_of_view_rads": 0.950131287597413, "camera_rotation_final": [1.147781252861023, 0.13005490601062775, -2.292478084564209]}