{"camera_uuid": "4638", "obliqueness_angle": 1.1062676906585693, "nonfixated_points_in_view": [120], "camera_rotation_original": [1.5707963705062866, 0.06870300322771072, 1.6419072151184082], "point_location": [-0.4054321348667145, 1.2653040885925293, -0.6841932535171509], "skybox_img_path": "./img/high/4638_skybox4.jpg", "resolution": 512, "camera_distance": 0.9463143288730145, "view_id": 27, "point_pitch": -0.4234902103755136, "camera_rotation_from_original_to_final": [0.025406789034605026, -0.42321136593818665, 0.0029623741284012794], "camera_location": [0.45430833101272583, 1.3350660800933838, -0.2949756681919098], "point_normal": [0.040700461715459824, 0.0009101604809984565, 0.9991709589958191], "camera_rotation_final_quaternion": [0.5923258066177368, 0.35250595211982727, 0.4124201536178589, 0.5956503748893738], "skybox_img": 4, "point_uuid": "104", "field_of_view_rads": 1.949514490688795, "camera_rotation_final": [1.145851492881775, 0.06868759542703629, 1.6207141876220703]}