{"camera_uuid": "0524", "obliqueness_angle": 1.279167652130127, "nonfixated_points_in_view": [14], "camera_rotation_original": [1.5707963705062866, -0.1441769152879715, -2.0392205715179443], "point_location": [2.5494112968444824, 3.0172948837280273, -1.405600666999817], "skybox_img_path": "./img/high/0524_skybox4.jpg", "resolution": 512, "camera_distance": 0.8527167911699965, "view_id": 4, "point_pitch": -0.6526204784724374, "camera_rotation_from_original_to_final": [0.3820035457611084, 0.6463227272033691, 0.7033401131629944], "camera_location": [1.9210281372070312, 2.952808141708374, -0.8327987790107727], "point_normal": [-0.03991111367940903, -0.9602947235107422, 0.2761182188987732], "camera_rotation_final_quaternion": [0.7234456539154053, 0.2791452705860138, -0.2936139404773712, -0.5590127110481262], "skybox_img": 4, "point_uuid": "54", "field_of_view_rads": 1.7779022957772381, "camera_rotation_final": [0.8284111618995667, -0.11297611892223358, -1.3654654026031494]}