{"camera_uuid": "14327", "obliqueness_angle": 0.4700881242752075, "nonfixated_points_in_view": [117], "camera_rotation_original": [1.5707963705062866, -0.03421793133020401, 0.7097579836845398], "point_location": [1.7417666912078857, -0.21807560324668884, -1.426782488822937], "skybox_img_path": "./img/high/14327_skybox4.jpg", "resolution": 512, "camera_distance": 0.7496355581953762, "view_id": 16, "point_pitch": -0.40578286250564055, "camera_rotation_from_original_to_final": [-0.3050473928451538, -0.2532617151737213, -0.3210504949092865], "camera_location": [1.9787663221359253, -0.8684576749801636, -1.1390537023544312], "point_normal": [0.059019673615694046, -0.998093843460083, 0.018043018877506256], "camera_rotation_final_quaternion": [0.816504180431366, 0.5482038259506226, 0.08694936335086823, 0.158849835395813], "skybox_img": 4, "point_uuid": "171", "field_of_view_rads": 1.0039714359666843, "camera_rotation_final": [1.1766462326049805, -0.03218068927526474, 0.36282724142074585]}