{"camera_uuid": "8566", "obliqueness_angle": 1.3899493217468262, "nonfixated_points_in_view": [], "camera_rotation_original": [1.5707963705062866, 0.05503543093800545, -0.38609257340431213], "point_location": [5.518570899963379, 1.8022818565368652, -0.9034366607666016], "skybox_img_path": "./img/high/8566_skybox4.jpg", "resolution": 512, "camera_distance": 0.7655434787055734, "view_id": 16, "point_pitch": 0.12457998196152253, "camera_rotation_from_original_to_final": [0.0845511257648468, -0.043499670922756195, -0.5790860056877136], "camera_location": [4.89297342300415, 1.367026686668396, -0.9758076071739197], "point_normal": [-0.3810344636440277, 0.07813670486211777, 0.9212532639503479], "camera_rotation_final_quaternion": [0.5889593958854675, 0.6634596586227417, -0.3272446095943451, -0.3253600001335144], "skybox_img": 4, "point_uuid": "103", "field_of_view_rads": 2.056502920039658, "camera_rotation_final": [1.6655749082565308, 0.04627540335059166, -0.9585356712341309]}