{"camera_uuid": "9151", "obliqueness_angle": 1.2366576194763184, "nonfixated_points_in_view": [], "camera_rotation_original": [1.5707963705062866, 0.027029691264033318, 3.0689897537231445], "point_location": [5.577847957611084, 0.5073602795600891, -0.8285789489746094], "skybox_img_path": "./img/high/9151_skybox4.jpg", "resolution": 512, "camera_distance": 0.9704186926580769, "view_id": 14, "point_pitch": -0.3868424137446542, "camera_rotation_from_original_to_final": [0.3735426664352417, -0.02541097067296505, 0.4800678789615631], "camera_location": [5.216132640838623, 1.3349753618240356, -0.47371596097946167], "point_normal": [0.047805894166231155, -0.0227388683706522, 0.9985978007316589], "camera_rotation_final_quaternion": [-0.15858228504657745, -0.12231338024139404, 0.5497265458106995, 0.8109819889068604], "skybox_img": 4, "point_uuid": "11", "field_of_view_rads": 1.274054123740192, "camera_rotation_final": [1.1963192224502563, 0.024036424234509468, 3.5441861152648926]}