{"camera_uuid": "11051", "obliqueness_angle": 0.8882889747619629, "nonfixated_points_in_view": [96], "camera_rotation_original": [1.5707963705062866, 0.018978888168931007, -1.3359593152999878], "point_location": [6.319373607635498, 3.116034984588623, -1.4095163345336914], "skybox_img_path": "./img/high/11051_skybox4.jpg", "resolution": 512, "camera_distance": 0.7648618845986427, "view_id": 10, "point_pitch": -0.7121514519068857, "camera_rotation_from_original_to_final": [-0.19173090159893036, 0.6816547513008118, 0.38605013489723206], "camera_location": [5.869828701019287, 2.74472975730896, -0.914485514163971], "point_normal": [0.11794652789831161, -0.12946823239326477, 0.9845438599586487], "camera_rotation_final_quaternion": [0.8165996670722961, 0.38193970918655396, -0.17468278110027313, -0.39594563841819763], "skybox_img": 4, "point_uuid": "112", "field_of_view_rads": 1.957036885090066, "camera_rotation_final": [0.8667446374893188, 0.017163768410682678, -0.8950009346008301]}