{"camera_uuid": "6817", "obliqueness_angle": 1.3383771181106567, "nonfixated_points_in_view": [61], "camera_rotation_original": [1.5707963705062866, 0.15118733048439026, -2.425830841064453], "point_location": [1.8005895614624023, 0.6414239406585693, -0.9798945188522339], "skybox_img_path": "./img/high/6817_skybox4.jpg", "resolution": 512, "camera_distance": 0.7313185726545824, "view_id": 14, "point_pitch": -0.3253735740992685, "camera_rotation_from_original_to_final": [0.142974853515625, 0.17239780724048615, 0.7994705438613892], "camera_location": [1.0887986421585083, 0.6928845643997192, -0.8201061487197876], "point_normal": [-0.012308535166084766, -0.0017647614004090428, 0.9999226927757263], "camera_rotation_final_quaternion": [0.4985591471195221, 0.4509276747703552, -0.4329174757003784, -0.6005709767341614], "skybox_img": 4, "point_uuid": "193", "field_of_view_rads": 2.1466993855908125, "camera_rotation_final": [1.349159836769104, 0.11018095165491104, -1.667741060256958]}