{"camera_uuid": "15853", "obliqueness_angle": 0.9778955578804016, "nonfixated_points_in_view": [23], "camera_rotation_original": [1.5707963705062866, -0.1409117728471756, 1.7618043422698975], "point_location": [5.469937324523926, -0.7986144423484802, -1.3267128467559814], "skybox_img_path": "./img/high/15853_skybox4.jpg", "resolution": 512, "camera_distance": 0.8349518803333921, "view_id": 2, "point_pitch": -0.5932015617701669, "camera_rotation_from_original_to_final": [0.16083277761936188, -0.6304377913475037, 0.303148090839386], "camera_location": [6.040933609008789, -0.4560687243938446, -0.8229566216468811], "point_normal": [0.21725454926490784, -0.34371235966682434, 0.9135985970497131], "camera_rotation_final_quaternion": [0.37756168842315674, 0.2496708184480667, 0.368777334690094, 0.8118589520454407], "skybox_img": 4, "point_uuid": "47", "field_of_view_rads": 1.0910236528484336, "camera_rotation_final": [0.9169363975524902, -0.12726587057113647, 2.208106279373169]}