{"camera_uuid": "0881", "obliqueness_angle": 0.35485416650772095, "nonfixated_points_in_view": [47], "camera_rotation_original": [1.5707963705062866, 0.13698269426822662, 0.32693180441856384], "point_location": [1.3862135410308838, 3.035576343536377, -1.442712426185608], "skybox_img_path": "./img/high/0881_skybox4.jpg", "resolution": 512, "camera_distance": 0.8978835595806443, "view_id": 9, "point_pitch": -0.5968090732905527, "camera_rotation_from_original_to_final": [-0.5164217948913574, -0.15729758143424988, 0.5237133502960205], "camera_location": [1.9456632137298584, 2.504777669906616, -0.9828605651855469], "point_normal": [0.849090039730072, -0.445937842130661, 0.28317058086395264], "camera_rotation_final_quaternion": [0.8218911290168762, 0.43827250599861145, 0.22768792510032654, 0.28384923934936523], "skybox_img": 4, "point_uuid": "179", "field_of_view_rads": 1.9352794957620667, "camera_rotation_final": [1.028353214263916, 0.12579424679279327, 0.7361918091773987]}