{"camera_uuid": "0669", "obliqueness_angle": 0.9424715042114258, "nonfixated_points_in_view": [], "camera_rotation_original": [1.5707963705062866, -0.14308159053325653, -1.1289396286010742], "point_location": [2.066779375076294, 2.579990863800049, -1.4030261039733887], "skybox_img_path": "./img/high/0669_skybox4.jpg", "resolution": 512, "camera_distance": 0.7576154976334476, "view_id": 3, "point_pitch": -0.6980303963038583, "camera_rotation_from_original_to_final": [-0.31974488496780396, 0.5564582347869873, -0.6062318086624146], "camera_location": [1.4578438997268677, 2.627941370010376, -0.9548301696777344], "point_normal": [0.0033442084677517414, -0.016241353005170822, 0.9998626112937927], "camera_rotation_final_quaternion": [0.6566025614738464, 0.278847336769104, -0.3555985689163208, -0.603876531124115], "skybox_img": 4, "point_uuid": "51", "field_of_view_rads": 1.0386947080855735, "camera_rotation_final": [0.9314559698104858, -0.1305657923221588, -1.5528773069381714]}