{"camera_uuid": "7329", "obliqueness_angle": 0.9883286952972412, "nonfixated_points_in_view": [93], "camera_rotation_original": [1.5707963705062866, 0.06286612898111343, -2.3717048168182373], "point_location": [4.528530120849609, 1.0438001155853271, -1.4141380786895752], "skybox_img_path": "./img/high/7329_skybox4.jpg", "resolution": 512, "camera_distance": 0.8234355151968674, "view_id": 23, "point_pitch": -0.5595723827693124, "camera_rotation_from_original_to_final": [0.43591606616973877, 0.37675726413726807, -0.034174319356679916], "camera_location": [4.105985641479492, 1.5944879055023193, -0.9711424112319946], "point_normal": [0.012244894169270992, 0.0278637632727623, 0.9995367527008057], "camera_rotation_final_quaternion": [0.251085102558136, 0.1711546778678894, -0.44912558794021606, -0.8402074575424194], "skybox_img": 4, "point_uuid": "140", "field_of_view_rads": 2.056502920039658, "camera_rotation_final": [1.0015183687210083, 0.062113307416439056, -2.5268120765686035]}