{"camera_uuid": "4354", "obliqueness_angle": 0.10995283722877502, "nonfixated_points_in_view": [], "camera_rotation_original": [1.5707963705062866, 0.0988156720995903, 1.8502813577651978], "point_location": [-0.30368760228157043, 1.3439174890518188, -0.7665223479270935], "skybox_img_path": "./img/high/4354_skybox4.jpg", "resolution": 512, "camera_distance": 0.867512527117371, "view_id": 52, "point_pitch": 0.12741513649490877, "camera_rotation_from_original_to_final": [-0.039108894765377045, 0.13563428819179535, 0.12981678545475006], "camera_location": [0.4833427667617798, 1.68782377243042, -0.8885456323623657], "point_normal": [0.9422652125358582, 0.29410141706466675, -0.16012726724147797], "camera_rotation_final_quaternion": [0.3855397403240204, 0.3818066418170929, 0.6515774130821228, 0.5301223397254944], "skybox_img": 4, "point_uuid": "180", "field_of_view_rads": 0.6299741311869721, "camera_rotation_final": [1.7126048803329468, 0.09776517748832703, 1.9966939687728882]}