{"camera_uuid": "9879", "obliqueness_angle": 0.7866248488426208, "nonfixated_points_in_view": [], "camera_rotation_original": [1.5707963705062866, -0.15098756551742554, 2.717160224914551], "point_location": [3.54880690574646, 0.15072500705718994, -1.4055030345916748], "skybox_img_path": "./img/high/9879_skybox4.jpg", "resolution": 512, "camera_distance": 0.9349358042280771, "view_id": 16, "point_pitch": -0.2573844631526132, "camera_rotation_from_original_to_final": [0.22150228917598724, -0.09486877173185349, -0.1401970535516739], "camera_location": [4.026914119720459, 0.9226551651954651, -1.1826975345611572], "point_normal": [0.19957615435123444, 0.8647677302360535, -0.4608103036880493], "camera_rotation_final_quaternion": [0.15620861947536469, 0.21432740986347198, 0.5787126421928406, 0.7712031602859497], "skybox_img": 4, "point_uuid": "83", "field_of_view_rads": 0.8384684589002184, "camera_rotation_final": [1.3273694515228271, -0.15034589171409607, 2.6242361068725586]}