{"camera_uuid": "8854", "obliqueness_angle": 0.7911657094955444, "nonfixated_points_in_view": [], "camera_rotation_original": [1.5707963705062866, -0.12372509390115738, 1.811604380607605], "point_location": [2.8440728187561035, 0.5467994809150696, -1.3693242073059082], "skybox_img_path": "./img/high/8854_skybox4.jpg", "resolution": 512, "camera_distance": 0.9455944539296985, "view_id": 7, "point_pitch": -0.7062839706751962, "camera_rotation_from_original_to_final": [0.18633276224136353, -0.6171106100082397, -0.6524770855903625], "camera_location": [3.55450177192688, 0.28284594416618347, -0.8038437962532043], "point_normal": [0.9891408681869507, 0.14696341753005981, 0.0014960329281166196], "camera_rotation_final_quaternion": [0.6979458928108215, 0.38447636365890503, 0.2305862009525299, 0.5584617257118225], "skybox_img": 4, "point_uuid": "6", "field_of_view_rads": 0.5961933550608073, "camera_rotation_final": [0.9254122972488403, -0.10776574909687042, 1.2958701848983765]}