{"camera_uuid": "9771", "obliqueness_angle": 1.103325605392456, "nonfixated_points_in_view": [], "camera_rotation_original": [1.5707963705062866, 0.014447205699980259, 1.4899653196334839], "point_location": [0.42542582750320435, 0.7923682928085327, -1.4128706455230713], "skybox_img_path": "./img/high/9771_skybox4.jpg", "resolution": 512, "camera_distance": 0.888727643285769, "view_id": 5, "point_pitch": -0.24453918536635832, "camera_rotation_from_original_to_final": [-0.017793497070670128, -0.25340408086776733, -0.7094873785972595], "camera_location": [1.0290532112121582, 0.17950449883937836, -1.189557433128357], "point_normal": [0.20031511783599854, -0.7043237090110779, -0.6810300946235657], "camera_rotation_final_quaternion": [0.7335850596427917, 0.564846396446228, 0.2351851463317871, 0.2957860827445984], "skybox_img": 4, "point_uuid": "16", "field_of_view_rads": 2.119048415795751, "camera_rotation_final": [1.3167856931686401, 0.010909436270594597, 0.774973452091217]}