{"camera_uuid": "3801", "obliqueness_angle": 1.426520824432373, "nonfixated_points_in_view": [], "camera_rotation_original": [1.5707963705062866, -0.0024003596045076847, 0.6727071404457092], "point_location": [2.155930757522583, 2.4535746574401855, -1.421875], "skybox_img_path": "./img/high/3801_skybox4.jpg", "resolution": 512, "camera_distance": 0.888201896348879, "view_id": 0, "point_pitch": -0.14634255965682463, "camera_rotation_from_original_to_final": [-0.11433292925357819, -0.09057227522134781, -0.2496126890182495], "camera_location": [2.5125882625579834, 1.6504181623458862, -1.2928879261016846], "point_normal": [0.01849367655813694, 0.009777815081179142, 0.9997811913490295], "camera_rotation_final_quaternion": [0.7400661110877991, 0.6396881937980652, 0.13486194610595703, 0.15783986449241638], "skybox_img": 4, "point_uuid": "168", "field_of_view_rads": 1.5766701541034631, "camera_rotation_final": [1.4250580072402954, -0.002323072636500001, 0.41825243830680847]}