{"camera_uuid": "2393", "obliqueness_angle": 1.1024887561798096, "nonfixated_points_in_view": [], "camera_rotation_original": [1.5707963705062866, 0.006370398215949535, -2.0813679695129395], "point_location": [2.133356809616089, 1.9143738746643066, -1.4239013195037842], "skybox_img_path": "./img/high/2393_skybox4.jpg", "resolution": 512, "camera_distance": 0.9753234374570671, "view_id": 8, "point_pitch": -0.52725092967483, "camera_rotation_from_original_to_final": [0.2764925956726074, 0.45250204205513, 0.3847774863243103], "camera_location": [1.304640769958496, 2.0734596252441406, -0.9348437786102295], "point_normal": [0.056367747485637665, -0.008248048834502697, 0.9983760714530945], "camera_rotation_final_quaternion": [0.549560546875, 0.3193758726119995, -0.3837753236293793, -0.6698497533798218], "skybox_img": 4, "point_uuid": "2", "field_of_view_rads": 1.6816280418618088, "camera_rotation_final": [1.0455336570739746, 0.006052206736057997, -1.7639633417129517]}