{"camera_uuid": "9187", "obliqueness_angle": 1.1502397060394287, "nonfixated_points_in_view": [], "camera_rotation_original": [1.5707963705062866, -0.04421482980251312, -0.20166759192943573], "point_location": [2.448582887649536, 0.7421338558197021, -1.3952909708023071], "skybox_img_path": "./img/high/9187_skybox4.jpg", "resolution": 512, "camera_distance": 0.6028624954077623, "view_id": 8, "point_pitch": -0.42757730086776213, "camera_rotation_from_original_to_final": [-0.4438242018222809, 0.09104098379611969, 0.5670780539512634], "camera_location": [2.653136968612671, 0.23999564349651337, -1.131742000579834], "point_normal": [-0.7041676044464111, -0.69074547290802, 0.16437388956546783], "camera_rotation_final_quaternion": [0.8284224271774292, 0.5225508809089661, 0.09142923355102539, 0.17971529066562653], "skybox_img": 4, "point_uuid": "158", "field_of_view_rads": 1.3001655876812834, "camera_rotation_final": [1.118033766746521, -0.03634471446275711, 0.40451517701148987]}