{"camera_uuid": "11556", "obliqueness_angle": 1.2159066200256348, "nonfixated_points_in_view": [118], "camera_rotation_original": [1.5707963705062866, -0.07512836158275604, 0.4445580840110779], "point_location": [-0.11395721882581711, -0.04560520127415657, -1.4123445749282837], "skybox_img_path": "./img/high/11556_skybox4.jpg", "resolution": 512, "camera_distance": 0.8698027371179837, "view_id": 61, "point_pitch": -0.2941647013041635, "camera_rotation_from_original_to_final": [-0.3185221552848816, -0.1320464313030243, 0.7272294163703918], "camera_location": [0.6346409320831299, -0.37771129608154297, -1.1193203926086426], "point_normal": [0.004181658383458853, -0.01849798485636711, 0.9998201131820679], "camera_rotation_final_quaternion": [0.6718068718910217, 0.49184247851371765, 0.29941293597221375, 0.4659596383571625], "skybox_img": 4, "point_uuid": "192", "field_of_view_rads": 0.6720038838202558, "camera_rotation_final": [1.2266253232955933, -0.056091587990522385, 1.1733382940292358]}