{"camera_uuid": "11779", "obliqueness_angle": 0.9442902207374573, "nonfixated_points_in_view": [], "camera_rotation_original": [1.5707963705062866, -0.12841659784317017, -0.6062608957290649], "point_location": [6.319373607635498, 3.116034984588623, -1.4095163345336914], "skybox_img_path": "./img/high/11779_skybox4.jpg", "resolution": 512, "camera_distance": 0.7655007787086319, "view_id": 13, "point_pitch": -0.5960776050898691, "camera_rotation_from_original_to_final": [-0.5238866806030273, 0.3083042502403259, -0.08850953727960587], "camera_location": [5.952354907989502, 2.6017584800720215, -0.9773029685020447], "point_normal": [0.11794652789831161, -0.12946823239326477, 0.9845438599586487], "camera_rotation_final_quaternion": [0.8607367873191833, 0.43196436762809753, -0.17634962499141693, -0.20356762409210205], "skybox_img": 4, "point_uuid": "112", "field_of_view_rads": 0.6651429173367224, "camera_rotation_final": [0.9651702642440796, -0.12806305289268494, -0.5316323637962341]}