{"camera_uuid": "11934", "obliqueness_angle": 1.1597360372543335, "nonfixated_points_in_view": [18], "camera_rotation_original": [1.5707963705062866, -0.10926041752099991, -1.5622365474700928], "point_location": [1.9191844463348389, 0.03978348895907402, -1.4310652017593384], "skybox_img_path": "./img/high/11934_skybox4.jpg", "resolution": 512, "camera_distance": 0.9424110329311153, "view_id": 16, "point_pitch": -0.29200653632613616, "camera_rotation_from_original_to_final": [0.01998712494969368, 0.3650980293750763, 0.7154725790023804], "camera_location": [1.2600234746932983, -0.5437717437744141, -1.094748854637146], "point_normal": [-0.03025132790207863, -0.0354352742433548, 0.9989140033721924], "camera_rotation_final_quaternion": [0.7648898363113403, 0.5065819025039673, -0.2548348307609558, -0.3055773675441742], "skybox_img": 4, "point_uuid": "175", "field_of_view_rads": 1.2546257408138766, "camera_rotation_final": [1.2046473026275635, -0.08032757043838501, -0.81540447473526]}