{"camera_uuid": "12181", "obliqueness_angle": 1.028250813484192, "nonfixated_points_in_view": [], "camera_rotation_original": [1.5707963705062866, -0.023230519145727158, -0.35983923077583313], "point_location": [0.580907940864563, -0.050188999623060226, -1.4085019826889038], "skybox_img_path": "./img/high/12181_skybox4.jpg", "resolution": 512, "camera_distance": 0.35547473399396945, "view_id": 4, "point_pitch": -0.6591078480097909, "camera_rotation_from_original_to_final": [-0.6278045773506165, 0.2124350219964981, -0.11842130869626999], "camera_location": [0.46850958466529846, -0.3079819083213806, -1.1910814046859741], "point_normal": [0.11274728178977966, 0.07453673332929611, 0.9908240437507629], "camera_rotation_final_quaternion": [0.8813655972480774, 0.4300166368484497, -0.0962732657790184, -0.170328751206398], "skybox_img": 4, "point_uuid": "57", "field_of_view_rads": 1.7779022957772381, "camera_rotation_final": [0.9124631881713867, -0.023217568174004555, -0.39319902658462524]}