{"camera_uuid": "8043", "obliqueness_angle": 1.3835865259170532, "nonfixated_points_in_view": [], "camera_rotation_original": [1.5707963705062866, 0.02346627786755562, 2.423129081726074], "point_location": [2.9207348823547363, -0.5152132511138916, -0.5628843903541565], "skybox_img_path": "./img/high/8043_skybox4.jpg", "resolution": 512, "camera_distance": 0.8282539190994495, "view_id": 35, "point_pitch": -0.15922610362502532, "camera_rotation_from_original_to_final": [0.11210419237613678, -0.08944174647331238, 0.7505817413330078], "camera_location": [2.8906571865081787, 0.30401530861854553, -0.4447128176689148], "point_normal": [-0.26315274834632874, 0.039460260421037674, 0.9639468193054199], "camera_rotation_final_quaternion": [-0.007329171989113092, -0.01767663098871708, 0.6544843912124634, 0.7558333277702332], "skybox_img": 4, "point_uuid": "152", "field_of_view_rads": 1.5082571856068028, "camera_rotation_final": [1.427611231803894, 0.01712835393846035, 3.1758217811584473]}