{"camera_uuid": "1164", "obliqueness_angle": 1.3332303762435913, "nonfixated_points_in_view": [], "camera_rotation_original": [1.5707963705062866, 0.09462469816207886, 2.816814422607422], "point_location": [1.5920188426971436, 2.1285598278045654, -1.4049173593521118], "skybox_img_path": "./img/high/1164_skybox4.jpg", "resolution": 512, "camera_distance": 0.6637470723379892, "view_id": 12, "point_pitch": -0.47185413440200286, "camera_rotation_from_original_to_final": [0.40729591250419617, -0.1303039938211441, 0.4928968846797943], "camera_location": [1.4751988649368286, 2.721445083618164, -1.1303261518478394], "point_normal": [0.3241092562675476, -0.10795459151268005, 0.9398399591445923], "camera_rotation_final_quaternion": [-0.04299529269337654, -0.07736595720052719, 0.5358780026435852, 0.8396431803703308], "skybox_img": 4, "point_uuid": "107", "field_of_view_rads": 0.9904486154446002, "camera_rotation_final": [1.1426774263381958, 0.08393765985965729, 3.2978951930999756]}