{"camera_uuid": "12034", "obliqueness_angle": 1.2013828754425049, "nonfixated_points_in_view": [], "camera_rotation_original": [1.5707963705062866, 0.02678396925330162, 1.6820013523101807], "point_location": [4.591547966003418, 0.7892270088195801, -1.4046629667282104], "skybox_img_path": "./img/high/12034_skybox4.jpg", "resolution": 512, "camera_distance": 0.9037391310284917, "view_id": 15, "point_pitch": -0.6735903461787363, "camera_rotation_from_original_to_final": [0.08795608580112457, -0.6824498176574707, -0.5553550720214844], "camera_location": [5.231748580932617, 0.509559690952301, -0.8313621878623962], "point_normal": [-0.18465906381607056, -0.9283809065818787, 0.32250577211380005], "camera_rotation_final_quaternion": [0.7636740207672119, 0.3542573153972626, 0.2394140362739563, 0.4837196171283722], "skybox_img": 4, "point_uuid": "159", "field_of_view_rads": 0.6025778511851491, "camera_rotation_final": [0.8833929300308228, 0.022948138415813446, 1.1401013135910034]}