{"camera_uuid": "5840", "obliqueness_angle": 0.9253604412078857, "nonfixated_points_in_view": [], "camera_rotation_original": [1.5707963705062866, 0.04861365258693695, -2.0798654556274414], "point_location": [3.2907848358154297, 0.7151510119438171, -0.953556478023529], "skybox_img_path": "./img/high/5840_skybox4.jpg", "resolution": 512, "camera_distance": 0.5209067177731231, "view_id": 11, "point_pitch": 0.14664132992294832, "camera_rotation_from_original_to_final": [-0.0700950175523758, -0.12571066617965698, -0.05672227591276169], "camera_location": [2.856827735900879, 0.9934484362602234, -1.028226375579834], "point_normal": [-0.31622445583343506, 0.4023386836051941, -0.8591424822807312], "camera_rotation_final_quaternion": [0.2997523248195648, 0.3788347840309143, -0.6543372273445129, -0.5817865133285522], "skybox_img": 4, "point_uuid": "195", "field_of_view_rads": 0.5256461677815203, "camera_rotation_final": [1.714808702468872, 0.04854273796081543, -2.13399600982666]}