{"camera_uuid": "13439", "obliqueness_angle": 1.235455870628357, "nonfixated_points_in_view": [], "camera_rotation_original": [1.5707963705062866, -0.03237755969166756, -0.2562029957771301], "point_location": [2.9207348823547363, -0.5152132511138916, -0.5628843903541565], "skybox_img_path": "./img/high/13439_skybox4.jpg", "resolution": 512, "camera_distance": 0.6622679964868877, "view_id": 56, "point_pitch": -0.21628038485976653, "camera_rotation_from_original_to_final": [-0.1956399530172348, 0.05325553938746452, -0.4428826868534088], "camera_location": [2.505995512008667, -1.0140342712402344, -0.42958864569664], "point_normal": [-0.26315274834632874, 0.039460260421037674, 0.9639468193054199], "camera_rotation_final_quaternion": [0.7327372431755066, 0.5910355448722839, -0.2236989289522171, -0.25245174765586853], "skybox_img": 4, "point_uuid": "152", "field_of_view_rads": 1.2336953516850653, "camera_rotation_final": [1.368051528930664, -0.029413405805826187, -0.6875738501548767]}