{"camera_uuid": "16299", "obliqueness_angle": 0.3502715826034546, "nonfixated_points_in_view": [], "camera_rotation_original": [1.5707963705062866, 0.06693854182958603, 2.9490325450897217], "point_location": [6.403560161590576, -0.3128143846988678, -1.373155951499939], "skybox_img_path": "./img/high/16299_skybox4.jpg", "resolution": 512, "camera_distance": 0.7577734229247454, "view_id": 23, "point_pitch": -0.2791176279399057, "camera_rotation_from_original_to_final": [0.245431050658226, -0.04236704856157303, 0.47103258967399597], "camera_location": [6.198436260223389, 0.3923729360103607, -1.1864594221115112], "point_normal": [-0.4072767198085785, 0.9103356599807739, -0.07358577847480774], "camera_rotation_final_quaternion": [-0.08712045848369598, -0.10535448044538498, 0.6047419905662537, 0.7846002578735352], "skybox_img": 4, "point_uuid": "113", "field_of_view_rads": 1.5766701541034631, "camera_rotation_final": [1.3213999271392822, 0.05998748168349266, 3.4093921184539795]}