{"camera_uuid": "15188", "obliqueness_angle": 0.9700254201889038, "nonfixated_points_in_view": [], "camera_rotation_original": [1.5707963705062866, 0.15468785166740417, -0.2300548106431961], "point_location": [0.580907940864563, -0.050188999623060226, -1.4085019826889038], "skybox_img_path": "./img/high/15188_skybox4.jpg", "resolution": 512, "camera_distance": 0.781165146127063, "view_id": 1, "point_pitch": -0.7058049877497812, "camera_rotation_from_original_to_final": [-0.6619472503662109, 0.17765261232852936, 0.14919795095920563], "camera_location": [0.5784065127372742, -0.6572515964508057, -0.9168844819068909], "point_normal": [0.11274728178977966, 0.07453673332929611, 0.9908240437507629], "camera_rotation_final_quaternion": [0.8979580402374268, 0.42846688628196716, 0.04179444536566734, -0.09132736176252365], "skybox_img": 4, "point_uuid": "57", "field_of_view_rads": 1.6316217442386929, "camera_rotation_final": [0.880366325378418, 0.15392795205116272, -0.13010185956954956]}