{"camera_uuid": "6025", "obliqueness_angle": 1.396605372428894, "nonfixated_points_in_view": [97, 86], "camera_rotation_original": [1.5707963705062866, 0.06076933071017265, -0.828322172164917], "point_location": [0.3078916072845459, 2.7992374897003174, -1.4269014596939087], "skybox_img_path": "./img/high/6025_skybox4.jpg", "resolution": 512, "camera_distance": 0.38408862212442857, "view_id": 4, "point_pitch": -0.36807910998794036, "camera_rotation_from_original_to_final": [-0.2876925766468048, 0.2888959050178528, -0.6784170866012573], "camera_location": [-0.043236907571554184, 2.7624266147613525, -1.2756474018096924], "point_normal": [-0.2804282307624817, 0.9596080183982849, 0.022641496732831], "camera_rotation_final_quaternion": [0.6054843068122864, 0.41858163475990295, -0.3576164245605469, -0.5747075080871582], "skybox_img": 4, "point_uuid": "66", "field_of_view_rads": 1.7779022957772381, "camera_rotation_final": [1.1655387878417969, 0.04808026924729347, -1.4869577884674072]}