{"camera_uuid": "2900", "obliqueness_angle": 1.4254943132400513, "nonfixated_points_in_view": [32], "camera_rotation_original": [1.5707963705062866, -0.15045605599880219, 1.4398090839385986], "point_location": [0.32991182804107666, 2.4133899211883545, -1.3794349431991577], "skybox_img_path": "./img/high/2900_skybox4.jpg", "resolution": 512, "camera_distance": 0.5200455206882137, "view_id": 8, "point_pitch": -0.6069695194575448, "camera_rotation_from_original_to_final": [-0.0766744539141655, -0.5193662047386169, -0.5989188551902771], "camera_location": [0.6592934131622314, 2.1065731048583984, -1.1190149784088135], "point_normal": [0.7323230504989624, 0.6650322675704956, 0.14640741050243378], "camera_rotation_final_quaternion": [0.7663389444351196, 0.47170719504356384, 0.1646525114774704, 0.40386438369750977], "skybox_img": 4, "point_uuid": "151", "field_of_view_rads": 1.8083336999188173, "camera_rotation_final": [1.041460633277893, -0.12900978326797485, 0.8959746360778809]}