{"camera_uuid": "10158", "obliqueness_angle": 0.6422680616378784, "nonfixated_points_in_view": [105], "camera_rotation_original": [1.5707963705062866, -0.09564901143312454, -0.5508760213851929], "point_location": [2.6072916984558105, 0.47235140204429626, -1.3380800485610962], "skybox_img_path": "./img/high/10158_skybox4.jpg", "resolution": 512, "camera_distance": 0.8495625493968623, "view_id": 23, "point_pitch": -0.6367384632441659, "camera_rotation_from_original_to_final": [-0.5041146278381348, 0.2931356132030487, -0.7811776995658875], "camera_location": [1.9304451942443848, 0.25089094042778015, -0.8748407959938049], "point_normal": [-0.9810226559638977, -0.18625010550022125, -0.0539044626057148], "camera_rotation_final_quaternion": [0.7343081831932068, 0.37296774983406067, -0.297087699174881, -0.4831412136554718], "skybox_img": 4, "point_uuid": "87", "field_of_view_rads": 1.949514490688795, "camera_rotation_final": [0.992203950881958, -0.0759887844324112, -1.2050364017486572]}