{"camera_uuid": "12928", "obliqueness_angle": 0.8207122087478638, "nonfixated_points_in_view": [95], "camera_rotation_original": [-1.570796251296997, 3.05450701713562, 0.07936468720436096], "point_location": [0.9536174535751343, -0.7778398990631104, -1.5063177347183228], "skybox_img_path": "./img/high/12928_skybox4.jpg", "resolution": 512, "camera_distance": 0.749569812349863, "view_id": 19, "point_pitch": -0.7531825741145273, "camera_rotation_from_original_to_final": [0.7497469186782837, 0.030662713572382927, 0.08007875084877014], "camera_location": [0.8662242889404297, -0.23624078929424286, -0.9955459833145142], "point_normal": [-0.008941924199461937, -0.0010165447602048516, 0.9999595284461975], "camera_rotation_final_quaternion": [-0.018732842057943344, -0.055515188723802567, 0.39523184299468994, 0.9167109131813049], "skybox_img": 4, "point_uuid": "89", "field_of_view_rads": 1.5082571856068028, "camera_rotation_final": [-2.3240444660186768, 3.0545074939727783, 0.07860644161701202]}