{"camera_uuid": "15432", "obliqueness_angle": 0.8971575498580933, "nonfixated_points_in_view": [70], "camera_rotation_original": [1.5707963705062866, -0.14676174521446228, 2.485659599304199], "point_location": [6.095944881439209, -0.5426977872848511, -1.423715353012085], "skybox_img_path": "./img/high/15432_skybox4.jpg", "resolution": 512, "camera_distance": 0.8616037154950137, "view_id": 5, "point_pitch": -0.17523340781661467, "camera_rotation_from_original_to_final": [0.15881803631782532, -0.12031625956296921, 0.13867951929569244], "camera_location": [6.506592273712158, 0.19536390900611877, -1.2534371614456177], "point_normal": [-0.36893877387046814, 0.8434303998947144, 0.3905245363712311], "camera_rotation_final_quaternion": [0.13865956664085388, 0.2037920355796814, 0.5997117161750793, 0.761306881904602], "skybox_img": 4, "point_uuid": "20", "field_of_view_rads": 2.119048415795751, "camera_rotation_final": [1.3697340488433838, -0.14448723196983337, 2.6631977558135986]}