{"camera_uuid": "14595", "obliqueness_angle": 0.18582504987716675, "nonfixated_points_in_view": [34], "camera_rotation_original": [1.5707963705062866, -0.03802419826388359, -0.980781614780426], "point_location": [0.35382547974586487, -0.5060790181159973, -1.460171103477478], "skybox_img_path": "./img/high/14595_skybox4.jpg", "resolution": 512, "camera_distance": 0.4918860948803637, "view_id": 10, "point_pitch": -0.518466635546412, "camera_rotation_from_original_to_final": [-0.3010255992412567, 0.4125516712665558, -0.419378399848938], "camera_location": [-0.06487080454826355, -0.6055772304534912, -1.221958041191101], "point_normal": [-0.8047041893005371, -0.3797302544116974, 0.4563511312007904], "camera_rotation_final_quaternion": [0.6867289543151855, 0.39187702536582947, -0.3229394555091858, -0.5201402306556702], "skybox_img": 4, "point_uuid": "17", "field_of_view_rads": 1.957036885090066, "camera_rotation_final": [1.0648938417434692, -0.03588944301009178, -1.3176101446151733]}