{"camera_uuid": "7329", "obliqueness_angle": 1.5358374118804932, "nonfixated_points_in_view": [], "camera_rotation_original": [1.5707963705062866, 0.06286612898111343, -2.3717048168182373], "point_location": [4.301836967468262, 1.017685055732727, -0.9298179745674133], "skybox_img_path": "./img/high/7329_skybox4.jpg", "resolution": 512, "camera_distance": 0.6105464644142389, "view_id": 30, "point_pitch": 0.09453435341385408, "camera_rotation_from_original_to_final": [-0.05270292982459068, -0.04296477884054184, -0.44162026047706604], "camera_location": [4.105985641479492, 1.5944879055023193, -0.9711424112319946], "point_normal": [0.8843962550163269, 0.35868605971336365, 0.2986428737640381], "camera_rotation_final_quaternion": [0.0919850766658783, 0.13956338167190552, -0.7171919345855713, -0.6765327453613281], "skybox_img": 4, "point_uuid": "143", "field_of_view_rads": 1.3001655876812834, "camera_rotation_final": [1.6386425495147705, 0.05692722648382187, -2.810394763946533]}