{"camera_uuid": "8547", "obliqueness_angle": 1.2161147594451904, "nonfixated_points_in_view": [], "camera_rotation_original": [1.5707963705062866, 0.16353727877140045, 1.8578463792800903], "point_location": [1.6843894720077515, 1.1254421472549438, -1.4068831205368042], "skybox_img_path": "./img/high/8547_skybox4.jpg", "resolution": 512, "camera_distance": 0.701937606021174, "view_id": 13, "point_pitch": -0.44659750064345793, "camera_rotation_from_original_to_final": [0.1338070034980774, -0.4664488136768341, -0.22353987395763397], "camera_location": [2.3027617931365967, 1.1868464946746826, -1.080445408821106], "point_normal": [-0.13031253218650818, 0.011851518414914608, 0.9914022088050842], "camera_rotation_final_quaternion": [0.6287102103233337, 0.311659574508667, 0.4127252697944641, 0.580731987953186], "skybox_img": 4, "point_uuid": "111", "field_of_view_rads": 1.1399099232606629, "camera_rotation_final": [1.0804957151412964, 0.15763987600803375, 1.5861711502075195]}