{"camera_uuid": "13519", "obliqueness_angle": 1.1233551502227783, "nonfixated_points_in_view": [127], "camera_rotation_original": [1.5707963705062866, 0.09287954866886139, 0.927375853061676], "point_location": [0.2828949987888336, -0.2686469852924347, -1.422070026397705], "skybox_img_path": "./img/high/13519_skybox4.jpg", "resolution": 512, "camera_distance": 0.4838343071292362, "view_id": 11, "point_pitch": -0.31780068477126555, "camera_rotation_from_original_to_final": [-0.211721733212471, -0.2702053487300873, -0.2157108038663864], "camera_location": [0.5706478357315063, -0.6222201585769653, -1.259959101676941], "point_normal": [0.2531956732273102, 0.05679197609424591, 0.9657466411590576], "camera_rotation_final_quaternion": [0.781937837600708, 0.5335252285003662, 0.2186860293149948, 0.23685525357723236], "skybox_img": 4, "point_uuid": "105", "field_of_view_rads": 0.7352830670651015, "camera_rotation_final": [1.2277077436447144, 0.08938019722700119, 0.651249885559082]}