{"camera_uuid": "13260", "obliqueness_angle": 0.7242190837860107, "nonfixated_points_in_view": [], "camera_rotation_original": [1.5707963705062866, 0.10324743390083313, 0.237476646900177], "point_location": [1.7417666912078857, -0.21807560324668884, -1.426782488822937], "skybox_img_path": "./img/high/13260_skybox4.jpg", "resolution": 512, "camera_distance": 0.7649517334759951, "view_id": 4, "point_pitch": -0.6060549457881113, "camera_rotation_from_original_to_final": [-0.6488646864891052, -0.14156123995780945, -0.4930090606212616], "camera_location": [1.5625038146972656, -0.7942325472831726, -0.9566132426261902], "point_normal": [0.059019673615694046, -0.998093843460083, 0.018043018877506256], "camera_rotation_final_quaternion": [0.8797449469566345, 0.4368942081928253, -0.04247278720140457, -0.1826699823141098], "skybox_img": 4, "point_uuid": "171", "field_of_view_rads": 2.119048415795751, "camera_rotation_final": [0.9060424566268921, 0.08498673886060715, -0.36807161569595337]}