{"camera_uuid": "14135", "obliqueness_angle": 1.1839792728424072, "nonfixated_points_in_view": [], "camera_rotation_original": [1.5707963705062866, 0.13791847229003906, 0.8075681924819946], "point_location": [5.518570899963379, 1.8022818565368652, -0.9034366607666016], "skybox_img_path": "./img/high/14135_skybox4.jpg", "resolution": 512, "camera_distance": 0.8180768565502817, "view_id": 50, "point_pitch": -0.7047831257197519, "camera_rotation_from_original_to_final": [-0.5715320706367493, -0.4741308093070984, 0.04353755712509155], "camera_location": [5.925185680389404, 1.343916416168213, -0.3613893389701843], "point_normal": [-0.3810344636440277, 0.07813670486211777, 0.9212532639503479], "camera_rotation_final_quaternion": [0.8781371712684631, 0.36926597356796265, 0.17985841631889343, 0.2452930212020874], "skybox_img": 4, "point_uuid": "103", "field_of_view_rads": 1.7804764599127723, "camera_rotation_final": [0.8383595943450928, 0.13513490557670593, 0.6050690412521362]}