{"camera_uuid": "11060", "obliqueness_angle": 1.1442071199417114, "nonfixated_points_in_view": [], "camera_rotation_original": [1.5707963705062866, 0.1465470939874649, -0.8784402012825012], "point_location": [3.4670467376708984, 1.0758438110351562, -0.6993377804756165], "skybox_img_path": "./img/high/11060_skybox4.jpg", "resolution": 512, "camera_distance": 0.7247309248634695, "view_id": 6, "point_pitch": -0.16411392291518645, "camera_rotation_from_original_to_final": [-0.07200959324836731, 0.05606738105416298, 0.5433794856071472], "camera_location": [3.2304630279541016, 0.39385882019996643, -0.634843647480011], "point_normal": [-0.728654682636261, -0.24732623994350433, -0.6386642456054688], "camera_rotation_final_quaternion": [0.7183952331542969, 0.6713003516197205, -0.06971804797649384, -0.1685335636138916], "skybox_img": 4, "point_uuid": "78", "field_of_view_rads": 1.48952952790217, "camera_rotation_final": [1.480968952178955, 0.1264396756887436, -0.34527209401130676]}