{"camera_uuid": "3794", "obliqueness_angle": 1.4017066955566406, "nonfixated_points_in_view": [], "camera_rotation_original": [1.5707963705062866, 0.0029772287234663963, -1.0743680000305176], "point_location": [3.4955337047576904, 2.483621597290039, -0.9530870914459229], "skybox_img_path": "./img/high/3794_skybox4.jpg", "resolution": 512, "camera_distance": 0.9263146489506259, "view_id": 2, "point_pitch": 0.10743434826401277, "camera_rotation_from_original_to_final": [0.05164680629968643, -0.0964118167757988, 0.6892975568771362], "camera_location": [3.1518239974975586, 1.629393219947815, -1.0541630983352661], "point_normal": [-0.05499757453799248, -0.04231813922524452, -0.9975893497467041], "camera_rotation_final_quaternion": [0.6550962328910828, 0.7312688231468201, -0.14072681963443756, -0.12763532996177673], "skybox_img": 4, "point_uuid": "46", "field_of_view_rads": 1.0910236528484336, "camera_rotation_final": [1.6801306009292603, 0.002292258432134986, -0.38228994607925415]}