{"camera_uuid": "6182", "obliqueness_angle": 1.2751291990280151, "nonfixated_points_in_view": [], "camera_rotation_original": [1.5707963705062866, -0.06262140721082687, 1.9752200841903687], "point_location": [0.9227169156074524, 0.6807072758674622, -1.4383314847946167], "skybox_img_path": "./img/high/6182_skybox4.jpg", "resolution": 512, "camera_distance": 0.9262314036017327, "view_id": 14, "point_pitch": -0.6542307575556894, "camera_rotation_from_original_to_final": [0.31665000319480896, -0.6231607794761658, 0.4726347029209137], "camera_location": [1.3217355012893677, 1.2737054824829102, -0.8492288589477539], "point_normal": [0.9748377203941345, -0.22190459072589874, 0.021208828315138817], "camera_rotation_final_quaternion": [0.2351449877023697, 0.13794782757759094, 0.4036828875541687, 0.873336911201477], "skybox_img": 4, "point_uuid": "59", "field_of_view_rads": 1.274054123740192, "camera_rotation_final": [0.8803865909576416, -0.05112411454319954, 2.591485023498535]}