{"camera_uuid": "6121", "obliqueness_angle": 1.0339787006378174, "nonfixated_points_in_view": [], "camera_rotation_original": [1.5707963705062866, 0.09067508578300476, 1.4675827026367188], "point_location": [-0.34234288334846497, 0.8369564414024353, -0.7921566963195801], "skybox_img_path": "./img/high/6121_skybox4.jpg", "resolution": 512, "camera_distance": 0.9897925672267419, "view_id": 17, "point_pitch": -0.5013319691035409, "camera_rotation_from_original_to_final": [-0.06058230251073837, -0.47173163294792175, 0.3271959125995636], "camera_location": [0.5181857347488403, 1.021520733833313, -0.33925947546958923], "point_normal": [0.04777548089623451, 0.07583989202976227, 0.9959748387336731], "camera_rotation_final_quaternion": [0.5686212778091431, 0.30706292390823364, 0.42062869668006897, 0.6367524862289429], "skybox_img": 4, "point_uuid": "121", "field_of_view_rads": 1.0039714359666843, "camera_rotation_final": [1.093564748764038, 0.08742202073335648, 1.7369558811187744]}