{"camera_uuid": "11268", "obliqueness_angle": 1.2848806381225586, "nonfixated_points_in_view": [], "camera_rotation_original": [1.5707963705062866, -0.06733205914497375, 0.04694179818034172], "point_location": [1.9191844463348389, 0.03978348895907402, -1.4310652017593384], "skybox_img_path": "./img/high/11268_skybox4.jpg", "resolution": 512, "camera_distance": 0.61650406595606, "view_id": 17, "point_pitch": -0.24048559268447356, "camera_rotation_from_original_to_final": [-0.2673291563987732, -0.008944353088736534, 0.40461432933807373], "camera_location": [2.1782562732696533, -0.49539312720298767, -1.2681387662887573], "point_normal": [-0.03025132790207863, -0.0354352742433548, 0.9989140033721924], "camera_rotation_final_quaternion": [0.7688993811607361, 0.5951921939849854, 0.11665743589401245, 0.20231422781944275], "skybox_img": 4, "point_uuid": "175", "field_of_view_rads": 1.1203805951522874, "camera_rotation_final": [1.3028260469436646, -0.061474770307540894, 0.467703253030777]}