{"camera_uuid": "9345", "obliqueness_angle": 0.8491525650024414, "nonfixated_points_in_view": [], "camera_rotation_original": [1.5707963705062866, -0.059696219861507416, -1.5917454957962036], "point_location": [5.615777015686035, 2.4743409156799316, -1.4249221086502075], "skybox_img_path": "./img/high/9345_skybox4.jpg", "resolution": 512, "camera_distance": 0.4534546212264039, "view_id": 15, "point_pitch": -0.5301913460108896, "camera_rotation_from_original_to_final": [0.009787986055016518, 0.555856466293335, 0.43294987082481384], "camera_location": [5.262267112731934, 2.32141375541687, -1.1856207847595215], "point_normal": [-0.9627537131309509, -0.11571325361728668, -0.2443682849407196], "camera_rotation_final_quaternion": [0.7451955080032349, 0.3975401818752289, -0.279458612203598, -0.45667096972465515], "skybox_img": 4, "point_uuid": "125", "field_of_view_rads": 0.7376648996792496, "camera_rotation_final": [1.0139827728271484, -0.053437910974025726, -1.1292710304260254]}