{"camera_uuid": "2172", "obliqueness_angle": 1.5004522800445557, "nonfixated_points_in_view": [], "camera_rotation_original": [1.5707963705062866, 0.06259004771709442, -2.7732455730438232], "point_location": [3.4670467376708984, 1.0758438110351562, -0.6993377804756165], "skybox_img_path": "./img/high/2172_skybox4.jpg", "resolution": 512, "camera_distance": 0.9985547010192465, "view_id": 30, "point_pitch": -0.13330714305373625, "camera_rotation_from_original_to_final": [0.11545967310667038, 0.04466528818011284, 0.1596478819847107], "camera_location": [2.970043659210205, 1.9331095218658447, -0.5760701894760132], "point_normal": [-0.714185893535614, -0.237505242228508, -0.6584298610687256], "camera_rotation_final_quaternion": [0.17196908593177795, 0.19177155196666718, -0.6336407661437988, -0.7294859290122986], "skybox_img": 4, "point_uuid": "78", "field_of_view_rads": 1.1498058012590282, "camera_rotation_final": [1.4467958211898804, 0.061895571649074554, -2.6239025592803955]}