{"camera_uuid": "10648", "obliqueness_angle": 0.7151799201965332, "nonfixated_points_in_view": [65, 127], "camera_rotation_original": [1.5707963705062866, 0.00686761224642396, 2.038001298904419], "point_location": [0.14699065685272217, -0.1122998520731926, -1.4476916790008545], "skybox_img_path": "./img/high/10648_skybox4.jpg", "resolution": 512, "camera_distance": 0.6688281102777013, "view_id": 1, "point_pitch": -0.604516669115748, "camera_rotation_from_original_to_final": [0.30468517541885376, -0.5357869863510132, -0.7793368697166443], "camera_location": [0.6814028024673462, -0.2363240122795105, -1.0651309490203857], "point_normal": [0.33598119020462036, 0.20910274982452393, 0.9183641672134399], "camera_rotation_final_quaternion": [0.695911169052124, 0.3612821698188782, 0.2889323830604553, 0.5492730736732483], "skybox_img": 4, "point_uuid": "178", "field_of_view_rads": 2.081073338083007, "camera_rotation_final": [0.9618610143661499, 0.005257467273622751, 1.3390910625457764]}