{"camera_uuid": "12245", "obliqueness_angle": 0.8777205944061279, "nonfixated_points_in_view": [92], "camera_rotation_original": [-1.570796251296997, -3.010545492172241, 0.12542644143104553], "point_location": [5.577847957611084, 0.5073602795600891, -0.8285789489746094], "skybox_img_path": "./img/high/12245_skybox4.jpg", "resolution": 512, "camera_distance": 0.6494273829707388, "view_id": 10, "point_pitch": -0.7051305015895029, "camera_rotation_from_original_to_final": [0.720809817314148, 0.11326765269041061, 0.17014849185943604], "camera_location": [5.463696479797363, 0.9789040088653564, -0.39687085151672363], "point_normal": [0.047805894166231155, -0.0227388683706522, 0.9985978007316589], "camera_rotation_final_quaternion": [0.18521648645401, 0.013540673069655895, -0.4091951847076416, -0.8933480978012085], "skybox_img": 4, "point_uuid": "11", "field_of_view_rads": 1.957036885090066, "camera_rotation_final": [-2.305290699005127, -3.013859272003174, 0.3520430624485016]}