{"camera_uuid": "16033", "obliqueness_angle": 0.9296876788139343, "nonfixated_points_in_view": [], "camera_rotation_original": [1.5707963705062866, 0.14453601837158203, 0.4071063995361328], "point_location": [6.481565952301025, 0.8570258617401123, -1.4156475067138672], "skybox_img_path": "./img/high/16033_skybox4.jpg", "resolution": 512, "camera_distance": 0.6169536500652968, "view_id": 8, "point_pitch": -0.6038443287226816, "camera_rotation_from_original_to_final": [-0.6078662872314453, -0.21807563304901123, -0.14668719470500946], "camera_location": [6.580282211303711, 0.37234535813331604, -1.0469040870666504], "point_normal": [-0.010680751875042915, -0.002730970038101077, 0.9999393224716187], "camera_rotation_final_quaternion": [0.8936869502067566, 0.4407270848751068, 0.08317196369171143, 0.012872559018433094], "skybox_img": 4, "point_uuid": "134", "field_of_view_rads": 0.9322372163182677, "camera_rotation_final": [0.9230387806892395, 0.13774803280830383, 0.09739535301923752]}