{"camera_uuid": "5819", "obliqueness_angle": 0.8996897339820862, "nonfixated_points_in_view": [], "camera_rotation_original": [1.5707963705062866, -0.04158215597271919, 0.576999306678772], "point_location": [-0.4054321348667145, 1.2653040885925293, -0.6841932535171509], "skybox_img_path": "./img/high/5819_skybox4.jpg", "resolution": 512, "camera_distance": 0.6053959971987175, "view_id": 14, "point_pitch": -0.604906483492579, "camera_rotation_from_original_to_final": [-0.5519930124282837, -0.3259795606136322, 0.8013895750045776], "camera_location": [0.06328551471233368, 1.1282678842544556, -0.3263816237449646], "point_normal": [0.040700461715459824, 0.0009101604809984565, 0.9991709589958191], "camera_rotation_final_quaternion": [0.7033172845840454, 0.36697834730148315, 0.2642124593257904, 0.5485102534294128], "skybox_img": 4, "point_uuid": "104", "field_of_view_rads": 1.274054123740192, "camera_rotation_final": [0.9381012916564941, -0.030937325209379196, 1.3090369701385498]}