{"camera_uuid": "8260", "obliqueness_angle": 0.9130356311798096, "nonfixated_points_in_view": [64, 120], "camera_rotation_original": [1.5707963705062866, -0.08698352426290512, 0.7725796103477478], "point_location": [-0.34234288334846497, 0.8369564414024353, -0.7921566963195801], "skybox_img_path": "./img/high/8260_skybox4.jpg", "resolution": 512, "camera_distance": 0.6454596220140737, "view_id": 42, "point_pitch": -0.615653200945582, "camera_rotation_from_original_to_final": [-0.4910625219345093, -0.443512886762619, 0.4829871356487274], "camera_location": [0.12450923770666122, 0.6215307712554932, -0.40195292234420776], "point_normal": [0.04777548089623451, 0.07583989202976227, 0.9959748387336731], "camera_rotation_final_quaternion": [0.7295064926147461, 0.38601115345954895, 0.22074249386787415, 0.519700288772583], "skybox_img": 4, "point_uuid": "121", "field_of_view_rads": 1.5082571856068028, "camera_rotation_final": [0.9192218780517578, -0.07923690974712372, 1.1987642049789429]}