{"camera_uuid": "12271", "obliqueness_angle": 0.7044088840484619, "nonfixated_points_in_view": [], "camera_rotation_original": [1.5707963705062866, 0.08844870328903198, 2.828540802001953], "point_location": [2.624671697616577, -0.7024632096290588, -0.5636605024337769], "skybox_img_path": "./img/high/12271_skybox4.jpg", "resolution": 512, "camera_distance": 0.7540708680860413, "view_id": 16, "point_pitch": -0.5829817493769784, "camera_rotation_from_original_to_final": [0.5188527703285217, -0.16263335943222046, 0.4680028557777405], "camera_location": [2.496744155883789, -0.069062240421772, -0.1749953329563141], "point_normal": [-0.34883588552474976, 0.9258549809455872, -0.14528000354766846], "camera_rotation_final_quaternion": [-0.04651809483766556, -0.07152383774518967, 0.48700425028800964, 0.8692222237586975], "skybox_img": 4, "point_uuid": "60", "field_of_view_rads": 1.6924921945557647, "camera_rotation_final": [1.0274075269699097, 0.07911370694637299, 3.2931787967681885]}