{"camera_uuid": "5161", "obliqueness_angle": 1.0467727184295654, "nonfixated_points_in_view": [64, 120, 77], "camera_rotation_original": [1.5707963705062866, -0.1453293114900589, 2.2590882778167725], "point_location": [-0.41806191205978394, 1.0600788593292236, -0.7348538041114807], "skybox_img_path": "./img/high/5161_skybox4.jpg", "resolution": 512, "camera_distance": 0.895558284056888, "view_id": 2, "point_pitch": -0.327934785685267, "camera_rotation_from_original_to_final": [0.20160061120986938, -0.230505108833313, -0.20429910719394684], "camera_location": [0.3289015293121338, 1.474507212638855, -0.46593111753463745], "point_normal": [0.7643018960952759, 0.11539070308208466, -0.6344507336616516], "camera_rotation_final_quaternion": [0.35551685094833374, 0.33770033717155457, 0.4856089949607849, 0.7237058877944946], "skybox_img": 4, "point_uuid": "136", "field_of_view_rads": 1.6816280418618088, "camera_rotation_final": [1.2625107765197754, -0.14400425553321838, 2.1229970455169678]}