{"camera_uuid": "10066", "obliqueness_angle": 0.8259568810462952, "nonfixated_points_in_view": [65], "camera_rotation_original": [1.5707963705062866, 0.01834454946219921, 3.1096301078796387], "point_location": [0.580907940864563, -0.050188999623060226, -1.4085019826889038], "skybox_img_path": "./img/high/10066_skybox4.jpg", "resolution": 512, "camera_distance": 0.5824191349868233, "view_id": 34, "point_pitch": -0.6264583309504648, "camera_rotation_from_original_to_final": [0.6330658197402954, -0.021080490201711655, -0.3875042200088501], "camera_location": [0.7687601447105408, 0.3800417184829712, -1.0637917518615723], "point_normal": [0.11274728178977966, 0.07453673332929611, 0.9908240437507629], "camera_rotation_final_quaternion": [0.19151975214481354, 0.0876762866973877, 0.44315147399902344, 0.8713494539260864], "skybox_img": 4, "point_uuid": "57", "field_of_view_rads": 1.6403442297244761, "camera_rotation_final": [0.9373272061347961, 0.016951952129602432, 2.7174625396728516]}