{"camera_uuid": "16120", "obliqueness_angle": 1.0421432256698608, "nonfixated_points_in_view": [], "camera_rotation_original": [1.5707963705062866, -0.1512942910194397, -1.8406399488449097], "point_location": [6.496413230895996, -0.9186689257621765, -1.3843356370925903], "skybox_img_path": "./img/high/16120_skybox4.jpg", "resolution": 512, "camera_distance": 0.4695291441364002, "view_id": 18, "point_pitch": -0.5972761352870126, "camera_rotation_from_original_to_final": [0.15068483352661133, 0.49598008394241333, -0.563426673412323], "camera_location": [6.233577251434326, -0.6062526106834412, -1.1524500846862793], "point_normal": [-0.002619897248223424, 0.013651745393872261, 0.9999033808708191], "camera_rotation_final_quaternion": [0.35645726323127747, 0.13625726103782654, -0.48425182700157166, -0.7873197197914124], "skybox_img": 4, "point_uuid": "21", "field_of_view_rads": 1.9554518605800617, "camera_rotation_final": [1.0493444204330444, -0.13104888796806335, -2.3672404289245605]}