{"camera_uuid": "2828", "obliqueness_angle": 0.7653908133506775, "nonfixated_points_in_view": [], "camera_rotation_original": [1.5707963705062866, 0.13554424047470093, 1.0731956958770752], "point_location": [1.5920188426971436, 2.1285598278045654, -1.4049173593521118], "skybox_img_path": "./img/high/2828_skybox4.jpg", "resolution": 512, "camera_distance": 0.9233817298301021, "view_id": 15, "point_pitch": -0.45789210399123625, "camera_rotation_from_original_to_final": [-0.2482376992702484, -0.3980907201766968, 0.0252618957310915], "camera_location": [2.3085596561431885, 1.7192914485931396, -0.9905473589897156], "point_normal": [0.3241092562675476, -0.10795459151268005, 0.9398399591445923], "camera_rotation_final_quaternion": [0.7662521004676819, 0.4328502118587494, 0.29709339141845703, 0.3704510033130646], "skybox_img": 4, "point_uuid": "107", "field_of_view_rads": 0.9239011772765595, "camera_rotation_final": [1.1008107662200928, 0.13500703871250153, 0.9835813045501709]}