{"camera_uuid": "10441", "obliqueness_angle": 1.255919337272644, "nonfixated_points_in_view": [34, 118, 127], "camera_rotation_original": [1.5707963705062866, 0.017062146216630936, 2.8111572265625], "point_location": [0.2828949987888336, -0.2686469852924347, -1.422070026397705], "skybox_img_path": "./img/high/10441_skybox4.jpg", "resolution": 512, "camera_distance": 0.6849961473276569, "view_id": 27, "point_pitch": -0.21121685107680754, "camera_rotation_from_original_to_final": [0.1983008086681366, -0.0677686259150505, 0.10073604434728622], "camera_location": [0.43102794885635376, 0.38480356335639954, -1.2796666622161865], "point_normal": [0.2531956732273102, 0.05679197609424591, 0.9657466411590576], "camera_rotation_final_quaternion": [0.09313904494047165, 0.0645734965801239, 0.6260076761245728, 0.7715372443199158], "skybox_img": 4, "point_uuid": "105", "field_of_view_rads": 1.949514490688795, "camera_rotation_final": [1.361349105834961, 0.01697060652077198, 2.91506028175354]}