{"camera_uuid": "11290", "obliqueness_angle": 0.9526220560073853, "nonfixated_points_in_view": [93], "camera_rotation_original": [1.5707963705062866, 0.06447838246822357, 0.9165424108505249], "point_location": [4.528530120849609, 1.0438001155853271, -1.4141380786895752], "skybox_img_path": "./img/high/11290_skybox4.jpg", "resolution": 512, "camera_distance": 0.8673948521198324, "view_id": 37, "point_pitch": -0.6074437340113779, "camera_rotation_from_original_to_final": [-0.42761528491973877, -0.48974350094795227, -0.3748098611831665], "camera_location": [4.822064399719238, 0.4121500551700592, -0.8971955180168152], "point_normal": [0.012244894169270992, 0.0278637632727623, 0.9995367527008057], "camera_rotation_final_quaternion": [0.8784318566322327, 0.43522909283638, 0.11220476776361465, 0.1623060256242752], "skybox_img": 4, "point_uuid": "140", "field_of_view_rads": 1.3001655876812834, "camera_rotation_final": [0.9311608076095581, 0.0558769516646862, 0.39349377155303955]}