{"camera_uuid": "9798", "obliqueness_angle": 1.2963078022003174, "nonfixated_points_in_view": [], "camera_rotation_original": [1.5707963705062866, 0.046289123594760895, -0.643700361251831], "point_location": [-0.4054321348667145, 1.2653040885925293, -0.6841932535171509], "skybox_img_path": "./img/high/9798_skybox4.jpg", "resolution": 512, "camera_distance": 0.6366596867367423, "view_id": 13, "point_pitch": -0.30263630946608977, "camera_rotation_from_original_to_final": [-0.23376715183258057, 0.1721859723329544, 0.2764437794685364], "camera_location": [-0.6129292845726013, 0.6914834976196289, -0.5025055408477783], "point_normal": [0.040700461715459824, 0.0009101604809984565, 0.9991709589958191], "camera_rotation_final_quaternion": [0.7862234115600586, 0.5910164713859558, -0.08950567990541458, -0.15665589272975922], "skybox_img": 4, "point_uuid": "104", "field_of_view_rads": 0.6651429173367224, "camera_rotation_final": [1.2811026573181152, 0.044444117695093155, -0.3602196276187897]}