{"camera_uuid": "5727", "obliqueness_angle": 1.3632258176803589, "nonfixated_points_in_view": [], "camera_rotation_original": [1.5707963705062866, -0.11093509942293167, -3.027763843536377], "point_location": [-0.34234288334846497, 0.8369564414024353, -0.7921566963195801], "skybox_img_path": "./img/high/5727_skybox4.jpg", "resolution": 512, "camera_distance": 0.5766961993291745, "view_id": 37, "point_pitch": -0.17897920211287932, "camera_rotation_from_original_to_final": [0.11935395747423172, -0.0034721936099231243, -0.5877286791801453], "camera_location": [-0.08161889761686325, 1.3468369245529175, -0.7241611480712891], "point_normal": [0.04777548089623451, 0.07583989202976227, 0.9959748387336731], "camera_rotation_final_quaternion": [-0.1407710313796997, -0.1856120526790619, -0.6376485228538513, -0.7342588305473328], "skybox_img": 4, "point_uuid": "121", "field_of_view_rads": 1.3001655876812834, "camera_rotation_final": [1.4520989656448364, -0.09318450838327408, -3.603177309036255]}