{"camera_uuid": "1910", "obliqueness_angle": 0.8381873369216919, "nonfixated_points_in_view": [], "camera_rotation_original": [1.5707963705062866, -0.004634709097445011, 2.145059108734131], "point_location": [0.32991182804107666, 2.4133899211883545, -1.3794349431991577], "skybox_img_path": "./img/high/1910_skybox4.jpg", "resolution": 512, "camera_distance": 0.832384679170041, "view_id": 10, "point_pitch": -0.6214076717707773, "camera_rotation_from_original_to_final": [0.3691578209400177, -0.5086309909820557, -0.6942758560180664], "camera_location": [1.0077686309814453, 2.3977630138397217, -0.8965993523597717], "point_normal": [0.7323230504989624, 0.6650322675704956, 0.14640741050243378], "camera_rotation_final_quaternion": [0.6342383623123169, 0.3284791111946106, 0.3194839358329773, 0.6227144002914429], "skybox_img": 4, "point_uuid": "151", "field_of_view_rads": 0.7376648996792496, "camera_rotation_final": [0.9519850611686707, -0.0038394182920455933, 1.5504812002182007]}