{"camera_uuid": "7831", "obliqueness_angle": 1.171215534210205, "nonfixated_points_in_view": [34, 118], "camera_rotation_original": [1.5707963705062866, -0.07610948383808136, 2.0102031230926514], "point_location": [0.2828949987888336, -0.2686469852924347, -1.422070026397705], "skybox_img_path": "./img/high/7831_skybox4.jpg", "resolution": 512, "camera_distance": 0.9544431803006388, "view_id": 34, "point_pitch": -0.27229683001967864, "camera_rotation_from_original_to_final": [0.12919053435325623, -0.27643701434135437, 0.40644943714141846], "camera_location": [0.8738793134689331, 0.42407354712486267, -1.1359974145889282], "point_normal": [0.3668515384197235, -0.15571540594100952, 0.9171546697616577], "camera_rotation_final_quaternion": [0.2514146566390991, 0.22449897229671478, 0.5474821925163269, 0.7659335136413574], "skybox_img": 4, "point_uuid": "105", "field_of_view_rads": 1.6403442297244761, "camera_rotation_final": [1.2656476497650146, -0.06866644322872162, 2.456890106201172]}