{"camera_uuid": "10260", "obliqueness_angle": 1.1763681173324585, "nonfixated_points_in_view": [65, 118], "camera_rotation_original": [1.5707963705062866, -0.1570802628993988, -2.9674477577209473], "point_location": [-0.11395721882581711, -0.04560520127415657, -1.4123445749282837], "skybox_img_path": "./img/high/10260_skybox4.jpg", "resolution": 512, "camera_distance": 0.6162157217223923, "view_id": 32, "point_pitch": -0.46245638926955657, "camera_rotation_from_original_to_final": [0.40523868799209595, 0.07585085183382034, -0.34506168961524963], "camera_location": [-0.0084231523796916, 0.5091390013694763, -1.1656802892684937], "point_normal": [0.004181658383458853, -0.01849798485636711, 0.9998201131820679], "camera_rotation_final_quaternion": [-0.009955908171832561, -0.09592999517917633, -0.5391225218772888, -0.8366870284080505], "skybox_img": 4, "point_uuid": "192", "field_of_view_rads": 1.82720328702949, "camera_rotation_final": [1.1539745330810547, -0.15035775303840637, -3.263359785079956]}