{"camera_uuid": "6581", "obliqueness_angle": 1.3619604110717773, "nonfixated_points_in_view": [], "camera_rotation_original": [1.5707963705062866, -0.0026295215357095003, -0.272666335105896], "point_location": [0.48665541410446167, 2.050424337387085, -1.4244725704193115], "skybox_img_path": "./img/high/6581_skybox4.jpg", "resolution": 512, "camera_distance": 0.9376975944028842, "view_id": 42, "point_pitch": -0.21992699702712493, "camera_rotation_from_original_to_final": [-0.2129620909690857, 0.05916361138224602, 0.37550288438796997], "camera_location": [0.5863437652587891, 1.140960931777954, -1.2190089225769043], "point_normal": [-0.7788903117179871, -0.1622719019651413, 0.6058033108711243], "camera_rotation_final_quaternion": [0.7795248031616211, 0.6239653825759888, 0.033312682062387466, 0.04357270896434784], "skybox_img": 4, "point_uuid": "167", "field_of_view_rads": 1.689463874588242, "camera_rotation_final": [1.3498883247375488, -0.0024395992513746023, 0.10972429811954498]}