{"camera_uuid": "6943", "obliqueness_angle": 1.0037555694580078, "nonfixated_points_in_view": [0], "camera_rotation_original": [1.5707963705062866, 0.16642795503139496, 0.6864535808563232], "point_location": [0.7851385474205017, 1.2789015769958496, -1.4171496629714966], "skybox_img_path": "./img/high/6943_skybox4.jpg", "resolution": 512, "camera_distance": 0.8348449180262151, "view_id": 23, "point_pitch": -0.5326799591395517, "camera_rotation_from_original_to_final": [-0.4643617570400238, -0.3250851333141327, -0.04069419577717781], "camera_location": [1.1703523397445679, 0.6853673458099365, -0.9740994572639465], "point_normal": [0.04163115471601486, 0.017202280461788177, 0.9989850521087646], "camera_rotation_final_quaternion": [0.8588187098503113, 0.4491310119628906, 0.18147332966327667, 0.166671022772789], "skybox_img": 4, "point_uuid": "187", "field_of_view_rads": 0.9791046545667723, "camera_rotation_final": [1.0029700994491577, 0.1627080738544464, 0.47271424531936646]}