{"camera_uuid": "12007", "obliqueness_angle": 1.030393362045288, "nonfixated_points_in_view": [72, 92], "camera_rotation_original": [1.5707963705062866, 0.0007333785761147738, -1.2669705152511597], "point_location": [4.896637916564941, 0.275483638048172, -1.4008036851882935], "skybox_img_path": "./img/high/12007_skybox4.jpg", "resolution": 512, "camera_distance": 0.3288443583305932, "view_id": 8, "point_pitch": -0.30399171908828215, "camera_rotation_from_original_to_final": [-0.09373340755701065, 0.28995516896247864, -0.4809977114200592], "camera_location": [4.587087154388428, 0.32654595375061035, -1.3022664785385132], "point_normal": [-0.7319196462631226, 0.15615351498126984, -0.6632569432258606], "camera_rotation_final_quaternion": [0.5213541388511658, 0.38302746415138245, -0.45107266306877136, -0.6148278117179871], "skybox_img": 4, "point_uuid": "93", "field_of_view_rads": 1.6816280418618088, "camera_rotation_final": [1.2664737701416016, 0.0006546618533320725, -1.7344859838485718]}