{"camera_uuid": "12615", "obliqueness_angle": 1.0290626287460327, "nonfixated_points_in_view": [23], "camera_rotation_original": [1.5707963705062866, 0.026484793052077293, -3.073909044265747], "point_location": [5.022676944732666, -0.4345104992389679, -1.360304355621338], "skybox_img_path": "./img/high/12615_skybox4.jpg", "resolution": 512, "camera_distance": 0.7345957341875502, "view_id": 10, "point_pitch": -0.48357026179763274, "camera_rotation_from_original_to_final": [0.4805358350276947, 0.02839183621108532, 0.09895633161067963], "camera_location": [4.918621063232422, 0.20826321840286255, -1.020237922668457], "point_normal": [0.020464561879634857, 0.0647537112236023, 0.9976915121078491], "camera_rotation_final_quaternion": [0.05585404485464096, 0.04922794923186302, -0.5158600807189941, -0.8534315228462219], "skybox_img": 4, "point_uuid": "62", "field_of_view_rads": 1.957036885090066, "camera_rotation_final": [1.0893163681030273, 0.02640269324183464, -2.994891405105591]}