{"camera_uuid": "13436", "obliqueness_angle": 0.9454042315483093, "nonfixated_points_in_view": [], "camera_rotation_original": [1.5707963705062866, 0.02981938049197197, 3.0336296558380127], "point_location": [6.080295085906982, 1.5599316358566284, -1.4123303890228271], "skybox_img_path": "./img/high/13436_skybox4.jpg", "resolution": 512, "camera_distance": 0.8738490095784799, "view_id": 6, "point_pitch": -0.48769442637893157, "camera_rotation_from_original_to_final": [0.4985964596271515, -0.05217590555548668, -0.47207117080688477], "camera_location": [6.491703987121582, 2.2065680027008057, -0.9925492405891418], "point_normal": [0.9878883361816406, 0.1546885371208191, 0.012175889685750008], "camera_rotation_final_quaternion": [0.25297433137893677, 0.13506443798542023, 0.49149441719055176, 0.8223106861114502], "skybox_img": 4, "point_uuid": "94", "field_of_view_rads": 0.9476384761560841, "camera_rotation_final": [1.0695134401321411, 0.02654419280588627, 2.5604166984558105]}