{"camera_uuid": "5875", "obliqueness_angle": 1.2177562713623047, "nonfixated_points_in_view": [], "camera_rotation_original": [1.5707963705062866, -0.11817764490842819, -0.4774673879146576], "point_location": [1.5920188426971436, 2.1285598278045654, -1.4049173593521118], "skybox_img_path": "./img/high/5875_skybox4.jpg", "resolution": 512, "camera_distance": 0.8985630652545362, "view_id": 44, "point_pitch": -0.34826938708754973, "camera_rotation_from_original_to_final": [-0.33504167199134827, 0.1625843048095703, 0.14516068994998932], "camera_location": [1.3398845195770264, 1.3299956321716309, -1.0791274309158325], "point_normal": [0.3241092562675476, -0.10795459151268005, 0.9398399591445923], "camera_rotation_final_quaternion": [0.8219869136810303, 0.5515674948692322, -0.12037235498428345, -0.07497568428516388], "skybox_img": 4, "point_uuid": "107", "field_of_view_rads": 2.173302890718354, "camera_rotation_final": [1.197166919708252, -0.11543690413236618, -0.2607036828994751]}