{"camera_uuid": "9903", "obliqueness_angle": 0.7586278915405273, "nonfixated_points_in_view": [], "camera_rotation_original": [1.5707963705062866, -0.1170516163110733, -2.6514241695404053], "point_location": [0.580907940864563, -0.050188999623060226, -1.4085019826889038], "skybox_img_path": "./img/high/9903_skybox4.jpg", "resolution": 512, "camera_distance": 0.4247205541321333, "view_id": 70, "point_pitch": -0.46492306788894133, "camera_rotation_from_original_to_final": [0.47800177335739136, 0.2355434149503708, 0.6060615181922913], "camera_location": [0.2646464407444, 0.13542823493480682, -1.194230079650879], "point_normal": [-0.16356271505355835, 0.2954562306404114, 0.941250741481781], "camera_rotation_final_quaternion": [0.4722921550273895, 0.22285136580467224, -0.44506949186325073, -0.7274548411369324], "skybox_img": 4, "point_uuid": "57", "field_of_view_rads": 1.188507872007912, "camera_rotation_final": [1.0392690896987915, -0.09632596373558044, -2.045046806335449]}