{"camera_uuid": "8622", "obliqueness_angle": 0.40023675560951233, "nonfixated_points_in_view": [], "camera_rotation_original": [1.5707963705062866, -0.03741130605340004, 0.2319391816854477], "point_location": [-0.0037994040176272392, 1.4926419258117676, -1.4197502136230469], "skybox_img_path": "./img/high/8622_skybox4.jpg", "resolution": 512, "camera_distance": 0.7708001325627044, "view_id": 17, "point_pitch": -0.23419682582351165, "camera_rotation_from_original_to_final": [-0.23564517498016357, -0.05533936247229576, 0.21055151522159576], "camera_location": [0.312179297208786, 0.8142714500427246, -1.2350780963897705], "point_normal": [0.5946656465530396, -0.7973978519439697, -0.10261386632919312], "camera_rotation_final_quaternion": [0.7653017640113831, 0.6044259667396545, 0.12197068333625793, 0.1846771240234375], "skybox_img": 4, "point_uuid": "70", "field_of_view_rads": 1.0039714359666843, "camera_rotation_final": [1.3286930322647095, -0.03656667843461037, 0.44493550062179565]}