{"camera_uuid": "8994", "obliqueness_angle": 0.9854843020439148, "nonfixated_points_in_view": [], "camera_rotation_original": [1.5707963705062866, -0.1018918827176094, 0.8216288685798645], "point_location": [2.8440728187561035, 0.5467994809150696, -1.3693242073059082], "skybox_img_path": "./img/high/8994_skybox4.jpg", "resolution": 512, "camera_distance": 0.6502316884997447, "view_id": 19, "point_pitch": -0.6923925121638437, "camera_rotation_from_original_to_final": [-0.5145423412322998, -0.515529990196228, 0.29041606187820435], "camera_location": [3.2484242916107178, 0.26530972123146057, -0.944983959197998], "point_normal": [0.9891408681869507, 0.14696341753005981, 0.0014960329281166196], "camera_rotation_final_quaternion": [0.7764064073562622, 0.38127511739730835, 0.16831514239311218, 0.472749799489975], "skybox_img": 4, "point_uuid": "6", "field_of_view_rads": 1.8083336999188173, "camera_rotation_final": [0.8555159568786621, -0.09929665923118591, 1.0485683679580688]}