{"camera_uuid": "12454", "obliqueness_angle": 1.3560341596603394, "nonfixated_points_in_view": [], "camera_rotation_original": [1.5707963705062866, -0.17330168187618256, -1.669387936592102], "point_location": [4.896637916564941, 0.275483638048172, -1.4008036851882935], "skybox_img_path": "./img/high/12454_skybox4.jpg", "resolution": 512, "camera_distance": 0.37590451726879587, "view_id": 15, "point_pitch": -0.661063357195582, "camera_rotation_from_original_to_final": [0.03383742272853851, 0.6191226840019226, -0.2844465672969818], "camera_location": [4.61530876159668, 0.3962651789188385, -1.182698369026184], "point_normal": [-0.7319196462631226, 0.15615351498126984, -0.6632569432258606], "camera_rotation_final_quaternion": [0.5641063451766968, 0.21064230799674988, -0.4068445563316345, -0.6869434714317322], "skybox_img": 4, "point_uuid": "93", "field_of_view_rads": 0.9239011772765595, "camera_rotation_final": [0.9412913918495178, -0.17043235898017883, -1.8534115552902222]}