{"camera_uuid": "10862", "obliqueness_angle": 0.8848418593406677, "nonfixated_points_in_view": [93], "camera_rotation_original": [1.5707963705062866, -0.10501728951931, 1.4506700038909912], "point_location": [4.528530120849609, 1.0438001155853271, -1.4141380786895752], "skybox_img_path": "./img/high/10862_skybox4.jpg", "resolution": 512, "camera_distance": 0.8313042235794529, "view_id": 25, "point_pitch": -0.6217605312678476, "camera_rotation_from_original_to_final": [-0.08041093498468399, -0.6625855565071106, 0.4371703267097473], "camera_location": [5.155598163604736, 1.2272387742996216, -0.9001316428184509], "point_normal": [0.012244894169270992, 0.0278637632727623, 0.9995367527008057], "camera_rotation_final_quaternion": [0.49573907256126404, 0.2822687327861786, 0.3334182798862457, 0.7505993247032166], "skybox_img": 4, "point_uuid": "140", "field_of_view_rads": 1.5766701541034631, "camera_rotation_final": [0.9007603526115417, -0.09329981356859207, 1.9290714263916016]}