{"camera_uuid": "11997", "obliqueness_angle": 0.5509083271026611, "nonfixated_points_in_view": [96], "camera_rotation_original": [1.5707963705062866, -0.16341586410999298, -2.3214075565338135], "point_location": [6.586917400360107, 2.625067710876465, -1.3898545503616333], "skybox_img_path": "./img/high/11997_skybox4.jpg", "resolution": 512, "camera_distance": 0.7282251387404569, "view_id": 3, "point_pitch": -0.3487625559184213, "camera_rotation_from_original_to_final": [0.26156318187713623, 0.28098541498184204, 0.20879578590393066], "camera_location": [6.021770477294922, 2.9957919120788574, -1.1187745332717896], "point_normal": [-0.5904265642166138, 0.8058854937553406, -0.04410218074917793], "camera_rotation_final_quaternion": [0.45452532172203064, 0.22300507128238678, -0.5139503479003906, -0.6924813985824585], "skybox_img": 4, "point_uuid": "15", "field_of_view_rads": 1.0386947080855735, "camera_rotation_final": [1.1842364072799683, -0.15902255475521088, -2.086996078491211]}