{"camera_uuid": "11026", "obliqueness_angle": 0.8133730292320251, "nonfixated_points_in_view": [95], "camera_rotation_original": [1.5707963705062866, -0.003700033063068986, -2.7817959785461426], "point_location": [0.9536174535751343, -0.7778398990631104, -1.5063177347183228], "skybox_img_path": "./img/high/11026_skybox4.jpg", "resolution": 512, "camera_distance": 0.8425720831840551, "view_id": 0, "point_pitch": -0.7543379505488534, "camera_rotation_from_original_to_final": [0.7214158177375793, 0.2445412278175354, 0.167474165558815], "camera_location": [0.6954447031021118, -0.22093074023723602, -0.929146409034729], "point_normal": [-0.008941924199461937, -0.0010165447602048516, 0.9999595284461975], "camera_rotation_final_quaternion": [0.19993001222610474, 0.08447951823472977, -0.3877597749233246, -0.8958423733711243], "skybox_img": 4, "point_uuid": "89", "field_of_view_rads": 2.056502920039658, "camera_rotation_final": [0.8161709308624268, -0.0036889719776809216, -2.704033374786377]}