{"camera_uuid": "5299", "obliqueness_angle": 0.5084090232849121, "nonfixated_points_in_view": [43], "camera_rotation_original": [1.5707963705062866, 0.01045041624456644, 1.8350650072097778], "point_location": [-0.30368760228157043, 1.3439174890518188, -0.7665223479270935], "skybox_img_path": "./img/high/5299_skybox4.jpg", "resolution": 512, "camera_distance": 0.7648266770909227, "view_id": 32, "point_pitch": 0.35112674633530183, "camera_rotation_from_original_to_final": [-0.09363853186368942, 0.3341841399669647, -0.4676860570907593], "camera_location": [0.4030497074127197, 1.2098027467727661, -1.026321291923523], "point_normal": [0.9422652125358582, 0.29410141706466675, -0.16012726724147797], "camera_rotation_final_quaternion": [0.4443855881690979, 0.6277462840080261, 0.5251441597938538, 0.36425215005874634], "skybox_img": 4, "point_uuid": "180", "field_of_view_rads": 1.4604219695947274, "camera_rotation_final": [1.9173928499221802, 0.00941727589815855, 1.3866615295410156]}