{"camera_uuid": "2391", "obliqueness_angle": 0.9163944125175476, "nonfixated_points_in_view": [], "camera_rotation_original": [1.5707963705062866, 0.019386937841773033, 1.8962385654449463], "point_location": [0.7851385474205017, 1.2789015769958496, -1.4171496629714966], "skybox_img_path": "./img/high/2391_skybox4.jpg", "resolution": 512, "camera_distance": 0.9273694414855828, "view_id": 7, "point_pitch": -0.5982279022547861, "camera_rotation_from_original_to_final": [0.210704043507576, -0.5500657558441162, 0.687307596206665], "camera_location": [1.1551247835159302, 1.9577089548110962, -0.9049535989761353], "point_normal": [0.012679249048233032, 0.07213246822357178, 0.9973145127296448], "camera_rotation_final_quaternion": [0.22489547729492188, 0.11287883669137955, 0.459459513425827, 0.8518082499504089], "skybox_img": 4, "point_uuid": "187", "field_of_view_rads": 1.82720328702949, "camera_rotation_final": [0.9855945706367493, 0.01435896847397089, 2.6330413818359375]}