{"camera_uuid": "4903", "obliqueness_angle": 1.270700216293335, "nonfixated_points_in_view": [], "camera_rotation_original": [1.5707963705062866, 0.010928677394986153, -2.7388532161712646], "point_location": [-0.4054321348667145, 1.2653040885925293, -0.6841932535171509], "skybox_img_path": "./img/high/4903_skybox4.jpg", "resolution": 512, "camera_distance": 0.8093901941169382, "view_id": 62, "point_pitch": -0.30643026431533293, "camera_rotation_from_original_to_final": [0.28523173928260803, 0.11894939839839935, -0.16388709843158722], "camera_location": [-0.5750899314880371, 2.017610788345337, -0.4385036826133728], "point_normal": [0.040700461715459824, 0.0009101604809984565, 0.9991709589958191], "camera_rotation_final_quaternion": [0.08482670783996582, 0.06861595809459686, -0.586103618144989, -0.8028566837310791], "skybox_img": 4, "point_uuid": "104", "field_of_view_rads": 0.6720038838202558, "camera_rotation_final": [1.2623629570007324, 0.010743286460638046, -2.9232089519500732]}