{"camera_uuid": "11087", "obliqueness_angle": 1.1065624952316284, "nonfixated_points_in_view": [], "camera_rotation_original": [1.5707963705062866, 0.02146517112851143, 0.7824761271476746], "point_location": [0.580907940864563, -0.050188999623060226, -1.4085019826889038], "skybox_img_path": "./img/high/11087_skybox4.jpg", "resolution": 512, "camera_distance": 0.695702503692418, "view_id": 36, "point_pitch": -0.3873670538279672, "camera_rotation_from_original_to_final": [-0.2725496292114258, -0.26328834891319275, 0.5627657771110535], "camera_location": [1.2057418823242188, -0.21783702075481415, -1.1526139974594116], "point_normal": [0.11274728178977966, 0.07453673332929611, 0.9908240437507629], "camera_rotation_final_quaternion": [0.6611884832382202, 0.44264599680900574, 0.34663864970207214, 0.4967252314090729], "skybox_img": 4, "point_uuid": "57", "field_of_view_rads": 0.9476384761560841, "camera_rotation_final": [1.1940722465515137, 0.01864117570221424, 1.3012878894805908]}