{"camera_uuid": "7998", "obliqueness_angle": 1.5066401958465576, "nonfixated_points_in_view": [120], "camera_rotation_original": [1.5707963705062866, 0.08195526897907257, 0.862079381942749], "point_location": [-0.4054321348667145, 1.2653040885925293, -0.6841932535171509], "skybox_img_path": "./img/high/7998_skybox4.jpg", "resolution": 512, "camera_distance": 0.9372514006450748, "view_id": 7, "point_pitch": -0.02757982810470061, "camera_rotation_from_original_to_final": [-0.023840026929974556, -0.028607940301299095, -0.11632761359214783], "camera_location": [0.2298334389925003, 0.5770740509033203, -0.6493043899536133], "point_normal": [0.040700461715459824, 0.0009101604809984565, 0.9991709589958191], "camera_rotation_final_quaternion": [0.6808251142501831, 0.6353697180747986, 0.27873456478118896, 0.23471172153949738], "skybox_img": 4, "point_uuid": "104", "field_of_view_rads": 0.5961933550608073, "camera_rotation_final": [1.5334392786026, 0.08137127757072449, 0.7423630952835083]}