{"camera_uuid": "13300", "obliqueness_angle": 1.1222283840179443, "nonfixated_points_in_view": [], "camera_rotation_original": [1.5707963705062866, 0.040934354066848755, -0.22552087903022766], "point_location": [5.577847957611084, 0.5073602795600891, -0.8285789489746094], "skybox_img_path": "./img/high/13300_skybox4.jpg", "resolution": 512, "camera_distance": 0.31548925441135356, "view_id": 58, "point_pitch": -0.4367341240260263, "camera_rotation_from_original_to_final": [-0.42435935139656067, 0.09804858267307281, 0.033520929515361786], "camera_location": [5.529457092285156, 0.2253541201353073, -0.6956717371940613], "point_normal": [0.047805894166231155, -0.0227388683706522, 0.9985978007316589], "camera_rotation_final_quaternion": [0.8381243348121643, 0.5368775129318237, -0.033553481101989746, -0.0904671847820282], "skybox_img": 4, "point_uuid": "11", "field_of_view_rads": 1.6719092344888167, "camera_rotation_final": [1.1355584859848022, 0.040907032787799835, -0.1889532208442688]}