{"camera_uuid": "9878", "obliqueness_angle": 0.6479815244674683, "nonfixated_points_in_view": [], "camera_rotation_original": [1.5707963705062866, 0.15737229585647583, 1.5395032167434692], "point_location": [2.8440728187561035, 0.5467994809150696, -1.3693242073059082], "skybox_img_path": "./img/high/9878_skybox4.jpg", "resolution": 512, "camera_distance": 0.9719059776500977, "view_id": 17, "point_pitch": -0.5683852871272226, "camera_rotation_from_original_to_final": [-0.04969384893774986, -0.5915447473526001, -0.09753751754760742], "camera_location": [3.6428091526031494, 0.43812814354896545, -0.8263582587242126], "point_normal": [0.9891408681869507, 0.14696341753005981, 0.0014960329281166196], "camera_rotation_final_quaternion": [0.7160338163375854, 0.323622465133667, 0.3404967486858368, 0.5163584351539612], "skybox_img": 4, "point_uuid": "6", "field_of_view_rads": 1.0039714359666843, "camera_rotation_final": [0.9699355363845825, 0.15401211380958557, 1.330814242362976]}