{"camera_uuid": "12501", "obliqueness_angle": 1.3825602531433105, "nonfixated_points_in_view": [], "camera_rotation_original": [1.5707963705062866, -0.008078409358859062, -2.921694278717041], "point_location": [3.9741721153259277, -0.9291063547134399, -0.6485407948493958], "skybox_img_path": "./img/high/12501_skybox4.jpg", "resolution": 512, "camera_distance": 0.6121666454540283, "view_id": 9, "point_pitch": -0.16628353198501067, "camera_rotation_from_original_to_final": [0.16766229271888733, 0.03557036444544792, 0.6804133057594299], "camera_location": [3.5026187896728516, -0.5529552102088928, -0.5441579222679138], "point_normal": [0.019443031400442123, 0.5589542388916016, -0.8289705514907837], "camera_rotation_final_quaternion": [0.3340831696987152, 0.2775329351425171, -0.581135630607605, -0.688218891620636], "skybox_img": 4, "point_uuid": "189", "field_of_view_rads": 1.6924921945557647, "camera_rotation_final": [1.3994419574737549, -0.006288477685302496, -2.2430362701416016]}