{"camera_uuid": "8899", "obliqueness_angle": 1.1425468921661377, "nonfixated_points_in_view": [65, 127], "camera_rotation_original": [1.5707963705062866, -0.06502356380224228, 1.9275894165039062], "point_location": [-0.1822434514760971, 0.2831597626209259, -1.431676983833313], "skybox_img_path": "./img/high/8899_skybox4.jpg", "resolution": 512, "camera_distance": 0.9828562828342681, "view_id": 10, "point_pitch": -0.31084100802871184, "camera_rotation_from_original_to_final": [0.08617935329675674, -0.25750479102134705, -0.6795840263366699], "camera_location": [0.7195790410041809, -0.0057947575114667416, -1.168565034866333], "point_normal": [0.12324375659227371, -0.9915743470191956, 0.03989033028483391], "camera_rotation_final_quaternion": [0.6303211450576782, 0.49820244312286377, 0.343429297208786, 0.4863598048686981], "skybox_img": 4, "point_uuid": "188", "field_of_view_rads": 1.5766701541034631, "camera_rotation_final": [1.2994182109832764, -0.05169278010725975, 1.2750957012176514]}