{"camera_uuid": "12526", "obliqueness_angle": 0.6960744857788086, "nonfixated_points_in_view": [8], "camera_rotation_original": [1.5707963705062866, -0.09851362556219101, -0.9487612247467041], "point_location": [5.4932861328125, 0.18884922564029694, -0.9166303277015686], "skybox_img_path": "./img/high/12526_skybox4.jpg", "resolution": 512, "camera_distance": 0.7489899325679387, "view_id": 18, "point_pitch": -0.5316781242701669, "camera_rotation_from_original_to_final": [-0.3195502758026123, 0.39822128415107727, -0.36250266432762146], "camera_location": [4.871458053588867, -0.018448514863848686, -0.5542170405387878], "point_normal": [-0.48851633071899414, 0.18398629128932953, 0.8529366254806519], "camera_rotation_final_quaternion": [0.725223958492279, 0.39529016613960266, -0.3190784454345703, -0.46474167704582214], "skybox_img": 4, "point_uuid": "142", "field_of_view_rads": 2.081073338083007, "camera_rotation_final": [1.0631910562515259, -0.09553630650043488, -1.1960058212280273]}