{"camera_uuid": "7134", "obliqueness_angle": 1.3545199632644653, "nonfixated_points_in_view": [], "camera_rotation_original": [1.5707963705062866, 0.12672469019889832, 2.451720952987671], "point_location": [2.745572328567505, -0.016294807195663452, -0.9296797513961792], "skybox_img_path": "./img/high/7134_skybox4.jpg", "resolution": 512, "camera_distance": 0.6929711423109421, "view_id": 10, "point_pitch": -0.6230401237818857, "camera_rotation_from_original_to_final": [0.4424567222595215, -0.33608317375183105, 0.5836436152458191], "camera_location": [2.7638416290283203, 0.5746302008628845, -0.5681788325309753], "point_normal": [-0.5854119062423706, 0.6019739508628845, -0.5430656671524048], "camera_rotation_final_quaternion": [0.06721080094575882, -0.022597860544919968, 0.48852357268333435, 0.86966472864151], "skybox_img": 4, "point_uuid": "102", "field_of_view_rads": 0.5256461677815203, "camera_rotation_final": [1.0185906887054443, 0.10516699403524399, 3.046098232269287]}