{"camera_uuid": "2152", "obliqueness_angle": 1.5322107076644897, "nonfixated_points_in_view": [], "camera_rotation_original": [1.5707963705062866, 0.13763609528541565, 0.8558810353279114], "point_location": [2.950843095779419, 3.0527775287628174, -0.6373903751373291], "skybox_img_path": "./img/high/2152_skybox4.jpg", "resolution": 512, "camera_distance": 0.6916625630781704, "view_id": 13, "point_pitch": -0.5464956005427499, "camera_rotation_from_original_to_final": [-0.36753007769584656, -0.3704467713832855, 0.33107462525367737], "camera_location": [3.4930472373962402, 2.7917070388793945, -0.2964300215244293], "point_normal": [-0.1132572814822197, -0.8965836763381958, -0.42814773321151733], "camera_rotation_final_quaternion": [0.7650548815727234, 0.40421950817108154, 0.30021288990974426, 0.4014596939086914], "skybox_img": 4, "point_uuid": "42", "field_of_view_rads": 0.6651429173367224, "camera_rotation_final": [1.0500835180282593, 0.1352146416902542, 1.0449020862579346]}