{"camera_uuid": "1271", "obliqueness_angle": 0.4861331582069397, "nonfixated_points_in_view": [], "camera_rotation_original": [1.5707963705062866, 0.10124784708023071, 0.9983599185943604], "point_location": [1.3862135410308838, 3.035576343536377, -1.442712426185608], "skybox_img_path": "./img/high/1271_skybox4.jpg", "resolution": 512, "camera_distance": 0.628578153763323, "view_id": 11, "point_pitch": -0.5450207432124277, "camera_rotation_from_original_to_final": [-0.3499589264392853, -0.4748050570487976, -0.2582297921180725], "camera_location": [1.7072774171829224, 2.619954824447632, -1.0973325967788696], "point_normal": [0.849090039730072, -0.445937842130661, 0.28317058086395264], "camera_rotation_final_quaternion": [0.8475796580314636, 0.43993693590164185, 0.17811381816864014, 0.23735982179641724], "skybox_img": 4, "point_uuid": "179", "field_of_view_rads": 1.0364683158521881, "camera_rotation_final": [0.9862057566642761, 0.09321955591440201, 0.5962196588516235]}