{"camera_uuid": "0538", "obliqueness_angle": 1.0055081844329834, "nonfixated_points_in_view": [], "camera_rotation_original": [1.5707963705062866, -0.07599151134490967, 2.2038156986236572], "point_location": [2.196098566055298, 2.2025678157806396, -1.3980869054794312], "skybox_img_path": "./img/high/0538_skybox4.jpg", "resolution": 512, "camera_distance": 0.9334241760945328, "view_id": 8, "point_pitch": -0.6129810055110116, "camera_rotation_from_original_to_final": [0.42951154708862305, -0.5203840732574463, 0.5601385831832886], "camera_location": [2.3856680393218994, 2.914055585861206, -0.8243890404701233], "point_normal": [0.9356234073638916, 0.2750264108181, 0.22129014134407043], "camera_rotation_final_quaternion": [0.08433696627616882, 0.07270287722349167, 0.4329042434692383, 0.8945364356040955], "skybox_img": 4, "point_uuid": "165", "field_of_view_rads": 1.6924921945557647, "camera_rotation_final": [0.9076250195503235, -0.05708208307623863, 2.9257397651672363]}