{"camera_uuid": "6683", "obliqueness_angle": 1.4981824159622192, "nonfixated_points_in_view": [120], "camera_rotation_original": [1.5707963705062866, -0.09892969578504562, 3.028214454650879], "point_location": [-0.4054321348667145, 1.2653040885925293, -0.6841932535171509], "skybox_img_path": "./img/high/6683_skybox4.jpg", "resolution": 512, "camera_distance": 0.849974129538745, "view_id": 26, "point_pitch": -0.06227116187545256, "camera_rotation_from_original_to_final": [0.06986960768699646, -0.008061622269451618, 0.07794816792011261], "camera_location": [-0.3756398558616638, 2.1126532554626465, -0.6244617700576782], "point_normal": [0.040700461715459824, 0.0009101604809984565, 0.9991709589958191], "camera_rotation_final_quaternion": [-0.023285573348402977, 0.045634083449840546, 0.6802796125411987, 0.7311599850654602], "skybox_img": 4, "point_uuid": "104", "field_of_view_rads": 1.6071546237233685, "camera_rotation_final": [1.5001204013824463, -0.09857258945703506, 3.113415241241455]}