{"camera_uuid": "6798", "obliqueness_angle": 1.311750888824463, "nonfixated_points_in_view": [], "camera_rotation_original": [1.5707963705062866, -0.05943167582154274, 0.9943588376045227], "point_location": [1.6843894720077515, 1.1254421472549438, -1.4068831205368042], "skybox_img_path": "./img/high/6798_skybox4.jpg", "resolution": 512, "camera_distance": 0.9648779117853119, "view_id": 11, "point_pitch": -0.3750336607310434, "camera_rotation_from_original_to_final": [-0.20767565071582794, -0.3143523633480072, 0.018659168854355812], "camera_location": [2.429656505584717, 0.6246625781059265, -1.053632140159607], "point_normal": [-0.13031253218650818, 0.011851518414914608, 0.9914022088050842], "camera_rotation_final_quaternion": [0.716607391834259, 0.5050473213195801, 0.24874170124530792, 0.4117386043071747], "skybox_img": 4, "point_uuid": "111", "field_of_view_rads": 0.9322372163182677, "camera_rotation_final": [1.1952755451202393, -0.05942963808774948, 1.0025582313537598]}