{"camera_uuid": "16001", "obliqueness_angle": 0.4331733286380768, "nonfixated_points_in_view": [], "camera_rotation_original": [1.5707963705062866, 0.0782451182603836, -1.168810486793518], "point_location": [6.472002983093262, 0.15190300345420837, -1.4097909927368164], "skybox_img_path": "./img/high/16001_skybox4.jpg", "resolution": 512, "camera_distance": 0.9118928121254676, "view_id": 0, "point_pitch": -0.19501761992904143, "camera_rotation_from_original_to_final": [-0.07201719284057617, 0.1295243799686432, 0.6571897864341736], "camera_location": [6.03317403793335, -0.6361716985702515, -1.2759408950805664], "point_normal": [-0.073713019490242, -0.9694844484329224, 0.23380839824676514], "camera_rotation_final_quaternion": [0.7265715599060059, 0.6370426416397095, -0.14417117834091187, -0.21327242255210876], "skybox_img": 4, "point_uuid": "86", "field_of_view_rads": 1.0386947080855735, "camera_rotation_final": [1.4231932163238525, 0.06226610392332077, -0.517328679561615]}