{"camera_uuid": "4670", "obliqueness_angle": 1.2263120412826538, "nonfixated_points_in_view": [64], "camera_rotation_original": [1.5707963705062866, 0.03647305816411972, 3.026623010635376], "point_location": [-0.30368760228157043, 1.3439174890518188, -0.7665223479270935], "skybox_img_path": "./img/high/4670_skybox4.jpg", "resolution": 512, "camera_distance": 0.6808755531019465, "view_id": 18, "point_pitch": -0.13859622081252532, "camera_rotation_from_original_to_final": [0.13626593351364136, -0.0160068329423666, 0.03978734463453293], "camera_location": [-0.25377631187438965, 2.0165457725524902, -0.6734011173248291], "point_normal": [0.9422652125358582, 0.29410141706466675, -0.16012726724147797], "camera_rotation_final_quaternion": [0.04176900535821915, 0.012242995202541351, 0.6568613052368164, 0.7527540326118469], "skybox_img": 4, "point_uuid": "180", "field_of_view_rads": 1.9554518605800617, "camera_rotation_final": [1.4335079193115234, 0.03644903004169464, 3.062490224838257]}