{"camera_uuid": "7009", "obliqueness_angle": 0.41182824969291687, "nonfixated_points_in_view": [], "camera_rotation_original": [1.5707963705062866, -0.0329597145318985, 0.16702546179294586], "point_location": [-0.0037994040176272392, 1.4926419258117676, -1.4197502136230469], "skybox_img_path": "./img/high/7009_skybox4.jpg", "resolution": 512, "camera_distance": 0.5736920656378293, "view_id": 2, "point_pitch": -0.20414106448623137, "camera_rotation_from_original_to_final": [-0.22421100735664368, -0.029832664877176285, 0.7258063554763794], "camera_location": [0.4307849109172821, 1.1408897638320923, -1.2911832332611084], "point_normal": [0.5946656465530396, -0.7973978519439697, -0.10261386632919312], "camera_rotation_final_quaternion": [0.7017815709114075, 0.56548672914505, 0.26109880208969116, 0.345767080783844], "skybox_img": 4, "point_uuid": "70", "field_of_view_rads": 1.0910236528484336, "camera_rotation_final": [1.3447028398513794, -0.024587221443653107, 0.8960055708885193]}