{"camera_uuid": "12237", "obliqueness_angle": 1.3361296653747559, "nonfixated_points_in_view": [], "camera_rotation_original": [1.5707963705062866, 0.025085853412747383, -1.9975656270980835], "point_location": [2.9207348823547363, -0.5152132511138916, -0.5628843903541565], "skybox_img_path": "./img/high/12237_skybox4.jpg", "resolution": 512, "camera_distance": 0.6305703311182567, "view_id": 51, "point_pitch": 0.028866128125462964, "camera_rotation_from_original_to_final": [-0.014210427179932594, -0.030259869992733, 0.18265153467655182], "camera_location": [2.3092339038848877, -0.3627620041370392, -0.5839586853981018], "point_normal": [-0.26315274834632874, 0.039460260421037674, 0.9639468193054199], "camera_rotation_final_quaternion": [0.4212150275707245, 0.4495149254798889, -0.5609338283538818, -0.5530528426170349], "skybox_img": 4, "point_uuid": "152", "field_of_view_rads": 1.6719092344888167, "camera_rotation_final": [1.6042336225509644, 0.02466594986617565, -1.8142973184585571]}