{"camera_uuid": "3477", "obliqueness_angle": 1.353508710861206, "nonfixated_points_in_view": [], "camera_rotation_original": [1.5707963705062866, 0.16555358469486237, 0.24978730082511902], "point_location": [2.950843095779419, 3.0527775287628174, -0.6373903751373291], "skybox_img_path": "./img/high/3477_skybox4.jpg", "resolution": 512, "camera_distance": 0.8163143179207117, "view_id": 11, "point_pitch": -0.6377975185725351, "camera_rotation_from_original_to_final": [-0.5399647951126099, -0.12498809397220612, 0.6185353398323059], "camera_location": [3.466054916381836, 2.586729049682617, -0.20875921845436096], "point_normal": [-0.1132572814822197, -0.8965836763381958, -0.42814773321151733], "camera_rotation_final_quaternion": [0.825596272945404, 0.4267958104610443, 0.23516979813575745, 0.2844841778278351], "skybox_img": 4, "point_uuid": "42", "field_of_view_rads": 0.7352830670651015, "camera_rotation_final": [1.0113381147384644, 0.14599540829658508, 0.7446121573448181]}