{"camera_uuid": "12836", "obliqueness_angle": 1.3288863897323608, "nonfixated_points_in_view": [], "camera_rotation_original": [1.5707963705062866, -0.0754348486661911, -0.2991214394569397], "point_location": [0.580907940864563, -0.050188999623060226, -1.4085019826889038], "skybox_img_path": "./img/high/12836_skybox4.jpg", "resolution": 512, "camera_distance": 0.6282752822805062, "view_id": 80, "point_pitch": -0.2616221149775644, "camera_rotation_from_original_to_final": [-0.28301891684532166, 0.09210159629583359, 0.46703967452049255], "camera_location": [0.6896267533302307, -0.6410045027732849, -1.2245261669158936], "point_normal": [0.11274728178977966, 0.07453673332929611, 0.9908240437507629], "camera_rotation_final_quaternion": [0.7976651787757874, 0.5936866402626038, 0.03350808471441269, 0.10071542859077454], "skybox_img": 4, "point_uuid": "57", "field_of_view_rads": 1.3012303617095222, "camera_rotation_final": [1.2729425430297852, -0.06617863476276398, 0.20227734744548798]}