{"camera_uuid": "12437", "obliqueness_angle": 1.079500675201416, "nonfixated_points_in_view": [118], "camera_rotation_original": [1.5707963705062866, -0.04751095920801163, -1.1500664949417114], "point_location": [-0.11395721882581711, -0.04560520127415657, -1.4123445749282837], "skybox_img_path": "./img/high/12437_skybox4.jpg", "resolution": 512, "camera_distance": 0.5578609772269983, "view_id": 29, "point_pitch": -0.49768321116897063, "camera_rotation_from_original_to_final": [-0.21242763102054596, 0.4347602128982544, -0.4196009933948517], "camera_location": [-0.6079915761947632, -0.06909944862127304, -1.1543000936508179], "point_normal": [-0.009451550431549549, -0.023393457755446434, 0.9996817111968994], "camera_rotation_final_quaternion": [0.6335363984107971, 0.3660322427749634, -0.36706969141960144, -0.574379563331604], "skybox_img": 4, "point_uuid": "192", "field_of_view_rads": 1.1498058012590282, "camera_rotation_final": [1.0893950462341309, -0.04463599994778633, -1.4999706745147705]}