{"camera_uuid": "14575", "obliqueness_angle": 0.9215389490127563, "nonfixated_points_in_view": [], "camera_rotation_original": [1.5707963705062866, -0.1080610603094101, -1.3038594722747803], "point_location": [6.403560161590576, -0.3128143846988678, -1.373155951499939], "skybox_img_path": "./img/high/14575_skybox4.jpg", "resolution": 512, "camera_distance": 0.992734698091927, "view_id": 11, "point_pitch": -0.3396664102885385, "camera_rotation_from_original_to_final": [-0.06636487692594528, 0.27633702754974365, -0.5686018466949463], "camera_location": [5.490570068359375, -0.03948967158794403, -1.095190405845642], "point_normal": [-0.4072767198085785, 0.9103356599807739, -0.07358577847480774], "camera_rotation_final_quaternion": [0.5083388686180115, 0.3344932198524475, -0.49811089038848877, -0.6177308559417725], "skybox_img": 4, "point_uuid": "113", "field_of_view_rads": 0.6651429173367224, "camera_rotation_final": [1.2857282161712646, -0.09330001473426819, -1.8343828916549683]}