{"camera_uuid": "10933", "obliqueness_angle": 1.2405900955200195, "nonfixated_points_in_view": [], "camera_rotation_original": [1.5707963705062866, 0.0708736926317215, -2.598095655441284], "point_location": [0.35382547974586487, -0.5060790181159973, -1.460171103477478], "skybox_img_path": "./img/high/10933_skybox4.jpg", "resolution": 512, "camera_distance": 0.6658026083318248, "view_id": 15, "point_pitch": -0.7340654571864267, "camera_rotation_from_original_to_final": [0.6730970144271851, 0.3405948281288147, 0.03234608843922615], "camera_location": [0.13366690278053284, -0.0673958957195282, -1.0103039741516113], "point_normal": [-0.8047041893005371, -0.3797302544116974, 0.4563511312007904], "camera_rotation_final_quaternion": [0.16833069920539856, 0.11135724931955338, -0.38699012994766235, -0.8997238278388977], "skybox_img": 4, "point_uuid": "17", "field_of_view_rads": 0.9239011772765595, "camera_rotation_final": [0.8266520500183105, 0.07015443593263626, -2.7409067153930664]}