{"camera_uuid": "5929", "obliqueness_angle": 1.0093063116073608, "nonfixated_points_in_view": [], "camera_rotation_original": [1.5707963705062866, 0.018219729885458946, -0.2595694959163666], "point_location": [-0.014790859073400497, 3.0187888145446777, -1.4541010856628418], "skybox_img_path": "./img/high/5929_skybox4.jpg", "resolution": 512, "camera_distance": 0.8437611084665978, "view_id": 18, "point_pitch": -0.553430243334498, "camera_rotation_from_original_to_final": [-0.5459538698196411, 0.1379682421684265, -0.4864838421344757], "camera_location": [-0.4787691533565521, 2.4757580757141113, -1.0049078464508057], "point_normal": [-0.0014163268497213721, 0.001087893615476787, 0.9999983906745911], "camera_rotation_final_quaternion": [0.8182237148284912, 0.4552353620529175, -0.16302067041397095, -0.3109581172466278], "skybox_img": 4, "point_uuid": "3", "field_of_view_rads": 1.9554518605800617, "camera_rotation_final": [1.0093144178390503, 0.016344238072633743, -0.7173365950584412]}