{"camera_uuid": "6868", "obliqueness_angle": 1.0716397762298584, "nonfixated_points_in_view": [], "camera_rotation_original": [1.5707963705062866, -0.08509911596775055, 2.7863776683807373], "point_location": [2.745572328567505, -0.016294807195663452, -0.9296797513961792], "skybox_img_path": "./img/high/6868_skybox4.jpg", "resolution": 512, "camera_distance": 0.4816920768097905, "view_id": 45, "point_pitch": -0.11566381057235198, "camera_rotation_from_original_to_final": [0.13047070801258087, -0.05129634961485863, 0.2823910713195801], "camera_location": [2.7785847187042236, 0.4595332443714142, -0.8624109029769897], "point_normal": [-0.5854119062423706, 0.6019739508628845, -0.5430656671524048], "camera_rotation_final_quaternion": [-0.004875825718045235, 0.04962008446455002, 0.6539971828460693, 0.7548521161079407], "skybox_img": 4, "point_uuid": "102", "field_of_view_rads": 1.9352794957620667, "camera_rotation_final": [1.430219054222107, -0.0813789963722229, 3.0838277339935303]}