{"camera_uuid": "12180", "obliqueness_angle": 1.3295267820358276, "nonfixated_points_in_view": [], "camera_rotation_original": [1.5707963705062866, -0.147305428981781, -2.1934118270874023], "point_location": [4.896637916564941, 0.275483638048172, -1.4008036851882935], "skybox_img_path": "./img/high/12180_skybox4.jpg", "resolution": 512, "camera_distance": 0.5580104432429547, "view_id": 16, "point_pitch": -0.5288075645777841, "camera_rotation_from_original_to_final": [0.37902122735977173, 0.48061203956604004, 0.5790594220161438], "camera_location": [4.441368579864502, 0.3390156328678131, -1.084466576576233], "point_normal": [-0.7319196462631226, 0.15615351498126984, -0.6632569432258606], "camera_rotation_final_quaternion": [0.629745364189148, 0.2781091034412384, -0.37310120463371277, -0.6219900846481323], "skybox_img": 4, "point_uuid": "93", "field_of_view_rads": 1.6924921945557647, "camera_rotation_final": [0.9626980423927307, -0.12427493184804916, -1.6233781576156616]}