{"camera_uuid": "8985", "obliqueness_angle": 1.262966513633728, "nonfixated_points_in_view": [], "camera_rotation_original": [1.5707963705062866, -0.07006776332855225, 1.8476539850234985], "point_location": [4.301836967468262, 1.017685055732727, -0.9298179745674133], "skybox_img_path": "./img/high/8985_skybox4.jpg", "resolution": 512, "camera_distance": 0.4441403247906468, "view_id": 17, "point_pitch": 0.09452612797287507, "camera_rotation_from_original_to_final": [-0.0229692030698061, 0.07161509245634079, 0.28204289078712463], "camera_location": [4.677161693572998, 1.2528014183044434, -0.963168740272522], "point_normal": [0.41032981872558594, 0.04652121290564537, 0.9107499122619629], "camera_rotation_final_quaternion": [0.30906668305397034, 0.37655824422836304, 0.6290860772132874, 0.6057494878768921], "skybox_img": 4, "point_uuid": "143", "field_of_view_rads": 0.5256461677815203, "camera_rotation_final": [1.6461291313171387, -0.06739183515310287, 2.1253437995910645]}