{"camera_uuid": "4887", "obliqueness_angle": 1.240120768547058, "nonfixated_points_in_view": [88, 120, 77], "camera_rotation_original": [1.5707963705062866, -0.0011231304379180074, 1.2390077114105225], "point_location": [-0.4054321348667145, 1.2653040885925293, -0.6841932535171509], "skybox_img_path": "./img/high/4887_skybox4.jpg", "resolution": 512, "camera_distance": 0.8896593146596142, "view_id": 49, "point_pitch": -0.2902265032145639, "camera_rotation_from_original_to_final": [-0.0970325767993927, -0.27419430017471313, 0.2124459147453308], "camera_location": [0.4394652545452118, 1.152485966682434, -0.4294106066226959], "point_normal": [0.040700461715459824, 0.0009101604809984565, 0.9991709589958191], "camera_rotation_final_quaternion": [0.6031532287597656, 0.44968897104263306, 0.39317771792411804, 0.5285804867744446], "skybox_img": 4, "point_uuid": "104", "field_of_view_rads": 0.9791046545667723, "camera_rotation_final": [1.2803473472595215, -0.0011007790453732014, 1.4383816719055176]}