{"camera_uuid": "0807", "obliqueness_angle": 0.885280191898346, "nonfixated_points_in_view": [], "camera_rotation_original": [1.5707963705062866, -0.1601717174053192, -0.732750415802002], "point_location": [2.2359414100646973, 3.1619937419891357, -1.4091827869415283], "skybox_img_path": "./img/high/0807_skybox4.jpg", "resolution": 512, "camera_distance": 0.9546141248185696, "view_id": 4, "point_pitch": -0.7715875347468515, "camera_rotation_from_original_to_final": [-0.6330404281616211, 0.4377378523349762, -0.3307015299797058], "camera_location": [1.6714712381362915, 2.7509028911590576, -0.7582865953445435], "point_normal": [0.1874009370803833, -0.20707298815250397, 0.9602092504501343], "camera_rotation_final_quaternion": [0.8579246401786804, 0.3335358500480652, -0.21870699524879456, -0.3238617479801178], "skybox_img": 4, "point_uuid": "91", "field_of_view_rads": 0.6025778511851491, "camera_rotation_final": [0.8084036111831665, -0.15990987420082092, -0.7904330492019653]}