{"camera_uuid": "10029", "obliqueness_angle": 0.7469910383224487, "nonfixated_points_in_view": [], "camera_rotation_original": [1.5707963705062866, -0.14067360758781433, -2.7729756832122803], "point_location": [4.810020923614502, 1.166747808456421, -1.332459807395935], "skybox_img_path": "./img/high/10029_skybox4.jpg", "resolution": 512, "camera_distance": 0.8593609938780625, "view_id": 2, "point_pitch": -0.27758090098830657, "camera_rotation_from_original_to_final": [0.19795849919319153, 0.059088174253702164, -0.5448826551437378], "camera_location": [4.961023330688477, 1.9942988157272339, -1.1567927598953247], "point_normal": [0.7864901423454285, 0.6175901889801025, 0.003958132583647966], "camera_rotation_final_quaternion": [-0.02164883352816105, -0.0958617627620697, -0.6233800649642944, -0.7757184505462646], "skybox_img": 4, "point_uuid": "166", "field_of_view_rads": 0.9239011772765595, "camera_rotation_final": [1.3633646965026855, -0.12203525751829147, -3.296461582183838]}