{"camera_uuid": "9488", "obliqueness_angle": 1.2885005474090576, "nonfixated_points_in_view": [], "camera_rotation_original": [1.5707963705062866, -0.05695824697613716, 0.4391372799873352], "point_location": [-0.34234288334846497, 0.8369564414024353, -0.7921566963195801], "skybox_img_path": "./img/high/9488_skybox4.jpg", "resolution": 512, "camera_distance": 0.5339715594028408, "view_id": 51, "point_pitch": -0.3183304508540292, "camera_rotation_from_original_to_final": [-0.2942957282066345, -0.1382649689912796, 0.1163322925567627], "camera_location": [-0.08451203256845474, 0.4014103412628174, -0.6220142245292664], "point_normal": [0.04777548089623451, 0.07583989202976227, 0.9959748387336731], "camera_rotation_final_quaternion": [0.7764108777046204, 0.567309558391571, 0.13726577162742615, 0.2377060204744339], "skybox_img": 4, "point_uuid": "121", "field_of_view_rads": 2.0816637958161985, "camera_rotation_final": [1.2459672689437866, -0.05658671632409096, 0.5535387992858887]}