{"camera_uuid": "12932", "obliqueness_angle": 0.9550975561141968, "nonfixated_points_in_view": [], "camera_rotation_original": [1.5707963705062866, -0.013699200004339218, -1.2620666027069092], "point_location": [5.4932861328125, 0.18884922564029694, -0.9166303277015686], "skybox_img_path": "./img/high/12932_skybox4.jpg", "resolution": 512, "camera_distance": 0.9858328756206113, "view_id": 35, "point_pitch": -0.45870105823012786, "camera_rotation_from_original_to_final": [-0.15117935836315155, 0.44139307737350464, 0.43650734424591064], "camera_location": [4.866368293762207, -0.43038812279701233, -0.474605917930603], "point_normal": [-0.48851633071899414, 0.18398629128932953, 0.8529366254806519], "camera_rotation_final_quaternion": [0.7874230146408081, 0.48318949341773987, -0.2057659775018692, -0.32272782921791077], "skybox_img": 4, "point_uuid": "142", "field_of_view_rads": 0.6720038838202558, "camera_rotation_final": [1.1058108806610107, -0.012172659859061241, -0.7854549884796143]}