{"camera_uuid": "9656", "obliqueness_angle": 0.7806854844093323, "nonfixated_points_in_view": [], "camera_rotation_original": [1.5707963705062866, 0.15934672951698303, -0.7861093878746033], "point_location": [1.9191844463348389, 0.03978348895907402, -1.4310652017593384], "skybox_img_path": "./img/high/9656_skybox4.jpg", "resolution": 512, "camera_distance": 0.7135237116654571, "view_id": 22, "point_pitch": -0.6856772144648691, "camera_rotation_from_original_to_final": [-0.5623971223831177, 0.5230613350868225, -0.5015162825584412], "camera_location": [1.448359489440918, -0.18850161135196686, -0.9459612369537354], "point_normal": [-0.03025132790207863, -0.0354352742433548, 0.9989140033721924], "camera_rotation_final_quaternion": [0.7256118655204773, 0.3581044673919678, -0.17839793860912323, -0.5598418116569519], "skybox_img": 4, "point_uuid": "175", "field_of_view_rads": 0.8446041756018192, "camera_rotation_final": [0.8136675357818604, 0.14255067706108093, -1.2527892589569092]}