{"camera_uuid": "8733", "obliqueness_angle": 0.7654711604118347, "nonfixated_points_in_view": [], "camera_rotation_original": [1.5707963705062866, -0.1133287325501442, -2.756983757019043], "point_location": [1.46160089969635, 0.19978925585746765, -1.450141191482544], "skybox_img_path": "./img/high/8733_skybox4.jpg", "resolution": 512, "camera_distance": 0.999057934185032, "view_id": 14, "point_pitch": -0.06934957107039885, "camera_rotation_from_original_to_final": [0.14898790419101715, 0.026659375056624413, 0.7627596259117126], "camera_location": [0.5606074929237366, 0.6054971814155579, -1.3027344942092896], "point_normal": [-0.5807929635047913, 0.19898450374603271, 0.7893571853637695], "camera_rotation_final_quaternion": [0.4369461238384247, 0.331642746925354, -0.5623524188995361, -0.6187494993209839], "skybox_img": 4, "point_uuid": "100", "field_of_view_rads": 1.274054123740192, "camera_rotation_final": [1.422217845916748, -0.08111680299043655, -1.981763243675232]}