{"camera_uuid": "12957", "obliqueness_angle": 1.2948684692382812, "nonfixated_points_in_view": [18], "camera_rotation_original": [1.5707963705062866, -0.08345773071050644, -1.1416054964065552], "point_location": [1.9191844463348389, 0.03978348895907402, -1.4310652017593384], "skybox_img_path": "./img/high/12957_skybox4.jpg", "resolution": 512, "camera_distance": 0.7397560484062153, "view_id": 19, "point_pitch": -0.18766228755446868, "camera_rotation_from_original_to_final": [-0.08822916448116302, 0.21232947707176208, 0.5063537955284119], "camera_location": [1.497856855392456, -0.5445168614387512, -1.262794017791748], "point_normal": [-0.03025132790207863, -0.0354352742433548, 0.9989140033721924], "camera_rotation_final_quaternion": [0.7538794875144958, 0.5839752554893494, -0.21269387006759644, -0.21307264268398285], "skybox_img": 4, "point_uuid": "175", "field_of_view_rads": 2.0430947767692076, "camera_rotation_final": [1.3407140970230103, -0.07189469039440155, -0.6079105138778687]}