{"camera_uuid": "10306", "obliqueness_angle": 1.5089120864868164, "nonfixated_points_in_view": [72], "camera_rotation_original": [1.5707963705062866, -0.1250387728214264, -2.2813496589660645], "point_location": [4.896637916564941, 0.275483638048172, -1.4008036851882935], "skybox_img_path": "./img/high/10306_skybox4.jpg", "resolution": 512, "camera_distance": 0.8272047868110532, "view_id": 1, "point_pitch": -0.5194987495753427, "camera_rotation_from_original_to_final": [0.3133842349052429, 0.34509754180908203, -0.4524655044078827], "camera_location": [4.640958309173584, 0.9704661965370178, -1.0321643352508545], "point_normal": [-0.7319196462631226, 0.15615351498126984, -0.6632569432258606], "camera_rotation_final_quaternion": [0.20143267512321472, 0.05953503027558327, -0.5230997204780579, -0.8259825110435486], "skybox_img": 4, "point_uuid": "93", "field_of_view_rads": 1.6316217442386929, "camera_rotation_final": [1.105725646018982, -0.11262692511081696, -2.732732057571411]}