{"camera_uuid": "8784", "obliqueness_angle": 1.3565216064453125, "nonfixated_points_in_view": [], "camera_rotation_original": [1.5707963705062866, -0.0263063907623291, 1.2719882726669312], "point_location": [1.8005895614624023, 0.6414239406585693, -0.9798945188522339], "skybox_img_path": "./img/high/8784_skybox4.jpg", "resolution": 512, "camera_distance": 0.5665199067095779, "view_id": 26, "point_pitch": -0.22972182830306487, "camera_rotation_from_original_to_final": [-0.06693341583013535, -0.21404315531253815, -0.21068330109119415], "camera_location": [2.280836582183838, 0.36855781078338623, -0.8539910912513733], "point_normal": [-0.012308535166084766, -0.0017647614004090428, 0.9999226927757263], "camera_rotation_final_quaternion": [0.6704099178314209, 0.5430654883384705, 0.3065287172794342, 0.4020827114582062], "skybox_img": 4, "point_uuid": "193", "field_of_view_rads": 1.3435070464124403, "camera_rotation_final": [1.3466095924377441, -0.02571757324039936, 1.0599669218063354]}