{"camera_uuid": "11433", "obliqueness_angle": 1.1143651008605957, "nonfixated_points_in_view": [46], "camera_rotation_original": [1.5707963705062866, -0.03390580415725708, -0.8629082441329956], "point_location": [1.46160089969635, 0.19978925585746765, -1.450141191482544], "skybox_img_path": "./img/high/11433_skybox4.jpg", "resolution": 512, "camera_distance": 0.8134776226462683, "view_id": 10, "point_pitch": -0.2976535995814462, "camera_rotation_from_original_to_final": [-0.20180819928646088, 0.22860534489154816, 0.15289852023124695], "camera_location": [0.9693458676338196, -0.4003984034061432, -1.2068191766738892], "point_normal": [-0.5807929635047913, 0.19898450374603271, 0.7893571853637695], "camera_rotation_final_quaternion": [0.7635020017623901, 0.5538429021835327, -0.20904885232448578, -0.25811100006103516], "skybox_img": 4, "point_uuid": "100", "field_of_view_rads": 1.957036885090066, "camera_rotation_final": [1.2668590545654297, -0.033318690955638885, -0.6764702200889587]}