{"camera_uuid": "13787", "obliqueness_angle": 1.3382179737091064, "nonfixated_points_in_view": [], "camera_rotation_original": [1.5707963705062866, 0.1340651959180832, 0.9090099334716797], "point_location": [5.518570899963379, 1.8022818565368652, -0.9034366607666016], "skybox_img_path": "./img/high/13787_skybox4.jpg", "resolution": 512, "camera_distance": 0.5289653429521224, "view_id": 42, "point_pitch": -0.42619208892318206, "camera_rotation_from_original_to_final": [-0.3152366876602173, -0.3829635679721832, -0.41232311725616455], "camera_location": [5.714851379394531, 1.3791146278381348, -0.6540217399597168], "point_normal": [-0.3810344636440277, 0.07813670486211777, 0.9212532639503479], "camera_rotation_final_quaternion": [0.847914457321167, 0.4936524033546448, 0.1433527171611786, 0.12960860133171082], "skybox_img": 4, "point_uuid": "103", "field_of_view_rads": 0.9791046545667723, "camera_rotation_final": [1.0762056112289429, 0.11539440602064133, 0.3722861707210541]}