{"camera_uuid": "2600", "obliqueness_angle": 1.0493533611297607, "nonfixated_points_in_view": [98], "camera_rotation_original": [1.5707963705062866, 0.10756734013557434, 1.0899317264556885], "point_location": [0.22651520371437073, 2.849133014678955, -1.442795991897583], "skybox_img_path": "./img/high/2600_skybox4.jpg", "resolution": 512, "camera_distance": 0.7443987581383618, "view_id": 34, "point_pitch": -0.4569341381404062, "camera_rotation_from_original_to_final": [-0.25001490116119385, -0.43516403436660767, -0.3094480633735657], "camera_location": [0.6607562899589539, 2.360048294067383, -1.0873240232467651], "point_normal": [0.024610353633761406, -0.009762244299054146, 0.9996494650840759], "camera_rotation_final_quaternion": [0.8193224668502808, 0.46688807010650635, 0.207969069480896, 0.25975972414016724], "skybox_img": 4, "point_uuid": "150", "field_of_view_rads": 2.121321113889497, "camera_rotation_final": [1.0703132152557373, 0.0983886569738388, 0.6723967790603638]}