{"camera_uuid": "5265", "obliqueness_angle": 1.062895655632019, "nonfixated_points_in_view": [], "camera_rotation_original": [1.5707963705062866, 0.051194965839385986, -2.522942066192627], "point_location": [3.2907848358154297, 0.7151510119438171, -0.953556478023529], "skybox_img_path": "./img/high/5265_skybox4.jpg", "resolution": 512, "camera_distance": 0.8128052078128504, "view_id": 5, "point_pitch": -0.019007845720972583, "camera_rotation_from_original_to_final": [-0.0009978334419429302, 0.0032647624611854553, 0.35793137550354004], "camera_location": [2.6173040866851807, 1.1702061891555786, -0.952678382396698], "point_normal": [-0.31622445583343506, 0.4023386836051941, -0.8591424822807312], "camera_rotation_final_quaternion": [0.31681928038597107, 0.34640565514564514, -0.6160055994987488, -0.6325865387916565], "skybox_img": 4, "point_uuid": "195", "field_of_view_rads": 1.9554518605800617, "camera_rotation_final": [1.5697146654129028, 0.04795658215880394, -2.165062665939331]}