{"camera_uuid": "8012", "obliqueness_angle": 0.9056345820426941, "nonfixated_points_in_view": [], "camera_rotation_original": [1.5707963705062866, -0.12665711343288422, 2.2562332153320312], "point_location": [4.301836967468262, 1.017685055732727, -0.9298179745674133], "skybox_img_path": "./img/high/8012_skybox4.jpg", "resolution": 512, "camera_distance": 0.6422394545566097, "view_id": 9, "point_pitch": 0.19965954224136873, "camera_rotation_from_original_to_final": [-0.09833955764770508, 0.09509146958589554, 0.5335994958877563], "camera_location": [4.518922805786133, 1.615837574005127, -1.0167593955993652], "point_normal": [0.8697540760040283, 0.39081519842147827, 0.30131638050079346], "camera_rotation_final_quaternion": [0.07779505103826523, 0.17143844068050385, 0.7336859703063965, 0.6528871655464172], "skybox_img": 4, "point_uuid": "143", "field_of_view_rads": 1.6924921945557647, "camera_rotation_final": [1.7074154615402222, -0.10992690920829773, 2.778367042541504]}