{"camera_uuid": "9166", "obliqueness_angle": 1.280161738395691, "nonfixated_points_in_view": [], "camera_rotation_original": [1.5707963705062866, 0.0814647451043129, -2.824700355529785], "point_location": [0.2828949987888336, -0.2686469852924347, -1.422070026397705], "skybox_img_path": "./img/high/9166_skybox4.jpg", "resolution": 512, "camera_distance": 0.7020635016298871, "view_id": 21, "point_pitch": -0.3677515228602548, "camera_rotation_from_original_to_final": [0.3885696530342102, 0.12846508622169495, -0.4784333109855652], "camera_location": [0.4032626450061798, 0.36439141631126404, -1.1433817148208618], "point_normal": [0.3668515384197235, -0.15571540594100952, 0.9171546697616577], "camera_rotation_final_quaternion": [-0.11012432724237442, -0.03059620037674904, -0.5482571721076965, -0.8284627795219421], "skybox_img": 4, "point_uuid": "105", "field_of_view_rads": 0.7376648996792496, "camera_rotation_final": [1.161532998085022, 0.07011471688747406, -3.3598709106445312]}