{"camera_uuid": "12996", "obliqueness_angle": 1.3305151462554932, "nonfixated_points_in_view": [], "camera_rotation_original": [1.5707963705062866, 0.02402934618294239, -0.5957642793655396], "point_location": [2.9207348823547363, -0.5152132511138916, -0.5628843903541565], "skybox_img_path": "./img/high/12996_skybox4.jpg", "resolution": 512, "camera_distance": 0.4599857348947713, "view_id": 2, "point_pitch": -0.15000371535750823, "camera_rotation_from_original_to_final": [-0.12287319451570511, 0.08314361423254013, 0.07002682238817215], "camera_location": [2.6944451332092285, -0.9098827242851257, -0.4949445128440857], "point_normal": [-0.26315274834632874, 0.039460260421037674, 0.9639468193054199], "camera_rotation_final_quaternion": [0.7295933365821838, 0.6327996253967285, -0.16035784780979156, -0.20382243394851685], "skybox_img": 4, "point_uuid": "152", "field_of_view_rads": 1.1263039557204935, "camera_rotation_final": [1.422511100769043, 0.0239678043872118, -0.5241848826408386]}