{"camera_uuid": "10708", "obliqueness_angle": 1.263134479522705, "nonfixated_points_in_view": [], "camera_rotation_original": [1.5707963705062866, -0.14557936787605286, -1.6776591539382935], "point_location": [6.416158676147461, 2.537578821182251, -1.2911784648895264], "skybox_img_path": "./img/high/10708_skybox4.jpg", "resolution": 512, "camera_distance": 0.8529390792731429, "view_id": 7, "point_pitch": -0.24240486224624114, "camera_rotation_from_original_to_final": [0.050510190427303314, 0.3137149214744568, 0.526626467704773], "camera_location": [5.6743340492248535, 2.2113842964172363, -1.0250986814498901], "point_normal": [-0.00751654664054513, 0.040270037949085236, 0.9991605877876282], "camera_rotation_final_quaternion": [0.7055564522743225, 0.4693174660205841, -0.3517996668815613, -0.3977036774158478], "skybox_img": 4, "point_uuid": "148", "field_of_view_rads": 1.949514490688795, "camera_rotation_final": [1.2510262727737427, -0.12344375997781754, -1.1157746315002441]}