{"camera_uuid": "8642", "obliqueness_angle": 1.3401784896850586, "nonfixated_points_in_view": [], "camera_rotation_original": [1.5707963705062866, 0.10266613215208054, -0.21480554342269897], "point_location": [0.7851385474205017, 1.2789015769958496, -1.4171496629714966], "skybox_img_path": "./img/high/8642_skybox4.jpg", "resolution": 512, "camera_distance": 0.9590414478446172, "view_id": 0, "point_pitch": -0.26573769649001555, "camera_rotation_from_original_to_final": [-0.24402488768100739, 0.05490109324455261, 0.16018031537532806], "camera_location": [0.740916907787323, 0.35072585940361023, -1.1798843145370483], "point_normal": [0.04163115471601486, 0.017202280461788177, 0.9989850521087646], "camera_rotation_final_quaternion": [0.7874506115913391, 0.6131817102432251, 0.01757790893316269, -0.06017279997467995], "skybox_img": 4, "point_uuid": "187", "field_of_view_rads": 1.6071546237233685, "camera_rotation_final": [1.319476842880249, 0.10165216028690338, -0.07365576922893524]}