{"camera_uuid": "1341", "obliqueness_angle": 1.1124248504638672, "nonfixated_points_in_view": [], "camera_rotation_original": [1.5707963705062866, 0.07013830542564392, 0.014533483423292637], "point_location": [2.950843095779419, 3.0527775287628174, -0.6373903751373291], "skybox_img_path": "./img/high/1341_skybox4.jpg", "resolution": 512, "camera_distance": 0.6209909845901759, "view_id": 8, "point_pitch": -0.5939428051325937, "camera_rotation_from_original_to_final": [-0.5721448659896851, 0.0002865102142095566, 0.33596333861351013], "camera_location": [3.131559133529663, 2.562932252883911, -0.3012012541294098], "point_normal": [-0.1132572814822197, -0.8965836763381958, -0.42814773321151733], "camera_rotation_final_quaternion": [0.8696866631507874, 0.46767279505729675, 0.1029299721121788, 0.11971905082464218], "skybox_img": 4, "point_uuid": "42", "field_of_view_rads": 1.6816280418618088, "camera_rotation_final": [0.9972712993621826, 0.06710532307624817, 0.3101464807987213]}