{"camera_uuid": "5130", "obliqueness_angle": 1.2581486701965332, "nonfixated_points_in_view": [], "camera_rotation_original": [1.5707963705062866, 0.15859191119670868, 1.4346970319747925], "point_location": [2.3265388011932373, 1.823689341545105, -1.379395604133606], "skybox_img_path": "./img/high/5130_skybox4.jpg", "resolution": 512, "camera_distance": 0.8815769555071474, "view_id": 2, "point_pitch": -0.46892420848342375, "camera_rotation_from_original_to_final": [-0.08663041889667511, -0.4575202167034149, 0.08217350393533707], "camera_location": [3.11271333694458, 1.7688709497451782, -0.9842975735664368], "point_normal": [0.44639652967453003, -0.8364235162734985, -0.31800320744514465], "camera_rotation_final_quaternion": [0.6712892651557922, 0.3508440852165222, 0.39092516899108887, 0.5229308009147644], "skybox_img": 4, "point_uuid": "10", "field_of_view_rads": 1.0910236528484336, "camera_rotation_final": [1.0996965169906616, 0.15857715904712677, 1.4209206104278564]}