{"camera_uuid": "0547", "obliqueness_angle": 0.956998884677887, "nonfixated_points_in_view": [], "camera_rotation_original": [1.5707963705062866, 0.004341430030763149, 2.18953800201416], "point_location": [2.066779375076294, 2.579990863800049, -1.4030261039733887], "skybox_img_path": "./img/high/0547_skybox4.jpg", "resolution": 512, "camera_distance": 0.7479509536159232, "view_id": 26, "point_pitch": -0.6292306621882577, "camera_rotation_from_original_to_final": [0.39767390489578247, -0.49857577681541443, 0.40981680154800415], "camera_location": [2.3245365619659424, 3.128039836883545, -0.9641249775886536], "point_normal": [0.0033442084677517414, -0.016241353005170822, 0.9998626112937927], "camera_rotation_final_quaternion": [0.19625280797481537, 0.0980696976184845, 0.44382432103157043, 0.8688424229621887], "skybox_img": 4, "point_uuid": "51", "field_of_view_rads": 1.6071546237233685, "camera_rotation_final": [0.9436842203140259, 0.0037893231492489576, 2.699225425720215]}