{"camera_uuid": "2698", "obliqueness_angle": 0.8635875582695007, "nonfixated_points_in_view": [66, 30], "camera_rotation_original": [1.5707963705062866, 0.169700026512146, 1.1802294254302979], "point_location": [2.155930757522583, 2.4535746574401855, -1.421875], "skybox_img_path": "./img/high/2698_skybox4.jpg", "resolution": 512, "camera_distance": 0.546953672472262, "view_id": 8, "point_pitch": -0.5961224277827402, "camera_rotation_from_original_to_final": [-0.30799320340156555, -0.6466901302337646, -0.5509689450263977], "camera_location": [2.363550901412964, 2.093106269836426, -1.0667486190795898], "point_normal": [0.01849367655813694, 0.009777815081179142, 0.9997811913490295], "camera_rotation_final_quaternion": [0.8933982849121094, 0.39445173740386963, 0.14059725403785706, 0.1627257913351059], "skybox_img": 4, "point_uuid": "168", "field_of_view_rads": 1.82720328702949, "camera_rotation_final": [0.8576248288154602, 0.12315484136343002, 0.41669565439224243]}