{"camera_uuid": "1684", "obliqueness_angle": 1.4343878030776978, "nonfixated_points_in_view": [], "camera_rotation_original": [1.5707963705062866, 0.0954560935497284, -2.852945327758789], "point_location": [1.607214331626892, 2.3642938137054443, -1.430482268333435], "skybox_img_path": "./img/high/1684_skybox4.jpg", "resolution": 512, "camera_distance": 0.5075185346712887, "view_id": 4, "point_pitch": -0.312498732409205, "camera_rotation_from_original_to_final": [0.2541351318359375, 0.08253289759159088, 0.5228860974311829], "camera_location": [1.2560548782348633, 2.7054054737091064, -1.2966729402542114], "point_normal": [0.2987099289894104, 0.13948945701122284, 0.9440948963165283], "camera_rotation_final_quaternion": [0.2772020995616913, 0.26047152280807495, -0.5480214953422546, -0.7449738383293152], "skybox_img": 4, "point_uuid": "181", "field_of_view_rads": 1.7779022957772381, "camera_rotation_final": [1.3030123710632324, 0.08436356484889984, -2.3647971153259277]}