{"camera_uuid": "12280", "obliqueness_angle": 0.9236655831336975, "nonfixated_points_in_view": [], "camera_rotation_original": [1.5707963705062866, 0.0016021431656554341, -1.9728208780288696], "point_location": [5.4932861328125, 0.18884922564029694, -0.9166303277015686], "skybox_img_path": "./img/high/12280_skybox4.jpg", "resolution": 512, "camera_distance": 0.26381635934751857, "view_id": 11, "point_pitch": -0.10015527804824309, "camera_rotation_from_original_to_final": [0.03933313116431236, 0.09220603853464127, -0.040464770048856735], "camera_location": [5.256278991699219, 0.3016761839389801, -0.8902340531349182], "point_normal": [-0.48851633071899414, 0.18398629128932953, 0.8529366254806519], "camera_rotation_final_quaternion": [0.39548131823539734, 0.35861876606941223, -0.5668905973434448, -0.6273931860923767], "skybox_img": 4, "point_uuid": "142", "field_of_view_rads": 0.9322372163182677, "camera_rotation_final": [1.4705731868743896, 0.0016006851801648736, -2.015261173248291]}