{"camera_uuid": "16191", "obliqueness_angle": 0.8193720579147339, "nonfixated_points_in_view": [95], "camera_rotation_original": [1.5707963705062866, -0.14385993778705597, -1.8928858041763306], "point_location": [0.9536174535751343, -0.7778398990631104, -1.5063177347183228], "skybox_img_path": "./img/high/16191_skybox4.jpg", "resolution": 512, "camera_distance": 0.8101696101588842, "view_id": 12, "point_pitch": -0.7281843860957284, "camera_rotation_from_original_to_final": [0.23973502218723297, 0.7119114995002747, 0.14745865762233734], "camera_location": [0.3808310329914093, -0.6110624074935913, -0.9581610560417175], "point_normal": [-0.008941924199461937, -0.0010165447602048516, 0.9999595284461975], "camera_rotation_final_quaternion": [0.6175692081451416, 0.20921136438846588, -0.34341394901275635, -0.6759480237960815], "skybox_img": 4, "point_uuid": "89", "field_of_view_rads": 1.794124606241639, "camera_rotation_final": [0.8183108568191528, -0.14180651307106018, -1.7225738763809204]}