{"camera_uuid": "11114", "obliqueness_angle": 1.0059456825256348, "nonfixated_points_in_view": [], "camera_rotation_original": [1.5707963705062866, -0.08015275001525879, -2.2269163131713867], "point_location": [0.580907940864563, -0.050188999623060226, -1.4085019826889038], "skybox_img_path": "./img/high/11114_skybox4.jpg", "resolution": 512, "camera_distance": 0.8730727980831766, "view_id": 13, "point_pitch": -0.37485162814589934, "camera_rotation_from_original_to_final": [0.2784505784511566, 0.32562950253486633, 0.70634526014328], "camera_location": [-0.2144644558429718, -0.0556340329349041, -1.0484890937805176], "point_normal": [-0.16356271505355835, 0.2954562306404114, 0.941250741481781], "camera_rotation_final_quaternion": [0.6159899234771729, 0.37142008543014526, -0.39480555057525635, -0.57160484790802], "skybox_img": 4, "point_uuid": "57", "field_of_view_rads": 0.6651429173367224, "camera_rotation_final": [1.1448962688446045, -0.06182081624865532, -1.5359296798706055]}