{"camera_uuid": "13090", "obliqueness_angle": 1.331363320350647, "nonfixated_points_in_view": [72, 92], "camera_rotation_original": [1.5707963705062866, -0.15201430022716522, -0.9649993181228638], "point_location": [4.896637916564941, 0.275483638048172, -1.4008036851882935], "skybox_img_path": "./img/high/13090_skybox4.jpg", "resolution": 512, "camera_distance": 0.28068524563102676, "view_id": 0, "point_pitch": -0.6302930553767343, "camera_rotation_from_original_to_final": [-0.35980287194252014, 0.44936656951904297, -0.5491914749145508], "camera_location": [4.66213321685791, 0.2436155080795288, -1.2498859167099], "point_normal": [-0.7319196462631226, 0.15615351498126984, -0.6632569432258606], "camera_rotation_final_quaternion": [0.7064647674560547, 0.3343547284603119, -0.3454979956150055, -0.5193703770637512], "skybox_img": 4, "point_uuid": "93", "field_of_view_rads": 2.078591559549699, "camera_rotation_final": [0.9966827630996704, -0.1413263976573944, -1.3448749780654907]}