{"camera_uuid": "8864", "obliqueness_angle": 1.2954325675964355, "nonfixated_points_in_view": [], "camera_rotation_original": [-1.570796251296997, -2.983084201812744, 0.10275545716285706], "point_location": [-0.11395721882581711, -0.04560520127415657, -1.4123445749282837], "skybox_img_path": "./img/high/8864_skybox4.jpg", "resolution": 512, "camera_distance": 0.8043982671160246, "view_id": 9, "point_pitch": -0.3423442085597177, "camera_rotation_from_original_to_final": [0.2908880412578583, 0.029417414218187332, -0.34076181054115295], "camera_location": [0.07085391879081726, 0.7021670937538147, -1.1805299520492554], "point_normal": [0.004181658383458853, -0.01849798485636711, 0.9998201131820679], "camera_rotation_final_quaternion": [-0.033672891557216644, -0.11871130019426346, -0.5846500992774963, -0.8018466234207153], "skybox_img": 4, "point_uuid": "192", "field_of_view_rads": 1.957036885090066, "camera_rotation_final": [-1.8666187524795532, -2.9900100231170654, -0.1963050365447998]}