{"camera_uuid": "11226", "obliqueness_angle": 1.059462547302246, "nonfixated_points_in_view": [], "camera_rotation_original": [1.5707963705062866, -0.03817594796419144, -2.1278505325317383], "point_location": [2.4280853271484375, -0.49214041233062744, -0.8174121379852295], "skybox_img_path": "./img/high/11226_skybox4.jpg", "resolution": 512, "camera_distance": 0.8066120208660386, "view_id": 4, "point_pitch": -0.036229415735926196, "camera_rotation_from_original_to_final": [0.03395490720868111, 0.04446345195174217, 0.5346475839614868], "camera_location": [1.6229369640350342, -0.47360727190971375, -0.772516667842865], "point_normal": [-0.53856360912323, -0.546765923500061, -0.641089916229248], "camera_rotation_final_quaternion": [0.5162542462348938, 0.47211897373199463, -0.4992735683917999, -0.5111860632896423], "skybox_img": 4, "point_uuid": "141", "field_of_view_rads": 0.5961933550608073, "camera_rotation_final": [1.5150783061981201, -0.03282881900668144, -1.5919798612594604]}