{"camera_uuid": "8899", "obliqueness_angle": 0.8402777314186096, "nonfixated_points_in_view": [124, 127], "camera_rotation_original": [1.5707963705062866, -0.06502356380224228, 1.9275894165039062], "point_location": [0.2828949987888336, -0.2686469852924347, -1.422070026397705], "skybox_img_path": "./img/high/8899_skybox4.jpg", "resolution": 512, "camera_distance": 0.5692530354099321, "view_id": 18, "point_pitch": -0.4485770901057382, "camera_rotation_from_original_to_final": [0.1773805171251297, -0.42841848731040955, 0.1477477252483368], "camera_location": [0.7195790410041809, -0.0057947575114667416, -1.168565034866333], "point_normal": [0.28670570254325867, 0.045856814831495285, 0.9569205641746521], "camera_rotation_final_quaternion": [0.3918102979660034, 0.27523869276046753, 0.4489755928516388, 0.7544198036193848], "skybox_img": 4, "point_uuid": "105", "field_of_view_rads": 1.9554518605800617, "camera_rotation_final": [1.108249545097351, -0.06350721418857574, 2.1442666053771973]}