{"camera_uuid": "6582", "obliqueness_angle": 1.1530932188034058, "nonfixated_points_in_view": [], "camera_rotation_original": [1.5707963705062866, 0.15406477451324463, 1.3221769332885742], "point_location": [3.6669938564300537, 1.5509448051452637, -1.3941354751586914], "skybox_img_path": "./img/high/6582_skybox4.jpg", "resolution": 512, "camera_distance": 0.7036850873158544, "view_id": 1, "point_pitch": -0.6916770180079599, "camera_rotation_from_original_to_final": [-0.22909963130950928, -0.6317140460014343, 0.2922738194465637], "camera_location": [4.220426082611084, 1.5413706302642822, -0.9596313834190369], "point_normal": [0.3106723129749298, -0.9194551110267639, 0.24100880324840546], "camera_rotation_final_quaternion": [0.6997430920600891, 0.28055503964424133, 0.3354909121990204, 0.56488436460495], "skybox_img": 4, "point_uuid": "61", "field_of_view_rads": 1.6316217442386929, "camera_rotation_final": [0.8959436416625977, 0.15315060317516327, 1.432029366493225]}