{"camera_uuid": "8045", "obliqueness_angle": 1.0462384223937988, "nonfixated_points_in_view": [77], "camera_rotation_original": [1.5707963705062866, 0.004049177747219801, 1.0773528814315796], "point_location": [-0.30368760228157043, 1.3439174890518188, -0.7665223479270935], "skybox_img_path": "./img/high/8045_skybox4.jpg", "resolution": 512, "camera_distance": 0.8809032316930832, "view_id": 8, "point_pitch": 0.024152354398045972, "camera_rotation_from_original_to_final": [0.011080200783908367, 0.020342012867331505, -0.24676065146923065], "camera_location": [0.34646978974342346, 0.7498891949653625, -0.7869249582290649], "point_normal": [0.9422652125358582, 0.29410141706466675, -0.16012726724147797], "camera_rotation_final_quaternion": [0.6400320529937744, 0.6538984775543213, 0.28982311487197876, 0.28067484498023987], "skybox_img": 4, "point_uuid": "180", "field_of_view_rads": 1.6816280418618088, "camera_rotation_final": [1.5939598083496094, 0.003926461562514305, 0.8305719494819641]}