{"camera_uuid": "7148", "obliqueness_angle": 1.0619107484817505, "nonfixated_points_in_view": [], "camera_rotation_original": [1.5707963705062866, 0.12084828317165375, -0.29855862259864807], "point_location": [2.813992500305176, 1.206691026687622, -1.412956953048706], "skybox_img_path": "./img/high/7148_skybox4.jpg", "resolution": 512, "camera_distance": 0.8000713813170857, "view_id": 15, "point_pitch": -0.7002896507594247, "camera_rotation_from_original_to_final": [-0.6473928689956665, 0.20936715602874756, 0.17634019255638123], "camera_location": [2.7887349128723145, 0.5826307535171509, -0.9129319190979004], "point_normal": [-0.8119872808456421, -0.5835861563682556, 0.010192384012043476], "camera_rotation_final_quaternion": [0.8971663117408752, 0.4323410093784332, 0.02436254359781742, -0.0870652049779892], "skybox_img": 4, "point_uuid": "163", "field_of_view_rads": 0.9239011772765595, "camera_rotation_final": [0.8899537324905396, 0.1192808747291565, -0.13654926419258118]}