{"camera_uuid": "0660", "obliqueness_angle": 1.2431445121765137, "nonfixated_points_in_view": [57], "camera_rotation_original": [1.5707963705062866, -0.025138886645436287, -0.9509836435317993], "point_location": [2.5494112968444824, 3.0172948837280273, -1.405600666999817], "skybox_img_path": "./img/high/0660_skybox4.jpg", "resolution": 512, "camera_distance": 0.9949939565379188, "view_id": 0, "point_pitch": -0.40691904624434905, "camera_rotation_from_original_to_final": [-0.2387266904115677, 0.3201255202293396, -0.45499175786972046], "camera_location": [1.6506987810134888, 2.8317818641662598, -1.0210051536560059], "point_normal": [-0.03991111367940903, -0.9602947235107422, 0.2761182188987732], "camera_rotation_final_quaternion": [0.6520612835884094, 0.4249730408191681, -0.35515162348747253, -0.5177657008171082], "skybox_img": 4, "point_uuid": "54", "field_of_view_rads": 2.078591559549699, "camera_rotation_final": [1.1738178730010986, -0.02309037186205387, -1.3575555086135864]}