{"camera_uuid": "4936", "obliqueness_angle": 0.9580029845237732, "nonfixated_points_in_view": [], "camera_rotation_original": [-1.570796251296997, -3.0387661457061768, 0.013250739313662052], "point_location": [-0.30368760228157043, 1.3439174890518188, -0.7665223479270935], "skybox_img_path": "./img/high/4936_skybox4.jpg", "resolution": 512, "camera_distance": 0.9628887988957234, "view_id": 48, "point_pitch": 0.5627033273365836, "camera_rotation_from_original_to_final": [-0.6009552478790283, 0.0019893792923539877, -0.3524196445941925], "camera_location": [-0.04257301986217499, 2.094006061553955, -1.3108946084976196], "point_normal": [0.9422652125358582, 0.29410141706466675, -0.16012726724147797], "camera_rotation_final_quaternion": [-0.05133156478404999, -0.19708360731601715, -0.8624585866928101, -0.4633446931838989], "skybox_img": 4, "point_uuid": "180", "field_of_view_rads": 1.689463874588242, "camera_rotation_final": [-0.9668769836425781, -3.04736065864563, -0.39981532096862793]}