{"camera_uuid": "9378", "obliqueness_angle": 0.8402143120765686, "nonfixated_points_in_view": [], "camera_rotation_original": [-1.570796251296997, 3.100895881652832, -0.032409582287073135], "point_location": [2.9207348823547363, -0.5152132511138916, -0.5628843903541565], "skybox_img_path": "./img/high/9378_skybox4.jpg", "resolution": 512, "camera_distance": 0.4370366232085158, "view_id": 50, "point_pitch": -0.7121583660456796, "camera_rotation_from_original_to_final": [0.7091909050941467, -0.030906178057193756, 0.06290882080793381], "camera_location": [2.9052493572235107, -0.18404358625411987, -0.2781250774860382], "point_normal": [-0.26315274834632874, 0.039460260421037674, 0.9639468193054199], "camera_rotation_final_quaternion": [0.00312625290825963, -0.020930252969264984, 0.41686657071113586, 0.9087213277816772], "skybox_img": 4, "point_uuid": "152", "field_of_view_rads": 1.7804764599127723, "camera_rotation_final": [-2.2811570167541504, 3.100935459136963, 0.011778466403484344]}