{"camera_uuid": "13727", "obliqueness_angle": 1.2821910381317139, "nonfixated_points_in_view": [], "camera_rotation_original": [1.5707963705062866, -0.03315477818250656, -1.8781384229660034], "point_location": [1.1332991123199463, -0.8327366709709167, -1.4375404119491577], "skybox_img_path": "./img/high/13727_skybox4.jpg", "resolution": 512, "camera_distance": 0.8814961950187006, "view_id": 34, "point_pitch": -0.6230797012660165, "camera_rotation_from_original_to_final": [0.21956148743629456, 0.6061787605285645, 0.5942689180374146], "camera_location": [0.44287440180778503, -0.9851667881011963, -0.9111238718032837], "point_normal": [-0.5603585243225098, 0.8280418515205383, -0.018577322363853455], "camera_rotation_final_quaternion": [0.7064703106880188, 0.3448568880558014, -0.28719520568847656, -0.5472589135169983], "skybox_img": 4, "point_uuid": "147", "field_of_view_rads": 2.1797545326211765, "camera_rotation_final": [0.9305098652839661, -0.02834155596792698, -1.3323965072631836]}