{"camera_uuid": "8582", "obliqueness_angle": 1.1912286281585693, "nonfixated_points_in_view": [], "camera_rotation_original": [1.5707963705062866, 0.08280391246080399, -2.355353355407715], "point_location": [2.6072916984558105, 0.47235140204429626, -1.3380800485610962], "skybox_img_path": "./img/high/8582_skybox4.jpg", "resolution": 512, "camera_distance": 0.5159207637320516, "view_id": 10, "point_pitch": -0.7711841305110116, "camera_rotation_from_original_to_final": [0.6199244856834412, 0.4983518421649933, 0.158966526389122], "camera_location": [2.34360671043396, 0.7305440902709961, -0.977551281452179], "point_normal": [-0.9810226559638977, -0.18625010550022125, -0.0539044626057148], "camera_rotation_final_quaternion": [0.30749478936195374, 0.1708052009344101, -0.34845706820487976, -0.8688211441040039], "skybox_img": 4, "point_uuid": "87", "field_of_view_rads": 1.274054123740192, "camera_rotation_final": [0.7937214374542236, 0.08259475976228714, -2.4266324043273926]}