{"camera_uuid": "10781", "obliqueness_angle": 0.9252749085426331, "nonfixated_points_in_view": [], "camera_rotation_original": [1.5707963705062866, -0.08273650705814362, 2.238694667816162], "point_location": [0.9536174535751343, -0.7778398990631104, -1.5063177347183228], "skybox_img_path": "./img/high/10781_skybox4.jpg", "resolution": 512, "camera_distance": 0.8731032445063593, "view_id": 1, "point_pitch": -0.6019357879969736, "camera_rotation_from_original_to_final": [0.4401080310344696, -0.49409613013267517, 0.47228437662124634], "camera_location": [1.1712125539779663, -0.11733093112707138, -0.9784072041511536], "point_normal": [-0.008941924199461937, -0.0010165447602048516, 0.9999595284461975], "camera_rotation_final_quaternion": [0.10479605942964554, 0.0887552872300148, 0.4356650412082672, 0.8895708322525024], "skybox_img": 4, "point_uuid": "89", "field_of_view_rads": 0.5256461677815203, "camera_rotation_final": [0.9197962880134583, -0.06664559245109558, 2.8740429878234863]}