{"camera_uuid": "15710", "obliqueness_angle": 1.260883092880249, "nonfixated_points_in_view": [], "camera_rotation_original": [1.5707963705062866, -0.013890852220356464, -2.5538487434387207], "point_location": [6.496413230895996, -0.9186689257621765, -1.3843356370925903], "skybox_img_path": "./img/high/15710_skybox4.jpg", "resolution": 512, "camera_distance": 0.7130616727497011, "view_id": 12, "point_pitch": -0.29465071757766204, "camera_rotation_from_original_to_final": [0.253137469291687, 0.1643436849117279, 0.4809446632862091], "camera_location": [5.9063920974731445, -0.5785437226295471, -1.1730376482009888], "point_normal": [-0.002619897248223424, 0.013651745393872261, 0.9999033808708191], "camera_rotation_final_quaternion": [0.407299667596817, 0.293404221534729, -0.5155108571052551, -0.6944562196731567], "skybox_img": 4, "point_uuid": "21", "field_of_view_rads": 0.9904486154446002, "camera_rotation_final": [1.2699298858642578, -0.012422341853380203, -2.089874744415283]}