{"camera_uuid": "7389", "obliqueness_angle": 1.2810746431350708, "nonfixated_points_in_view": [90], "camera_rotation_original": [1.5707963705062866, 0.05802689492702484, -2.2293334007263184], "point_location": [4.561407566070557, 1.4919605255126953, -1.3709478378295898], "skybox_img_path": "./img/high/7389_skybox4.jpg", "resolution": 512, "camera_distance": 0.49108342288862505, "view_id": 10, "point_pitch": -0.5355622013423105, "camera_rotation_from_original_to_final": [0.31887465715408325, 0.39194661378860474, 0.7380834221839905], "camera_location": [4.130481719970703, 1.4857641458511353, -1.1355174779891968], "point_normal": [-0.47309228777885437, 0.8454535603523254, -0.2477739304304123], "camera_rotation_final_quaternion": [0.5963724851608276, 0.37266454100608826, -0.3484481871128082, -0.619713544845581], "skybox_img": 4, "point_uuid": "26", "field_of_view_rads": 1.957036885090066, "camera_rotation_final": [1.0702279806137085, 0.046297233551740646, -1.5817302465438843]}