{"camera_uuid": "14069", "obliqueness_angle": 0.8872865438461304, "nonfixated_points_in_view": [], "camera_rotation_original": [1.5707963705062866, 0.008981699123978615, -2.113581657409668], "point_location": [2.745572328567505, -0.016294807195663452, -0.9296797513961792], "skybox_img_path": "./img/high/14069_skybox4.jpg", "resolution": 512, "camera_distance": 0.9571415195387113, "view_id": 78, "point_pitch": -0.20494381984206633, "camera_rotation_from_original_to_final": [0.1060686707496643, 0.17369337379932404, 0.20100590586662292], "camera_location": [1.8652939796447754, 0.3060503900051117, -0.7364867925643921], "point_normal": [-0.5854119062423706, 0.6019739508628845, -0.5430656671524048], "camera_rotation_final_quaternion": [0.44114503264427185, 0.36416542530059814, -0.5161992907524109, -0.6374267935752869], "skybox_img": 4, "point_uuid": "102", "field_of_view_rads": 2.0576205968287535, "camera_rotation_final": [1.3675483465194702, 0.008820169605314732, -1.923634648323059]}