{"camera_uuid": "10719", "obliqueness_angle": 0.7079890370368958, "nonfixated_points_in_view": [8, 92], "camera_rotation_original": [1.5707963705062866, -0.13199272751808167, -2.391669273376465], "point_location": [5.437486171722412, 0.3159542977809906, -0.8787023425102234], "skybox_img_path": "./img/high/10719_skybox4.jpg", "resolution": 512, "camera_distance": 0.79251705656364, "view_id": 8, "point_pitch": -0.24991051753493743, "camera_rotation_from_original_to_final": [0.18340256810188293, 0.17382362484931946, 0.015266504138708115], "camera_location": [4.915107250213623, 0.8782366514205933, -0.6811115741729736], "point_normal": [-0.7694647312164307, 0.4968859851360321, -0.4012836813926697], "camera_rotation_final_quaternion": [0.33838561177253723, 0.18466852605342865, -0.5841552019119263, -0.7142516374588013], "skybox_img": 4, "point_uuid": "4", "field_of_view_rads": 1.6816280418618088, "camera_rotation_final": [1.3165605068206787, -0.13192212581634521, -2.3587982654571533]}