{"camera_uuid": "8593", "obliqueness_angle": 0.8654422760009766, "nonfixated_points_in_view": [99], "camera_rotation_original": [1.5707963705062866, 0.1683054119348526, 2.6179442405700684], "point_location": [2.624671697616577, -0.7024632096290588, -0.5636605024337769], "skybox_img_path": "./img/high/8593_skybox4.jpg", "resolution": 512, "camera_distance": 0.6199984515649308, "view_id": 33, "point_pitch": -0.08037094672652678, "camera_rotation_from_original_to_final": [0.06387840211391449, -0.03728080913424492, 0.043392475694417953], "camera_location": [2.909670829772949, -0.15375985205173492, -0.5178546905517578], "point_normal": [-0.34883588552474976, 0.9258549809455872, -0.14528000354766846], "camera_rotation_final_quaternion": [0.23319140076637268, 0.10517588257789612, 0.6723078489303589, 0.6946668028831482], "skybox_img": 4, "point_uuid": "60", "field_of_view_rads": 1.82720328702949, "camera_rotation_final": [1.4957878589630127, 0.16822071373462677, 2.649960517883301]}