{"camera_uuid": "9816", "obliqueness_angle": 1.4101054668426514, "nonfixated_points_in_view": [], "camera_rotation_original": [1.5707963705062866, -0.06891928613185883, 0.7081284523010254], "point_location": [0.9227169156074524, 0.6807072758674622, -1.4383314847946167], "skybox_img_path": "./img/high/9816_skybox4.jpg", "resolution": 512, "camera_distance": 0.9259517718609134, "view_id": 15, "point_pitch": -0.41506330569716887, "camera_rotation_from_original_to_final": [-0.2935011386871338, -0.22524113953113556, -0.7371962070465088], "camera_location": [0.87111496925354, -0.18181070685386658, -1.1054850816726685], "point_normal": [0.9748377203941345, -0.22190459072589874, 0.021208828315138817], "camera_rotation_final_quaternion": [0.8244554400444031, 0.5650044083595276, -0.032217252999544144, -0.0023054461926221848], "skybox_img": 4, "point_uuid": "59", "field_of_view_rads": 0.9239011772765595, "camera_rotation_final": [1.2026102542877197, -0.050539713352918625, -0.04026954248547554]}