{"camera_uuid": "7998", "obliqueness_angle": 1.29275381565094, "nonfixated_points_in_view": [64, 77], "camera_rotation_original": [1.5707963705062866, 0.08195526897907257, 0.862079381942749], "point_location": [-0.30368760228157043, 1.3439174890518188, -0.7665223479270935], "skybox_img_path": "./img/high/7998_skybox4.jpg", "resolution": 512, "camera_distance": 0.9415060530583557, "view_id": 74, "point_pitch": -0.10384146769973235, "camera_rotation_from_original_to_final": [-0.07982078194618225, -0.09609498083591461, -0.25024229288101196], "camera_location": [0.2298334389925003, 0.5770740509033203, -0.6493043899536133], "point_normal": [0.9422652125358582, 0.29410141706466675, -0.16012726724147797], "camera_rotation_final_quaternion": [0.7238436341285706, 0.6229081153869629, 0.22301413118839264, 0.19570541381835938], "skybox_img": 4, "point_uuid": "180", "field_of_view_rads": 1.4547424917401932, "camera_rotation_final": [1.4455782175064087, 0.07912427186965942, 0.597909688949585]}