{"camera_uuid": "3529", "obliqueness_angle": 0.9846711158752441, "nonfixated_points_in_view": [], "camera_rotation_original": [1.5707963705062866, 0.005957901943475008, -2.577385902404785], "point_location": [1.6843894720077515, 1.1254421472549438, -1.4068831205368042], "skybox_img_path": "./img/high/3529_skybox4.jpg", "resolution": 512, "camera_distance": 0.9710404636926954, "view_id": 5, "point_pitch": -0.4836258133265634, "camera_rotation_from_original_to_final": [0.4164316654205322, 0.2500879168510437, 0.33767208456993103], "camera_location": [1.0385929346084595, 1.6940205097198486, -0.9567885994911194], "point_normal": [-0.13031253218650818, 0.011851518414914608, 0.9914022088050842], "camera_rotation_final_quaternion": [0.34976300597190857, 0.2148124724626541, -0.4712713658809662, -0.7806565761566162], "skybox_img": 4, "point_uuid": "111", "field_of_view_rads": 1.4604219695947274, "camera_rotation_final": [1.0888266563415527, 0.005723008885979652, -2.295687198638916]}