{"camera_uuid": "0638", "obliqueness_angle": 0.973432183265686, "nonfixated_points_in_view": [], "camera_rotation_original": [1.5707963705062866, 0.16555429995059967, -2.5104176998138428], "point_location": [1.607214331626892, 2.3642938137054443, -1.430482268333435], "skybox_img_path": "./img/high/0638_skybox4.jpg", "resolution": 512, "camera_distance": 0.9905694548861967, "view_id": 0, "point_pitch": -0.49380867083999114, "camera_rotation_from_original_to_final": [0.47674688696861267, 0.31599217653274536, -0.3249203860759735], "camera_location": [1.415603518486023, 3.178617000579834, -0.9000193476676941], "point_normal": [0.2987099289894104, 0.13948945701122284, 0.9440948963165283], "camera_rotation_final_quaternion": [0.025341873988509178, 0.09676694869995117, -0.47210121154785156, -0.8758506774902344], "skybox_img": 4, "point_uuid": "181", "field_of_view_rads": 2.078591559549699, "camera_rotation_final": [0.9988380670547485, 0.14609812200069427, -3.0039374828338623]}