{"camera_uuid": "7690", "obliqueness_angle": 1.4358185529708862, "nonfixated_points_in_view": [], "camera_rotation_original": [1.5707963705062866, -0.05067318305373192, 3.07542085647583], "point_location": [5.615777015686035, 2.4743409156799316, -1.4249221086502075], "skybox_img_path": "./img/high/7690_skybox4.jpg", "resolution": 512, "camera_distance": 0.8942609861798567, "view_id": 4, "point_pitch": -0.5467964847895761, "camera_rotation_from_original_to_final": [0.571600079536438, -0.035140883177518845, 0.5094106793403625], "camera_location": [5.286591053009033, 3.150064468383789, -0.940425455570221], "point_normal": [-0.9627537131309509, -0.11571325361728668, -0.2443682849407196], "camera_rotation_final_quaternion": [-0.21927160024642944, -0.09552177786827087, 0.4690238833427429, 0.8501836061477661], "skybox_img": 4, "point_uuid": "125", "field_of_view_rads": 1.957036885090066, "camera_rotation_final": [0.9976334571838379, -0.043278634548187256, 3.622833728790283]}