{"camera_uuid": "7444", "obliqueness_angle": 1.1891909837722778, "nonfixated_points_in_view": [], "camera_rotation_original": [1.5707963705062866, -0.021489616483449936, 0.49977031350135803], "point_location": [0.7851385474205017, 1.2789015769958496, -1.4171496629714966], "skybox_img_path": "./img/high/7444_skybox4.jpg", "resolution": 512, "camera_distance": 0.686533896636515, "view_id": 2, "point_pitch": -0.3374740322444101, "camera_rotation_from_original_to_final": [-0.3121192753314972, -0.16248607635498047, 0.6810507774353027], "camera_location": [1.3751742839813232, 1.0189485549926758, -1.1813297271728516], "point_normal": [0.04163115471601486, 0.017202280461788177, 0.9989850521087646], "camera_rotation_final_quaternion": [0.6824377179145813, 0.482698917388916, 0.30863410234451294, 0.45390036702156067], "skybox_img": 4, "point_uuid": "187", "field_of_view_rads": 0.6025778511851491, "camera_rotation_final": [1.2201095819473267, -0.016948141157627106, 1.1620099544525146]}