{"camera_uuid": "15603", "obliqueness_angle": 1.2832525968551636, "nonfixated_points_in_view": [], "camera_rotation_original": [1.5707963705062866, 0.06207123398780823, -1.8555930852890015], "point_location": [6.403560161590576, -0.3128143846988678, -1.373155951499939], "skybox_img_path": "./img/high/15603_skybox4.jpg", "resolution": 512, "camera_distance": 0.8143512458568267, "view_id": 22, "point_pitch": -0.4319287975642343, "camera_rotation_from_original_to_final": [0.12374341487884521, 0.3930015563964844, 0.38028964400291443], "camera_location": [5.658936500549316, -0.36595478653907776, -1.0477644205093384], "point_normal": [-0.4072767198085785, 0.9103356599807739, -0.07358577847480774], "camera_rotation_final_quaternion": [0.593637228012085, 0.41274213790893555, -0.36035844683647156, -0.5893900394439697], "skybox_img": 4, "point_uuid": "113", "field_of_view_rads": 0.5256461677815203, "camera_rotation_final": [1.1589943170547485, 0.05872160568833351, -1.5251795053482056]}