{"camera_uuid": "9004", "obliqueness_angle": 1.5520015954971313, "nonfixated_points_in_view": [12], "camera_rotation_original": [1.5707963705062866, 0.15297789871692657, 0.3215615749359131], "point_location": [0.9227169156074524, 0.6807072758674622, -1.4383314847946167], "skybox_img_path": "./img/high/9004_skybox4.jpg", "resolution": 512, "camera_distance": 0.7247646588256044, "view_id": 18, "point_pitch": -0.608822031817164, "camera_rotation_from_original_to_final": [-0.6694688200950623, -0.19816580414772034, -0.4720400869846344], "camera_location": [0.8027408123016357, 0.13655976951122284, -0.9748737812042236], "point_normal": [0.9748377203941345, -0.22190459072589874, 0.021208828315138817], "camera_rotation_final_quaternion": [0.8893380761146545, 0.424410879611969, -0.012070541270077229, -0.16972766816616058], "skybox_img": 4, "point_uuid": "59", "field_of_view_rads": 1.9554518605800617, "camera_rotation_final": [0.8706625699996948, 0.12290817499160767, -0.3199392259120941]}