{"camera_uuid": "6415", "obliqueness_angle": 0.6615757346153259, "nonfixated_points_in_view": [], "camera_rotation_original": [1.5707963705062866, -0.011969898827373981, 1.6862778663635254], "point_location": [0.9227169156074524, 0.6807072758674622, -1.4383314847946167], "skybox_img_path": "./img/high/6415_skybox4.jpg", "resolution": 512, "camera_distance": 0.9807127856899563, "view_id": 23, "point_pitch": -0.5804857452723642, "camera_rotation_from_original_to_final": [0.07781432569026947, -0.576335608959198, 0.014234061352908611], "camera_location": [1.733060598373413, 0.804914653301239, -0.9000813364982605], "point_normal": [0.9748377203941345, -0.22190459072589874, 0.021208828315138817], "camera_rotation_final_quaternion": [0.5683965682983398, 0.31192776560783386, 0.35816657543182373, 0.6718207597732544], "skybox_img": 4, "point_uuid": "59", "field_of_view_rads": 2.056502920039658, "camera_rotation_final": [0.9897787570953369, -0.011958067305386066, 1.7307416200637817]}