{"camera_uuid": "9013", "obliqueness_angle": 0.8223005533218384, "nonfixated_points_in_view": [], "camera_rotation_original": [1.5707963705062866, -0.024369755759835243, -1.9213038682937622], "point_location": [2.745572328567505, -0.016294807195663452, -0.9296797513961792], "skybox_img_path": "./img/high/9013_skybox4.jpg", "resolution": 512, "camera_distance": 0.7897225004404708, "view_id": 60, "point_pitch": -0.02306024630996184, "camera_rotation_from_original_to_final": [0.009383155964314938, 0.024917755275964737, 0.1465885490179062], "camera_location": [1.972504734992981, 0.14366194605827332, -0.9086563587188721], "point_normal": [-0.5854119062423706, 0.6019739508628845, -0.5430656671524048], "camera_rotation_final_quaternion": [0.45905038714408875, 0.4339430630207062, -0.5462443232536316, -0.5500757098197937], "skybox_img": 4, "point_uuid": "102", "field_of_view_rads": 1.4547424917401932, "camera_rotation_final": [1.5441642999649048, -0.024106571450829506, -1.7741867303848267]}