{"camera_uuid": "2340", "obliqueness_angle": 0.31977322697639465, "nonfixated_points_in_view": [], "camera_rotation_original": [-1.570796251296997, -3.045048952102661, 0.03973737731575966], "point_location": [0.32991182804107666, 2.4133899211883545, -1.3794349431991577], "skybox_img_path": "./img/high/2340_skybox4.jpg", "resolution": 512, "camera_distance": 0.5816956691142442, "view_id": 43, "point_pitch": -0.18457500537368254, "camera_rotation_from_original_to_final": [0.13499890267848969, -0.0074156299233436584, -0.5518661141395569], "camera_location": [0.6116964817047119, 2.9162564277648926, -1.3013802766799927], "point_normal": [0.7323230504989624, 0.6650322675704956, 0.14640741050243378], "camera_rotation_final_quaternion": [-0.15959151089191437, -0.192688450217247, -0.6291095614433289, -0.7359502911567688], "skybox_img": 4, "point_uuid": "151", "field_of_view_rads": 1.7513250082996996, "camera_rotation_final": [-1.7058537006378174, -3.058680534362793, -0.49950671195983887]}