{"camera_uuid": "7762", "obliqueness_angle": 1.254489541053772, "nonfixated_points_in_view": [101], "camera_rotation_original": [1.5707963705062866, 0.07108227908611298, 1.421230435371399], "point_location": [3.778554677963257, 2.2078869342803955, -0.9307063221931458], "skybox_img_path": "./img/high/7762_skybox4.jpg", "resolution": 512, "camera_distance": 0.7128616888888617, "view_id": 8, "point_pitch": 0.27535469929245515, "camera_rotation_from_original_to_final": [0.047362230718135834, 0.228419691324234, -0.6435874700546265], "camera_location": [4.263213634490967, 1.7116893529891968, -1.0952221155166626], "point_normal": [0.23373255133628845, 0.10200545191764832, -0.966935396194458], "camera_rotation_final_quaternion": [0.5809862613677979, 0.7174795269966125, 0.31719741225242615, 0.2169422209262848], "skybox_img": 4, "point_uuid": "128", "field_of_view_rads": 1.792492522379571, "camera_rotation_final": [1.8040677309036255, 0.0573028028011322, 0.7872413992881775]}