{"camera_uuid": "12169", "obliqueness_angle": 1.141735553741455, "nonfixated_points_in_view": [], "camera_rotation_original": [1.5707963705062866, 0.03155164048075676, 0.7046607136726379], "point_location": [4.301836967468262, 1.017685055732727, -0.9298179745674133], "skybox_img_path": "./img/high/12169_skybox4.jpg", "resolution": 512, "camera_distance": 0.9322656558135979, "view_id": 4, "point_pitch": 0.09179456631210847, "camera_rotation_from_original_to_final": [0.07416144013404846, 0.06254089623689651, 0.16572162508964539], "camera_location": [5.009893894195557, 0.4179958999156952, -1.0200819969177246], "point_normal": [0.8034110069274902, 0.2184903621673584, 0.553888738155365], "camera_rotation_final_quaternion": [0.61403489112854, 0.6669307947158813, 0.3218921720981598, 0.27303826808929443], "skybox_img": 4, "point_uuid": "143", "field_of_view_rads": 0.7352830670651015, "camera_rotation_final": [1.6678178310394287, 0.031115811318159103, 0.8711034059524536]}