{"camera_uuid": "8476", "obliqueness_angle": 1.5130646228790283, "nonfixated_points_in_view": [], "camera_rotation_original": [1.5707963705062866, -0.1416034698486328, -0.15123297274112701], "point_location": [2.813992500305176, 1.206691026687622, -1.412956953048706], "skybox_img_path": "./img/high/8476_skybox4.jpg", "resolution": 512, "camera_distance": 0.8255925458251484, "view_id": 2, "point_pitch": -0.23255245288344817, "camera_rotation_from_original_to_final": [-0.3196288049221039, 0.07851241528987885, 0.6989451050758362], "camera_location": [3.233001947402954, 0.5467002987861633, -1.1475396156311035], "point_normal": [-0.8119872808456421, -0.5835861563682556, 0.010192384012043476], "camera_rotation_final_quaternion": [0.7669745683670044, 0.5673760175704956, 0.13168489933013916, 0.269246369600296], "skybox_img": 4, "point_uuid": "163", "field_of_view_rads": 1.0910236528484336, "camera_rotation_final": [1.2416619062423706, -0.10371575504541397, 0.6010134220123291]}