{"camera_uuid": "7191", "obliqueness_angle": 1.294716238975525, "nonfixated_points_in_view": [], "camera_rotation_original": [1.5707963705062866, -0.1023745983839035, -1.847024917602539], "point_location": [3.3059499263763428, 1.507105827331543, -1.4197665452957153], "skybox_img_path": "./img/high/7191_skybox4.jpg", "resolution": 512, "camera_distance": 0.7910495444666471, "view_id": 9, "point_pitch": -0.2540016611430307, "camera_rotation_from_original_to_final": [0.06506727635860443, 0.23482750356197357, -0.10759623348712921], "camera_location": [2.5964207649230957, 1.80028235912323, -1.2290434837341309], "point_normal": [-0.034560561180114746, 0.0017010869923979044, 0.9994011521339417], "camera_rotation_final_quaternion": [0.47171491384506226, 0.3150899112224579, -0.5293087363243103, -0.6309006810188293], "skybox_img": 4, "point_uuid": "155", "field_of_view_rads": 0.6308923629985653, "camera_rotation_final": [1.3259987831115723, -0.10196135193109512, -1.937207818031311]}