{"camera_uuid": "8800", "obliqueness_angle": 0.5146358609199524, "nonfixated_points_in_view": [], "camera_rotation_original": [1.5707963705062866, 0.07977890968322754, -2.437035322189331], "point_location": [1.46160089969635, 0.19978925585746765, -1.450141191482544], "skybox_img_path": "./img/high/8800_skybox4.jpg", "resolution": 512, "camera_distance": 0.8333213636412876, "view_id": 12, "point_pitch": -0.44510786136123137, "camera_rotation_from_original_to_final": [0.33102869987487793, 0.2649717628955841, 0.3689839839935303], "camera_location": [0.8096033930778503, 0.5914304852485657, -1.1096402406692505], "point_normal": [-0.5807929635047913, 0.19898450374603271, 0.7893571853637695], "camera_rotation_final_quaternion": [0.3823601305484772, 0.28738224506378174, -0.4616362154483795, -0.7470636963844299], "skybox_img": 4, "point_uuid": "100", "field_of_view_rads": 0.9904486154446002, "camera_rotation_final": [1.1485576629638672, 0.07643751800060272, -2.1460084915161133]}