{"camera_uuid": "2226", "obliqueness_angle": 1.1634490489959717, "nonfixated_points_in_view": [], "camera_rotation_original": [1.5707963705062866, -0.139592245221138, -1.7950761318206787], "point_location": [2.133356809616089, 1.9143738746643066, -1.4239013195037842], "skybox_img_path": "./img/high/2226_skybox4.jpg", "resolution": 512, "camera_distance": 0.8983208228103722, "view_id": 11, "point_pitch": -0.47078697284194426, "camera_rotation_from_original_to_final": [0.09475051611661911, 0.45477166771888733, -0.06086462736129761], "camera_location": [1.3683947324752808, 2.1602537631988525, -1.0222094058990479], "point_normal": [0.056367747485637665, -0.008248048834502697, 0.9983760714530945], "camera_rotation_final_quaternion": [0.5531714558601379, 0.27561917901039124, -0.44772177934646606, -0.6462047696113586], "skybox_img": 4, "point_uuid": "2", "field_of_view_rads": 0.7352830670651015, "camera_rotation_final": [1.102294921875, -0.13957369327545166, -1.8115030527114868]}