{"camera_uuid": "14894", "obliqueness_angle": 1.1831773519515991, "nonfixated_points_in_view": [23], "camera_rotation_original": [1.5707963705062866, 0.14055001735687256, -0.44666242599487305], "point_location": [5.022676944732666, -0.4345104992389679, -1.360304355621338], "skybox_img_path": "./img/high/14894_skybox4.jpg", "resolution": 512, "camera_distance": 0.4825780354922843, "view_id": 18, "point_pitch": -0.505275889239039, "camera_rotation_from_original_to_final": [-0.41142672300338745, 0.1957114040851593, 0.3706658184528351], "camera_location": [5.0081400871276855, -0.8681399822235107, -1.149032711982727], "point_normal": [0.020464561879634857, 0.0647537112236023, 0.9976915121078491], "camera_rotation_final_quaternion": [0.8444221019744873, 0.5293340086936951, 0.03010968491435051, -0.07648659497499466], "skybox_img": 4, "point_uuid": "62", "field_of_view_rads": 1.9554518605800617, "camera_rotation_final": [1.1133570671081543, 0.13220930099487305, -0.09831266850233078]}