{"camera_uuid": "10178", "obliqueness_angle": 0.9290184378623962, "nonfixated_points_in_view": [], "camera_rotation_original": [1.5707963705062866, -0.11566335707902908, 1.0291266441345215], "point_location": [2.8440728187561035, 0.5467994809150696, -1.3693242073059082], "skybox_img_path": "./img/high/10178_skybox4.jpg", "resolution": 512, "camera_distance": 0.6435073464655249, "view_id": 12, "point_pitch": -0.5243708332392831, "camera_rotation_from_original_to_final": [-0.26965251564979553, -0.4430660903453827, -0.059413254261016846], "camera_location": [3.284529209136963, 0.20025208592414856, -1.053088903427124], "point_normal": [0.9891408681869507, 0.14696341753005981, 0.0014960329281166196], "camera_rotation_final_quaternion": [0.7500814199447632, 0.4672146141529083, 0.18973203003406525, 0.4278903305530548], "skybox_img": 4, "point_uuid": "6", "field_of_view_rads": 0.9904486154446002, "camera_rotation_final": [1.0532854795455933, -0.11546064913272858, 0.9696490168571472]}