{"camera_uuid": "14610", "obliqueness_angle": 0.44605550169944763, "nonfixated_points_in_view": [], "camera_rotation_original": [1.5707963705062866, -0.06565757095813751, 0.0816950649023056], "point_location": [4.966612815856934, 0.5080769658088684, -1.3585069179534912], "skybox_img_path": "./img/high/14610_skybox4.jpg", "resolution": 512, "camera_distance": 0.6343175453270861, "view_id": 0, "point_pitch": -0.6886498173091073, "camera_rotation_from_original_to_final": [-0.6862979531288147, -0.06683983653783798, 0.0059599494561553], "camera_location": [4.994417667388916, 0.019164307042956352, -0.9553319811820984], "point_normal": [-0.30664733052253723, -0.5435833930969238, 0.7813350558280945], "camera_rotation_final_quaternion": [0.9020501375198364, 0.4268038868904114, -0.006027426570653915, 0.06409075856208801], "skybox_img": 4, "point_uuid": "115", "field_of_view_rads": 1.6816280418618088, "camera_rotation_final": [0.88022780418396, -0.06562955677509308, 0.11094693839550018]}