{"camera_uuid": "6953", "obliqueness_angle": 1.0056774616241455, "nonfixated_points_in_view": [], "camera_rotation_original": [1.5707963705062866, -0.12133648991584778, -2.8733158111572266], "point_location": [2.745572328567505, -0.016294807195663452, -0.9296797513961792], "skybox_img_path": "./img/high/6953_skybox4.jpg", "resolution": 512, "camera_distance": 0.7288360438970298, "view_id": 1, "point_pitch": -0.1659981449458261, "camera_rotation_from_original_to_final": [0.13333770632743835, 0.034508150070905685, -0.2420468032360077], "camera_location": [2.7282028198242188, 0.705434262752533, -0.8296423554420471], "point_normal": [-0.5854119062423706, 0.6019739508628845, -0.5430656671524048], "camera_rotation_final_quaternion": [0.05403149127960205, -0.031285833567380905, -0.6560434699058533, -0.7521361708641052], "skybox_img": 4, "point_uuid": "102", "field_of_view_rads": 0.9239011772765595, "camera_rotation_final": [1.432131052017212, -0.11823169142007828, -3.1010704040527344]}