{"camera_uuid": "3269", "obliqueness_angle": 0.5551000237464905, "nonfixated_points_in_view": [], "camera_rotation_original": [1.5707963705062866, 0.11231246590614319, 1.7721681594848633], "point_location": [0.32991182804107666, 2.4133899211883545, -1.3794349431991577], "skybox_img_path": "./img/high/3269_skybox4.jpg", "resolution": 512, "camera_distance": 0.7298938648815151, "view_id": 36, "point_pitch": -0.2660226066920419, "camera_rotation_from_original_to_final": [0.05125505477190018, -0.2650260329246521, -0.02549300715327263], "camera_location": [1.0216217041015625, 2.5415966510772705, -1.184895634651184], "point_normal": [0.7323230504989624, 0.6650322675704956, 0.14640741050243378], "camera_rotation_final_quaternion": [0.5435788035392761, 0.35949358344078064, 0.4873386323451996, 0.5811949372291565], "skybox_img": 4, "point_uuid": "151", "field_of_view_rads": 0.9320269806742028, "camera_rotation_final": [1.2992548942565918, 0.11217732727527618, 1.722907543182373]}