{"camera_uuid": "0930", "obliqueness_angle": 1.2339874505996704, "nonfixated_points_in_view": [66], "camera_rotation_original": [1.5707963705062866, 0.000405596976634115, 2.844456672668457], "point_location": [1.607214331626892, 2.3642938137054443, -1.430482268333435], "skybox_img_path": "./img/high/0930_skybox4.jpg", "resolution": 512, "camera_distance": 0.5651517079318201, "view_id": 3, "point_pitch": -0.31810657580825286, "camera_rotation_from_original_to_final": [0.3048210144042969, -0.09158241003751755, 0.6066460609436035], "camera_location": [1.4365206956863403, 2.8732733726501465, -1.2538472414016724], "point_normal": [0.2987099289894104, 0.13948945701122284, 0.9440948963165283], "camera_rotation_final_quaternion": [-0.1303563117980957, -0.09454111009836197, 0.5786102414131165, 0.7995495200157166], "skybox_img": 4, "point_uuid": "181", "field_of_view_rads": 1.0386947080855735, "camera_rotation_final": [1.2529258728027344, 0.0003296112408861518, 3.465061664581299]}