{"camera_uuid": "13500", "obliqueness_angle": 0.3006998300552368, "nonfixated_points_in_view": [], "camera_rotation_original": [1.5707963705062866, 0.024240093305706978, -2.770498752593994], "point_location": [1.1332991123199463, -0.8327366709709167, -1.4375404119491577], "skybox_img_path": "./img/high/13500_skybox4.jpg", "resolution": 512, "camera_distance": 0.7768273411423486, "view_id": 29, "point_pitch": -0.265961809954371, "camera_rotation_from_original_to_final": [0.2408120334148407, 0.09314005076885223, 0.35475340485572815], "camera_location": [0.6411240100860596, -0.2653058171272278, -1.2394328117370605], "point_normal": [-0.5603585243225098, 0.8280418515205383, -0.018577322363853455], "camera_rotation_final_quaternion": [0.26821669936180115, 0.2201746702194214, -0.569221019744873, -0.7453659176826477], "skybox_img": 4, "point_uuid": "147", "field_of_view_rads": 1.6403442297244761, "camera_rotation_final": [1.312857747077942, 0.022874249145388603, -2.4331321716308594]}