{"camera_uuid": "10350", "obliqueness_angle": 1.3360843658447266, "nonfixated_points_in_view": [], "camera_rotation_original": [1.5707963705062866, 0.010460303165018559, -2.603104829788208], "point_location": [5.577847957611084, 0.5073602795600891, -0.8285789489746094], "skybox_img_path": "./img/high/10350_skybox4.jpg", "resolution": 512, "camera_distance": 0.8313656504209562, "view_id": 33, "point_pitch": -0.2730969627711435, "camera_rotation_from_original_to_final": [0.237380713224411, 0.13922898471355438, -0.11967112123966217], "camera_location": [5.264580726623535, 1.2437269687652588, -0.6031979918479919], "point_normal": [0.047805894166231155, -0.0227388683706522, 0.9985978007316589], "camera_rotation_final_quaternion": [0.15504662692546844, 0.1237768679857254, -0.5908728241920471, -0.7819905281066895], "skybox_img": 4, "point_uuid": "11", "field_of_view_rads": 1.82720328702949, "camera_rotation_final": [1.296248435974121, 0.01035917829722166, -2.742281675338745]}