{"camera_uuid": "13367", "obliqueness_angle": 1.1663894653320312, "nonfixated_points_in_view": [], "camera_rotation_original": [1.5707963705062866, 0.061435312032699585, 0.7653129696846008], "point_location": [4.301836967468262, 1.017685055732727, -0.9298179745674133], "skybox_img_path": "./img/high/13367_skybox4.jpg", "resolution": 512, "camera_distance": 0.9107443010836198, "view_id": 2, "point_pitch": -0.29425828059646086, "camera_rotation_from_original_to_final": [-0.23125287890434265, -0.21873386204242706, -0.3435438573360443], "camera_location": [4.635650634765625, 0.2192811816930771, -0.645960807800293], "point_normal": [0.41032981872558594, 0.04652121290564537, 0.9107499122619629], "camera_rotation_final_quaternion": [0.798426628112793, 0.5714789628982544, 0.13256609439849854, 0.13547292351722717], "skybox_img": 4, "point_uuid": "143", "field_of_view_rads": 1.1263039557204935, "camera_rotation_final": [1.2533085346221924, 0.05687940493226051, 0.3773343861103058]}