{"camera_uuid": "8555", "obliqueness_angle": 0.8320542573928833, "nonfixated_points_in_view": [], "camera_rotation_original": [1.5707963705062866, 0.1413268893957138, 1.0086512565612793], "point_location": [4.439915180206299, 3.184283494949341, -1.3906426429748535], "skybox_img_path": "./img/high/8555_skybox4.jpg", "resolution": 512, "camera_distance": 0.8677181626393218, "view_id": 0, "point_pitch": -0.4212975939128061, "camera_rotation_from_original_to_final": [-0.21360935270786285, -0.3159484267234802, 0.3626405894756317], "camera_location": [5.224233150482178, 2.9984452724456787, -1.0693261623382568], "point_normal": [0.32773926854133606, -0.7354298233985901, 0.5930683016777039], "camera_rotation_final_quaternion": [0.6851256489753723, 0.4134717285633087, 0.37932953238487244, 0.4644922614097595], "skybox_img": 4, "point_uuid": "92", "field_of_view_rads": 1.1263039557204935, "camera_rotation_final": [1.1877410411834717, 0.13608762621879578, 1.2835299968719482]}