{"camera_uuid": "16323", "obliqueness_angle": 0.8004616498947144, "nonfixated_points_in_view": [], "camera_rotation_original": [1.5707963705062866, -0.05892198532819748, -1.1383782625198364], "point_location": [6.496413230895996, -0.9186689257621765, -1.3843356370925903], "skybox_img_path": "./img/high/16323_skybox4.jpg", "resolution": 512, "camera_distance": 0.7028929016046309, "view_id": 10, "point_pitch": -0.7804671963069101, "camera_rotation_from_original_to_final": [-0.40439409017562866, 0.6764876246452332, -0.32091113924980164], "camera_location": [6.007605075836182, -1.0415579080581665, -0.8944138884544373], "point_normal": [-0.002619897248223424, 0.013651745393872261, 0.9999033808708191], "camera_rotation_final_quaternion": [0.7489041686058044, 0.29693880677223206, -0.2516416907310486, -0.5363267064094543], "skybox_img": 4, "point_uuid": "21", "field_of_view_rads": 1.957036885090066, "camera_rotation_final": [0.797917366027832, -0.058431822806596756, -1.267602562904358]}