{"camera_uuid": "11404", "obliqueness_angle": 1.4890422821044922, "nonfixated_points_in_view": [], "camera_rotation_original": [1.5707963705062866, 0.07324568927288055, 0.6002605557441711], "point_location": [-0.34234288334846497, 0.8369564414024353, -0.7921566963195801], "skybox_img_path": "./img/high/11404_skybox4.jpg", "resolution": 512, "camera_distance": 0.9861974228288662, "view_id": 5, "point_pitch": -0.11435393889876799, "camera_rotation_from_original_to_final": [-0.12499651312828064, -0.10670878738164902, -0.7173694968223572], "camera_location": [-0.4639278054237366, -0.12851497530937195, -0.6319459676742554], "point_normal": [0.04777548089623451, 0.07583989202976227, 0.9959748387336731], "camera_rotation_final_quaternion": [0.7592824697494507, 0.6467292308807373, -0.022688960656523705, -0.0686778575181961], "skybox_img": 4, "point_uuid": "121", "field_of_view_rads": 2.119048415795751, "camera_rotation_final": [1.4073761701583862, 0.0544041246175766, -0.13423983752727509]}