{"camera_uuid": "6943", "obliqueness_angle": 0.6344202756881714, "nonfixated_points_in_view": [123], "camera_rotation_original": [1.5707963705062866, 0.16642795503139496, 0.6864535808563232], "point_location": [1.098549485206604, 1.1407040357589722, -1.4134143590927124], "skybox_img_path": "./img/high/6943_skybox4.jpg", "resolution": 512, "camera_distance": 0.636776843229182, "view_id": 1, "point_pitch": -0.6684138019892831, "camera_rotation_from_original_to_final": [-0.6421365141868591, -0.4421693980693817, -0.3875180780887604], "camera_location": [1.1703523397445679, 0.6853673458099365, -0.9740994572639465], "point_normal": [-0.13369430601596832, -0.9747203588485718, 0.179014191031456], "camera_rotation_final_quaternion": [0.9191305637359619, 0.3881002962589264, 0.06652941554784775, -0.012288837693631649], "skybox_img": 4, "point_uuid": "1", "field_of_view_rads": 1.6316217442386929, "camera_rotation_final": [0.8010140657424927, 0.13222196698188782, 0.0293100755661726]}