{"camera_uuid": "12133", "obliqueness_angle": 1.2333135604858398, "nonfixated_points_in_view": [], "camera_rotation_original": [1.5707963705062866, 0.09426900744438171, 1.8878742456436157], "point_location": [5.518570899963379, 1.8022818565368652, -0.9034366607666016], "skybox_img_path": "./img/high/12133_skybox4.jpg", "resolution": 512, "camera_distance": 0.6975587875022016, "view_id": 4, "point_pitch": -0.6702551086756845, "camera_rotation_from_original_to_final": [0.21326372027397156, -0.6227074265480042, 0.14056186378002167], "camera_location": [5.9952802658081055, 2.084416627883911, -0.47948333621025085], "point_normal": [-0.3810344636440277, 0.07813670486211777, 0.9212532639503479], "camera_rotation_final_quaternion": [0.4890884757041931, 0.19637231528759003, 0.3969312310218811, 0.7514492273330688], "skybox_img": 4, "point_uuid": "103", "field_of_view_rads": 0.7352830670651015, "camera_rotation_final": [0.9142048358917236, 0.09327653795480728, 2.033535957336426]}