{"camera_uuid": "5964", "obliqueness_angle": 1.2832225561141968, "nonfixated_points_in_view": [], "camera_rotation_original": [1.5707963705062866, 0.026110440492630005, -0.310928076505661], "point_location": [0.48665541410446167, 2.050424337387085, -1.4244725704193115], "skybox_img_path": "./img/high/5964_skybox4.jpg", "resolution": 512, "camera_distance": 0.6528332135786108, "view_id": 8, "point_pitch": -0.2589251240107675, "camera_rotation_from_original_to_final": [-0.23889827728271484, 0.07522104680538177, 0.3331732153892517], "camera_location": [0.5063822269439697, 1.4182332754135132, -1.262804627418518], "point_normal": [-0.7788903117179871, -0.1622719019651413, 0.6058033108711243], "camera_rotation_final_quaternion": [0.789819598197937, 0.6130890846252441, 0.017367025837302208, 0.002270139055326581], "skybox_img": 4, "point_uuid": "167", "field_of_view_rads": 1.274054123740192, "camera_rotation_final": [1.320474624633789, 0.02465253882110119, 0.0248912014067173]}