{"camera_uuid": "5447", "obliqueness_angle": 1.469226360321045, "nonfixated_points_in_view": [], "camera_rotation_original": [1.5707963705062866, -0.00259793340228498, -3.0280001163482666], "point_location": [-0.34234288334846497, 0.8369564414024353, -0.7921566963195801], "skybox_img_path": "./img/high/5447_skybox4.jpg", "resolution": 512, "camera_distance": 0.855495194942287, "view_id": 9, "point_pitch": -0.014340205988611743, "camera_rotation_from_original_to_final": [0.01302871759980917, 0.0011561224237084389, -0.5083129405975342], "camera_location": [-0.013385802507400513, 1.6265982389450073, -0.7809708118438721], "point_normal": [0.04777548089623451, 0.07583989202976227, 0.9959748387336731], "camera_rotation_final_quaternion": [-0.13876377046108246, -0.1385246217250824, -0.6886749863624573, -0.6980561017990112], "skybox_img": 4, "point_uuid": "121", "field_of_view_rads": 1.1263039557204935, "camera_rotation_final": [1.5577205419540405, -0.0022696407977491617, -3.5362887382507324]}