{"camera_uuid": "2900", "obliqueness_angle": 1.087472677230835, "nonfixated_points_in_view": [98], "camera_rotation_original": [1.5707963705062866, -0.15045605599880219, 1.4398090839385986], "point_location": [0.23549170792102814, 2.561976432800293, -1.4406388998031616], "skybox_img_path": "./img/high/2900_skybox4.jpg", "resolution": 512, "camera_distance": 0.7003156646340398, "view_id": 0, "point_pitch": -0.5690776546809335, "camera_rotation_from_original_to_final": [-0.08008355647325516, -0.4710617959499359, -0.6742310523986816], "camera_location": [0.6592934131622314, 2.1065731048583984, -1.1190149784088135], "point_normal": [-0.3735734224319458, -0.8979271650314331, 0.23274387419223785], "camera_rotation_final_quaternion": [0.7715275883674622, 0.49583056569099426, 0.15660209953784943, 0.36656925082206726], "skybox_img": 4, "point_uuid": "55", "field_of_view_rads": 2.078591559549699, "camera_rotation_final": [1.0897529125213623, -0.12217050045728683, 0.8129916191101074]}