{"camera_uuid": "2427", "obliqueness_angle": 0.9770317673683167, "nonfixated_points_in_view": [], "camera_rotation_original": [1.5707963705062866, 0.04576331749558449, -0.30139389634132385], "point_location": [2.066779375076294, 2.579990863800049, -1.4030261039733887], "skybox_img_path": "./img/high/2427_skybox4.jpg", "resolution": 512, "camera_distance": 0.8937988197891414, "view_id": 21, "point_pitch": -0.5669814785334726, "camera_rotation_from_original_to_final": [-0.5606435537338257, 0.16848473250865936, -0.38882529735565186], "camera_location": [1.6211252212524414, 1.9814094305038452, -0.9111226797103882], "point_normal": [0.0033442084677517414, -0.016241353005170822, 0.9998626112937927], "camera_rotation_final_quaternion": [0.8283883333206177, 0.45375603437423706, -0.1375853270292282, -0.2982424199581146], "skybox_img": 4, "point_uuid": "51", "field_of_view_rads": 0.7376648996792496, "camera_rotation_final": [0.9874089956283569, 0.04272342845797539, -0.6681651473045349]}