{"camera_uuid": "8624", "obliqueness_angle": 0.7444743514060974, "nonfixated_points_in_view": [], "camera_rotation_original": [1.5707963705062866, 0.1522829532623291, -0.6936565041542053], "point_location": [3.4670467376708984, 1.0758438110351562, -0.6993377804756165], "skybox_img_path": "./img/high/8624_skybox4.jpg", "resolution": 512, "camera_distance": 0.8250470183373475, "view_id": 18, "point_pitch": 0.04978974262741609, "camera_rotation_from_original_to_final": [0.0134098120033741, -0.014893255196511745, -0.20037303864955902], "camera_location": [2.8240315914154053, 0.5591558814048767, -0.715699315071106], "point_normal": [-0.728654682636261, -0.24732623994350433, -0.6386642456054688], "camera_rotation_final_quaternion": [0.6069501042366028, 0.6651774644851685, -0.25972020626068115, -0.34884941577911377], "skybox_img": 4, "point_uuid": "78", "field_of_view_rads": 1.9554518605800617, "camera_rotation_final": [1.5908522605895996, 0.14937396347522736, -0.8909160494804382]}