{"camera_uuid": "14398", "obliqueness_angle": 0.4059085547924042, "nonfixated_points_in_view": [127], "camera_rotation_original": [1.5707963705062866, -0.02562996931374073, 0.2824685275554657], "point_location": [-0.1822434514760971, 0.2831597626209259, -1.431676983833313], "skybox_img_path": "./img/high/14398_skybox4.jpg", "resolution": 512, "camera_distance": 0.9316676473797213, "view_id": 17, "point_pitch": -0.2282101353022714, "camera_rotation_from_original_to_final": [-0.2078331708908081, -0.056863002479076385, -0.5227639079093933], "camera_location": [-0.4038119912147522, -0.5996077060699463, -1.2325949668884277], "point_normal": [0.12324375659227371, -0.9915743470191956, 0.03989033028483391], "camera_rotation_final_quaternion": [0.7741548418998718, 0.6213756799697876, -0.08396764099597931, -0.08675216883420944], "skybox_img": 4, "point_uuid": "188", "field_of_view_rads": 1.4604219695947274, "camera_rotation_final": [1.3553985357284546, -0.022198358550667763, -0.24105674028396606]}