{"camera_uuid": "7891", "obliqueness_angle": 0.4213736057281494, "nonfixated_points_in_view": [], "camera_rotation_original": [1.5707963705062866, -0.10904278606176376, -2.5830326080322266], "point_location": [2.745572328567505, -0.016294807195663452, -0.9296797513961792], "skybox_img_path": "./img/high/7891_skybox4.jpg", "resolution": 512, "camera_distance": 0.7515536225482601, "view_id": 37, "point_pitch": 0.19597514072922273, "camera_rotation_from_original_to_final": [-0.13703234493732452, -0.08902155607938766, 0.3206027150154114], "camera_location": [2.1774470806121826, 0.4603092670440674, -1.051807165145874], "point_normal": [-0.5854119062423706, 0.6019739508628845, -0.5430656671524048], "camera_rotation_final_quaternion": [0.30411577224731445, 0.2852873206138611, -0.7070086002349854, -0.5711948275566101], "skybox_img": 4, "point_uuid": "102", "field_of_view_rads": 2.0816637958161985, "camera_rotation_final": [1.7349202632904053, -0.10430470108985901, -2.2860562801361084]}