{"camera_uuid": "4137", "obliqueness_angle": 1.4416306018829346, "nonfixated_points_in_view": [], "camera_rotation_original": [1.5707963705062866, 0.026826420798897743, -2.1619865894317627], "point_location": [2.6072916984558105, 0.47235140204429626, -1.3380800485610962], "skybox_img_path": "./img/high/4137_skybox4.jpg", "resolution": 512, "camera_distance": 0.9066766852521879, "view_id": 16, "point_pitch": -0.5075592239710947, "camera_rotation_from_original_to_final": [0.30970895290374756, 0.42858266830444336, -0.5425918102264404], "camera_location": [2.3242592811584473, 1.2050213813781738, -0.8851451873779297], "point_normal": [-0.9810226559638977, -0.18625010550022125, -0.0539044626057148], "camera_rotation_final_quaternion": [0.1479877531528473, 0.0978551134467125, -0.49055787920951843, -0.8531570434570312], "skybox_img": 4, "point_uuid": "87", "field_of_view_rads": 1.7927549318813307, "camera_rotation_final": [1.0475748777389526, 0.021780170500278473, -2.7855119705200195]}