{"camera_uuid": "13815", "obliqueness_angle": 0.9837552309036255, "nonfixated_points_in_view": [], "camera_rotation_original": [1.5707963705062866, 0.0010013524442911148, -2.111220121383667], "point_location": [5.4932861328125, 0.18884922564029694, -0.9166303277015686], "skybox_img_path": "./img/high/13815_skybox4.jpg", "resolution": 512, "camera_distance": 0.9952856348041084, "view_id": 25, "point_pitch": -0.1385844190928598, "camera_rotation_from_original_to_final": [0.07106389105319977, 0.11828534305095673, 0.7496529817581177], "camera_location": [4.528092384338379, -0.01183635089546442, -0.7798098921775818], "point_normal": [-0.48851633071899414, 0.18398629128932953, 0.8529366254806519], "camera_rotation_final_quaternion": [0.5848491787910461, 0.5095937848091125, -0.4142220616340637, -0.4761151671409607], "skybox_img": 4, "point_uuid": "142", "field_of_view_rads": 0.6299741311869721, "camera_rotation_final": [1.4328911304473877, 0.0007358253933489323, -1.3658967018127441]}