{"camera_uuid": "5266", "obliqueness_angle": 1.2948198318481445, "nonfixated_points_in_view": [], "camera_rotation_original": [1.5707963705062866, -0.16831551492214203, 0.20389236509799957], "point_location": [2.133356809616089, 1.9143738746643066, -1.4239013195037842], "skybox_img_path": "./img/high/5266_skybox4.jpg", "resolution": 512, "camera_distance": 0.9587279868551811, "view_id": 13, "point_pitch": -0.20233289798232512, "camera_rotation_from_original_to_final": [-0.24016113579273224, -0.04789112135767937, 0.24147957563400269], "camera_location": [2.529330015182495, 1.0727235078811646, -1.1915454864501953], "point_normal": [0.056367747485637665, -0.008248048834502697, 0.9983760714530945], "camera_rotation_final_quaternion": [0.7521514892578125, 0.6097719073295593, 0.08366019278764725, 0.23547253012657166], "skybox_img": 4, "point_uuid": "2", "field_of_view_rads": 0.6651429173367224, "camera_rotation_final": [1.3226836919784546, -0.1620268076658249, 0.4805922508239746]}