{"camera_uuid": "1948", "obliqueness_angle": 1.2081422805786133, "nonfixated_points_in_view": [], "camera_rotation_original": [1.5707963705062866, -0.04663490504026413, 0.5569732189178467], "point_location": [-0.014790859073400497, 3.0187888145446777, -1.4541010856628418], "skybox_img_path": "./img/high/1948_skybox4.jpg", "resolution": 512, "camera_distance": 0.7180632103639141, "view_id": 29, "point_pitch": -0.33382944663497405, "camera_rotation_from_original_to_final": [-0.31743013858795166, -0.18215425312519073, 0.7340255975723267], "camera_location": [0.6246976256370544, 2.815804958343506, -1.1982362270355225], "point_normal": [-0.0014163268497213721, 0.001087893615476787, 0.9999983906745911], "camera_rotation_final_quaternion": [0.6553358435630798, 0.4640313982963562, 0.32636135816574097, 0.49869638681411743], "skybox_img": 4, "point_uuid": "3", "field_of_view_rads": 2.0062308946333633, "camera_rotation_final": [1.206228494644165, -0.035076189786195755, 1.2768217325210571]}