{"camera_uuid": "4939", "obliqueness_angle": 1.199847936630249, "nonfixated_points_in_view": [], "camera_rotation_original": [1.5707963705062866, -0.037253089249134064, 1.7860130071640015], "point_location": [-0.0037994040176272392, 1.4926419258117676, -1.4197502136230469], "skybox_img_path": "./img/high/4939_skybox4.jpg", "resolution": 512, "camera_distance": 0.6990739396721295, "view_id": 21, "point_pitch": -0.39383523066970305, "camera_rotation_from_original_to_final": [0.09131373465061188, -0.38291412591934204, -0.04412603750824928], "camera_location": [0.6305480003356934, 1.613448977470398, -1.151956558227539], "point_normal": [0.5946656465530396, -0.7973978519439697, -0.10261386632919312], "camera_rotation_final_quaternion": [0.5171451568603516, 0.3626440465450287, 0.4206598997116089, 0.6512261033058167], "skybox_img": 4, "point_uuid": "70", "field_of_view_rads": 0.7376648996792496, "camera_rotation_final": [1.1773918867111206, -0.03725067153573036, 1.7744415998458862]}