{"camera_uuid": "13226", "obliqueness_angle": 1.197327733039856, "nonfixated_points_in_view": [], "camera_rotation_original": [1.5707963705062866, -0.05203297734260559, 2.901094436645508], "point_location": [5.4932861328125, 0.18884922564029694, -0.9166303277015686], "skybox_img_path": "./img/high/13226_skybox4.jpg", "resolution": 512, "camera_distance": 0.4692787208557563, "view_id": 31, "point_pitch": -0.5886680324885507, "camera_rotation_from_original_to_final": [0.5599800944328308, -0.12360432744026184, -0.3757491707801819], "camera_location": [5.710414409637451, 0.5183162093162537, -0.6626040935516357], "point_normal": [-0.48851633071899414, 0.18398629128932953, 0.8529366254806519], "camera_rotation_final_quaternion": [0.22727476060390472, 0.15101826190948486, 0.4544639587402344, 0.8479399681091309], "skybox_img": 4, "point_uuid": "142", "field_of_view_rads": 1.6719092344888167, "camera_rotation_final": [0.9980081915855408, -0.04955274611711502, 2.590829372406006]}