{"camera_uuid": "4176", "obliqueness_angle": 1.129188895225525, "nonfixated_points_in_view": [2], "camera_rotation_original": [1.5707963705062866, -0.031854141503572464, 0.3016424775123596], "point_location": [0.22651520371437073, 2.849133014678955, -1.442795991897583], "skybox_img_path": "./img/high/4176_skybox4.jpg", "resolution": 512, "camera_distance": 0.5872446627020111, "view_id": 13, "point_pitch": -0.457835121950831, "camera_rotation_from_original_to_final": [-0.4229702949523926, -0.12450993061065674, -0.5802628397941589], "camera_location": [0.06706257909536362, 2.342272996902466, -1.1927478313446045], "point_normal": [0.024610353633761406, -0.009762244299054146, 0.9996494650840759], "camera_rotation_final_quaternion": [0.836329460144043, 0.5283648371696472, -0.0890570878982544, -0.11598485708236694], "skybox_img": 4, "point_uuid": "150", "field_of_view_rads": 2.0430947767692076, "camera_rotation_final": [1.13078773021698, -0.026400551199913025, -0.2923599183559418]}