{"camera_uuid": "10428", "obliqueness_angle": 1.3725330829620361, "nonfixated_points_in_view": [59], "camera_rotation_original": [1.5707963705062866, 0.097135990858078, -2.53519344329834], "point_location": [4.966612815856934, 0.5080769658088684, -1.3585069179534912], "skybox_img_path": "./img/high/10428_skybox4.jpg", "resolution": 512, "camera_distance": 0.5896541949291485, "view_id": 14, "point_pitch": -0.13564340671035247, "camera_rotation_from_original_to_final": [0.05015219375491142, 0.059776123613119125, 0.677042543888092], "camera_location": [4.403116703033447, 0.6760047674179077, -1.3141846656799316], "point_normal": [-0.30664733052253723, -0.5435833930969238, 0.7813350558280945], "camera_rotation_final_quaternion": [0.4154048264026642, 0.42697128653526306, -0.5292564034461975, -0.6041705012321472], "skybox_img": 4, "point_uuid": "115", "field_of_view_rads": 1.384811670309553, "camera_rotation_final": [1.4953391551971436, 0.07628954201936722, -1.866188883781433]}