{"camera_uuid": "9533", "obliqueness_angle": 0.69463711977005, "nonfixated_points_in_view": [], "camera_rotation_original": [1.5707963705062866, 0.11318186670541763, 1.4232392311096191], "point_location": [2.8440728187561035, 0.5467994809150696, -1.3693242073059082], "skybox_img_path": "./img/high/9533_skybox4.jpg", "resolution": 512, "camera_distance": 0.35166040752627553, "view_id": 4, "point_pitch": -0.5714298923823495, "camera_rotation_from_original_to_final": [-0.11787524074316025, -0.576948344707489, -0.07411056011915207], "camera_location": [3.1276981830596924, 0.47425684332847595, -1.1744928359985352], "point_normal": [0.9891408681869507, 0.14696341753005981, 0.0014960329281166196], "camera_rotation_final_quaternion": [0.7308810353279114, 0.3527667820453644, 0.313909649848938, 0.49277710914611816], "skybox_img": 4, "point_uuid": "6", "field_of_view_rads": 1.7779022957772381, "camera_rotation_final": [0.979437530040741, 0.11142083257436752, 1.245866298675537]}