{"camera_uuid": "11997", "obliqueness_angle": 1.25762939453125, "nonfixated_points_in_view": [11], "camera_rotation_original": [1.5707963705062866, -0.16341586410999298, -2.3214075565338135], "point_location": [6.416158676147461, 2.537578821182251, -1.2911784648895264], "skybox_img_path": "./img/high/11997_skybox4.jpg", "resolution": 512, "camera_distance": 0.6286687520981726, "view_id": 2, "point_pitch": -0.2918047149989267, "camera_rotation_from_original_to_final": [0.18770717084407806, 0.20609711110591888, -0.08916478604078293], "camera_location": [6.021770477294922, 2.9957919120788574, -1.1187745332717896], "point_normal": [-0.00751654664054513, 0.040270037949085236, 0.9991605877876282], "camera_rotation_final_quaternion": [0.34010785818099976, 0.160971999168396, -0.5804909467697144, -0.7221114635467529], "skybox_img": 4, "point_uuid": "148", "field_of_view_rads": 1.384811670309553, "camera_rotation_final": [1.2891628742218018, -0.16310177743434906, -2.3839685916900635]}