{"camera_uuid": "0952", "obliqueness_angle": 1.1396055221557617, "nonfixated_points_in_view": [47], "camera_rotation_original": [1.5707963705062866, -0.016528654843568802, -0.161053866147995], "point_location": [2.2359414100646973, 3.1619937419891357, -1.4091827869415283], "skybox_img_path": "./img/high/0952_skybox4.jpg", "resolution": 512, "camera_distance": 0.6788354608484243, "view_id": 13, "point_pitch": -0.4056120355937143, "camera_rotation_from_original_to_final": [-0.3930839002132416, 0.0627983957529068, -0.5073245167732239], "camera_location": [1.854351282119751, 2.665961980819702, -1.146201729774475], "point_normal": [0.1874009370803833, -0.20707298815250397, 0.9602092504501343], "camera_rotation_final_quaternion": [0.7906188368797302, 0.5225356221199036, -0.18236330151557922, -0.2619580924510956], "skybox_img": 4, "point_uuid": "91", "field_of_view_rads": 1.3001655876812834, "camera_rotation_final": [1.1729415655136108, -0.01459537073969841, -0.6495963931083679]}