{"camera_uuid": "4353", "obliqueness_angle": 1.0901976823806763, "nonfixated_points_in_view": [], "camera_rotation_original": [1.5707963705062866, 0.06761963665485382, 1.7250351905822754], "point_location": [1.8005895614624023, 0.6414239406585693, -0.9798945188522339], "skybox_img_path": "./img/high/4353_skybox4.jpg", "resolution": 512, "camera_distance": 0.9865054886989578, "view_id": 60, "point_pitch": -0.518987818560328, "camera_rotation_from_original_to_final": [0.07900997996330261, -0.4859832525253296, 0.4095674157142639], "camera_location": [2.5259432792663574, 1.1210166215896606, -0.5140126347541809], "point_normal": [-0.012308535166084766, -0.0017647614004090428, 0.9999226927757263], "camera_rotation_final_quaternion": [0.432770311832428, 0.22708426415920258, 0.460766077041626, 0.7408354878425598], "skybox_img": 4, "point_uuid": "193", "field_of_view_rads": 1.0432102892520696, "camera_rotation_final": [1.0779047012329102, 0.06238804757595062, 2.121519088745117]}