{"camera_uuid": "15471", "obliqueness_angle": 1.3533645868301392, "nonfixated_points_in_view": [], "camera_rotation_original": [1.5707963705062866, 0.06457255780696869, -2.444211483001709], "point_location": [2.4280853271484375, -0.49214041233062744, -0.8174121379852295], "skybox_img_path": "./img/high/15471_skybox4.jpg", "resolution": 512, "camera_distance": 0.8550199132477054, "view_id": 2, "point_pitch": -0.20030943950149016, "camera_rotation_from_original_to_final": [0.12396025657653809, 0.11337554454803467, 0.543806791305542], "camera_location": [1.6325558423995972, -0.2131301760673523, -0.6747756004333496], "point_normal": [-0.53856360912323, -0.546765923500061, -0.641089916229248], "camera_rotation_final_quaternion": [0.42395296692848206, 0.3880653381347656, -0.5157461166381836, -0.6353542804718018], "skybox_img": 4, "point_uuid": "141", "field_of_view_rads": 2.119048415795751, "camera_rotation_final": [1.4029260873794556, 0.05584278702735901, -1.9175729751586914]}