{"camera_uuid": "13519", "obliqueness_angle": 1.3870611190795898, "nonfixated_points_in_view": [65], "camera_rotation_original": [1.5707963705062866, 0.09287954866886139, 0.927375853061676], "point_location": [-0.11395721882581711, -0.04560520127415657, -1.4123445749282837], "skybox_img_path": "./img/high/13519_skybox4.jpg", "resolution": 512, "camera_distance": 0.9079593885133136, "view_id": 6, "point_pitch": -0.1626571853968759, "camera_rotation_from_original_to_final": [-0.10265174508094788, -0.1340276300907135, -0.04975958541035652], "camera_location": [0.5706478357315063, -0.6222201585769653, -1.259959101676941], "point_normal": [0.004181658383458853, -0.01849798485636711, 0.9998201131820679], "camera_rotation_final_quaternion": [0.7072222232818604, 0.5714372992515564, 0.2992374300956726, 0.2894012928009033], "skybox_img": 4, "point_uuid": "192", "field_of_view_rads": 0.5961933550608073, "camera_rotation_final": [1.4014322757720947, 0.09263776987791061, 0.8549960851669312]}