{"camera_uuid": "5279", "obliqueness_angle": 1.2522248029708862, "nonfixated_points_in_view": [120], "camera_rotation_original": [1.5707963705062866, -0.01714571937918663, 2.685410737991333], "point_location": [-0.4054321348667145, 1.2653040885925293, -0.6841932535171509], "skybox_img_path": "./img/high/5279_skybox4.jpg", "resolution": 512, "camera_distance": 0.4077055376098649, "view_id": 46, "point_pitch": -0.30156676372024016, "camera_rotation_from_original_to_final": [0.2739022374153137, -0.13116464018821716, 0.06149592623114586], "camera_location": [-0.2622871398925781, 1.6271553039550781, -0.5625502467155457], "point_normal": [0.040700461715459824, 0.0009101604809984565, 0.9991709589958191], "camera_rotation_final_quaternion": [0.14377149939537048, 0.11610381305217743, 0.5808097124099731, 0.7927860617637634], "skybox_img": 4, "point_uuid": "104", "field_of_view_rads": 0.8278892494736719, "camera_rotation_final": [1.2677768468856812, -0.0170840285718441, 2.7702343463897705]}