{"camera_uuid": "7086", "obliqueness_angle": 1.130606770515442, "nonfixated_points_in_view": [], "camera_rotation_original": [1.5707963705062866, -0.0965806096792221, 2.963090419769287], "point_location": [-0.34234288334846497, 0.8369564414024353, -0.7921566963195801], "skybox_img_path": "./img/high/7086_skybox4.jpg", "resolution": 512, "camera_distance": 0.7136559963286837, "view_id": 12, "point_pitch": -0.3365858038279672, "camera_rotation_from_original_to_final": [0.3932262659072876, -0.08799117058515549, 0.7076535224914551], "camera_location": [-0.6860953569412231, 1.396586537361145, -0.5129555463790894], "point_normal": [0.04777548089623451, 0.07583989202976227, 0.9959748387336731], "camera_rotation_final_quaternion": [-0.25723937153816223, -0.12969157099723816, 0.5362526178359985, 0.7933732867240906], "skybox_img": 4, "point_uuid": "121", "field_of_view_rads": 0.9904486154446002, "camera_rotation_final": [1.1677837371826172, -0.07016047090291977, 3.7223033905029297]}