{"camera_uuid": "7904", "obliqueness_angle": 0.9171059131622314, "nonfixated_points_in_view": [], "camera_rotation_original": [1.5707963705062866, -0.0739307776093483, 0.31624355912208557], "point_location": [0.7851385474205017, 1.2789015769958496, -1.4171496629714966], "skybox_img_path": "./img/high/7904_skybox4.jpg", "resolution": 512, "camera_distance": 0.8740405416679777, "view_id": 36, "point_pitch": -0.6617180546137948, "camera_rotation_from_original_to_final": [-0.6317601203918457, -0.20698001980781555, 0.02427072823047638], "camera_location": [0.966564953327179, 0.6127445101737976, -0.881177544593811], "point_normal": [0.04163115471601486, 0.017202280461788177, 0.9989850521087646], "camera_rotation_final_quaternion": [0.8836391568183899, 0.4381357431411743, 0.037829503417015076, 0.16058583557605743], "skybox_img": 4, "point_uuid": "187", "field_of_view_rads": 0.6720038838202558, "camera_rotation_final": [0.9085478782653809, -0.07392886281013489, 0.32342612743377686]}