{"camera_uuid": "8203", "obliqueness_angle": 0.9145274758338928, "nonfixated_points_in_view": [], "camera_rotation_original": [1.5707963705062866, -0.17213106155395508, 0.15100756287574768], "point_location": [3.4670467376708984, 1.0758438110351562, -0.6993377804756165], "skybox_img_path": "./img/high/8203_skybox4.jpg", "resolution": 512, "camera_distance": 0.9898730226266473, "view_id": 17, "point_pitch": 0.15385229984787507, "camera_rotation_from_original_to_final": [0.23162619769573212, 0.05292234197258949, -0.47836214303970337], "camera_location": [3.150059461593628, 0.16730372607707977, -0.9315502047538757], "point_normal": [-0.728654682636261, -0.24732623994350433, -0.6386642456054688], "camera_rotation_final_quaternion": [0.6160759329795837, 0.7622656226158142, -0.19038154184818268, -0.05618203803896904], "skybox_img": 4, "point_uuid": "78", "field_of_view_rads": 1.0039714359666843, "camera_rotation_final": [1.8103135824203491, -0.149483785033226, -0.37204509973526]}