{"camera_uuid": "11288", "obliqueness_angle": 0.9934775233268738, "nonfixated_points_in_view": [], "camera_rotation_original": [1.5707963705062866, -0.009526184760034084, -0.8260700106620789], "point_location": [1.9191844463348389, 0.03978348895907402, -1.4310652017593384], "skybox_img_path": "./img/high/11288_skybox4.jpg", "resolution": 512, "camera_distance": 0.7091135742753762, "view_id": 15, "point_pitch": -0.5286483009669443, "camera_rotation_from_original_to_final": [-0.37986332178115845, 0.38127467036247253, 0.23227903246879578], "camera_location": [1.6155104637145996, -0.49072396755218506, -1.0716406106948853], "point_normal": [-0.03025132790207863, -0.0354352742433548, 0.9989140033721924], "camera_rotation_final_quaternion": [0.8400046825408936, 0.47919541597366333, -0.1301516890525818, -0.21868789196014404], "skybox_img": 4, "point_uuid": "175", "field_of_view_rads": 0.5318174447997766, "camera_rotation_final": [1.0392285585403442, -0.009067712351679802, -0.5145626068115234]}