{"camera_uuid": "4872", "obliqueness_angle": 0.9825044870376587, "nonfixated_points_in_view": [], "camera_rotation_original": [1.5707963705062866, 0.06899025291204453, 2.3728456497192383], "point_location": [1.8005895614624023, 0.6414239406585693, -0.9798945188522339], "skybox_img_path": "./img/high/4872_skybox4.jpg", "resolution": 512, "camera_distance": 0.7282260595433709, "view_id": 52, "point_pitch": -0.5745612820002695, "camera_rotation_from_original_to_final": [0.4527053236961365, -0.40867191553115845, -0.4566137492656708], "camera_location": [2.343466281890869, 0.8991791009902954, -0.5686034560203552], "point_normal": [-0.012308535166084766, -0.0017647614004090428, 0.9999226927757263], "camera_rotation_final_quaternion": [0.5010784864425659, 0.2339182049036026, 0.4035961627960205, 0.7289120554924011], "skybox_img": 4, "point_uuid": "193", "field_of_view_rads": 1.7856823478588526, "camera_rotation_final": [0.9692411422729492, 0.06349775195121765, 1.9705480337142944]}