{"camera_uuid": "11839", "obliqueness_angle": 1.4395036697387695, "nonfixated_points_in_view": [3, 92], "camera_rotation_original": [1.5707963705062866, -0.059607621282339096, -2.3586225509643555], "point_location": [5.577847957611084, 0.5073602795600891, -0.8285789489746094], "skybox_img_path": "./img/high/11839_skybox4.jpg", "resolution": 512, "camera_distance": 0.6079225109943746, "view_id": 51, "point_pitch": -0.15442733367415862, "camera_rotation_from_original_to_final": [0.13559697568416595, 0.12430228292942047, 0.5140032768249512], "camera_location": [5.003688812255859, 0.6734842658042908, -0.7176110148429871], "point_normal": [0.047805894166231155, -0.0227388683706522, 0.9985978007316589], "camera_rotation_final_quaternion": [0.47807514667510986, 0.37053078413009644, -0.520997941493988, -0.6022559404373169], "skybox_img": 4, "point_uuid": "11", "field_of_view_rads": 2.0816637958161985, "camera_rotation_final": [1.3869810104370117, -0.051866840571165085, -1.842801570892334]}