{"camera_uuid": "1267", "obliqueness_angle": 0.9473447203636169, "nonfixated_points_in_view": [], "camera_rotation_original": [1.5707963705062866, -0.019772274419665337, 2.790248394012451], "point_location": [2.133356809616089, 1.9143738746643066, -1.4239013195037842], "skybox_img_path": "./img/high/1267_skybox4.jpg", "resolution": 512, "camera_distance": 0.7378051946619216, "view_id": 7, "point_pitch": -0.6238238056513925, "camera_rotation_from_original_to_final": [0.6008468270301819, -0.20135706663131714, 0.2341277003288269], "camera_location": [2.166611433029175, 2.509737730026245, -0.989398717880249], "point_normal": [0.056367747485637665, -0.008248048834502697, 0.9983760714530945], "camera_rotation_final_quaternion": [0.014478955417871475, 0.017926348373293877, 0.4530148208141327, 0.8912051320075989], "skybox_img": 4, "point_uuid": "2", "field_of_view_rads": 0.5961933550608073, "camera_rotation_final": [0.9409545660018921, -0.018834859132766724, 3.0995235443115234]}