{"camera_uuid": "6481", "obliqueness_angle": 1.4976341724395752, "nonfixated_points_in_view": [], "camera_rotation_original": [1.5707963705062866, 0.08230112493038177, 2.3211710453033447], "point_location": [2.745572328567505, -0.016294807195663452, -0.9296797513961792], "skybox_img_path": "./img/high/6481_skybox4.jpg", "resolution": 512, "camera_distance": 0.8697455369210378, "view_id": 56, "point_pitch": -0.39197222789260344, "camera_rotation_from_original_to_final": [0.2533137798309326, -0.26368996500968933, 0.3332570791244507], "camera_location": [3.1015219688415527, 0.7145156860351562, -0.620369017124176], "point_normal": [-0.5854119062423706, 0.6019739508628845, -0.5430656671524048], "camera_rotation_final_quaternion": [0.2181561142206192, 0.10444436967372894, 0.5579198598861694, 0.7938669323921204], "skybox_img": 4, "point_uuid": "102", "field_of_view_rads": 1.188507872007912, "camera_rotation_final": [1.206053376197815, 0.0776754766702652, 2.658729314804077]}