{"camera_uuid": "8058", "obliqueness_angle": 0.5849242806434631, "nonfixated_points_in_view": [], "camera_rotation_original": [1.5707963705062866, -0.1062878966331482, 2.754392385482788], "point_location": [2.624671697616577, -0.7024632096290588, -0.5636605024337769], "skybox_img_path": "./img/high/8058_skybox4.jpg", "resolution": 512, "camera_distance": 0.8298975975410117, "view_id": 7, "point_pitch": -0.20577542384597258, "camera_rotation_from_original_to_final": [0.22068600356578827, -0.09183025360107422, 0.2929879426956177], "camera_location": [2.6920931339263916, 0.1010747179389, -0.36741775274276733], "point_normal": [-0.34883588552474976, 0.9258549809455872, -0.14528000354766846], "camera_rotation_final_quaternion": [-0.00782222580164671, 0.057784270495176315, 0.6151649951934814, 0.7862390279769897], "skybox_img": 4, "point_uuid": "60", "field_of_view_rads": 0.5961933550608073, "camera_rotation_final": [1.3308309316635132, -0.10065831243991852, 3.082465648651123]}