{"camera_uuid": "12226", "obliqueness_angle": 1.219865083694458, "nonfixated_points_in_view": [118], "camera_rotation_original": [1.5707963705062866, -0.0791349709033966, -0.922498881816864], "point_location": [0.580907940864563, -0.050188999623060226, -1.4085019826889038], "skybox_img_path": "./img/high/12226_skybox4.jpg", "resolution": 512, "camera_distance": 0.7078548450308603, "view_id": 55, "point_pitch": -0.3001839359614511, "camera_rotation_from_original_to_final": [-0.16062214970588684, 0.214585080742836, -0.4571773111820221], "camera_location": [-0.0869562104344368, -0.19185340404510498, -1.2215603590011597], "point_normal": [-0.16356271505355835, 0.2954562306404114, 0.941250741481781], "camera_rotation_final_quaternion": [0.6360567808151245, 0.4566884934902191, -0.3992338180541992, -0.4769483208656311], "skybox_img": 4, "point_uuid": "57", "field_of_view_rads": 2.1403354343109027, "camera_rotation_final": [1.3028125762939453, -0.07230012863874435, -1.341946005821228]}