{"camera_uuid": "4048", "obliqueness_angle": 1.165174961090088, "nonfixated_points_in_view": [], "camera_rotation_original": [1.5707963705062866, 0.1306653469800949, 1.932611107826233], "point_location": [1.6843894720077515, 1.1254421472549438, -1.4068831205368042], "skybox_img_path": "./img/high/4048_skybox4.jpg", "resolution": 512, "camera_distance": 0.7424512570168986, "view_id": 6, "point_pitch": -0.514123602709498, "camera_rotation_from_original_to_final": [0.1862938404083252, -0.49718809127807617, -0.12048343569040298], "camera_location": [2.2982687950134277, 1.311265468597412, -1.0329102277755737], "point_normal": [-0.13031253218650818, 0.011851518414914608, 0.9914022088050842], "camera_rotation_final_quaternion": [0.567405104637146, 0.26608559489250183, 0.4211275279521942, 0.6556687355041504], "skybox_img": 4, "point_uuid": "111", "field_of_view_rads": 1.82720328702949, "camera_rotation_final": [1.0380020141601562, 0.1293320208787918, 1.7888259887695312]}