{"camera_uuid": "11839", "obliqueness_angle": 0.8028967976570129, "nonfixated_points_in_view": [3], "camera_rotation_original": [1.5707963705062866, -0.059607621282339096, -2.3586225509643555], "point_location": [5.4932861328125, 0.18884922564029694, -0.9166303277015686], "skybox_img_path": "./img/high/11839_skybox4.jpg", "resolution": 512, "camera_distance": 0.7170671893996955, "view_id": 44, "point_pitch": -0.280278011164393, "camera_rotation_from_original_to_final": [0.20034408569335938, 0.19873234629631042, 0.027903858572244644], "camera_location": [5.003688812255859, 0.6734842658042908, -0.7176110148429871], "point_normal": [-0.48851633071899414, 0.18398629128932953, 0.8529366254806519], "camera_rotation_final_quaternion": [0.33045780658721924, 0.21410249173641205, -0.5615932941436768, -0.7277160882949829], "skybox_img": 4, "point_uuid": "142", "field_of_view_rads": 0.9342833371495716, "camera_rotation_final": [1.289043664932251, -0.05958936735987663, -2.333864688873291]}