{"camera_uuid": "0930", "obliqueness_angle": 1.5563713312149048, "nonfixated_points_in_view": [121], "camera_rotation_original": [1.5707963705062866, 0.000405596976634115, 2.844456672668457], "point_location": [1.5920188426971436, 2.1285598278045654, -1.4049173593521118], "skybox_img_path": "./img/high/0930_skybox4.jpg", "resolution": 512, "camera_distance": 0.7756288580448863, "view_id": 45, "point_pitch": -0.1962197264048715, "camera_rotation_from_original_to_final": [0.18765069544315338, -0.057016268372535706, 0.4976186752319336], "camera_location": [1.4365206956863403, 2.8732733726501465, -1.2538472414016724], "point_normal": [0.3241092562675476, -0.10795459151268005, 0.9398399591445923], "camera_rotation_final_quaternion": [-0.07926984131336212, -0.06530561298131943, 0.6311495304107666, 0.7688314318656921], "skybox_img": 4, "point_uuid": "107", "field_of_view_rads": 2.081073338083007, "camera_rotation_final": [1.3747724294662476, 0.0003557630116119981, 3.347367286682129]}